{
"type": "FeatureCollection",
"name": "Karachi_building_all_stats_",
"features": [
{ "type": "Feature", "id": 0, "properties": { "FID": 0, "class": "Defence_SpatialJoin", "SolarPV_Area(sqm)": 0.0, "Rooftop_Area(sqm)": 522.87974538000003 }, "geometry": { "type": "Polygon", "coordinates": [ [ [ 67.06687427605749, 24.802439204842361 ], [ 67.066941091856222, 24.802385958145081 ], [ 67.066972363137864, 24.802418686922003 ], [ 67.067013724281964, 24.802385695620476 ], [ 67.066982544415296, 24.802352982500363 ], [ 67.067097084778837, 24.802261616348744 ], [ 67.067168899802198, 24.802336770775799 ], [ 67.067135355881589, 24.802363415656004 ], [ 67.067171990453176, 24.802401707940078 ], [ 67.067090903004967, 24.802466329293409 ], [ 67.067125265564968, 24.802502375952109 ], [ 67.067025542499678, 24.802582027811372 ], [ 67.066976726348329, 24.802530918827287 ], [ 67.066968271845042, 24.802537590287539 ], [ 67.06687427605749, 24.802439204842361 ] ] ] } },
{ "type": "Feature", "id": 1, "properties": { "FID": 1, "class": "Defence_SpatialJoin", "SolarPV_Area(sqm)": 0.0, "Rooftop_Area(sqm)": 179.64683901399999 }, "geometry": { "type": "Polygon", "coordinates": [ [ [ 67.063728598552999, 24.80446927072574 ], [ 67.063767415278818, 24.804437496441469 ], [ 67.063775505886085, 24.804445807564512 ], [ 67.063849502150617, 24.80438517551589 ], [ 67.063923044521559, 24.804459926428915 ], [ 67.063810413029572, 24.804552276991533 ], [ 67.063728598552999, 24.80446927072574 ] ] ] } },
{ "type": "Feature", "id": 2, "properties": { "FID": 2, "class": "Defence_SpatialJoin", "SolarPV_Area(sqm)": 0.0, "Rooftop_Area(sqm)": 132.31335628 }, "geometry": { "type": "Polygon", "coordinates": [ [ [ 67.064670918859477, 24.801932927789178 ], [ 67.06470209923215, 24.801906929254184 ], [ 67.06468009997046, 24.801884924805744 ], [ 67.064725188795691, 24.801847237333007 ], [ 67.064817367002888, 24.801939347409014 ], [ 67.064741006291825, 24.80200301870223 ], [ 67.064670918859477, 24.801932927789178 ] ] ] } },
{ "type": "Feature", "id": 3, "properties": { "FID": 3, "class": "Defence_SpatialJoin", "SolarPV_Area(sqm)": 0.0, "Rooftop_Area(sqm)": 259.263634438 }, "geometry": { "type": "Polygon", "coordinates": [ [ [ 67.065386523223538, 24.807209855418538 ], [ 67.065470973621331, 24.807142020010659 ], [ 67.065617694097952, 24.807294197907229 ], [ 67.065533335167274, 24.807362047254969 ], [ 67.065386523223538, 24.807209855418538 ] ] ] } },
{ "type": "Feature", "id": 4, "properties": { "FID": 4, "class": "Defence_SpatialJoin", "SolarPV_Area(sqm)": 126.129572595, "Rooftop_Area(sqm)": 512.93771231799997 }, "geometry": { "type": "Polygon", "coordinates": [ [ [ 67.064365831599062, 24.801622223593842 ], [ 67.06453874356184, 24.801482185079333 ], [ 67.064682100057396, 24.801626981147109 ], [ 67.064509097456423, 24.801767005116645 ], [ 67.064365831599062, 24.801622223593842 ] ] ] } },
{ "type": "Feature", "id": 5, "properties": { "FID": 5, "class": "Defence_SpatialJoin", "SolarPV_Area(sqm)": 0.0, "Rooftop_Area(sqm)": 218.235019354 }, "geometry": { "type": "Polygon", "coordinates": [ [ [ 67.057957432263606, 24.806716474195454 ], [ 67.058051791079563, 24.806643406852825 ], [ 67.058161693890725, 24.806761708250534 ], [ 67.058067336044786, 24.806834774815204 ], [ 67.057957432263606, 24.806716474195454 ] ] ] } },
{ "type": "Feature", "id": 6, "properties": { "FID": 6, "class": "Defence_SpatialJoin", "SolarPV_Area(sqm)": 0.0, "Rooftop_Area(sqm)": 422.57916043699998 }, "geometry": { "type": "Polygon", "coordinates": [ [ [ 67.06236266344834, 24.80603064801495 ], [ 67.062463840586602, 24.805949187963339 ], [ 67.062663558120363, 24.806155714453535 ], [ 67.062562380863184, 24.806237174633026 ], [ 67.06236266344834, 24.80603064801495 ] ] ] } },
{ "type": "Feature", "id": 7, "properties": { "FID": 7, "class": "Defence_SpatialJoin", "SolarPV_Area(sqm)": 0.0, "Rooftop_Area(sqm)": 403.73413548799999 }, "geometry": { "type": "Polygon", "coordinates": [ [ [ 67.061972512372677, 24.805908222543181 ], [ 67.062076223131996, 24.805830142561891 ], [ 67.062276303447405, 24.806035872963793 ], [ 67.062179436343996, 24.806114332903441 ], [ 67.062099350080018, 24.806032031893416 ], [ 67.062109584726443, 24.806023873580504 ], [ 67.062063132185529, 24.805976134635298 ], [ 67.06204614573889, 24.805983843531116 ], [ 67.061972512372677, 24.805908222543181 ] ] ] } },
{ "type": "Feature", "id": 8, "properties": { "FID": 8, "class": "Defence_SpatialJoin", "SolarPV_Area(sqm)": 0.0, "Rooftop_Area(sqm)": 72.815246394300004 }, "geometry": { "type": "Polygon", "coordinates": [ [ [ 67.065517790065542, 24.808498395387122 ], [ 67.065607512968384, 24.808427137496786 ], [ 67.065646239029235, 24.808467819074327 ], [ 67.065556515670139, 24.808538991700146 ], [ 67.065517790065542, 24.808498395387122 ] ] ] } },
{ "type": "Feature", "id": 9, "properties": { "FID": 9, "class": "Defence_SpatialJoin", "SolarPV_Area(sqm)": 0.0, "Rooftop_Area(sqm)": 255.85617133 }, "geometry": { "type": "Polygon", "coordinates": [ [ [ 67.056205800719482, 24.807767307263763 ], [ 67.056366791178831, 24.807639098336061 ], [ 67.05644269602071, 24.807718419627296 ], [ 67.056281705487436, 24.807846628631857 ], [ 67.056205800719482, 24.807767307263763 ] ] ] } },
{ "type": "Feature", "id": 10, "properties": { "FID": 10, "class": "Defence_SpatialJoin", "SolarPV_Area(sqm)": 0.0, "Rooftop_Area(sqm)": 194.296717645 }, "geometry": { "type": "Polygon", "coordinates": [ [ [ 67.061368620545821, 24.807022858528381 ], [ 67.061460980422325, 24.806948098665675 ], [ 67.061561611236272, 24.807051657851719 ], [ 67.061469342787589, 24.807126432531785 ], [ 67.061368620545821, 24.807022858528381 ] ] ] } },
{ "type": "Feature", "id": 11, "properties": { "FID": 11, "class": "Defence_SpatialJoin", "SolarPV_Area(sqm)": 52.485905943600002, "Rooftop_Area(sqm)": 255.888247277 }, "geometry": { "type": "Polygon", "coordinates": [ [ [ 67.06631230001237, 24.803885018092423 ], [ 67.066426567885586, 24.803794977363193 ], [ 67.066534903636281, 24.803906474655506 ], [ 67.06642063612621, 24.803996600749226 ], [ 67.06631230001237, 24.803885018092423 ] ] ] } },
{ "type": "Feature", "id": 12, "properties": { "FID": 12, "class": "Defence_SpatialJoin", "SolarPV_Area(sqm)": 0.0, "Rooftop_Area(sqm)": 305.7668802 }, "geometry": { "type": "Polygon", "coordinates": [ [ [ 67.066256155340938, 24.809450935995077 ], [ 67.066351786911213, 24.809373793104029 ], [ 67.066506473628138, 24.809530110879759 ], [ 67.066410841429956, 24.809607339099347 ], [ 67.066256155340938, 24.809450935995077 ] ] ] } },
{ "type": "Feature", "id": 13, "properties": { "FID": 13, "class": "Defence_SpatialJoin", "SolarPV_Area(sqm)": 0.0, "Rooftop_Area(sqm)": 211.112156629 }, "geometry": { "type": "Polygon", "coordinates": [ [ [ 67.060961370237933, 24.808451802434909 ], [ 67.061132575755423, 24.808311561753886 ], [ 67.061193447412123, 24.808370174422524 ], [ 67.061022332892435, 24.808510344644656 ], [ 67.060961370237933, 24.808451802434909 ] ] ] } },
{ "type": "Feature", "id": 14, "properties": { "FID": 14, "class": "Defence_SpatialJoin", "SolarPV_Area(sqm)": 0.0, "Rooftop_Area(sqm)": 295.771787029 }, "geometry": { "type": "Polygon", "coordinates": [ [ [ 67.065506517840774, 24.808290362024842 ], [ 67.065591059599939, 24.808223738691552 ], [ 67.065759506436109, 24.808401722962699 ], [ 67.065719417478462, 24.808433292422091 ], [ 67.065716326265672, 24.808429973572018 ], [ 67.06567178281523, 24.8084650137247 ], [ 67.065506517840774, 24.808290362024842 ] ] ] } },
{ "type": "Feature", "id": 15, "properties": { "FID": 15, "class": "Defence_SpatialJoin", "SolarPV_Area(sqm)": 89.639770833100002, "Rooftop_Area(sqm)": 455.47413331199999 }, "geometry": { "type": "Polygon", "coordinates": [ [ [ 67.060630359280779, 24.802667030328557 ], [ 67.060730834459562, 24.802584270937434 ], [ 67.060951823072998, 24.802822425717711 ], [ 67.060886189945705, 24.802873123240584 ], [ 67.060857555236709, 24.802842271805211 ], [ 67.060822713975284, 24.802874334753181 ], [ 67.060630359280779, 24.802667030328557 ] ] ] } },
{ "type": "Feature", "id": 16, "properties": { "FID": 16, "class": "Defence_SpatialJoin", "SolarPV_Area(sqm)": 74.503706611300004, "Rooftop_Area(sqm)": 289.659355269 }, "geometry": { "type": "Polygon", "coordinates": [ [ [ 67.057676083572318, 24.809697339762668 ], [ 67.057857255700313, 24.809554864219383 ], [ 67.057939170852748, 24.809644312368516 ], [ 67.057795451241049, 24.809757446141113 ], [ 67.057762806509444, 24.809720293707041 ], [ 67.057725444464182, 24.809749649376233 ], [ 67.057676083572318, 24.809697339762668 ] ] ] } },
{ "type": "Feature", "id": 17, "properties": { "FID": 17, "class": "Defence_SpatialJoin", "SolarPV_Area(sqm)": 65.648286548100003, "Rooftop_Area(sqm)": 178.587132338 }, "geometry": { "type": "Polygon", "coordinates": [ [ [ 67.06564060280418, 24.803198467499126 ], [ 67.065692690836713, 24.803156266407033 ], [ 67.065716962855788, 24.803181201281227 ], [ 67.065774415213255, 24.80313473700453 ], [ 67.065842230073827, 24.803204376074934 ], [ 67.065736238386947, 24.803290567108625 ], [ 67.06564060280418, 24.803198467499126 ] ] ] } },
{ "type": "Feature", "id": 18, "properties": { "FID": 18, "class": "Defence_SpatialJoin", "SolarPV_Area(sqm)": 128.177558933, "Rooftop_Area(sqm)": 523.97181170800002 }, "geometry": { "type": "Polygon", "coordinates": [ [ [ 67.063487379706942, 24.799944391769007 ], [ 67.063614240383558, 24.799846527677143 ], [ 67.063812624064298, 24.800056611871419 ], [ 67.063685763663997, 24.800154561405563 ], [ 67.063487379706942, 24.799944391769007 ] ] ] } },
{ "type": "Feature", "id": 19, "properties": { "FID": 19, "class": "Defence_SpatialJoin", "SolarPV_Area(sqm)": 62.431892504099999, "Rooftop_Area(sqm)": 337.61436848800003 }, "geometry": { "type": "Polygon", "coordinates": [ [ [ 67.064864962186633, 24.800865650803164 ], [ 67.06496772375634, 24.8007884701106 ], [ 67.065125807362492, 24.800958542828386 ], [ 67.065022954643098, 24.801035794151716 ], [ 67.064864962186633, 24.800865650803164 ] ] ] } },
{ "type": "Feature", "id": 20, "properties": { "FID": 20, "class": "Defence_SpatialJoin", "SolarPV_Area(sqm)": 0.0, "Rooftop_Area(sqm)": 266.17823138199998 }, "geometry": { "type": "Polygon", "coordinates": [ [ [ 67.065823594297143, 24.808055336332522 ], [ 67.065909408595772, 24.807986096236323 ], [ 67.066057765940783, 24.808139221189887 ], [ 67.065972042128948, 24.808208475175917 ], [ 67.065823594297143, 24.808055336332522 ] ] ] } },
{ "type": "Feature", "id": 21, "properties": { "FID": 21, "class": "Defence_SpatialJoin", "SolarPV_Area(sqm)": 0.0, "Rooftop_Area(sqm)": 290.049356741 }, "geometry": { "type": "Polygon", "coordinates": [ [ [ 67.066436476864595, 24.801882984638539 ], [ 67.066616923433855, 24.801741388779021 ], [ 67.066693465559851, 24.801822603349116 ], [ 67.066513109783543, 24.801964300177783 ], [ 67.066436476864595, 24.801882984638539 ] ] ] } },
{ "type": "Feature", "id": 22, "properties": { "FID": 22, "class": "Defence_SpatialJoin", "SolarPV_Area(sqm)": 0.0, "Rooftop_Area(sqm)": 288.43483230200002 }, "geometry": { "type": "Polygon", "coordinates": [ [ [ 67.066133762708915, 24.807813469063479 ], [ 67.066221031610425, 24.807742668410601 ], [ 67.06637911549042, 24.807905223570582 ], [ 67.066291847110648, 24.807975938182523 ], [ 67.066133762708915, 24.807813469063479 ] ] ] } },
{ "type": "Feature", "id": 23, "properties": { "FID": 23, "class": "Defence_SpatialJoin", "SolarPV_Area(sqm)": 83.494639088200003, "Rooftop_Area(sqm)": 267.136642548 }, "geometry": { "type": "Polygon", "coordinates": [ [ [ 67.062098641725385, 24.804856803557968 ], [ 67.062186126203954, 24.804784390644237 ], [ 67.06232966524631, 24.804934260962572 ], [ 67.062242271741255, 24.805006603427849 ], [ 67.062098641725385, 24.804856803557968 ] ] ] } },
{ "type": "Feature", "id": 24, "properties": { "FID": 24, "class": "Defence_SpatialJoin", "SolarPV_Area(sqm)": 0.0, "Rooftop_Area(sqm)": 1002.87701084 }, "geometry": { "type": "Polygon", "coordinates": [ [ [ 67.062332841032088, 24.805583958529219 ], [ 67.06253271319126, 24.805445344675167 ], [ 67.062741534853885, 24.805675228994325 ], [ 67.062470624645854, 24.805890422823364 ], [ 67.062370086207736, 24.805789269170976 ], [ 67.062492033669656, 24.805681926726301 ], [ 67.062460457891447, 24.805644389019079 ], [ 67.062436193629992, 24.805664121792162 ], [ 67.06240315351954, 24.80561724546277 ], [ 67.062380195194208, 24.805636070582672 ], [ 67.062332841032088, 24.805583958529219 ] ] ] } },
{ "type": "Feature", "id": 25, "properties": { "FID": 25, "class": "Defence_SpatialJoin", "SolarPV_Area(sqm)": 0.0, "Rooftop_Area(sqm)": 215.67910662400001 }, "geometry": { "type": "Polygon", "coordinates": [ [ [ 67.059923056612348, 24.804060807655318 ], [ 67.060044596159457, 24.803965112162285 ], [ 67.060129137578784, 24.804054626176967 ], [ 67.060007507468271, 24.804150307027808 ], [ 67.059923056612348, 24.804060807655318 ] ] ] } },
{ "type": "Feature", "id": 26, "properties": { "FID": 26, "class": "Defence_SpatialJoin", "SolarPV_Area(sqm)": 101.556433028, "Rooftop_Area(sqm)": 139.222440197 }, "geometry": { "type": "Polygon", "coordinates": [ [ [ 67.061850324686944, 24.808062857796987 ], [ 67.061956591903567, 24.807980596901359 ], [ 67.062018861492007, 24.80804754901175 ], [ 67.06191259460779, 24.808129896128431 ], [ 67.061850324686944, 24.808062857796987 ] ] ] } },
{ "type": "Feature", "id": 27, "properties": { "FID": 27, "class": "Defence_SpatialJoin", "SolarPV_Area(sqm)": 207.663749784, "Rooftop_Area(sqm)": 535.95623058800004 }, "geometry": { "type": "Polygon", "coordinates": [ [ [ 67.060716289500007, 24.805073418981404 ], [ 67.060811557560513, 24.805000664415331 ], [ 67.06082792025704, 24.805018513630991 ], [ 67.060901825436687, 24.804962057322708 ], [ 67.06104090341573, 24.805105397131829 ], [ 67.060857902151483, 24.805246147417627 ], [ 67.060716289500007, 24.805073418981404 ] ] ] } },
{ "type": "Feature", "id": 28, "properties": { "FID": 28, "class": "Defence_SpatialJoin", "SolarPV_Area(sqm)": 0.0, "Rooftop_Area(sqm)": 531.59210520500005 }, "geometry": { "type": "Polygon", "coordinates": [ [ [ 67.066056583906473, 24.803086620377844 ], [ 67.066167215915399, 24.803001891012535 ], [ 67.066421295383606, 24.803278619637361 ], [ 67.06637329771408, 24.803315326696382 ], [ 67.066327117875602, 24.803264983743155 ], [ 67.066264483911766, 24.803312920970136 ], [ 67.066056583906473, 24.803086620377844 ] ] ] } },
{ "type": "Feature", "id": 29, "properties": { "FID": 29, "class": "Defence_SpatialJoin", "SolarPV_Area(sqm)": 0.0, "Rooftop_Area(sqm)": 283.31953217 }, "geometry": { "type": "Polygon", "coordinates": [ [ [ 67.060503482466459, 24.807952419219017 ], [ 67.060687473367793, 24.807806116374088 ], [ 67.060718289361247, 24.807838430838512 ], [ 67.060688927554111, 24.807861728611662 ], [ 67.060739652413034, 24.807914941232106 ], [ 67.060585023236555, 24.808037946388747 ], [ 67.060503482466459, 24.807952419219017 ] ] ] } },
{ "type": "Feature", "id": 30, "properties": { "FID": 30, "class": "Defence_SpatialJoin", "SolarPV_Area(sqm)": 98.341031194099997, "Rooftop_Area(sqm)": 352.55720019699999 }, "geometry": { "type": "Polygon", "coordinates": [ [ [ 67.06230093879438, 24.804121690184797 ], [ 67.06246112981276, 24.803994984175691 ], [ 67.062566177387041, 24.804105451981759 ], [ 67.06240598730254, 24.804232157254173 ], [ 67.06230093879438, 24.804121690184797 ] ] ] } },
{ "type": "Feature", "id": 31, "properties": { "FID": 31, "class": "Defence_SpatialJoin", "SolarPV_Area(sqm)": 0.0, "Rooftop_Area(sqm)": 273.23734796700001 }, "geometry": { "type": "Polygon", "coordinates": [ [ [ 67.066234285965848, 24.801662285602745 ], [ 67.066373297361068, 24.801551551887158 ], [ 67.066465111990198, 24.801651293847801 ], [ 67.066326009033091, 24.801762012888091 ], [ 67.066234285965848, 24.801662285602745 ] ] ] } },
{ "type": "Feature", "id": 32, "properties": { "FID": 32, "class": "Defence_SpatialJoin", "SolarPV_Area(sqm)": 0.0, "Rooftop_Area(sqm)": 279.74342797499997 }, "geometry": { "type": "Polygon", "coordinates": [ [ [ 67.067385708411379, 24.808555241909581 ], [ 67.067476229578276, 24.808480781666404 ], [ 67.067624223046593, 24.808630942268863 ], [ 67.067533611900942, 24.808705301766253 ], [ 67.067385708411379, 24.808555241909581 ] ] ] } },
{ "type": "Feature", "id": 33, "properties": { "FID": 33, "class": "Defence_SpatialJoin", "SolarPV_Area(sqm)": 86.560878925500006, "Rooftop_Area(sqm)": 316.44635112899999 }, "geometry": { "type": "Polygon", "coordinates": [ [ [ 67.057775933957672, 24.806541235231126 ], [ 67.057872618787471, 24.806461211946285 ], [ 67.058024155633674, 24.806623655472489 ], [ 67.057927562251649, 24.806703692715548 ], [ 67.057775933957672, 24.806541235231126 ] ] ] } },
{ "type": "Feature", "id": 34, "properties": { "FID": 34, "class": "Defence_SpatialJoin", "SolarPV_Area(sqm)": 0.0, "Rooftop_Area(sqm)": 368.32387428300001 }, "geometry": { "type": "Polygon", "coordinates": [ [ [ 67.062960907890584, 24.80642873911885 ], [ 67.063022813784158, 24.806379320899449 ], [ 67.063053811897475, 24.806411578220416 ], [ 67.06310026431548, 24.806374454496311 ], [ 67.063244802830198, 24.806525340901359 ], [ 67.063136444412848, 24.806611882955576 ], [ 67.062960907890584, 24.80642873911885 ] ] ] } },
{ "type": "Feature", "id": 35, "properties": { "FID": 35, "class": "Defence_SpatialJoin", "SolarPV_Area(sqm)": 0.0, "Rooftop_Area(sqm)": 443.15717772300002 }, "geometry": { "type": "Polygon", "coordinates": [ [ [ 67.063010178223209, 24.803528373860189 ], [ 67.06308281053515, 24.803469487691711 ], [ 67.063348071229029, 24.803741866923303 ], [ 67.063257711895105, 24.803815159442557 ], [ 67.063148261954481, 24.803702831645396 ], [ 67.063166079411261, 24.803688439239362 ], [ 67.063010178223209, 24.803528373860189 ] ] ] } },
{ "type": "Feature", "id": 36, "properties": { "FID": 36, "class": "Defence_SpatialJoin", "SolarPV_Area(sqm)": 0.0, "Rooftop_Area(sqm)": 210.66764888899999 }, "geometry": { "type": "Polygon", "coordinates": [ [ [ 67.059809881091269, 24.807532708306187 ], [ 67.059951509737829, 24.807420000302198 ], [ 67.060022506093759, 24.807494256315735 ], [ 67.059880877817577, 24.807607049668306 ], [ 67.059809881091269, 24.807532708306187 ] ] ] } },
{ "type": "Feature", "id": 37, "properties": { "FID": 37, "class": "Defence_SpatialJoin", "SolarPV_Area(sqm)": 116.905049702, "Rooftop_Area(sqm)": 313.04152898799998 }, "geometry": { "type": "Polygon", "coordinates": [ [ [ 67.065459949740955, 24.809197204177504 ], [ 67.065554969761536, 24.809120047176332 ], [ 67.065709417820955, 24.809284409715918 ], [ 67.065614488272161, 24.809361580618869 ], [ 67.065459949740955, 24.809197204177504 ] ] ] } },
{ "type": "Feature", "id": 38, "properties": { "FID": 38, "class": "Defence_SpatialJoin", "SolarPV_Area(sqm)": 0.0, "Rooftop_Area(sqm)": 472.76454057400002 }, "geometry": { "type": "Polygon", "coordinates": [ [ [ 67.057099933122387, 24.80801682834629 ], [ 67.05710838707428, 24.807898978710803 ], [ 67.057146021045156, 24.807901199839872 ], [ 67.05714847629379, 24.80786681520998 ], [ 67.057231834676983, 24.807871792983903 ], [ 67.057227017157842, 24.80793929726936 ], [ 67.057282014262739, 24.807942523404403 ], [ 67.057278741066398, 24.807988143147512 ], [ 67.057338193066727, 24.80799157411883 ], [ 67.057333829623943, 24.808052827402047 ], [ 67.057296285719019, 24.808050534837982 ], [ 67.057293013930845, 24.808096837651075 ], [ 67.057208836474672, 24.808176415728973 ], [ 67.05717165650951, 24.808174182063947 ], [ 67.057179110510347, 24.808069928966166 ], [ 67.057134113032589, 24.808067289207081 ], [ 67.057137567621254, 24.808018965148285 ], [ 67.057099933122387, 24.80801682834629 ] ] ] } },
{ "type": "Feature", "id": 39, "properties": { "FID": 39, "class": "Defence_SpatialJoin", "SolarPV_Area(sqm)": 112.596896926, "Rooftop_Area(sqm)": 365.65974952099998 }, "geometry": { "type": "Polygon", "coordinates": [ [ [ 67.063023722242818, 24.806742331060832 ], [ 67.063139898721161, 24.806649700583119 ], [ 67.063158989147681, 24.80666961236242 ], [ 67.063177533508437, 24.806654825352371 ], [ 67.063297436992144, 24.806780034563953 ], [ 67.063262256678939, 24.806808121930306 ], [ 67.063171081739981, 24.806879228986752 ], [ 67.063136989843613, 24.806843738799994 ], [ 67.063076811331115, 24.806780883747699 ], [ 67.063067629232449, 24.806788206214865 ], [ 67.063023722242818, 24.806742331060832 ] ] ] } },
{ "type": "Feature", "id": 40, "properties": { "FID": 40, "class": "Defence_SpatialJoin", "SolarPV_Area(sqm)": 58.078333463, "Rooftop_Area(sqm)": 285.34867555 }, "geometry": { "type": "Polygon", "coordinates": [ [ [ 67.065485090304236, 24.810001467942197 ], [ 67.06558596825198, 24.80992051138136 ], [ 67.065721053472473, 24.81006098633895 ], [ 67.065620175008803, 24.810141857699463 ], [ 67.065485090304236, 24.810001467942197 ] ] ] } },
{ "type": "Feature", "id": 41, "properties": { "FID": 41, "class": "Defence_SpatialJoin", "SolarPV_Area(sqm)": 0.0, "Rooftop_Area(sqm)": 326.68241299200002 }, "geometry": { "type": "Polygon", "coordinates": [ [ [ 67.063804868008674, 24.800262932235999 ], [ 67.063958224317076, 24.800143895656095 ], [ 67.064099399194617, 24.800295519368888 ], [ 67.064024402991009, 24.800353684354089 ], [ 67.063977041316861, 24.800302895649725 ], [ 67.063953497159559, 24.800321065311056 ], [ 67.063909680830974, 24.800274009186115 ], [ 67.063854865550994, 24.800316453673268 ], [ 67.063804868008674, 24.800262932235999 ] ] ] } },
{ "type": "Feature", "id": 42, "properties": { "FID": 42, "class": "Defence_SpatialJoin", "SolarPV_Area(sqm)": 0.0, "Rooftop_Area(sqm)": 310.07845563500001 }, "geometry": { "type": "Polygon", "coordinates": [ [ [ 67.055650831016905, 24.80722781744932 ], [ 67.055837548061604, 24.807078290125251 ], [ 67.055866001001007, 24.807107915801396 ], [ 67.055884454513532, 24.807093116075901 ], [ 67.055930724958316, 24.807141338718996 ], [ 67.055725553883988, 24.807305580577257 ], [ 67.055650831016905, 24.80722781744932 ] ] ] } },
{ "type": "Feature", "id": 43, "properties": { "FID": 43, "class": "Defence_SpatialJoin", "SolarPV_Area(sqm)": 0.0, "Rooftop_Area(sqm)": 253.257006631 }, "geometry": { "type": "Polygon", "coordinates": [ [ [ 67.064159669980071, 24.802344603766258 ], [ 67.064242847578754, 24.802278099863273 ], [ 67.064388204542212, 24.80242962851041 ], [ 67.064304935391618, 24.802496117733735 ], [ 67.064159669980071, 24.802344603766258 ] ] ] } },
{ "type": "Feature", "id": 44, "properties": { "FID": 44, "class": "Defence_SpatialJoin", "SolarPV_Area(sqm)": 0.0, "Rooftop_Area(sqm)": 242.38023607100001 }, "geometry": { "type": "Polygon", "coordinates": [ [ [ 67.06041012303146, 24.807045180307611 ], [ 67.060520844578647, 24.806955519805886 ], [ 67.060625567345028, 24.80706324256747 ], [ 67.060514845730538, 24.807152903142828 ], [ 67.06041012303146, 24.807045180307611 ] ] ] } },
{ "type": "Feature", "id": 45, "properties": { "FID": 45, "class": "Defence_SpatialJoin", "SolarPV_Area(sqm)": 169.93571521800001, "Rooftop_Area(sqm)": 522.47577686399995 }, "geometry": { "type": "Polygon", "coordinates": [ [ [ 67.065490336461849, 24.80631924278271 ], [ 67.065702145030542, 24.806157582336876 ], [ 67.06579523249475, 24.806259155085481 ], [ 67.065778323641254, 24.806272069647395 ], [ 67.065804323161188, 24.806300359283938 ], [ 67.065609331196015, 24.806449176692514 ], [ 67.065490336461849, 24.80631924278271 ] ] ] } },
{ "type": "Feature", "id": 46, "properties": { "FID": 46, "class": "Defence_SpatialJoin", "SolarPV_Area(sqm)": 0.0, "Rooftop_Area(sqm)": 244.663983282 }, "geometry": { "type": "Polygon", "coordinates": [ [ [ 67.063519245125491, 24.801417217862543 ], [ 67.063599422708833, 24.801351000185345 ], [ 67.063753142836731, 24.801505927437237 ], [ 67.063703963774458, 24.801546544659523 ], [ 67.063684873236866, 24.801527316992853 ], [ 67.06365387470855, 24.801552916628683 ], [ 67.063519245125491, 24.801417217862543 ] ] ] } },
{ "type": "Feature", "id": 47, "properties": { "FID": 47, "class": "Defence_SpatialJoin", "SolarPV_Area(sqm)": 67.715698900800007, "Rooftop_Area(sqm)": 319.30677895700001 }, "geometry": { "type": "Polygon", "coordinates": [ [ [ 67.066360479852221, 24.807290829331667 ], [ 67.066446839896386, 24.807220224062345 ], [ 67.066617827542771, 24.807405614508419 ], [ 67.066531467405284, 24.80747621987009 ], [ 67.066360479852221, 24.807290829331667 ] ] ] } },
{ "type": "Feature", "id": 48, "properties": { "FID": 48, "class": "Defence_SpatialJoin", "SolarPV_Area(sqm)": 54.837990501299998, "Rooftop_Area(sqm)": 299.32497152100001 }, "geometry": { "type": "Polygon", "coordinates": [ [ [ 67.065368250881846, 24.808929204997014 ], [ 67.065456428613942, 24.808862825302647 ], [ 67.065616967806378, 24.809040646226322 ], [ 67.065528789541546, 24.809106940720394 ], [ 67.065368250881846, 24.808929204997014 ] ] ] } },
{ "type": "Feature", "id": 49, "properties": { "FID": 49, "class": "Defence_SpatialJoin", "SolarPV_Area(sqm)": 0.0, "Rooftop_Area(sqm)": 184.26116939100001 }, "geometry": { "type": "Polygon", "coordinates": [ [ [ 67.061121996298354, 24.806769203211033 ], [ 67.061214356042655, 24.806694443492958 ], [ 67.061309805402118, 24.806792637207288 ], [ 67.061217537030842, 24.806867412634233 ], [ 67.061121996298354, 24.806769203211033 ] ] ] } },
{ "type": "Feature", "id": 50, "properties": { "FID": 50, "class": "Defence_SpatialJoin", "SolarPV_Area(sqm)": 0.0, "Rooftop_Area(sqm)": 287.68835429500001 }, "geometry": { "type": "Polygon", "coordinates": [ [ [ 67.060215860324462, 24.808031595158013 ], [ 67.060400668743526, 24.807886365866139 ], [ 67.060474847319327, 24.807964980378262 ], [ 67.060290038757202, 24.808110210650121 ], [ 67.060215860324462, 24.808031595158013 ] ] ] } },
{ "type": "Feature", "id": 51, "properties": { "FID": 51, "class": "Defence_SpatialJoin", "SolarPV_Area(sqm)": 61.041140091400003, "Rooftop_Area(sqm)": 268.529567794 }, "geometry": { "type": "Polygon", "coordinates": [ [ [ 67.061320209674847, 24.804023080083446 ], [ 67.061402148196422, 24.803951465500248 ], [ 67.061557975565492, 24.804103736278204 ], [ 67.061476036172408, 24.804175179479756 ], [ 67.061320209674847, 24.804023080083446 ] ] ] } },
{ "type": "Feature", "id": 52, "properties": { "FID": 52, "class": "Defence_SpatialJoin", "SolarPV_Area(sqm)": 0.0, "Rooftop_Area(sqm)": 277.62869367299999 }, "geometry": { "type": "Polygon", "coordinates": [ [ [ 67.057188655919134, 24.8088181928056 ], [ 67.057303285581568, 24.808728997448114 ], [ 67.057437278798915, 24.808872462173046 ], [ 67.057394099036415, 24.808906093097647 ], [ 67.057377463565103, 24.80888828454988 ], [ 67.057336193293423, 24.808920428928253 ], [ 67.057304103876163, 24.808886029138755 ], [ 67.057273923555258, 24.808909535402133 ], [ 67.057188655919134, 24.8088181928056 ] ] ] } },
{ "type": "Feature", "id": 53, "properties": { "FID": 53, "class": "Defence_SpatialJoin", "SolarPV_Area(sqm)": 0.0, "Rooftop_Area(sqm)": 289.19386128000002 }, "geometry": { "type": "Polygon", "coordinates": [ [ [ 67.055727463422997, 24.807645151892853 ], [ 67.055914907403491, 24.80749659681122 ], [ 67.055988449249739, 24.807573998781148 ], [ 67.055801004204625, 24.807722553896792 ], [ 67.055727463422997, 24.807645151892853 ] ] ] } },
{ "type": "Feature", "id": 54, "properties": { "FID": 54, "class": "Defence_SpatialJoin", "SolarPV_Area(sqm)": 0.0, "Rooftop_Area(sqm)": 388.38326206400001 }, "geometry": { "type": "Polygon", "coordinates": [ [ [ 67.0597255213643, 24.805676107416364 ], [ 67.059939419788577, 24.805503175453051 ], [ 67.059962237177871, 24.805526765297042 ], [ 67.060007143911321, 24.80549050518599 ], [ 67.060043868753823, 24.805528385625081 ], [ 67.059913602734412, 24.805633698091246 ], [ 67.059946055775214, 24.805667215601286 ], [ 67.059817607519747, 24.805771025695304 ], [ 67.0597255213643, 24.805676107416364 ] ] ] } },
{ "type": "Feature", "id": 55, "properties": { "FID": 55, "class": "Defence_SpatialJoin", "SolarPV_Area(sqm)": 0.0, "Rooftop_Area(sqm)": 224.841701669 }, "geometry": { "type": "Polygon", "coordinates": [ [ [ 67.061155449511688, 24.802023885933508 ], [ 67.061189902382509, 24.801996450253814 ], [ 67.061160176293669, 24.801965338687445 ], [ 67.061228082104364, 24.801911417314972 ], [ 67.061342895368, 24.802031874645497 ], [ 67.061240536245066, 24.802113145584993 ], [ 67.061155449511688, 24.802023885933508 ] ] ] } },
{ "type": "Feature", "id": 56, "properties": { "FID": 56, "class": "Defence_SpatialJoin", "SolarPV_Area(sqm)": 0.0, "Rooftop_Area(sqm)": 265.696721696 }, "geometry": { "type": "Polygon", "coordinates": [ [ [ 67.058325958491778, 24.805944374056928 ], [ 67.05847285552943, 24.805838008798347 ], [ 67.058554095753237, 24.805926969563242 ], [ 67.058392926324203, 24.806044194935506 ], [ 67.058331957533426, 24.805977644332092 ], [ 67.058346320336184, 24.805966799003524 ], [ 67.058325958491778, 24.805944374056928 ] ] ] } },
{ "type": "Feature", "id": 57, "properties": { "FID": 57, "class": "Defence_SpatialJoin", "SolarPV_Area(sqm)": 75.599269937499997, "Rooftop_Area(sqm)": 378.38490924899997 }, "geometry": { "type": "Polygon", "coordinates": [ [ [ 67.062812421047383, 24.801641365247747 ], [ 67.062910455120686, 24.801560546807995 ], [ 67.063085354963903, 24.801736316369336 ], [ 67.062987229175945, 24.801831101439028 ], [ 67.062812421047383, 24.801641365247747 ] ] ] } },
{ "type": "Feature", "id": 58, "properties": { "FID": 58, "class": "Defence_SpatialJoin", "SolarPV_Area(sqm)": 81.960419781, "Rooftop_Area(sqm)": 261.88004382600002 }, "geometry": { "type": "Polygon", "coordinates": [ [ [ 67.065201783662019, 24.807390562797117 ], [ 67.065294709051258, 24.807318294829756 ], [ 67.065435553435023, 24.807456643689918 ], [ 67.065342809902845, 24.80752894209521 ], [ 67.065201783662019, 24.807390562797117 ] ] ] } },
{ "type": "Feature", "id": 59, "properties": { "FID": 59, "class": "Defence_SpatialJoin", "SolarPV_Area(sqm)": 0.0, "Rooftop_Area(sqm)": 246.95386620599999 }, "geometry": { "type": "Polygon", "coordinates": [ [ [ 67.05742873324553, 24.80804659216135 ], [ 67.057524455553903, 24.807969046175401 ], [ 67.057647903725581, 24.808095940267506 ], [ 67.057552271850142, 24.808173501037032 ], [ 67.05742873324553, 24.80804659216135 ] ] ] } },
{ "type": "Feature", "id": 60, "properties": { "FID": 60, "class": "Defence_SpatialJoin", "SolarPV_Area(sqm)": 140.210646561, "Rooftop_Area(sqm)": 374.74016682500002 }, "geometry": { "type": "Polygon", "coordinates": [ [ [ 67.064303673156701, 24.808963686954225 ], [ 67.06448374584069, 24.808823662039263 ], [ 67.064578320760916, 24.808926116686752 ], [ 67.064405820817157, 24.809074327395166 ], [ 67.064303673156701, 24.808963686954225 ] ] ] } },
{ "type": "Feature", "id": 61, "properties": { "FID": 61, "class": "Defence_SpatialJoin", "SolarPV_Area(sqm)": 110.85656744000001, "Rooftop_Area(sqm)": 310.60269382600001 }, "geometry": { "type": "Polygon", "coordinates": [ [ [ 67.064670140544862, 24.807780975769635 ], [ 67.064758187916453, 24.807705371189652 ], [ 67.064789731303904, 24.807735238631647 ], [ 67.064920248083695, 24.807873538331979 ], [ 67.064832018534432, 24.807949284063049 ], [ 67.064670140544862, 24.807780975769635 ] ] ] } },
{ "type": "Feature", "id": 62, "properties": { "FID": 62, "class": "Defence_SpatialJoin", "SolarPV_Area(sqm)": 0.0, "Rooftop_Area(sqm)": 272.62127889599998 }, "geometry": { "type": "Polygon", "coordinates": [ [ [ 67.064982905130734, 24.800770491144934 ], [ 67.065062083483284, 24.800703768549706 ], [ 67.065227348414069, 24.800867306484665 ], [ 67.06514816999325, 24.800934029164875 ], [ 67.064982905130734, 24.800770491144934 ] ] ] } },
{ "type": "Feature", "id": 63, "properties": { "FID": 63, "class": "Defence_SpatialJoin", "SolarPV_Area(sqm)": 49.681965893600001, "Rooftop_Area(sqm)": 379.61841649500002 }, "geometry": { "type": "Polygon", "coordinates": [ [ [ 67.058780961862368, 24.803838388664204 ], [ 67.058920745065237, 24.803728336909227 ], [ 67.05905101121283, 24.803864532476116 ], [ 67.058911227350293, 24.8039746695781 ], [ 67.058780961862368, 24.803838388664204 ] ] ] } },
{ "type": "Feature", "id": 64, "properties": { "FID": 64, "class": "Defence_SpatialJoin", "SolarPV_Area(sqm)": 0.0, "Rooftop_Area(sqm)": 275.90300902000001 }, "geometry": { "type": "Polygon", "coordinates": [ [ [ 67.055478295185168, 24.807033872118378 ], [ 67.055669102733887, 24.806891926654753 ], [ 67.055737371512052, 24.806968307281252 ], [ 67.05554656485107, 24.807110252875876 ], [ 67.055478295185168, 24.807033872118378 ] ] ] } },
{ "type": "Feature", "id": 65, "properties": { "FID": 65, "class": "Defence_SpatialJoin", "SolarPV_Area(sqm)": 0.0, "Rooftop_Area(sqm)": 192.18936394 }, "geometry": { "type": "Polygon", "coordinates": [ [ [ 67.062501747594538, 24.806973296964486 ], [ 67.062618287212757, 24.806879443372278 ], [ 67.0626971017236, 24.806961026576065 ], [ 67.062580470569159, 24.807054865468675 ], [ 67.062501747594538, 24.806973296964486 ] ] ] } },
{ "type": "Feature", "id": 66, "properties": { "FID": 66, "class": "Defence_SpatialJoin", "SolarPV_Area(sqm)": 66.990190276999996, "Rooftop_Area(sqm)": 348.84606734099998 }, "geometry": { "type": "Polygon", "coordinates": [ [ [ 67.059727612201073, 24.808129449513466 ], [ 67.05984942447445, 24.808028844940548 ], [ 67.059982268034659, 24.808170995199102 ], [ 67.059860455662047, 24.808271599873951 ], [ 67.059727612201073, 24.808129449513466 ] ] ] } },
{ "type": "Feature", "id": 67, "properties": { "FID": 67, "class": "Defence_SpatialJoin", "SolarPV_Area(sqm)": 0.0, "Rooftop_Area(sqm)": 132.576020242 }, "geometry": { "type": "Polygon", "coordinates": [ [ [ 67.061376165572625, 24.807289512104376 ], [ 67.06147152450761, 24.807215491334112 ], [ 67.061496887180851, 24.807242824052878 ], [ 67.061522704521877, 24.807222800211534 ], [ 67.061554793684905, 24.80725711392811 ], [ 67.061433708850259, 24.807351173337217 ], [ 67.061376165572625, 24.807289512104376 ] ] ] } },
{ "type": "Feature", "id": 68, "properties": { "FID": 68, "class": "Defence_SpatialJoin", "SolarPV_Area(sqm)": 128.36650069000001, "Rooftop_Area(sqm)": 482.38502921399999 }, "geometry": { "type": "Polygon", "coordinates": [ [ [ 67.061382619861121, 24.805430355091808 ], [ 67.061546066632303, 24.805295606950398 ], [ 67.061687514267518, 24.80543847428174 ], [ 67.061524067743932, 24.805573308751587 ], [ 67.061382619861121, 24.805430355091808 ] ] ] } },
{ "type": "Feature", "id": 69, "properties": { "FID": 69, "class": "Defence_SpatialJoin", "SolarPV_Area(sqm)": 97.677503039800001, "Rooftop_Area(sqm)": 509.60393288699998 }, "geometry": { "type": "Polygon", "coordinates": [ [ [ 67.064448249718723, 24.805637668550315 ], [ 67.064559862780186, 24.805544039014709 ], [ 67.064623284930946, 24.805544630825835 ], [ 67.064800095092878, 24.805705673382356 ], [ 67.064751370070525, 24.805750209234574 ], [ 67.064707099062957, 24.805709915543563 ], [ 67.064611849804962, 24.805788577805384 ], [ 67.064448249718723, 24.805637668550315 ] ] ] } },
{ "type": "Feature", "id": 70, "properties": { "FID": 70, "class": "Defence_SpatialJoin", "SolarPV_Area(sqm)": 0.0, "Rooftop_Area(sqm)": 151.757855984 }, "geometry": { "type": "Polygon", "coordinates": [ [ [ 67.05588572741037, 24.807688870483968 ], [ 67.055983267353284, 24.807612303241079 ], [ 67.056057354270308, 24.807690989025733 ], [ 67.055959722744021, 24.807767542446349 ], [ 67.05588572741037, 24.807688870483968 ] ] ] } },
{ "type": "Feature", "id": 71, "properties": { "FID": 71, "class": "Defence_SpatialJoin", "SolarPV_Area(sqm)": 74.560267536799998, "Rooftop_Area(sqm)": 382.93653153100001 }, "geometry": { "type": "Polygon", "coordinates": [ [ [ 67.056288340872698, 24.808209267109973 ], [ 67.056431242752851, 24.808091985935082 ], [ 67.056507602035012, 24.808169499762098 ], [ 67.056481057820008, 24.808191199676322 ], [ 67.056544963267598, 24.808256109463368 ], [ 67.056428515492158, 24.808351591794278 ], [ 67.056288340872698, 24.808209267109973 ] ] ] } },
{ "type": "Feature", "id": 72, "properties": { "FID": 72, "class": "Defence_SpatialJoin", "SolarPV_Area(sqm)": 0.0, "Rooftop_Area(sqm)": 116.804145644 }, "geometry": { "type": "Polygon", "coordinates": [ [ [ 67.05833095759499, 24.807305672905244 ], [ 67.058417862869362, 24.807235591581104 ], [ 67.05848976814886, 24.80730982311211 ], [ 67.058433679748873, 24.807355047940906 ], [ 67.058412226893651, 24.807332874299401 ], [ 67.058381409986552, 24.807357730830152 ], [ 67.05833095759499, 24.807305672905244 ] ] ] } },
{ "type": "Feature", "id": 73, "properties": { "FID": 73, "class": "Defence_SpatialJoin", "SolarPV_Area(sqm)": 0.0, "Rooftop_Area(sqm)": 248.26101107299999 }, "geometry": { "type": "Polygon", "coordinates": [ [ [ 67.062941453460212, 24.80156742165746 ], [ 67.063024540423214, 24.801503895148066 ], [ 67.063166170064491, 24.801658498731086 ], [ 67.06308308356796, 24.801721940079048 ], [ 67.062941453460212, 24.80156742165746 ] ] ] } },
{ "type": "Feature", "id": 74, "properties": { "FID": 74, "class": "Defence_SpatialJoin", "SolarPV_Area(sqm)": 75.473281242400006, "Rooftop_Area(sqm)": 289.546498407 }, "geometry": { "type": "Polygon", "coordinates": [ [ [ 67.060483068914309, 24.803824989353714 ], [ 67.06057929643876, 24.803747312097926 ], [ 67.060722198198974, 24.803896566861788 ], [ 67.060625880035573, 24.803974230392864 ], [ 67.060483068914309, 24.803824989353714 ] ] ] } },
{ "type": "Feature", "id": 75, "properties": { "FID": 75, "class": "Defence_SpatialJoin", "SolarPV_Area(sqm)": 99.265780048699995, "Rooftop_Area(sqm)": 319.64041506400002 }, "geometry": { "type": "Polygon", "coordinates": [ [ [ 67.065051382077144, 24.801597982633091 ], [ 67.065145624313388, 24.801519547508796 ], [ 67.065306436034803, 24.801683992235709 ], [ 67.065212192790895, 24.801762426510347 ], [ 67.065051382077144, 24.801597982633091 ] ] ] } },
{ "type": "Feature", "id": 76, "properties": { "FID": 76, "class": "Defence_SpatialJoin", "SolarPV_Area(sqm)": 143.847192812, "Rooftop_Area(sqm)": 319.25307903599997 }, "geometry": { "type": "Polygon", "coordinates": [ [ [ 67.066643103929749, 24.807410295140411 ], [ 67.066807460475189, 24.807278932200113 ], [ 67.066899196516573, 24.807376515741662 ], [ 67.066734839441381, 24.807507793489815 ], [ 67.066643103929749, 24.807410295140411 ] ] ] } },
{ "type": "Feature", "id": 77, "properties": { "FID": 77, "class": "Defence_SpatialJoin", "SolarPV_Area(sqm)": 54.633675664599998, "Rooftop_Area(sqm)": 368.23618710400001 }, "geometry": { "type": "Polygon", "coordinates": [ [ [ 67.060225223433022, 24.807689817161243 ], [ 67.060419122819638, 24.807528020885456 ], [ 67.060509156503514, 24.807619826452793 ], [ 67.060315348933045, 24.807781722885206 ], [ 67.060225223433022, 24.807689817161243 ] ] ] } },
{ "type": "Feature", "id": 78, "properties": { "FID": 78, "class": "Defence_SpatialJoin", "SolarPV_Area(sqm)": 0.0, "Rooftop_Area(sqm)": 301.79118892600002 }, "geometry": { "type": "Polygon", "coordinates": [ [ [ 67.063980142005008, 24.800146693691474 ], [ 67.064067319897319, 24.800077927859451 ], [ 67.064222939455931, 24.800259617919131 ], [ 67.064135761464357, 24.800328383832927 ], [ 67.063980142005008, 24.800146693691474 ] ] ] } },
{ "type": "Feature", "id": 79, "properties": { "FID": 79, "class": "Defence_SpatialJoin", "SolarPV_Area(sqm)": 0.0, "Rooftop_Area(sqm)": 241.39094844900001 }, "geometry": { "type": "Polygon", "coordinates": [ [ [ 67.064000858412342, 24.804725430121678 ], [ 67.064103399374758, 24.804636922331504 ], [ 67.064216667329674, 24.804746191150382 ], [ 67.064114126310983, 24.804834699017011 ], [ 67.064000858412342, 24.804725430121678 ] ] ] } },
{ "type": "Feature", "id": 80, "properties": { "FID": 80, "class": "Defence_SpatialJoin", "SolarPV_Area(sqm)": 41.994602319599998, "Rooftop_Area(sqm)": 391.54033085700001 }, "geometry": { "type": "Polygon", "coordinates": [ [ [ 67.05525839918883, 24.807061314947614 ], [ 67.055382027826496, 24.8069669065972 ], [ 67.055523929440554, 24.80712155857325 ], [ 67.055440934415458, 24.807185003482026 ], [ 67.055424570952837, 24.807167238969697 ], [ 67.055360847483939, 24.807215930579652 ], [ 67.055287760297091, 24.80713629462559 ], [ 67.05531094145195, 24.80711858222757 ], [ 67.05525839918883, 24.807061314947614 ] ] ] } },
{ "type": "Feature", "id": 81, "properties": { "FID": 81, "class": "Defence_SpatialJoin", "SolarPV_Area(sqm)": 0.0, "Rooftop_Area(sqm)": 189.460423238 }, "geometry": { "type": "Polygon", "coordinates": [ [ [ 67.061270444075689, 24.806921832038903 ], [ 67.061362711927814, 24.806847141814231 ], [ 67.061460980422325, 24.806948098665675 ], [ 67.061368620545821, 24.807022858528381 ], [ 67.061270444075689, 24.806921832038903 ] ] ] } },
{ "type": "Feature", "id": 82, "properties": { "FID": 82, "class": "Defence_SpatialJoin", "SolarPV_Area(sqm)": 0.0, "Rooftop_Area(sqm)": 596.64241105799999 }, "geometry": { "type": "Polygon", "coordinates": [ [ [ 67.05923000149609, 24.809305468911919 ], [ 67.059290271663102, 24.809258696533043 ], [ 67.059272362812607, 24.809239487324067 ], [ 67.059324542818757, 24.809199102778248 ], [ 67.059350996013862, 24.809227380855923 ], [ 67.059370722271879, 24.809212101186798 ], [ 67.059570983707445, 24.809427265414158 ], [ 67.05943880954095, 24.809529786679096 ], [ 67.05923000149609, 24.809305468911919 ] ] ] } },
{ "type": "Feature", "id": 83, "properties": { "FID": 83, "class": "Defence_SpatialJoin", "SolarPV_Area(sqm)": 0.0, "Rooftop_Area(sqm)": 254.297586029 }, "geometry": { "type": "Polygon", "coordinates": [ [ [ 67.060444485574664, 24.804423703369576 ], [ 67.060526026569235, 24.804358393766893 ], [ 67.060675018551166, 24.804513331165065 ], [ 67.060593477484105, 24.804578640844401 ], [ 67.060444485574664, 24.804423703369576 ] ] ] } },
{ "type": "Feature", "id": 84, "properties": { "FID": 84, "class": "Defence_SpatialJoin", "SolarPV_Area(sqm)": 95.523327417299996, "Rooftop_Area(sqm)": 312.34403833800002 }, "geometry": { "type": "Polygon", "coordinates": [ [ [ 67.05783725692423, 24.809506262400348 ], [ 67.057955523560096, 24.809405518066658 ], [ 67.057988612753363, 24.8094378566994 ], [ 67.058008338839798, 24.809421125994955 ], [ 67.058088789515537, 24.809499726755128 ], [ 67.057950796109751, 24.809617288018504 ], [ 67.05783725692423, 24.809506262400348 ] ] ] } },
{ "type": "Feature", "id": 85, "properties": { "FID": 85, "class": "Defence_SpatialJoin", "SolarPV_Area(sqm)": 79.360371251199993, "Rooftop_Area(sqm)": 309.541627108 }, "geometry": { "type": "Polygon", "coordinates": [ [ [ 67.065605240276895, 24.80876793125638 ], [ 67.065639057710754, 24.808741675074462 ], [ 67.065633239467573, 24.808735353883907 ], [ 67.065686600842156, 24.808694043308627 ], [ 67.06585216125886, 24.808871246193782 ], [ 67.065759706329004, 24.808944270950718 ], [ 67.065605240276895, 24.80876793125638 ] ] ] } },
{ "type": "Feature", "id": 86, "properties": { "FID": 86, "class": "Defence_SpatialJoin", "SolarPV_Area(sqm)": 29.634846668000002, "Rooftop_Area(sqm)": 227.10488897600001 }, "geometry": { "type": "Polygon", "coordinates": [ [ [ 67.067037632759551, 24.80856897502338 ], [ 67.067081267509593, 24.808533702791589 ], [ 67.067057631480225, 24.808509383400764 ], [ 67.067094811721432, 24.808479224418004 ], [ 67.067234897561661, 24.80863879997538 ], [ 67.067154082061961, 24.808704145966182 ], [ 67.067037632759551, 24.80856897502338 ] ] ] } },
{ "type": "Feature", "id": 87, "properties": { "FID": 87, "class": "Defence_SpatialJoin", "SolarPV_Area(sqm)": 0.0, "Rooftop_Area(sqm)": 382.37098757400003 }, "geometry": { "type": "Polygon", "coordinates": [ [ [ 67.059577438119589, 24.805549943722585 ], [ 67.05977515535416, 24.80538927443359 ], [ 67.059867696474157, 24.805484180148522 ], [ 67.059669888576607, 24.805644835741511 ], [ 67.059577438119589, 24.805549943722585 ] ] ] } },
{ "type": "Feature", "id": 88, "properties": { "FID": 88, "class": "Defence_SpatialJoin", "SolarPV_Area(sqm)": 0.0, "Rooftop_Area(sqm)": 274.42818414200002 }, "geometry": { "type": "Polygon", "coordinates": [ [ [ 67.066055130161644, 24.801674121051704 ], [ 67.066138489902173, 24.801609695150443 ], [ 67.066294846210269, 24.801778378049558 ], [ 67.066211486384844, 24.801842804031295 ], [ 67.066055130161644, 24.801674121051704 ] ] ] } },
{ "type": "Feature", "id": 89, "properties": { "FID": 89, "class": "Defence_SpatialJoin", "SolarPV_Area(sqm)": 72.375133968100002, "Rooftop_Area(sqm)": 251.23288625699999 }, "geometry": { "type": "Polygon", "coordinates": [ [ [ 67.059335268677373, 24.803892915638905 ], [ 67.059429900132344, 24.803816555928851 ], [ 67.05956125753174, 24.803952244033983 ], [ 67.059517532856333, 24.803987498305265 ], [ 67.059507354756917, 24.803978519051995 ], [ 67.059456448943948, 24.804019623723999 ], [ 67.059335268677373, 24.803892915638905 ] ] ] } },
{ "type": "Feature", "id": 90, "properties": { "FID": 90, "class": "Defence_SpatialJoin", "SolarPV_Area(sqm)": 57.723836990300001, "Rooftop_Area(sqm)": 248.797482336 }, "geometry": { "type": "Polygon", "coordinates": [ [ [ 67.064582577690629, 24.800653703590537 ], [ 67.064633283915285, 24.800614254340871 ], [ 67.064659191965077, 24.800642357702163 ], [ 67.064704462529065, 24.800607518660897 ], [ 67.064753369928894, 24.800660523081653 ], [ 67.064773186550198, 24.800645256095923 ], [ 67.064787731586904, 24.800661017171379 ], [ 67.064767914963682, 24.800676284158904 ], [ 67.064808649593616, 24.800722661362116 ], [ 67.064712672728675, 24.800796949722383 ], [ 67.064582577690629, 24.800653703590537 ] ] ] } },
{ "type": "Feature", "id": 91, "properties": { "FID": 91, "class": "Defence_SpatialJoin", "SolarPV_Area(sqm)": 0.0, "Rooftop_Area(sqm)": 106.014500607 }, "geometry": { "type": "Polygon", "coordinates": [ [ [ 67.061232990844772, 24.807907122083943 ], [ 67.061331441371806, 24.807830609135664 ], [ 67.061382620577078, 24.807885604949448 ], [ 67.061284170622642, 24.807962031801232 ], [ 67.061232990844772, 24.807907122083943 ] ] ] } },
{ "type": "Feature", "id": 92, "properties": { "FID": 92, "class": "Defence_SpatialJoin", "SolarPV_Area(sqm)": 0.0, "Rooftop_Area(sqm)": 192.05109897200001 }, "geometry": { "type": "Polygon", "coordinates": [ [ [ 67.064735825459422, 24.802195669697607 ], [ 67.064818184519694, 24.802128691789438 ], [ 67.064929816455987, 24.802242994424944 ], [ 67.064847546862623, 24.802309987042506 ], [ 67.064735825459422, 24.802195669697607 ] ] ] } },
{ "type": "Feature", "id": 93, "properties": { "FID": 93, "class": "Defence_SpatialJoin", "SolarPV_Area(sqm)": 0.0, "Rooftop_Area(sqm)": 247.67030061099999 }, "geometry": { "type": "Polygon", "coordinates": [ [ [ 67.059489442945704, 24.803757871121448 ], [ 67.059580619607402, 24.803685398679125 ], [ 67.05971024944823, 24.803821149640427 ], [ 67.059619073146564, 24.803893707442317 ], [ 67.059489442945704, 24.803757871121448 ] ] ] } },
{ "type": "Feature", "id": 94, "properties": { "FID": 94, "class": "Defence_SpatialJoin", "SolarPV_Area(sqm)": 0.0, "Rooftop_Area(sqm)": 417.68400291799998 }, "geometry": { "type": "Polygon", "coordinates": [ [ [ 67.058427043602208, 24.809411886479392 ], [ 67.058662946735112, 24.809239645448905 ], [ 67.058750305746869, 24.80933158025201 ], [ 67.058514402422816, 24.809503822303519 ], [ 67.058427043602208, 24.809411886479392 ] ] ] } },
{ "type": "Feature", "id": 95, "properties": { "FID": 95, "class": "Defence_SpatialJoin", "SolarPV_Area(sqm)": 0.0, "Rooftop_Area(sqm)": 168.775833173 }, "geometry": { "type": "Polygon", "coordinates": [ [ [ 67.060913552901852, 24.806792863504054 ], [ 67.061011456487634, 24.806716860834097 ], [ 67.061044727840439, 24.806752561561659 ], [ 67.061063999517174, 24.806737721277212 ], [ 67.06110463405652, 24.806781360544768 ], [ 67.060987458194575, 24.806872288782007 ], [ 67.060913552901852, 24.806792863504054 ] ] ] } },
{ "type": "Feature", "id": 96, "properties": { "FID": 96, "class": "Defence_SpatialJoin", "SolarPV_Area(sqm)": 0.0, "Rooftop_Area(sqm)": 281.48092471899997 }, "geometry": { "type": "Polygon", "coordinates": [ [ [ 67.065570696378217, 24.807969885199636 ], [ 67.065605240296918, 24.807944087800848 ], [ 67.065571241723688, 24.807906219194145 ], [ 67.065623422060725, 24.807867282265072 ], [ 67.065790323376788, 24.808053392499936 ], [ 67.065703600007595, 24.808118126960554 ], [ 67.065570696378217, 24.807969885199636 ] ] ] } },
{ "type": "Feature", "id": 97, "properties": { "FID": 97, "class": "Defence_SpatialJoin", "SolarPV_Area(sqm)": 0.0, "Rooftop_Area(sqm)": 258.34655351700002 }, "geometry": { "type": "Polygon", "coordinates": [ [ [ 67.06436566041765, 24.809370890674344 ], [ 67.064417748822422, 24.809329461574841 ], [ 67.064385023189971, 24.809295131294476 ], [ 67.064492563856732, 24.809209739483798 ], [ 67.064580468652963, 24.8093018470448 ], [ 67.064420839017899, 24.80942875237179 ], [ 67.06436566041765, 24.809370890674344 ] ] ] } },
{ "type": "Feature", "id": 98, "properties": { "FID": 98, "class": "Defence_SpatialJoin", "SolarPV_Area(sqm)": 41.020630231299997, "Rooftop_Area(sqm)": 203.799111036 }, "geometry": { "type": "Polygon", "coordinates": [ [ [ 67.058201965094838, 24.81011839601528 ], [ 67.058312959255872, 24.810029725466233 ], [ 67.058400590259296, 24.810121192227964 ], [ 67.058289687522745, 24.810209877599085 ], [ 67.058201965094838, 24.81011839601528 ] ] ] } },
{ "type": "Feature", "id": 99, "properties": { "FID": 99, "class": "Defence_SpatialJoin", "SolarPV_Area(sqm)": 30.326195285699999, "Rooftop_Area(sqm)": 260.58902661399998 }, "geometry": { "type": "Polygon", "coordinates": [ [ [ 67.057380463825353, 24.806290177432569 ], [ 67.057462459062961, 24.806226997194884 ], [ 67.057606177977377, 24.806382283061946 ], [ 67.057559635526005, 24.806418107500303 ], [ 67.057576270738238, 24.806436085574681 ], [ 67.057540727685904, 24.806463513815899 ], [ 67.057380463825353, 24.806290177432569 ] ] ] } },
{ "type": "Feature", "id": 100, "properties": { "FID": 100, "class": "Defence_SpatialJoin", "SolarPV_Area(sqm)": 81.921912865500005, "Rooftop_Area(sqm)": 326.56313458 }, "geometry": { "type": "Polygon", "coordinates": [ [ [ 67.059094645500039, 24.804147341841052 ], [ 67.059219183701259, 24.804049481952486 ], [ 67.059349497690931, 24.804177779276252 ], [ 67.059224958968997, 24.804275553983278 ], [ 67.059094645500039, 24.804147341841052 ] ] ] } },
{ "type": "Feature", "id": 101, "properties": { "FID": 101, "class": "Defence_SpatialJoin", "SolarPV_Area(sqm)": 0.0, "Rooftop_Area(sqm)": 314.305917357 }, "geometry": { "type": "Polygon", "coordinates": [ [ [ 67.066545199805503, 24.807486475378173 ], [ 67.066640649648448, 24.807412720249314 ], [ 67.066770916774757, 24.80755318713069 ], [ 67.066754190739644, 24.807566131296596 ], [ 67.066785916373689, 24.807600300000125 ], [ 67.066707192847431, 24.807661197236257 ], [ 67.066545199805503, 24.807486475378173 ] ] ] } },
{ "type": "Feature", "id": 102, "properties": { "FID": 102, "class": "Defence_SpatialJoin", "SolarPV_Area(sqm)": 0.0, "Rooftop_Area(sqm)": 299.770394044 }, "geometry": { "type": "Polygon", "coordinates": [ [ [ 67.061243900235709, 24.806364375452674 ], [ 67.061348712604357, 24.80627581115608 ], [ 67.06148606999713, 24.806411183492859 ], [ 67.061381257006772, 24.806499833116419 ], [ 67.061243900235709, 24.806364375452674 ] ] ] } },
{ "type": "Feature", "id": 103, "properties": { "FID": 103, "class": "Defence_SpatialJoin", "SolarPV_Area(sqm)": 0.0, "Rooftop_Area(sqm)": 180.401178805 }, "geometry": { "type": "Polygon", "coordinates": [ [ [ 67.064806730537043, 24.800137118694135 ], [ 67.064929452444986, 24.800038269502441 ], [ 67.064962269291826, 24.800072271964495 ], [ 67.064910635741384, 24.800113862703842 ], [ 67.064975268810514, 24.800180681582024 ], [ 67.064904181382133, 24.800237940141237 ], [ 67.064806730537043, 24.800137118694135 ] ] ] } },
{ "type": "Feature", "id": 104, "properties": { "FID": 104, "class": "Defence_SpatialJoin", "SolarPV_Area(sqm)": 36.325005609100003, "Rooftop_Area(sqm)": 309.49372434600002 }, "geometry": { "type": "Polygon", "coordinates": [ [ [ 67.061937593116326, 24.802667993231744 ], [ 67.062039497153108, 24.802587076239607 ], [ 67.062196035361396, 24.802751433029211 ], [ 67.062157946374853, 24.80278161501014 ], [ 67.062139401296974, 24.802762132661989 ], [ 67.062075586702704, 24.802812782532452 ], [ 67.061937593116326, 24.802667993231744 ] ] ] } },
{ "type": "Feature", "id": 105, "properties": { "FID": 105, "class": "Defence_SpatialJoin", "SolarPV_Area(sqm)": 0.0, "Rooftop_Area(sqm)": 260.94189841600002 }, "geometry": { "type": "Polygon", "coordinates": [ [ [ 67.06554978819743, 24.801526809013595 ], [ 67.065631148398424, 24.801460352467338 ], [ 67.065784778109602, 24.801616802613019 ], [ 67.06570341821714, 24.801683345419853 ], [ 67.06554978819743, 24.801526809013595 ] ] ] } },
{ "type": "Feature", "id": 106, "properties": { "FID": 106, "class": "Defence_SpatialJoin", "SolarPV_Area(sqm)": 72.969943064199995, "Rooftop_Area(sqm)": 468.791271725 }, "geometry": { "type": "Polygon", "coordinates": [ [ [ 67.064877272944614, 24.801738080002789 ], [ 67.065019099078086, 24.801604758001009 ], [ 67.065170896022536, 24.801747274026258 ], [ 67.065132261929591, 24.801778566825494 ], [ 67.065122898786967, 24.801768939446777 ], [ 67.0650732641475, 24.801809227734246 ], [ 67.06510235428955, 24.801839126314441 ], [ 67.065042174887154, 24.801887971304097 ], [ 67.065022448871801, 24.801867700150325 ], [ 67.065011812125491, 24.801876327344317 ], [ 67.064877272944614, 24.801738080002789 ] ] ] } },
{ "type": "Feature", "id": 107, "properties": { "FID": 107, "class": "Defence_SpatialJoin", "SolarPV_Area(sqm)": 132.48064070300001, "Rooftop_Area(sqm)": 545.76194266699997 }, "geometry": { "type": "Polygon", "coordinates": [ [ [ 67.059628537887974, 24.803066913463901 ], [ 67.059713795240967, 24.802998405717151 ], [ 67.059745429728537, 24.803031278070723 ], [ 67.059826062141582, 24.802966676826504 ], [ 67.059886149656975, 24.803029089676173 ], [ 67.059864696373126, 24.803046313785298 ], [ 67.059944147055205, 24.803128939487014 ], [ 67.059865878298154, 24.803191699724241 ], [ 67.059851389720734, 24.803199361428941 ], [ 67.059770757502463, 24.803264048832336 ], [ 67.059683887824463, 24.803151001886338 ], [ 67.059698352096291, 24.80313944017259 ], [ 67.059628537887974, 24.803066913463901 ] ] ] } },
{ "type": "Feature", "id": 108, "properties": { "FID": 108, "class": "Defence_SpatialJoin", "SolarPV_Area(sqm)": 0.0, "Rooftop_Area(sqm)": 293.13371560299998 }, "geometry": { "type": "Polygon", "coordinates": [ [ [ 67.06493654281374, 24.80787811583054 ], [ 67.065026720914247, 24.80780633241303 ], [ 67.065181896147649, 24.80796867587172 ], [ 67.065091627516082, 24.808040443778701 ], [ 67.06493654281374, 24.80787811583054 ] ] ] } },
{ "type": "Feature", "id": 109, "properties": { "FID": 109, "class": "Defence_SpatialJoin", "SolarPV_Area(sqm)": 0.0, "Rooftop_Area(sqm)": 280.09287315300003 }, "geometry": { "type": "Polygon", "coordinates": [ [ [ 67.065548788967646, 24.807391458655253 ], [ 67.06563842096385, 24.807319501073472 ], [ 67.0657876869804, 24.807474481255351 ], [ 67.065697963421385, 24.807546424165707 ], [ 67.065548788967646, 24.807391458655253 ] ] ] } },
{ "type": "Feature", "id": 110, "properties": { "FID": 110, "class": "Defence_SpatialJoin", "SolarPV_Area(sqm)": 0.0, "Rooftop_Area(sqm)": 210.86767943199999 }, "geometry": { "type": "Polygon", "coordinates": [ [ [ 67.056494057092351, 24.80807203236812 ], [ 67.056572688842266, 24.808012156354245 ], [ 67.056699772966653, 24.808151344501312 ], [ 67.056621140720466, 24.808211135291522 ], [ 67.056494057092351, 24.80807203236812 ] ] ] } },
{ "type": "Feature", "id": 111, "properties": { "FID": 111, "class": "Defence_SpatialJoin", "SolarPV_Area(sqm)": 103.556856513, "Rooftop_Area(sqm)": 442.09282277199998 }, "geometry": { "type": "Polygon", "coordinates": [ [ [ 67.067019360869537, 24.803119275413877 ], [ 67.067118811156405, 24.803038042033638 ], [ 67.067331620578003, 24.80325530435757 ], [ 67.067232169733629, 24.803336452586208 ], [ 67.067019360869537, 24.803119275413877 ] ] ] } },
{ "type": "Feature", "id": 112, "properties": { "FID": 112, "class": "Defence_SpatialJoin", "SolarPV_Area(sqm)": 0.0, "Rooftop_Area(sqm)": 271.68942235600002 }, "geometry": { "type": "Polygon", "coordinates": [ [ [ 67.067483340939603, 24.80847491542918 ], [ 67.067571428176748, 24.808402621933602 ], [ 67.06771923989858, 24.808552581572815 ], [ 67.067631152588589, 24.808624875151732 ], [ 67.067483340939603, 24.80847491542918 ] ] ] } },
{ "type": "Feature", "id": 113, "properties": { "FID": 113, "class": "Defence_SpatialJoin", "SolarPV_Area(sqm)": 0.0, "Rooftop_Area(sqm)": 276.6696347 }, "geometry": { "type": "Polygon", "coordinates": [ [ [ 67.067490993100819, 24.808463661586917 ], [ 67.067579080267464, 24.8083913689781 ], [ 67.06771923989858, 24.808552581572815 ], [ 67.067631152588589, 24.808624875151732 ], [ 67.067490993100819, 24.808463661586917 ] ] ] } },
{ "type": "Feature", "id": 114, "properties": { "FID": 114, "class": "Defence_SpatialJoin", "SolarPV_Area(sqm)": 0.0, "Rooftop_Area(sqm)": 322.31043788800002 }, "geometry": { "type": "Polygon", "coordinates": [ [ [ 67.065630239087298, 24.801993149406933 ], [ 67.065718962706569, 24.801921725950688 ], [ 67.065892500189378, 24.802101638576818 ], [ 67.065803777079807, 24.802172976001923 ], [ 67.065630239087298, 24.801993149406933 ] ] ] } },
{ "type": "Feature", "id": 115, "properties": { "FID": 115, "class": "Defence_SpatialJoin", "SolarPV_Area(sqm)": 0.0, "Rooftop_Area(sqm)": 276.11299929400002 }, "geometry": { "type": "Polygon", "coordinates": [ [ [ 67.057816530964999, 24.808743461326575 ], [ 67.057965340859994, 24.808624481082948 ], [ 67.058058972676349, 24.808722128190119 ], [ 67.05794070624782, 24.808816720422623 ], [ 67.057916071004726, 24.808791042425781 ], [ 67.057885617531454, 24.80881535994336 ], [ 67.057816530964999, 24.808743461326575 ] ] ] } },
{ "type": "Feature", "id": 116, "properties": { "FID": 116, "class": "Defence_SpatialJoin", "SolarPV_Area(sqm)": 41.496599253900001, "Rooftop_Area(sqm)": 273.55460012100002 }, "geometry": { "type": "Polygon", "coordinates": [ [ [ 67.058207296988428, 24.807947626651011 ], [ 67.058306777394549, 24.807867420520292 ], [ 67.058453133664258, 24.808012962051212 ], [ 67.058404409114473, 24.808053732882271 ], [ 67.058379500482701, 24.80802903659087 ], [ 67.058328835977832, 24.808068487630667 ], [ 67.058207296988428, 24.807947626651011 ] ] ] } },
{ "type": "Feature", "id": 117, "properties": { "FID": 117, "class": "Defence_SpatialJoin", "SolarPV_Area(sqm)": 0.0, "Rooftop_Area(sqm)": 105.533032406 }, "geometry": { "type": "Polygon", "coordinates": [ [ [ 67.062085676510364, 24.807791428002496 ], [ 67.06218367246305, 24.807714926876901 ], [ 67.062234942346365, 24.807769680483027 ], [ 67.062136946908865, 24.80784609640644 ], [ 67.062085676510364, 24.807791428002496 ] ] ] } },
{ "type": "Feature", "id": 118, "properties": { "FID": 118, "class": "Defence_SpatialJoin", "SolarPV_Area(sqm)": 0.0, "Rooftop_Area(sqm)": 275.695182483 }, "geometry": { "type": "Polygon", "coordinates": [ [ [ 67.061107542709337, 24.804752764628226 ], [ 67.061190902479169, 24.804685526100819 ], [ 67.061348894139087, 24.804848921567306 ], [ 67.061265443791569, 24.804916145472355 ], [ 67.061107542709337, 24.804752764628226 ] ] ] } },
{ "type": "Feature", "id": 119, "properties": { "FID": 119, "class": "Defence_SpatialJoin", "SolarPV_Area(sqm)": 66.6255062619, "Rooftop_Area(sqm)": 258.55730327700002 }, "geometry": { "type": "Polygon", "coordinates": [ [ [ 67.060701835687567, 24.804531156264872 ], [ 67.060786286570391, 24.804460931046968 ], [ 67.060918188254675, 24.80459328718878 ], [ 67.06089255345394, 24.804614537761697 ], [ 67.060914007540617, 24.804636112457064 ], [ 67.060855282985955, 24.804684931421537 ], [ 67.060701835687567, 24.804531156264872 ] ] ] } },
{ "type": "Feature", "id": 120, "properties": { "FID": 120, "class": "Defence_SpatialJoin", "SolarPV_Area(sqm)": 0.0, "Rooftop_Area(sqm)": 153.033593091 }, "geometry": { "type": "Polygon", "coordinates": [ [ [ 67.062070223049176, 24.804428912946342 ], [ 67.062122129922642, 24.804387369740748 ], [ 67.062150491356704, 24.804416895221824 ], [ 67.062183217181996, 24.80439071969603 ], [ 67.06225221390774, 24.804462430120257 ], [ 67.062167581598828, 24.804530234183503 ], [ 67.062070223049176, 24.804428912946342 ] ] ] } },
{ "type": "Feature", "id": 121, "properties": { "FID": 121, "class": "Defence_SpatialJoin", "SolarPV_Area(sqm)": 0.0, "Rooftop_Area(sqm)": 279.47521358400002 }, "geometry": { "type": "Polygon", "coordinates": [ [ [ 67.065454701844686, 24.80747150001659 ], [ 67.065538061325498, 24.807404257949738 ], [ 67.065703327153685, 24.807575062705951 ], [ 67.065641693584482, 24.807624697747823 ], [ 67.065622422042537, 24.807604841139096 ], [ 67.06560060407655, 24.807622349100782 ], [ 67.065454701844686, 24.80747150001659 ] ] ] } },
{ "type": "Feature", "id": 122, "properties": { "FID": 122, "class": "Defence_SpatialJoin", "SolarPV_Area(sqm)": 0.0, "Rooftop_Area(sqm)": 467.63903901700002 }, "geometry": { "type": "Polygon", "coordinates": [ [ [ 67.065628875781982, 24.806479502888021 ], [ 67.065873773795403, 24.806280699765392 ], [ 67.065938770966341, 24.806347406495178 ], [ 67.065844502238932, 24.806423916794227 ], [ 67.065887410358542, 24.806467920506389 ], [ 67.065736689403522, 24.806590199610994 ], [ 67.065628875781982, 24.806479502888021 ] ] ] } },
{ "type": "Feature", "id": 123, "properties": { "FID": 123, "class": "Defence_SpatialJoin", "SolarPV_Area(sqm)": 0.0, "Rooftop_Area(sqm)": 283.98869031100003 }, "geometry": { "type": "Polygon", "coordinates": [ [ [ 67.064720552957894, 24.808590745833889 ], [ 67.064808276586774, 24.808521217200664 ], [ 67.064962632540798, 24.808683598960936 ], [ 67.064874909808808, 24.808753127731361 ], [ 67.064720552957894, 24.808590745833889 ] ] ] } },
{ "type": "Feature", "id": 124, "properties": { "FID": 124, "class": "Defence_SpatialJoin", "SolarPV_Area(sqm)": 65.745573393399994, "Rooftop_Area(sqm)": 149.837629827 }, "geometry": { "type": "Polygon", "coordinates": [ [ [ 67.065546677546976, 24.801370970677748 ], [ 67.06561769418542, 24.801315547972415 ], [ 67.06564787497858, 24.801346134701912 ], [ 67.065675873407528, 24.801323127083784 ], [ 67.065728780756501, 24.801376001947432 ], [ 67.065629765647273, 24.801454432317808 ], [ 67.065546677546976, 24.801370970677748 ] ] ] } },
{ "type": "Feature", "id": 125, "properties": { "FID": 125, "class": "Defence_SpatialJoin", "SolarPV_Area(sqm)": 0.0, "Rooftop_Area(sqm)": 305.86554625799999 }, "geometry": { "type": "Polygon", "coordinates": [ [ [ 67.057396916802745, 24.809408351616536 ], [ 67.057575998002562, 24.809267933020791 ], [ 67.057664720692728, 24.809362139163216 ], [ 67.057512092983984, 24.809481783636151 ], [ 67.057462549614215, 24.809429102548204 ], [ 67.05743600552924, 24.809449862053064 ], [ 67.057396916802745, 24.809408351616536 ] ] ] } },
{ "type": "Feature", "id": 126, "properties": { "FID": 126, "class": "Defence_SpatialJoin", "SolarPV_Area(sqm)": 82.245807610900002, "Rooftop_Area(sqm)": 277.63162495300003 }, "geometry": { "type": "Polygon", "coordinates": [ [ [ 67.058171603200918, 24.807133423944816 ], [ 67.058205237492885, 24.807105602782709 ], [ 67.058178056550133, 24.807078317879014 ], [ 67.058231872084846, 24.807033667264658 ], [ 67.058394590804042, 24.807197229538183 ], [ 67.058307140904645, 24.80726970140033 ], [ 67.058171603200918, 24.807133423944816 ] ] ] } },
{ "type": "Feature", "id": 127, "properties": { "FID": 127, "class": "Defence_SpatialJoin", "SolarPV_Area(sqm)": 0.0, "Rooftop_Area(sqm)": 266.82970679 }, "geometry": { "type": "Polygon", "coordinates": [ [ [ 67.060138137205499, 24.807927968179246 ], [ 67.060306491932749, 24.807795810790829 ], [ 67.060382033306638, 24.80787592694227 ], [ 67.060213587997595, 24.808008069703071 ], [ 67.060138137205499, 24.807927968179246 ] ] ] } },
{ "type": "Feature", "id": 128, "properties": { "FID": 128, "class": "Defence_SpatialJoin", "SolarPV_Area(sqm)": 0.0, "Rooftop_Area(sqm)": 287.402301163 }, "geometry": { "type": "Polygon", "coordinates": [ [ [ 67.056770678203492, 24.80765054577239 ], [ 67.056932941916642, 24.807525531883865 ], [ 67.057020937675802, 24.807620731332104 ], [ 67.056876854154453, 24.807731756544005 ], [ 67.056842128667355, 24.807694111439005 ], [ 67.056823948328685, 24.807708101094164 ], [ 67.056770678203492, 24.80765054577239 ] ] ] } },
{ "type": "Feature", "id": 129, "properties": { "FID": 129, "class": "Defence_SpatialJoin", "SolarPV_Area(sqm)": 0.0, "Rooftop_Area(sqm)": 291.24209424100002 }, "geometry": { "type": "Polygon", "coordinates": [ [ [ 67.064354751970342, 24.808000314217562 ], [ 67.064438747209337, 24.807932663539908 ], [ 67.064604558186545, 24.808104070218022 ], [ 67.064520561885729, 24.808171720931533 ], [ 67.064354751970342, 24.808000314217562 ] ] ] } },
{ "type": "Feature", "id": 130, "properties": { "FID": 130, "class": "Defence_SpatialJoin", "SolarPV_Area(sqm)": 0.0, "Rooftop_Area(sqm)": 315.156445163 }, "geometry": { "type": "Polygon", "coordinates": [ [ [ 67.064818185183654, 24.808517857305127 ], [ 67.064914271161143, 24.808441813979226 ], [ 67.065070627965554, 24.808606654811868 ], [ 67.064974541460884, 24.808682612945642 ], [ 67.064818185183654, 24.808517857305127 ] ] ] } },
{ "type": "Feature", "id": 131, "properties": { "FID": 131, "class": "Defence_SpatialJoin", "SolarPV_Area(sqm)": 0.0, "Rooftop_Area(sqm)": 262.13769475700002 }, "geometry": { "type": "Polygon", "coordinates": [ [ [ 67.063003814289701, 24.801827957122217 ], [ 67.063084174489831, 24.801761598801576 ], [ 67.063248984434168, 24.801927799815243 ], [ 67.063199987189591, 24.801968274832767 ], [ 67.06317835204301, 24.801946500558529 ], [ 67.063146990055444, 24.801972383100207 ], [ 67.063003814289701, 24.801827957122217 ] ] ] } },
{ "type": "Feature", "id": 132, "properties": { "FID": 132, "class": "Defence_SpatialJoin", "SolarPV_Area(sqm)": 91.454671832299994, "Rooftop_Area(sqm)": 390.21937898499999 }, "geometry": { "type": "Polygon", "coordinates": [ [ [ 67.061661788536881, 24.806749211096879 ], [ 67.061874505116407, 24.806586682318198 ], [ 67.061961500845726, 24.806681547734662 ], [ 67.061748784085239, 24.806844077521301 ], [ 67.061661788536881, 24.806749211096879 ] ] ] } },
{ "type": "Feature", "id": 133, "properties": { "FID": 133, "class": "Defence_SpatialJoin", "SolarPV_Area(sqm)": 0.0, "Rooftop_Area(sqm)": 299.856781506 }, "geometry": { "type": "Polygon", "coordinates": [ [ [ 67.065437339024967, 24.802183501100263 ], [ 67.065529496643109, 24.802108174747069 ], [ 67.065683854036806, 24.802268160664617 ], [ 67.065591695355735, 24.802343487055822 ], [ 67.065437339024967, 24.802183501100263 ] ] ] } },
{ "type": "Feature", "id": 134, "properties": { "FID": 134, "class": "Defence_SpatialJoin", "SolarPV_Area(sqm)": 77.751021139299993, "Rooftop_Area(sqm)": 304.56811914899998 }, "geometry": { "type": "Polygon", "coordinates": [ [ [ 67.059419992094519, 24.807184684683609 ], [ 67.05960734595736, 24.807037559504462 ], [ 67.059684672171059, 24.807119805808238 ], [ 67.059497318159686, 24.80726693197208 ], [ 67.059419992094519, 24.807184684683609 ] ] ] } },
{ "type": "Feature", "id": 135, "properties": { "FID": 135, "class": "Defence_SpatialJoin", "SolarPV_Area(sqm)": 117.73695873699999, "Rooftop_Area(sqm)": 457.24266665599998 }, "geometry": { "type": "Polygon", "coordinates": [ [ [ 67.058296192925852, 24.805646148868135 ], [ 67.058425777355609, 24.805558750730579 ], [ 67.058462677929001, 24.805591934400486 ], [ 67.058522766244678, 24.805547782014251 ], [ 67.058547127987083, 24.80557546634531 ], [ 67.058528129140711, 24.805589409887087 ], [ 67.058598671039377, 24.805669575276848 ], [ 67.058572309227472, 24.805688997770751 ], [ 67.058559309651443, 24.805674168596575 ], [ 67.058518675014597, 24.805703938647419 ], [ 67.058554764593936, 24.805744879117672 ], [ 67.0584963128331, 24.805787842697441 ], [ 67.058473223442292, 24.805761645269225 ], [ 67.05842799814522, 24.805787011027391 ], [ 67.058296192925852, 24.805646148868135 ] ] ] } },
{ "type": "Feature", "id": 136, "properties": { "FID": 136, "class": "Defence_SpatialJoin", "SolarPV_Area(sqm)": 0.0, "Rooftop_Area(sqm)": 260.72712369800001 }, "geometry": { "type": "Polygon", "coordinates": [ [ [ 67.06449129048309, 24.80119593317308 ], [ 67.064573469272986, 24.801130207576701 ], [ 67.06472500726511, 24.80128803042232 ], [ 67.064642829380517, 24.801353756149474 ], [ 67.06449129048309, 24.80119593317308 ] ] ] } },
{ "type": "Feature", "id": 137, "properties": { "FID": 137, "class": "Defence_SpatialJoin", "SolarPV_Area(sqm)": 0.0, "Rooftop_Area(sqm)": 353.62536379199997 }, "geometry": { "type": "Polygon", "coordinates": [ [ [ 67.057566816771228, 24.80592916365628 ], [ 67.057731444432505, 24.805792563205202 ], [ 67.057834439025854, 24.805895991097177 ], [ 67.057669902694798, 24.806032607312275 ], [ 67.057566816771228, 24.80592916365628 ] ] ] } },
{ "type": "Feature", "id": 138, "properties": { "FID": 138, "class": "Defence_SpatialJoin", "SolarPV_Area(sqm)": 103.754360076, "Rooftop_Area(sqm)": 312.35218928199998 }, "geometry": { "type": "Polygon", "coordinates": [ [ [ 67.065156658410544, 24.80152017324103 ], [ 67.065250619737455, 24.801441516605298 ], [ 67.065408703997093, 24.801601418772083 ], [ 67.06531474198799, 24.80168016163185 ], [ 67.065156658410544, 24.80152017324103 ] ] ] } },
{ "type": "Feature", "id": 139, "properties": { "FID": 139, "class": "Defence_SpatialJoin", "SolarPV_Area(sqm)": 0.0, "Rooftop_Area(sqm)": 230.246755974 }, "geometry": { "type": "Polygon", "coordinates": [ [ [ 67.063612422449339, 24.801920302525158 ], [ 67.063672510393658, 24.801872554595352 ], [ 67.063809231570644, 24.802015854676558 ], [ 67.063722780561505, 24.802084480277522 ], [ 67.063617421960174, 24.801974093796758 ], [ 67.063643784523066, 24.801953130908629 ], [ 67.063612422449339, 24.801920302525158 ] ] ] } },
{ "type": "Feature", "id": 140, "properties": { "FID": 140, "class": "Defence_SpatialJoin", "SolarPV_Area(sqm)": 0.0, "Rooftop_Area(sqm)": 790.32132262599998 }, "geometry": { "type": "Polygon", "coordinates": [ [ [ 67.060858555028048, 24.802443847338953 ], [ 67.060988366567386, 24.80234478250237 ], [ 67.061276835635539, 24.802660200991074 ], [ 67.061147023411607, 24.802759180771449 ], [ 67.060858555028048, 24.802443847338953 ] ] ] } },
{ "type": "Feature", "id": 141, "properties": { "FID": 141, "class": "Defence_SpatialJoin", "SolarPV_Area(sqm)": 201.40459102899999, "Rooftop_Area(sqm)": 707.604029793 }, "geometry": { "type": "Polygon", "coordinates": [ [ [ 67.062926936806349, 24.805595443195848 ], [ 67.063127921026989, 24.805421364626504 ], [ 67.063267893099777, 24.805570538644002 ], [ 67.063209026044603, 24.80564482845994 ], [ 67.06313789944592, 24.805678890967972 ], [ 67.063191318848851, 24.805725187762498 ], [ 67.063103426963593, 24.805787289657378 ], [ 67.062926936806349, 24.805595443195848 ] ] ] } },
{ "type": "Feature", "id": 142, "properties": { "FID": 142, "class": "Defence_SpatialJoin", "SolarPV_Area(sqm)": 181.25152129200001, "Rooftop_Area(sqm)": 381.37390280099999 }, "geometry": { "type": "Polygon", "coordinates": [ [ [ 67.061779188094491, 24.801392950124356 ], [ 67.06186914132897, 24.801318222230595 ], [ 67.062066008666307, 24.801527804148801 ], [ 67.061976054514147, 24.80160236068858 ], [ 67.061779188094491, 24.801392950124356 ] ] ] } },
{ "type": "Feature", "id": 143, "properties": { "FID": 143, "class": "Defence_SpatialJoin", "SolarPV_Area(sqm)": 44.680344902400002, "Rooftop_Area(sqm)": 147.04111812799999 }, "geometry": { "type": "Polygon", "coordinates": [ [ [ 67.065320116589348, 24.808446407779535 ], [ 67.065387159364846, 24.808397609214236 ], [ 67.065496881746341, 24.808510665549697 ], [ 67.065429929428717, 24.808559478864456 ], [ 67.065320116589348, 24.808446407779535 ] ] ] } },
{ "type": "Feature", "id": 144, "properties": { "FID": 144, "class": "Defence_SpatialJoin", "SolarPV_Area(sqm)": 0.0, "Rooftop_Area(sqm)": 283.454654909 }, "geometry": { "type": "Polygon", "coordinates": [ [ [ 67.065973770083659, 24.809346239918813 ], [ 67.066062675159003, 24.809274679669446 ], [ 67.06621503163511, 24.809432551608587 ], [ 67.066126035539611, 24.809504011953472 ], [ 67.065973770083659, 24.809346239918813 ] ] ] } },
{ "type": "Feature", "id": 145, "properties": { "FID": 145, "class": "Defence_SpatialJoin", "SolarPV_Area(sqm)": 0.0, "Rooftop_Area(sqm)": 750.66682257800005 }, "geometry": { "type": "Polygon", "coordinates": [ [ [ 67.060158590113645, 24.802696635180158 ], [ 67.060204224906613, 24.802662969769514 ], [ 67.060185679960455, 24.802642034192885 ], [ 67.060280493582454, 24.802572025999421 ], [ 67.060263494282324, 24.802552792968378 ], [ 67.060358035029438, 24.802483082458505 ], [ 67.060530935548883, 24.802678193091047 ], [ 67.06029603802844, 24.802851677473253 ], [ 67.060257767432759, 24.80280859087603 ], [ 67.060286402035501, 24.802787396475861 ], [ 67.060267403384728, 24.802765960997018 ], [ 67.060284402250147, 24.802753403729128 ], [ 67.060251767959215, 24.802716523704834 ], [ 67.060206133525796, 24.802750275308373 ], [ 67.060158590113645, 24.802696635180158 ] ] ] } },
{ "type": "Feature", "id": 146, "properties": { "FID": 146, "class": "Defence_SpatialJoin", "SolarPV_Area(sqm)": 0.0, "Rooftop_Area(sqm)": 298.876516815 }, "geometry": { "type": "Polygon", "coordinates": [ [ [ 67.065802595906348, 24.808591211565993 ], [ 67.065889955103572, 24.808524785131944 ], [ 67.066052039009378, 24.808702598308773 ], [ 67.065964769842793, 24.808768953352253 ], [ 67.065802595906348, 24.808591211565993 ] ] ] } },
{ "type": "Feature", "id": 147, "properties": { "FID": 147, "class": "Defence_SpatialJoin", "SolarPV_Area(sqm)": 200.955644533, "Rooftop_Area(sqm)": 375.233044479 }, "geometry": { "type": "Polygon", "coordinates": [ [ [ 67.062287278096264, 24.802195435135648 ], [ 67.062468630197685, 24.802045298429903 ], [ 67.062553481843224, 24.802154171504132 ], [ 67.06238408787452, 24.802306331646033 ], [ 67.062287278096264, 24.802195435135648 ] ] ] } },
{ "type": "Feature", "id": 148, "properties": { "FID": 148, "class": "Defence_SpatialJoin", "SolarPV_Area(sqm)": 0.0, "Rooftop_Area(sqm)": 260.58843264900003 }, "geometry": { "type": "Polygon", "coordinates": [ [ [ 67.064526380317631, 24.802335750646012 ], [ 67.064613012181823, 24.802266556172142 ], [ 67.064756641936853, 24.802416353495239 ], [ 67.064669918518433, 24.802485533291858 ], [ 67.064526380317631, 24.802335750646012 ] ] ] } },
{ "type": "Feature", "id": 149, "properties": { "FID": 149, "class": "Defence_SpatialJoin", "SolarPV_Area(sqm)": 0.0, "Rooftop_Area(sqm)": 280.89014723999998 }, "geometry": { "type": "Polygon", "coordinates": [ [ [ 67.056358136727056, 24.807969537947969 ], [ 67.056532461592553, 24.807839642496919 ], [ 67.056609730097023, 24.80792379782859 ], [ 67.056435313601966, 24.808053679494716 ], [ 67.056358136727056, 24.807969537947969 ] ] ] } },
{ "type": "Feature", "id": 150, "properties": { "FID": 150, "class": "Defence_SpatialJoin", "SolarPV_Area(sqm)": 66.535097459400006, "Rooftop_Area(sqm)": 266.823314407 }, "geometry": { "type": "Polygon", "coordinates": [ [ [ 67.064763086278205, 24.801302268106493 ], [ 67.06484563795054, 24.801228158012336 ], [ 67.065008358156106, 24.801386159278209 ], [ 67.064965905350277, 24.801422562347049 ], [ 67.064945451976399, 24.801402687667728 ], [ 67.064905261628809, 24.801440379126987 ], [ 67.064763086278205, 24.801302268106493 ] ] ] } },
{ "type": "Feature", "id": 151, "properties": { "FID": 151, "class": "Defence_SpatialJoin", "SolarPV_Area(sqm)": 0.0, "Rooftop_Area(sqm)": 297.50102133799999 }, "geometry": { "type": "Polygon", "coordinates": [ [ [ 67.062711919744217, 24.804483701113345 ], [ 67.062878093459886, 24.804348106621198 ], [ 67.062963816403879, 24.804435673016393 ], [ 67.062797642115854, 24.804571183207958 ], [ 67.062711919744217, 24.804483701113345 ] ] ] } },
{ "type": "Feature", "id": 152, "properties": { "FID": 152, "class": "Defence_SpatialJoin", "SolarPV_Area(sqm)": 103.201604592, "Rooftop_Area(sqm)": 325.73753741600001 }, "geometry": { "type": "Polygon", "coordinates": [ [ [ 67.057165350363221, 24.806468829481947 ], [ 67.057263165916495, 24.806398223469746 ], [ 67.057432667148547, 24.806568743616527 ], [ 67.057334852474355, 24.806639349784202 ], [ 67.057165350363221, 24.806468829481947 ] ] ] } },
{ "type": "Feature", "id": 153, "properties": { "FID": 153, "class": "Defence_SpatialJoin", "SolarPV_Area(sqm)": 51.7049548265, "Rooftop_Area(sqm)": 543.67678706599997 }, "geometry": { "type": "Polygon", "coordinates": [ [ [ 67.062517656005497, 24.800680754377229 ], [ 67.062625741670388, 24.800593737839712 ], [ 67.062833004784167, 24.800808485116828 ], [ 67.062844095269725, 24.800799589734599 ], [ 67.062871328701021, 24.800828161698064 ], [ 67.062740195489198, 24.800937437325846 ], [ 67.062661691085992, 24.80085573688034 ], [ 67.062690102413356, 24.800829128758661 ], [ 67.062634741147804, 24.800771751242333 ], [ 67.062618287711302, 24.80078499587119 ], [ 67.062517656005497, 24.800680754377229 ] ] ] } },
{ "type": "Feature", "id": 154, "properties": { "FID": 154, "class": "Defence_SpatialJoin", "SolarPV_Area(sqm)": 82.5869557555, "Rooftop_Area(sqm)": 463.57648930900001 }, "geometry": { "type": "Polygon", "coordinates": [ [ [ 67.06545369760498, 24.803510618912441 ], [ 67.065263812350011, 24.803286343374754 ], [ 67.065327434838025, 24.80324047700817 ], [ 67.065375159817037, 24.803205435925761 ], [ 67.065564130471401, 24.803414582623976 ], [ 67.06545369760498, 24.803510618912441 ] ] ] } },
{ "type": "Feature", "id": 155, "properties": { "FID": 155, "class": "Defence_SpatialJoin", "SolarPV_Area(sqm)": 0.0, "Rooftop_Area(sqm)": 266.02220005200002 }, "geometry": { "type": "Polygon", "coordinates": [ [ [ 67.063938043361588, 24.800743063941262 ], [ 67.064019039724556, 24.800678173943137 ], [ 67.064176032682411, 24.800841149176481 ], [ 67.064095127177723, 24.800906139244304 ], [ 67.063938043361588, 24.800743063941262 ] ] ] } },
{ "type": "Feature", "id": 156, "properties": { "FID": 156, "class": "Defence_SpatialJoin", "SolarPV_Area(sqm)": 97.340038027000006, "Rooftop_Area(sqm)": 376.39830442700003 }, "geometry": { "type": "Polygon", "coordinates": [ [ [ 67.065339806373416, 24.809281848652375 ], [ 67.065444702479155, 24.809194062084647 ], [ 67.065625149262388, 24.809381928086356 ], [ 67.065575605410032, 24.80942163120633 ], [ 67.065553333888317, 24.809398471314562 ], [ 67.065497981532545, 24.809446554875116 ], [ 67.065339806373416, 24.809281848652375 ] ] ] } },
{ "type": "Feature", "id": 157, "properties": { "FID": 157, "class": "Defence_SpatialJoin", "SolarPV_Area(sqm)": 0.0, "Rooftop_Area(sqm)": 241.87197578300001 }, "geometry": { "type": "Polygon", "coordinates": [ [ [ 67.056202346063941, 24.80807175417468 ], [ 67.056332905914687, 24.807961092129933 ], [ 67.056415628801744, 24.8080539036985 ], [ 67.056285068822916, 24.808164566705063 ], [ 67.056202346063941, 24.80807175417468 ] ] ] } },
{ "type": "Feature", "id": 158, "properties": { "FID": 158, "class": "Defence_SpatialJoin", "SolarPV_Area(sqm)": 0.0, "Rooftop_Area(sqm)": 320.43432162599998 }, "geometry": { "type": "Polygon", "coordinates": [ [ [ 67.060102684312653, 24.806472018363863 ], [ 67.060257222294226, 24.806338486314573 ], [ 67.060358853293565, 24.806436481118482 ], [ 67.060263040215645, 24.80651923018171 ], [ 67.060244222887732, 24.806501156421259 ], [ 67.060185498461649, 24.806551854270413 ], [ 67.06016104466039, 24.806528342142581 ], [ 67.060137137061687, 24.806548929947724 ], [ 67.060103139073476, 24.806516102642199 ], [ 67.060126956109826, 24.806495501030152 ], [ 67.060102684312653, 24.806472018363863 ] ] ] } },
{ "type": "Feature", "id": 159, "properties": { "FID": 159, "class": "Defence_SpatialJoin", "SolarPV_Area(sqm)": 0.0, "Rooftop_Area(sqm)": 307.91596889300001 }, "geometry": { "type": "Polygon", "coordinates": [ [ [ 67.060368398239149, 24.808229664877299 ], [ 67.060571570091639, 24.80806748247797 ], [ 67.060643929222891, 24.808143069425583 ], [ 67.060440757887534, 24.808305165789928 ], [ 67.060368398239149, 24.808229664877299 ] ] ] } },
{ "type": "Feature", "id": 160, "properties": { "FID": 160, "class": "Defence_SpatialJoin", "SolarPV_Area(sqm)": 0.0, "Rooftop_Area(sqm)": 256.00140513500003 }, "geometry": { "type": "Polygon", "coordinates": [ [ [ 67.066265302266444, 24.807368730017814 ], [ 67.066344480409001, 24.807306966968078 ], [ 67.06649820107225, 24.807471382011624 ], [ 67.066418932348341, 24.807533130433743 ], [ 67.066265302266444, 24.807368730017814 ] ] ] } },
{ "type": "Feature", "id": 161, "properties": { "FID": 161, "class": "Defence_SpatialJoin", "SolarPV_Area(sqm)": 231.170915036, "Rooftop_Area(sqm)": 577.07237921900003 }, "geometry": { "type": "Polygon", "coordinates": [ [ [ 67.064122728712164, 24.799587058603787 ], [ 67.064310117686475, 24.799439981675135 ], [ 67.064360660431348, 24.799495214830412 ], [ 67.064401567971672, 24.799463860401556 ], [ 67.06447825380674, 24.799548022555886 ], [ 67.064250048154747, 24.799726383548823 ], [ 67.064122728712164, 24.799587058603787 ] ] ] } },
{ "type": "Feature", "id": 162, "properties": { "FID": 162, "class": "Defence_SpatialJoin", "SolarPV_Area(sqm)": 0.0, "Rooftop_Area(sqm)": 297.87747647200001 }, "geometry": { "type": "Polygon", "coordinates": [ [ [ 67.063126370252405, 24.807795473241605 ], [ 67.063194200892212, 24.807733879086936 ], [ 67.063374795684354, 24.807926880319702 ], [ 67.063291510638351, 24.807999229820794 ], [ 67.063221349748147, 24.807926610849631 ], [ 67.063236803531595, 24.807915940822642 ], [ 67.063126370252405, 24.807795473241605 ] ] ] } },
{ "type": "Feature", "id": 163, "properties": { "FID": 163, "class": "Defence_SpatialJoin", "SolarPV_Area(sqm)": 69.395092226399996, "Rooftop_Area(sqm)": 493.90329676800002 }, "geometry": { "type": "Polygon", "coordinates": [ [ [ 67.063197896132593, 24.807665852726245 ], [ 67.063282346930819, 24.807605626140138 ], [ 67.063334162198188, 24.807666192970949 ], [ 67.063359070912597, 24.807648500421621 ], [ 67.063522532521176, 24.807851100895828 ], [ 67.06341326468322, 24.807929121097182 ], [ 67.063197896132593, 24.807665852726245 ] ] ] } },
{ "type": "Feature", "id": 164, "properties": { "FID": 164, "class": "Defence_SpatialJoin", "SolarPV_Area(sqm)": 36.546221875100002, "Rooftop_Area(sqm)": 296.65626497699998 }, "geometry": { "type": "Polygon", "coordinates": [ [ [ 67.066284301301479, 24.809101271595051 ], [ 67.066372206484274, 24.809032113296681 ], [ 67.06653301814562, 24.809202286029013 ], [ 67.066445113252968, 24.809271530596583 ], [ 67.066284301301479, 24.809101271595051 ] ] ] } },
{ "type": "Feature", "id": 165, "properties": { "FID": 165, "class": "Defence_SpatialJoin", "SolarPV_Area(sqm)": 0.0, "Rooftop_Area(sqm)": 257.40587687499999 }, "geometry": { "type": "Polygon", "coordinates": [ [ [ 67.059349995836527, 24.804357708259811 ], [ 67.059508534535382, 24.80423269314446 ], [ 67.059587075367972, 24.804313549155054 ], [ 67.059428536595235, 24.804438564348914 ], [ 67.059349995836527, 24.804357708259811 ] ] ] } },
{ "type": "Feature", "id": 166, "properties": { "FID": 166, "class": "Defence_SpatialJoin", "SolarPV_Area(sqm)": 140.64897327200001, "Rooftop_Area(sqm)": 352.69188660899999 }, "geometry": { "type": "Polygon", "coordinates": [ [ [ 67.062865380149304, 24.800579739681464 ], [ 67.062895092267169, 24.800552362679895 ], [ 67.06315753426847, 24.800578499824702 ], [ 67.063182648338852, 24.800603658474031 ], [ 67.063016852350543, 24.80073832580273 ], [ 67.062865380149304, 24.800579739681464 ] ] ] } },
{ "type": "Feature", "id": 167, "properties": { "FID": 167, "class": "Defence_SpatialJoin", "SolarPV_Area(sqm)": 0.0, "Rooftop_Area(sqm)": 485.71759632300001 }, "geometry": { "type": "Polygon", "coordinates": [ [ [ 67.059245091477749, 24.805189918683766 ], [ 67.059505169773857, 24.804975121477646 ], [ 67.059594710523299, 24.80506544142715 ], [ 67.059334724127211, 24.805280168309185 ], [ 67.059245091477749, 24.805189918683766 ] ] ] } },
{ "type": "Feature", "id": 168, "properties": { "FID": 168, "class": "Defence_SpatialJoin", "SolarPV_Area(sqm)": 0.0, "Rooftop_Area(sqm)": 223.142522824 }, "geometry": { "type": "Polygon", "coordinates": [ [ [ 67.065400886143493, 24.808384779781413 ], [ 67.065496154478851, 24.808308861064024 ], [ 67.065607968120716, 24.808425758093811 ], [ 67.065512699663643, 24.808501677772647 ], [ 67.065400886143493, 24.808384779781413 ] ] ] } },
{ "type": "Feature", "id": 169, "properties": { "FID": 169, "class": "Defence_SpatialJoin", "SolarPV_Area(sqm)": 123.26165509400001, "Rooftop_Area(sqm)": 285.22889063399998 }, "geometry": { "type": "Polygon", "coordinates": [ [ [ 67.060233423209212, 24.804597994274463 ], [ 67.060288311255178, 24.804555862576546 ], [ 67.060274493982774, 24.804541500543191 ], [ 67.06031276499148, 24.804510750081263 ], [ 67.060469120544255, 24.804672770935436 ], [ 67.060375961348981, 24.804745654076463 ], [ 67.060233423209212, 24.804597994274463 ] ] ] } },
{ "type": "Feature", "id": 170, "properties": { "FID": 170, "class": "Defence_SpatialJoin", "SolarPV_Area(sqm)": 0.0, "Rooftop_Area(sqm)": 247.74184263199999 }, "geometry": { "type": "Polygon", "coordinates": [ [ [ 67.05693457843563, 24.806385281568851 ], [ 67.057027573096065, 24.80631062799506 ], [ 67.057154930343884, 24.806442681526548 ], [ 67.057061935670589, 24.806517334280748 ], [ 67.05693457843563, 24.806385281568851 ] ] ] } },
{ "type": "Feature", "id": 171, "properties": { "FID": 171, "class": "Defence_SpatialJoin", "SolarPV_Area(sqm)": 22.307585559100001, "Rooftop_Area(sqm)": 298.7512148 }, "geometry": { "type": "Polygon", "coordinates": [ [ [ 67.060544844128557, 24.806552004561436 ], [ 67.060691927002438, 24.806426842338865 ], [ 67.060789558598387, 24.806522397507166 ], [ 67.060642475651846, 24.806647559823553 ], [ 67.060544844128557, 24.806552004561436 ] ] ] } },
{ "type": "Feature", "id": 172, "properties": { "FID": 172, "class": "Defence_SpatialJoin", "SolarPV_Area(sqm)": 111.291211021, "Rooftop_Area(sqm)": 243.98550199900001 }, "geometry": { "type": "Polygon", "coordinates": [ [ [ 67.06034966947432, 24.804518540589822 ], [ 67.060433990733344, 24.804448805905366 ], [ 67.060566905464313, 24.804592699895039 ], [ 67.060476612512502, 24.804660905872183 ], [ 67.06034966947432, 24.804518540589822 ] ] ] } },
{ "type": "Feature", "id": 173, "properties": { "FID": 173, "class": "Defence_SpatialJoin", "SolarPV_Area(sqm)": 54.526052292199999, "Rooftop_Area(sqm)": 412.426893237 }, "geometry": { "type": "Polygon", "coordinates": [ [ [ 67.059957871593284, 24.80276762825352 ], [ 67.060057321391568, 24.802686745182672 ], [ 67.060252222294665, 24.802893071486551 ], [ 67.060152772983216, 24.802973868551934 ], [ 67.059957871593284, 24.80276762825352 ] ] ] } },
{ "type": "Feature", "id": 174, "properties": { "FID": 174, "class": "Defence_SpatialJoin", "SolarPV_Area(sqm)": 82.235609922799995, "Rooftop_Area(sqm)": 365.59125159899997 }, "geometry": { "type": "Polygon", "coordinates": [ [ [ 67.060835475109343, 24.803226970483209 ], [ 67.060938369606021, 24.803140390316887 ], [ 67.061103383901866, 24.803314015160836 ], [ 67.061000489362968, 24.803400594540797 ], [ 67.060835475109343, 24.803226970483209 ] ] ] } },
{ "type": "Feature", "id": 175, "properties": { "FID": 175, "class": "Defence_SpatialJoin", "SolarPV_Area(sqm)": 0.0, "Rooftop_Area(sqm)": 271.75528605400001 }, "geometry": { "type": "Polygon", "coordinates": [ [ [ 67.066027585898155, 24.80847056194191 ], [ 67.066059130150038, 24.808445220909924 ], [ 67.066039493805661, 24.808424793774751 ], [ 67.066101491244694, 24.808375133152694 ], [ 67.066246848531549, 24.808526150327459 ], [ 67.066153216637233, 24.808601223540737 ], [ 67.066027585898155, 24.80847056194191 ] ] ] } },
{ "type": "Feature", "id": 176, "properties": { "FID": 176, "class": "Defence_SpatialJoin", "SolarPV_Area(sqm)": 88.671616106399995, "Rooftop_Area(sqm)": 575.8922201 }, "geometry": { "type": "Polygon", "coordinates": [ [ [ 67.06018078005981, 24.806178235719194 ], [ 67.06034349033078, 24.80604798688389 ], [ 67.060318127878233, 24.806021593757489 ], [ 67.060378852035029, 24.805972841585913 ], [ 67.060404304997547, 24.80599924940902 ], [ 67.06041857720983, 24.805987790497287 ], [ 67.060526472196727, 24.806102447028909 ], [ 67.060288674945042, 24.806292891517067 ], [ 67.06018078005981, 24.806178235719194 ] ] ] } },
{ "type": "Feature", "id": 177, "properties": { "FID": 177, "class": "Defence_SpatialJoin", "SolarPV_Area(sqm)": 0.0, "Rooftop_Area(sqm)": 889.97931135099998 }, "geometry": { "type": "Polygon", "coordinates": [ [ [ 67.062827459697303, 24.803754113578197 ], [ 67.062975997293421, 24.80363225486872 ], [ 67.063255720299381, 24.803929833802485 ], [ 67.063107182015628, 24.804051607487803 ], [ 67.062827459697303, 24.803754113578197 ] ] ] } },
{ "type": "Feature", "id": 178, "properties": { "FID": 178, "class": "Defence_SpatialJoin", "SolarPV_Area(sqm)": 0.0, "Rooftop_Area(sqm)": 279.02343294100001 }, "geometry": { "type": "Polygon", "coordinates": [ [ [ 67.065338716663049, 24.802263291157974 ], [ 67.065423271952852, 24.802191940750202 ], [ 67.065577629190869, 24.802351927665338 ], [ 67.065493164326625, 24.802423292859483 ], [ 67.065338716663049, 24.802263291157974 ] ] ] } },
{ "type": "Feature", "id": 179, "properties": { "FID": 179, "class": "Defence_SpatialJoin", "SolarPV_Area(sqm)": 154.90258588, "Rooftop_Area(sqm)": 327.86245305599999 }, "geometry": { "type": "Polygon", "coordinates": [ [ [ 67.061740483125448, 24.805430489030083 ], [ 67.061834689316328, 24.805356565911289 ], [ 67.06200758844669, 24.805528896544367 ], [ 67.061912104154473, 24.805600990621304 ], [ 67.061740483125448, 24.805430489030083 ] ] ] } },
{ "type": "Feature", "id": 180, "properties": { "FID": 180, "class": "Defence_SpatialJoin", "SolarPV_Area(sqm)": 0.0, "Rooftop_Area(sqm)": 647.554264289 }, "geometry": { "type": "Polygon", "coordinates": [ [ [ 67.059342086918733, 24.809183642806776 ], [ 67.05945726300412, 24.809093335773348 ], [ 67.059484534252192, 24.809122258855631 ], [ 67.059501805655842, 24.809108720192889 ], [ 67.059542712711647, 24.809152232710144 ], [ 67.059525531806258, 24.809165786084844 ], [ 67.059547712561582, 24.809189358264238 ], [ 67.059564984894664, 24.809175820541487 ], [ 67.059713885727817, 24.809333907958262 ], [ 67.0595814385306, 24.809437838239951 ], [ 67.059342086918733, 24.809183642806776 ] ] ] } },
{ "type": "Feature", "id": 181, "properties": { "FID": 181, "class": "Defence_SpatialJoin", "SolarPV_Area(sqm)": 73.593537222600006, "Rooftop_Area(sqm)": 285.23922659700003 }, "geometry": { "type": "Polygon", "coordinates": [ [ [ 67.063130990311805, 24.801391916695824 ], [ 67.063213532196031, 24.801322576536034 ], [ 67.063381093812524, 24.801486002844182 ], [ 67.063293710141508, 24.801553337173701 ], [ 67.063130990311805, 24.801391916695824 ] ] ] } },
{ "type": "Feature", "id": 182, "properties": { "FID": 182, "class": "Defence_SpatialJoin", "SolarPV_Area(sqm)": 0.0, "Rooftop_Area(sqm)": 261.78363619499999 }, "geometry": { "type": "Polygon", "coordinates": [ [ [ 67.067198171131267, 24.808361106366423 ], [ 67.06727725857948, 24.808297619262923 ], [ 67.067435342847361, 24.808461967831168 ], [ 67.067356255868376, 24.808525369779282 ], [ 67.067198171131267, 24.808361106366423 ] ] ] } },
{ "type": "Feature", "id": 183, "properties": { "FID": 183, "class": "Defence_SpatialJoin", "SolarPV_Area(sqm)": 128.89392987400001, "Rooftop_Area(sqm)": 315.407321916 }, "geometry": { "type": "Polygon", "coordinates": [ [ [ 67.060671292411996, 24.808528711898166 ], [ 67.060697109347345, 24.808507919100322 ], [ 67.06067311029021, 24.808483028457747 ], [ 67.060832829257279, 24.808354691172088 ], [ 67.060915088716797, 24.80844456733573 ], [ 67.060729552344782, 24.808593611330149 ], [ 67.060671292411996, 24.808528711898166 ] ] ] } },
{ "type": "Feature", "id": 184, "properties": { "FID": 184, "class": "Defence_SpatialJoin", "SolarPV_Area(sqm)": 244.83771468399999, "Rooftop_Area(sqm)": 899.39329864599995 }, "geometry": { "type": "Polygon", "coordinates": [ [ [ 67.06122235546205, 24.802281049982422 ], [ 67.061297352085262, 24.802220324578315 ], [ 67.061252172020659, 24.80217381684642 ], [ 67.061396073987794, 24.802057365513445 ], [ 67.061587246756559, 24.802254053052984 ], [ 67.061493432610149, 24.802330034673378 ], [ 67.061529886094121, 24.802367529468729 ], [ 67.061404800796581, 24.802468810986227 ], [ 67.06122235546205, 24.802281049982422 ] ] ] } },
{ "type": "Feature", "id": 185, "properties": { "FID": 185, "class": "Defence_SpatialJoin", "SolarPV_Area(sqm)": 44.886460150200001, "Rooftop_Area(sqm)": 326.74161096799997 }, "geometry": { "type": "Polygon", "coordinates": [ [ [ 67.063700872881327, 24.804645637926349 ], [ 67.063777050987426, 24.804581939882823 ], [ 67.063924182997667, 24.804725228209563 ], [ 67.063785190080083, 24.804841361558253 ], [ 67.063710962636705, 24.804770840698691 ], [ 67.06377377834832, 24.804718405549405 ], [ 67.063700872881327, 24.804645637926349 ] ] ] } },
{ "type": "Feature", "id": 186, "properties": { "FID": 186, "class": "Defence_SpatialJoin", "SolarPV_Area(sqm)": 133.217024173, "Rooftop_Area(sqm)": 393.26556418400003 }, "geometry": { "type": "Polygon", "coordinates": [ [ [ 67.062266369903469, 24.806213390610885 ], [ 67.062323119423155, 24.80616912994477 ], [ 67.062280576388957, 24.806123474691972 ], [ 67.062363117725127, 24.806059351034609 ], [ 67.062536381920225, 24.806245034166786 ], [ 67.062516110547563, 24.806260824719057 ], [ 67.062497202618133, 24.806240599533194 ], [ 67.06242256916579, 24.806298563264843 ], [ 67.06240502515972, 24.806279839724912 ], [ 67.062360637914338, 24.806314471616865 ], [ 67.062266369903469, 24.806213390610885 ] ] ] } },
{ "type": "Feature", "id": 187, "properties": { "FID": 187, "class": "Defence_SpatialJoin", "SolarPV_Area(sqm)": 0.0, "Rooftop_Area(sqm)": 230.644131278 }, "geometry": { "type": "Polygon", "coordinates": [ [ [ 67.055890726808812, 24.806744010845335 ], [ 67.056004902060124, 24.806656109578842 ], [ 67.056100897308497, 24.806759862744162 ], [ 67.055986721985334, 24.806847764078221 ], [ 67.055890726808812, 24.806744010845335 ] ] ] } },
{ "type": "Feature", "id": 188, "properties": { "FID": 188, "class": "Defence_SpatialJoin", "SolarPV_Area(sqm)": 0.0, "Rooftop_Area(sqm)": 201.22743383700001 }, "geometry": { "type": "Polygon", "coordinates": [ [ [ 67.056903853092621, 24.808537953492035 ], [ 67.057055390371886, 24.808422063844361 ], [ 67.057118386429437, 24.808490672800605 ], [ 67.056966849086535, 24.808606562506874 ], [ 67.056903853092621, 24.808537953492035 ] ] ] } },
{ "type": "Feature", "id": 189, "properties": { "FID": 189, "class": "Defence_SpatialJoin", "SolarPV_Area(sqm)": 95.773058165199998, "Rooftop_Area(sqm)": 376.52260834499998 }, "geometry": { "type": "Polygon", "coordinates": [ [ [ 67.058864602749551, 24.803563849483723 ], [ 67.058922744992401, 24.803521934331531 ], [ 67.059137551872169, 24.803746532225095 ], [ 67.059155187337936, 24.803732453781244 ], [ 67.059181822495802, 24.803760333891788 ], [ 67.059117280257794, 24.803811803062196 ], [ 67.05909055455416, 24.803783909128448 ], [ 67.059080372836632, 24.803792009918357 ], [ 67.05910709946113, 24.80381990480058 ], [ 67.059068282891417, 24.803850822333064 ], [ 67.058963833510234, 24.803741606093865 ], [ 67.059001595722407, 24.803707196648666 ], [ 67.058864602749551, 24.803563849483723 ] ] ] } },
{ "type": "Feature", "id": 190, "properties": { "FID": 190, "class": "Defence_SpatialJoin", "SolarPV_Area(sqm)": 116.33753370700001, "Rooftop_Area(sqm)": 285.39806424 }, "geometry": { "type": "Polygon", "coordinates": [ [ [ 67.0633116630557, 24.808313259816718 ], [ 67.063438248652886, 24.808209317459305 ], [ 67.063546425438659, 24.808318792096973 ], [ 67.063419749261826, 24.808422719836987 ], [ 67.0633116630557, 24.808313259816718 ] ] ] } },
{ "type": "Feature", "id": 191, "properties": { "FID": 191, "class": "Defence_SpatialJoin", "SolarPV_Area(sqm)": 53.8417694806, "Rooftop_Area(sqm)": 248.443814911 }, "geometry": { "type": "Polygon", "coordinates": [ [ [ 67.058112775479188, 24.808033101192876 ], [ 67.058154876366231, 24.807994620584299 ], [ 67.058139877153138, 24.807979554349341 ], [ 67.058189307118695, 24.807937965099494 ], [ 67.058297846730909, 24.80804587710896 ], [ 67.058290141933526, 24.808052574498266 ], [ 67.058318140154057, 24.808080503523556 ], [ 67.058234222930579, 24.808153947487991 ], [ 67.058112775479188, 24.808033101192876 ] ] ] } },
{ "type": "Feature", "id": 192, "properties": { "FID": 192, "class": "Defence_SpatialJoin", "SolarPV_Area(sqm)": 0.0, "Rooftop_Area(sqm)": 116.875927219 }, "geometry": { "type": "Polygon", "coordinates": [ [ [ 67.061650970690494, 24.807855790074459 ], [ 67.061761147352826, 24.807770399407389 ], [ 67.061811598807424, 24.80782467951888 ], [ 67.06170133215403, 24.807909970280964 ], [ 67.061650970690494, 24.807855790074459 ] ] ] } },
{ "type": "Feature", "id": 193, "properties": { "FID": 193, "class": "Defence_SpatialJoin", "SolarPV_Area(sqm)": 0.0, "Rooftop_Area(sqm)": 249.0381427 }, "geometry": { "type": "Polygon", "coordinates": [ [ [ 67.063854410578244, 24.802521631134542 ], [ 67.064003768068801, 24.802403661374395 ], [ 67.064083309455725, 24.802487497243 ], [ 67.0639338613924, 24.802605452373747 ], [ 67.063854410578244, 24.802521631134542 ] ] ] } },
{ "type": "Feature", "id": 194, "properties": { "FID": 194, "class": "Defence_SpatialJoin", "SolarPV_Area(sqm)": 0.0, "Rooftop_Area(sqm)": 247.38929088500001 }, "geometry": { "type": "Polygon", "coordinates": [ [ [ 67.060909734838432, 24.807571550047658 ], [ 67.061021637660346, 24.807479772246563 ], [ 67.061127541528592, 24.807587428668679 ], [ 67.061015638208005, 24.807679121260001 ], [ 67.060909734838432, 24.807571550047658 ] ] ] } },
{ "type": "Feature", "id": 195, "properties": { "FID": 195, "class": "Defence_SpatialJoin", "SolarPV_Area(sqm)": 0.0, "Rooftop_Area(sqm)": 213.54095828800001 }, "geometry": { "type": "Polygon", "coordinates": [ [ [ 67.063420067986712, 24.800258359891959 ], [ 67.063565333629086, 24.800140413155688 ], [ 67.063647420482326, 24.800224658520943 ], [ 67.063565969782019, 24.800290842504921 ], [ 67.063539152584568, 24.800263276548197 ], [ 67.063475338018876, 24.800315124651377 ], [ 67.063420067986712, 24.800258359891959 ] ] ] } },
{ "type": "Feature", "id": 196, "properties": { "FID": 196, "class": "Defence_SpatialJoin", "SolarPV_Area(sqm)": 0.0, "Rooftop_Area(sqm)": 183.437901904 }, "geometry": { "type": "Polygon", "coordinates": [ [ [ 67.057308285712395, 24.806986985488418 ], [ 67.057379917773588, 24.806929740506675 ], [ 67.057418097303255, 24.806969566065277 ], [ 67.057437922902793, 24.806958666336925 ], [ 67.057504646258252, 24.807028302565758 ], [ 67.057413007483859, 24.807096418808481 ], [ 67.057308285712395, 24.806986985488418 ] ] ] } },
{ "type": "Feature", "id": 197, "properties": { "FID": 197, "class": "Defence_SpatialJoin", "SolarPV_Area(sqm)": 162.052023389, "Rooftop_Area(sqm)": 514.04394967899998 }, "geometry": { "type": "Polygon", "coordinates": [ [ [ 67.063957224116251, 24.807546121340284 ], [ 67.064086582114513, 24.807442624162327 ], [ 67.064276511381678, 24.807640278274341 ], [ 67.064147245265318, 24.807743705130385 ], [ 67.063957224116251, 24.807546121340284 ] ] ] } },
{ "type": "Feature", "id": 198, "properties": { "FID": 198, "class": "Defence_SpatialJoin", "SolarPV_Area(sqm)": 157.68431278, "Rooftop_Area(sqm)": 284.31919407700002 }, "geometry": { "type": "Polygon", "coordinates": [ [ [ 67.057535091459755, 24.805217055759293 ], [ 67.057711990517831, 24.805070127303704 ], [ 67.057746807715503, 24.805105051304295 ], [ 67.057728172100653, 24.80512050667825 ], [ 67.057741625803516, 24.80513395557994 ], [ 67.057760169883124, 24.805118486338596 ], [ 67.057792207290106, 24.805160143799839 ], [ 67.057660759555091, 24.805269363110806 ], [ 67.057630158375161, 24.80523775352809 ], [ 67.057584796485415, 24.805275477407452 ], [ 67.057535091459755, 24.805217055759293 ] ] ] } },
{ "type": "Feature", "id": 199, "properties": { "FID": 199, "class": "Defence_SpatialJoin", "SolarPV_Area(sqm)": 100.18978016200001, "Rooftop_Area(sqm)": 572.13141076399995 }, "geometry": { "type": "Polygon", "coordinates": [ [ [ 67.055749433600852, 24.807321397156983 ], [ 67.055935451922252, 24.807179958261571 ], [ 67.056083807482054, 24.807339411762744 ], [ 67.055917543138776, 24.807468308709527 ], [ 67.055900998936053, 24.807450600984261 ], [ 67.055881244408468, 24.807463056921783 ], [ 67.055749433600852, 24.807321397156983 ] ] ] } },
{ "type": "Feature", "id": 200, "properties": { "FID": 200, "class": "Defence_SpatialJoin", "SolarPV_Area(sqm)": 0.0, "Rooftop_Area(sqm)": 213.193770196 }, "geometry": { "type": "Polygon", "coordinates": [ [ [ 67.058754026325659, 24.807581621148074 ], [ 67.058838295156406, 24.807513507819898 ], [ 67.058959288306198, 24.80763821094008 ], [ 67.058875020395902, 24.807706324385293 ], [ 67.058754026325659, 24.807581621148074 ] ] ] } },
{ "type": "Feature", "id": 201, "properties": { "FID": 201, "class": "Defence_SpatialJoin", "SolarPV_Area(sqm)": 0.0, "Rooftop_Area(sqm)": 270.16618277600003 }, "geometry": { "type": "Polygon", "coordinates": [ [ [ 67.057594361167972, 24.806701955865325 ], [ 67.057681356090157, 24.806634367632867 ], [ 67.057828984940798, 24.806792676898169 ], [ 67.057741989386045, 24.806860350442822 ], [ 67.057594361167972, 24.806701955865325 ] ] ] } },
{ "type": "Feature", "id": 202, "properties": { "FID": 202, "class": "Defence_SpatialJoin", "SolarPV_Area(sqm)": 0.0, "Rooftop_Area(sqm)": 269.18989146899997 }, "geometry": { "type": "Polygon", "coordinates": [ [ [ 67.065209258612285, 24.802691913696385 ], [ 67.065290618434133, 24.802623577222722 ], [ 67.065449520177268, 24.802781219409617 ], [ 67.065368159908701, 24.802849469786359 ], [ 67.065209258612285, 24.802691913696385 ] ] ] } },
{ "type": "Feature", "id": 203, "properties": { "FID": 203, "class": "Defence_SpatialJoin", "SolarPV_Area(sqm)": 0.0, "Rooftop_Area(sqm)": 420.27065770500002 }, "geometry": { "type": "Polygon", "coordinates": [ [ [ 67.066448385379289, 24.802778157992737 ], [ 67.066551835941212, 24.80269568903374 ], [ 67.066708828544165, 24.802859774705787 ], [ 67.066682557145455, 24.802880667691685 ], [ 67.06672419144212, 24.80292421076614 ], [ 67.066750554385152, 24.802903331633374 ], [ 67.066777189591591, 24.802931210646506 ], [ 67.066673738888909, 24.803013679752162 ], [ 67.066605378864054, 24.802942243819238 ], [ 67.066628104784499, 24.802924112646988 ], [ 67.066533473005549, 24.802825112344191 ], [ 67.066510746118198, 24.802843243450635 ], [ 67.066448385379289, 24.802778157992737 ] ] ] } },
{ "type": "Feature", "id": 204, "properties": { "FID": 204, "class": "Defence_SpatialJoin", "SolarPV_Area(sqm)": 124.58146235, "Rooftop_Area(sqm)": 625.64261841400003 }, "geometry": { "type": "Polygon", "coordinates": [ [ [ 67.060842094027038, 24.801962955334584 ], [ 67.060952014361249, 24.801873935617415 ], [ 67.061215033040682, 24.802138060656674 ], [ 67.061099122847111, 24.802238077260125 ], [ 67.060842094027038, 24.801962955334584 ] ] ] } },
{ "type": "Feature", "id": 205, "properties": { "FID": 205, "class": "Defence_SpatialJoin", "SolarPV_Area(sqm)": 0.0, "Rooftop_Area(sqm)": 457.86162365799998 }, "geometry": { "type": "Polygon", "coordinates": [ [ [ 67.059453172249519, 24.806851190779938 ], [ 67.059545713151039, 24.806780734741224 ], [ 67.059575620234796, 24.806813414528452 ], [ 67.059643526387077, 24.806761634171181 ], [ 67.059761519379265, 24.806890810137485 ], [ 67.059601164209226, 24.807012976192773 ], [ 67.059453172249519, 24.806851190779938 ] ] ] } },
{ "type": "Feature", "id": 206, "properties": { "FID": 206, "class": "Defence_SpatialJoin", "SolarPV_Area(sqm)": 14.7325553505, "Rooftop_Area(sqm)": 269.20827614799998 }, "geometry": { "type": "Polygon", "coordinates": [ [ [ 67.062730464185009, 24.805700483215812 ], [ 67.06284545807145, 24.805609626878312 ], [ 67.062885638101591, 24.805652080951198 ], [ 67.06290354626212, 24.805637874773193 ], [ 67.062930454413845, 24.805666225851361 ], [ 67.062912545873886, 24.805680345852075 ], [ 67.062952908307651, 24.805722915560533 ], [ 67.062838003866375, 24.805813786628025 ], [ 67.062730464185009, 24.805700483215812 ] ] ] } },
{ "type": "Feature", "id": 207, "properties": { "FID": 207, "class": "Defence_SpatialJoin", "SolarPV_Area(sqm)": 0.0, "Rooftop_Area(sqm)": 374.98518054200002 }, "geometry": { "type": "Polygon", "coordinates": [ [ [ 67.06512617107235, 24.804636025189119 ], [ 67.065187440641978, 24.804587271800941 ], [ 67.065226985215503, 24.804628682595304 ], [ 67.065258891945874, 24.804603314269173 ], [ 67.06527507363964, 24.804620194001728 ], [ 67.065283800161652, 24.804613224871915 ], [ 67.065420976260782, 24.804756598978479 ], [ 67.065319071748917, 24.80483777601134 ], [ 67.06512617107235, 24.804636025189119 ] ] ] } },
{ "type": "Feature", "id": 208, "properties": { "FID": 208, "class": "Defence_SpatialJoin", "SolarPV_Area(sqm)": 0.0, "Rooftop_Area(sqm)": 132.63679152500001 }, "geometry": { "type": "Polygon", "coordinates": [ [ [ 67.057657357628557, 24.806967116759658 ], [ 67.057691719651032, 24.806937960551611 ], [ 67.057805168023776, 24.807049483508163 ], [ 67.057833984429024, 24.807024987811413 ], [ 67.057873073475108, 24.80706342140294 ], [ 67.057809895014799, 24.807117073349243 ], [ 67.057657357628557, 24.806967116759658 ] ] ] } },
{ "type": "Feature", "id": 209, "properties": { "FID": 209, "class": "Defence_SpatialJoin", "SolarPV_Area(sqm)": 70.8117525129, "Rooftop_Area(sqm)": 460.16784391700003 }, "geometry": { "type": "Polygon", "coordinates": [ [ [ 67.056670229599533, 24.806876602804756 ], [ 67.05682958398927, 24.806743427747573 ], [ 67.056973485021032, 24.806887035883051 ], [ 67.056863309430199, 24.806978915835241 ], [ 67.05684612861279, 24.806961703706488 ], [ 67.056796768265755, 24.807002884251933 ], [ 67.056670229599533, 24.806876602804756 ] ] ] } },
{ "type": "Feature", "id": 210, "properties": { "FID": 210, "class": "Defence_SpatialJoin", "SolarPV_Area(sqm)": 0.0, "Rooftop_Area(sqm)": 202.01253186299999 }, "geometry": { "type": "Polygon", "coordinates": [ [ [ 67.064637284281545, 24.802255938317057 ], [ 67.064718644169844, 24.802190423033561 ], [ 67.064837456402969, 24.802313232318983 ], [ 67.064756187501558, 24.802378677133049 ], [ 67.064637284281545, 24.802255938317057 ] ] ] } },
{ "type": "Feature", "id": 211, "properties": { "FID": 211, "class": "Defence_SpatialJoin", "SolarPV_Area(sqm)": 0.0, "Rooftop_Area(sqm)": 288.24667305600002 }, "geometry": { "type": "Polygon", "coordinates": [ [ [ 67.060107592788512, 24.80378246960947 ], [ 67.060192315862338, 24.803715707436382 ], [ 67.060354490088145, 24.803887211389323 ], [ 67.060269675997318, 24.80395387365667 ], [ 67.060107592788512, 24.80378246960947 ] ] ] } },
{ "type": "Feature", "id": 212, "properties": { "FID": 212, "class": "Defence_SpatialJoin", "SolarPV_Area(sqm)": 0.0, "Rooftop_Area(sqm)": 219.44277073800001 }, "geometry": { "type": "Polygon", "coordinates": [ [ [ 67.062239759767337, 24.803983982190015 ], [ 67.062377026531053, 24.803871246847081 ], [ 67.062429205486211, 24.803924180905856 ], [ 67.062390025288451, 24.803956409266586 ], [ 67.062424206124959, 24.80399097435728 ], [ 67.062326119933971, 24.804071566692571 ], [ 67.062239759767337, 24.803983982190015 ] ] ] } },
{ "type": "Feature", "id": 213, "properties": { "FID": 213, "class": "Defence_SpatialJoin", "SolarPV_Area(sqm)": 0.0, "Rooftop_Area(sqm)": 169.51244413200001 }, "geometry": { "type": "Polygon", "coordinates": [ [ [ 67.055095953207129, 24.806850025221074 ], [ 67.055197948179952, 24.8067677668808 ], [ 67.05522794580618, 24.806798753228971 ], [ 67.055234854974699, 24.806793116511287 ], [ 67.055281215829524, 24.806841012049272 ], [ 67.055172313172292, 24.806928821978783 ], [ 67.055095953207129, 24.806850025221074 ] ] ] } },
{ "type": "Feature", "id": 214, "properties": { "FID": 214, "class": "Defence_SpatialJoin", "SolarPV_Area(sqm)": 0.0, "Rooftop_Area(sqm)": 113.41640071899999 }, "geometry": { "type": "Polygon", "coordinates": [ [ [ 67.061089725633153, 24.807514589858414 ], [ 67.06118199405843, 24.807437508043879 ], [ 67.061240990830527, 24.807496327413304 ], [ 67.061148722376217, 24.807573409263036 ], [ 67.061089725633153, 24.807514589858414 ] ] ] } },
{ "type": "Feature", "id": 215, "properties": { "FID": 215, "class": "Defence_SpatialJoin", "SolarPV_Area(sqm)": 65.415111942500005, "Rooftop_Area(sqm)": 267.69650270300002 }, "geometry": { "type": "Polygon", "coordinates": [ [ [ 67.060582999507716, 24.808397829697039 ], [ 67.060745652280829, 24.808258085834993 ], [ 67.060821011786842, 24.808338087150741 ], [ 67.060658359921845, 24.808477831143367 ], [ 67.060582999507716, 24.808397829697039 ] ] ] } },
{ "type": "Feature", "id": 216, "properties": { "FID": 216, "class": "Defence_SpatialJoin", "SolarPV_Area(sqm)": 0.0, "Rooftop_Area(sqm)": 273.67501605899997 }, "geometry": { "type": "Polygon", "coordinates": [ [ [ 67.059667160622425, 24.80411920812497 ], [ 67.05972243067454, 24.804075302947613 ], [ 67.059893421886599, 24.804254296783942 ], [ 67.059810608648618, 24.804320169859825 ], [ 67.059679433456282, 24.804182887749775 ], [ 67.059706977485419, 24.804160920880125 ], [ 67.059667160622425, 24.80411920812497 ] ] ] } },
{ "type": "Feature", "id": 217, "properties": { "FID": 217, "class": "Defence_SpatialJoin", "SolarPV_Area(sqm)": 0.0, "Rooftop_Area(sqm)": 154.469565644 }, "geometry": { "type": "Polygon", "coordinates": [ [ [ 67.060838556007852, 24.806712322649208 ], [ 67.060936460526207, 24.806636320077054 ], [ 67.061011456487634, 24.806716860834097 ], [ 67.060913552901852, 24.806792863504054 ], [ 67.060838556007852, 24.806712322649208 ] ] ] } },
{ "type": "Feature", "id": 218, "properties": { "FID": 218, "class": "Defence_SpatialJoin", "SolarPV_Area(sqm)": 45.132139561899997, "Rooftop_Area(sqm)": 244.866235923 }, "geometry": { "type": "Polygon", "coordinates": [ [ [ 67.056096624311081, 24.807685698780965 ], [ 67.056267706310678, 24.807559800065022 ], [ 67.056304976326075, 24.807602042693304 ], [ 67.056283795753998, 24.807617599600977 ], [ 67.05631815786225, 24.807656552773974 ], [ 67.056168166401463, 24.807766794709707 ], [ 67.056096624311081, 24.807685698780965 ] ] ] } },
{ "type": "Feature", "id": 219, "properties": { "FID": 219, "class": "Defence_SpatialJoin", "SolarPV_Area(sqm)": 64.419209124800005, "Rooftop_Area(sqm)": 271.45785446299999 }, "geometry": { "type": "Polygon", "coordinates": [ [ [ 67.059355631976445, 24.806964082584241 ], [ 67.059459171380311, 24.806888819332183 ], [ 67.059582256586268, 24.807029925960659 ], [ 67.059478716107662, 24.80710518923615 ], [ 67.059355631976445, 24.806964082584241 ] ] ] } },
{ "type": "Feature", "id": 220, "properties": { "FID": 220, "class": "Defence_SpatialJoin", "SolarPV_Area(sqm)": 0.0, "Rooftop_Area(sqm)": 183.297184835 }, "geometry": { "type": "Polygon", "coordinates": [ [ [ 67.064062492423957, 24.801858649645514 ], [ 67.064146215943211, 24.801794883556386 ], [ 67.064249938391342, 24.801908424156487 ], [ 67.064166214756298, 24.801972191193208 ], [ 67.064062492423957, 24.801858649645514 ] ] ] } },
{ "type": "Feature", "id": 221, "properties": { "FID": 221, "class": "Defence_SpatialJoin", "SolarPV_Area(sqm)": 0.0, "Rooftop_Area(sqm)": 520.13539037299995 }, "geometry": { "type": "Polygon", "coordinates": [ [ [ 67.067517249130162, 24.803171888612091 ], [ 67.067715239999799, 24.803001923998501 ], [ 67.067841598444105, 24.803124495197622 ], [ 67.067643607451288, 24.80329445997544 ], [ 67.067517249130162, 24.803171888612091 ] ] ] } },
{ "type": "Feature", "id": 222, "properties": { "FID": 222, "class": "Defence_SpatialJoin", "SolarPV_Area(sqm)": 0.0, "Rooftop_Area(sqm)": 256.66135875399999 }, "geometry": { "type": "Polygon", "coordinates": [ [ [ 67.062209761613929, 24.804202284254121 ], [ 67.062292939295389, 24.804136552859855 ], [ 67.062440022981932, 24.80429169476232 ], [ 67.062356845224897, 24.804357426233139 ], [ 67.062209761613929, 24.804202284254121 ] ] ] } },
{ "type": "Feature", "id": 223, "properties": { "FID": 223, "class": "Defence_SpatialJoin", "SolarPV_Area(sqm)": 95.812096641699995, "Rooftop_Area(sqm)": 352.76924294899999 }, "geometry": { "type": "Polygon", "coordinates": [ [ [ 67.060580023419874, 24.808062435937678 ], [ 67.060784195081737, 24.807898790664733 ], [ 67.060864890262138, 24.807986130365052 ], [ 67.060660719100525, 24.808149689612957 ], [ 67.060580023419874, 24.808062435937678 ] ] ] } },
{ "type": "Feature", "id": 224, "properties": { "FID": 224, "class": "Defence_SpatialJoin", "SolarPV_Area(sqm)": 53.552792790700003, "Rooftop_Area(sqm)": 321.92036683800001 }, "geometry": { "type": "Polygon", "coordinates": [ [ [ 67.065089839874489, 24.808627534174946 ], [ 67.065193349729782, 24.808545843171434 ], [ 67.065340343193938, 24.808703363801914 ], [ 67.065236833242025, 24.80878505490011 ], [ 67.065089839874489, 24.808627534174946 ] ] ] } },
{ "type": "Feature", "id": 225, "properties": { "FID": 225, "class": "Defence_SpatialJoin", "SolarPV_Area(sqm)": 0.0, "Rooftop_Area(sqm)": 160.98681888799999 }, "geometry": { "type": "Polygon", "coordinates": [ [ [ 67.057026573327065, 24.807221016701497 ], [ 67.057101569507751, 24.807159784615155 ], [ 67.057204381497343, 24.807264636632251 ], [ 67.057129476753502, 24.807325883528748 ], [ 67.057026573327065, 24.807221016701497 ] ] ] } },
{ "type": "Feature", "id": 226, "properties": { "FID": 226, "class": "Defence_SpatialJoin", "SolarPV_Area(sqm)": 0.0, "Rooftop_Area(sqm)": 328.87472124099997 }, "geometry": { "type": "Polygon", "coordinates": [ [ [ 67.065875137339845, 24.809430932791766 ], [ 67.065973769416374, 24.809352051240477 ], [ 67.066133035821565, 24.809517959526847 ], [ 67.06603449421327, 24.809596854986534 ], [ 67.065875137339845, 24.809430932791766 ] ] ] } },
{ "type": "Feature", "id": 227, "properties": { "FID": 227, "class": "Defence_SpatialJoin", "SolarPV_Area(sqm)": 83.442395623099998, "Rooftop_Area(sqm)": 299.14471213600001 }, "geometry": { "type": "Polygon", "coordinates": [ [ [ 67.058647395912445, 24.806352976837079 ], [ 67.058821386986452, 24.806222157032462 ], [ 67.058901440537383, 24.806313132011756 ], [ 67.058727358255851, 24.806444023319926 ], [ 67.058647395912445, 24.806352976837079 ] ] ] } },
{ "type": "Feature", "id": 228, "properties": { "FID": 228, "class": "Defence_SpatialJoin", "SolarPV_Area(sqm)": 0.0, "Rooftop_Area(sqm)": 100.034640835 }, "geometry": { "type": "Polygon", "coordinates": [ [ [ 67.061609881720074, 24.808075292599703 ], [ 67.061703786264616, 24.808000440182681 ], [ 67.06175460220949, 24.808053667282135 ], [ 67.061660788628842, 24.808128450096362 ], [ 67.061609881720074, 24.808075292599703 ] ] ] } },
{ "type": "Feature", "id": 229, "properties": { "FID": 229, "class": "Defence_SpatialJoin", "SolarPV_Area(sqm)": 0.0, "Rooftop_Area(sqm)": 292.699033633 }, "geometry": { "type": "Polygon", "coordinates": [ [ [ 67.060504664267398, 24.808276413089203 ], [ 67.060670200714227, 24.808148158750996 ], [ 67.060754287490056, 24.808238454762598 ], [ 67.060588750405046, 24.808366794420085 ], [ 67.060504664267398, 24.808276413089203 ] ] ] } },
{ "type": "Feature", "id": 230, "properties": { "FID": 230, "class": "Defence_SpatialJoin", "SolarPV_Area(sqm)": 0.0, "Rooftop_Area(sqm)": 115.22546584600001 }, "geometry": { "type": "Polygon", "coordinates": [ [ [ 67.066637922296721, 24.803976967343093 ], [ 67.066677102654637, 24.803945505894667 ], [ 67.066817551171127, 24.804091371741109 ], [ 67.066778370780511, 24.804122833224309 ], [ 67.066637922296721, 24.803976967343093 ] ] ] } },
{ "type": "Feature", "id": 231, "properties": { "FID": 231, "class": "Defence_SpatialJoin", "SolarPV_Area(sqm)": 0.0, "Rooftop_Area(sqm)": 224.13604326500001 }, "geometry": { "type": "Polygon", "coordinates": [ [ [ 67.063776596692662, 24.802115884845254 ], [ 67.063847410896159, 24.80205909720318 ], [ 67.063998676544614, 24.802216193711207 ], [ 67.063927952833964, 24.802272995230148 ], [ 67.063776596692662, 24.802115884845254 ] ] ] } },
{ "type": "Feature", "id": 232, "properties": { "FID": 232, "class": "Defence_SpatialJoin", "SolarPV_Area(sqm)": 0.0, "Rooftop_Area(sqm)": 291.33032079700001 }, "geometry": { "type": "Polygon", "coordinates": [ [ [ 67.066341480991809, 24.807638416048523 ], [ 67.066429931804848, 24.80757011324685 ], [ 67.066586470265364, 24.807738913129196 ], [ 67.066498019362172, 24.807807216016375 ], [ 67.066341480991809, 24.807638416048523 ] ] ] } },
{ "type": "Feature", "id": 233, "properties": { "FID": 233, "class": "Defence_SpatialJoin", "SolarPV_Area(sqm)": 76.256376953300006, "Rooftop_Area(sqm)": 349.225706753 }, "geometry": { "type": "Polygon", "coordinates": [ [ [ 67.061743152563096, 24.803708836297517 ], [ 67.061835688624043, 24.80363145992078 ], [ 67.062014953013133, 24.80381349446726 ], [ 67.061922507360379, 24.803890885655829 ], [ 67.061743152563096, 24.803708836297517 ] ] ] } },
{ "type": "Feature", "id": 234, "properties": { "FID": 234, "class": "Defence_SpatialJoin", "SolarPV_Area(sqm)": 0.0, "Rooftop_Area(sqm)": 321.92564922999998 }, "geometry": { "type": "Polygon", "coordinates": [ [ [ 67.058486949266566, 24.805822910201908 ], [ 67.058674303975536, 24.805681510344399 ], [ 67.058713028871338, 24.805724242968346 ], [ 67.058748481374607, 24.805697483532342 ], [ 67.058784297723179, 24.805737012858355 ], [ 67.058561491386257, 24.805905172296981 ], [ 67.058486949266566, 24.805822910201908 ] ] ] } },
{ "type": "Feature", "id": 235, "properties": { "FID": 235, "class": "Defence_SpatialJoin", "SolarPV_Area(sqm)": 69.15608067, "Rooftop_Area(sqm)": 263.21446525099998 }, "geometry": { "type": "Polygon", "coordinates": [ [ [ 67.065516790434515, 24.802439613102194 ], [ 67.065602604622441, 24.802371481822465 ], [ 67.065743598053004, 24.802519572468988 ], [ 67.065692054948087, 24.802560578517632 ], [ 67.065707054307239, 24.802576327919152 ], [ 67.065668822939742, 24.802609404138618 ], [ 67.065588644373619, 24.802525210009311 ], [ 67.065626966659821, 24.802492233798578 ], [ 67.065612240615252, 24.802476700021622 ], [ 67.065577968988748, 24.802503909651069 ], [ 67.065516790434515, 24.802439613102194 ] ] ] } },
{ "type": "Feature", "id": 236, "properties": { "FID": 236, "class": "Defence_SpatialJoin", "SolarPV_Area(sqm)": 90.145301211100005, "Rooftop_Area(sqm)": 324.81619275999998 }, "geometry": { "type": "Polygon", "coordinates": [ [ [ 67.065819087499079, 24.802208214274092 ], [ 67.065911863375504, 24.802132105697172 ], [ 67.066083539559614, 24.802299178771978 ], [ 67.065990763657993, 24.802375286557684 ], [ 67.065819087499079, 24.802208214274092 ] ] ] } },
{ "type": "Feature", "id": 237, "properties": { "FID": 237, "class": "Defence_SpatialJoin", "SolarPV_Area(sqm)": 0.0, "Rooftop_Area(sqm)": 166.57405084600001 }, "geometry": { "type": "Polygon", "coordinates": [ [ [ 67.057940978248055, 24.808576201676555 ], [ 67.058023883336361, 24.808511800900966 ], [ 67.058119423807554, 24.808614198974777 ], [ 67.058036519098138, 24.808678685084512 ], [ 67.057940978248055, 24.808576201676555 ] ] ] } },
{ "type": "Feature", "id": 238, "properties": { "FID": 238, "class": "Defence_SpatialJoin", "SolarPV_Area(sqm)": 0.0, "Rooftop_Area(sqm)": 261.17933751300001 }, "geometry": { "type": "Polygon", "coordinates": [ [ [ 67.059846424137106, 24.807662342992106 ], [ 67.060029051894048, 24.807518898568947 ], [ 67.060099138686923, 24.807593263938159 ], [ 67.059930511314178, 24.807725719755183 ], [ 67.059904785465989, 24.807698413180507 ], [ 67.059890785926413, 24.807709402810996 ], [ 67.059846424137106, 24.807662342992106 ] ] ] } },
{ "type": "Feature", "id": 239, "properties": { "FID": 239, "class": "Defence_SpatialJoin", "SolarPV_Area(sqm)": 44.179755031399999, "Rooftop_Area(sqm)": 213.777928094 }, "geometry": { "type": "Polygon", "coordinates": [ [ [ 67.065410885924692, 24.802519633789231 ], [ 67.065492517838379, 24.802452111359923 ], [ 67.06561805794901, 24.802578567758371 ], [ 67.06553633444193, 24.80264607639285 ], [ 67.065410885924692, 24.802519633789231 ] ] ] } },
{ "type": "Feature", "id": 240, "properties": { "FID": 240, "class": "Defence_SpatialJoin", "SolarPV_Area(sqm)": 0.0, "Rooftop_Area(sqm)": 257.05958485299999 }, "geometry": { "type": "Polygon", "coordinates": [ [ [ 67.066878639252252, 24.808957329481895 ], [ 67.066961362854371, 24.808891351383231 ], [ 67.06710981118222, 24.80904628548754 ], [ 67.067027178991054, 24.809112278418954 ], [ 67.066878639252252, 24.808957329481895 ] ] ] } },
{ "type": "Feature", "id": 241, "properties": { "FID": 241, "class": "Defence_SpatialJoin", "SolarPV_Area(sqm)": 0.0, "Rooftop_Area(sqm)": 260.11812163000002 }, "geometry": { "type": "Polygon", "coordinates": [ [ [ 67.065346069834817, 24.807553812785514 ], [ 67.065421793939237, 24.80749277514019 ], [ 67.065490245863529, 24.807563543804605 ], [ 67.065506790278775, 24.807550228420215 ], [ 67.065578878299362, 24.807624744385269 ], [ 67.065562333877082, 24.807638059777204 ], [ 67.065570241757939, 24.80764634226589 ], [ 67.065494608693015, 24.807707308557713 ], [ 67.065346069834817, 24.807553812785514 ] ] ] } },
{ "type": "Feature", "id": 242, "properties": { "FID": 242, "class": "Defence_SpatialJoin", "SolarPV_Area(sqm)": 0.0, "Rooftop_Area(sqm)": 203.41415025200001 }, "geometry": { "type": "Polygon", "coordinates": [ [ [ 67.062447659374712, 24.804656217040236 ], [ 67.06252438293096, 24.804593804512127 ], [ 67.062554926784586, 24.804625133780025 ], [ 67.062581197940986, 24.804603815419338 ], [ 67.062652922212536, 24.804677418800164 ], [ 67.062549836509618, 24.804761049760089 ], [ 67.062447659374712, 24.804656217040236 ] ] ] } },
{ "type": "Feature", "id": 243, "properties": { "FID": 243, "class": "Defence_SpatialJoin", "SolarPV_Area(sqm)": 0.0, "Rooftop_Area(sqm)": 243.40425567400001 }, "geometry": { "type": "Polygon", "coordinates": [ [ [ 67.064565196259935, 24.801452689726908 ], [ 67.064646555900609, 24.801386063271682 ], [ 67.06478982213639, 24.801531870391162 ], [ 67.064708553908844, 24.801598511676289 ], [ 67.064565196259935, 24.801452689726908 ] ] ] } },
{ "type": "Feature", "id": 244, "properties": { "FID": 244, "class": "Defence_SpatialJoin", "SolarPV_Area(sqm)": 0.0, "Rooftop_Area(sqm)": 235.431471179 }, "geometry": { "type": "Polygon", "coordinates": [ [ [ 67.057866710076354, 24.807366197837823 ], [ 67.05794734178518, 24.807305446767646 ], [ 67.058085516429117, 24.80745812973484 ], [ 67.058004884586197, 24.807518881767233 ], [ 67.057866710076354, 24.807366197837823 ] ] ] } },
{ "type": "Feature", "id": 245, "properties": { "FID": 245, "class": "Defence_SpatialJoin", "SolarPV_Area(sqm)": 0.0, "Rooftop_Area(sqm)": 336.89121505399999 }, "geometry": { "type": "Polygon", "coordinates": [ [ [ 67.063996859011624, 24.809145829655154 ], [ 67.064202940231937, 24.808983253864916 ], [ 67.064280845710542, 24.809065630914606 ], [ 67.064074764014009, 24.809228120624685 ], [ 67.063996859011624, 24.809145829655154 ] ] ] } },
{ "type": "Feature", "id": 246, "properties": { "FID": 246, "class": "Defence_SpatialJoin", "SolarPV_Area(sqm)": 0.0, "Rooftop_Area(sqm)": 433.144637655 }, "geometry": { "type": "Polygon", "coordinates": [ [ [ 67.065157624452098, 24.809832677044035 ], [ 67.065389886910239, 24.809652783310572 ], [ 67.065450702334275, 24.809718304313012 ], [ 67.065472518805208, 24.809701395002232 ], [ 67.065497972994365, 24.809728656795667 ], [ 67.065243801844389, 24.80992553133904 ], [ 67.065157624452098, 24.809832677044035 ] ] ] } },
{ "type": "Feature", "id": 247, "properties": { "FID": 247, "class": "Defence_SpatialJoin", "SolarPV_Area(sqm)": 67.200802213499998, "Rooftop_Area(sqm)": 277.57702396500002 }, "geometry": { "type": "Polygon", "coordinates": [ [ [ 67.065348213760359, 24.801706356674238 ], [ 67.065432248270284, 24.801635039425843 ], [ 67.06558869599715, 24.801792883225936 ], [ 67.065504660922855, 24.80186411616749 ], [ 67.065348213760359, 24.801706356674238 ] ] ] } },
{ "type": "Feature", "id": 248, "properties": { "FID": 248, "class": "Defence_SpatialJoin", "SolarPV_Area(sqm)": 0.0, "Rooftop_Area(sqm)": 234.06044307400001 }, "geometry": { "type": "Polygon", "coordinates": [ [ [ 67.055654921520258, 24.807553468514293 ], [ 67.055830060276307, 24.807420018501112 ], [ 67.055894056586325, 24.807488788908678 ], [ 67.055718918736915, 24.807622239043287 ], [ 67.055654921520258, 24.807553468514293 ] ] ] } },
{ "type": "Feature", "id": 249, "properties": { "FID": 249, "class": "Defence_SpatialJoin", "SolarPV_Area(sqm)": 0.0, "Rooftop_Area(sqm)": 309.83406502999998 }, "geometry": { "type": "Polygon", "coordinates": [ [ [ 67.061678333019287, 24.805161301648301 ], [ 67.061768873645775, 24.805089921062581 ], [ 67.061931957085122, 24.805262426654735 ], [ 67.061841415991069, 24.805333721152593 ], [ 67.061678333019287, 24.805161301648301 ] ] ] } },
{ "type": "Feature", "id": 250, "properties": { "FID": 250, "class": "Defence_SpatialJoin", "SolarPV_Area(sqm)": 100.06336576, "Rooftop_Area(sqm)": 503.81001988499997 }, "geometry": { "type": "Polygon", "coordinates": [ [ [ 67.058977833484377, 24.809960272503332 ], [ 67.059159187277928, 24.809798425156782 ], [ 67.059292998063484, 24.809923229981571 ], [ 67.059111462058524, 24.810085218540806 ], [ 67.058977833484377, 24.809960272503332 ] ] ] } },
{ "type": "Feature", "id": 251, "properties": { "FID": 251, "class": "Defence_SpatialJoin", "SolarPV_Area(sqm)": 0.0, "Rooftop_Area(sqm)": 238.56693492299999 }, "geometry": { "type": "Polygon", "coordinates": [ [ [ 67.063254348466984, 24.801334110251769 ], [ 67.06333743527, 24.801264258795936 ], [ 67.063475246902314, 24.801400898486367 ], [ 67.063392068618128, 24.801470734365829 ], [ 67.063254348466984, 24.801334110251769 ] ] ] } },
{ "type": "Feature", "id": 252, "properties": { "FID": 252, "class": "Defence_SpatialJoin", "SolarPV_Area(sqm)": 46.236272102500003, "Rooftop_Area(sqm)": 216.518238002 }, "geometry": { "type": "Polygon", "coordinates": [ [ [ 67.066141174088543, 24.809337000569844 ], [ 67.066241303625574, 24.809257487897796 ], [ 67.066345117332986, 24.809365319138411 ], [ 67.066245078840581, 24.809444760450997 ], [ 67.066141174088543, 24.809337000569844 ] ] ] } },
{ "type": "Feature", "id": 253, "properties": { "FID": 253, "class": "Defence_SpatialJoin", "SolarPV_Area(sqm)": 0.0, "Rooftop_Area(sqm)": 521.43246801600003 }, "geometry": { "type": "Polygon", "coordinates": [ [ [ 67.058183229347506, 24.80653770236999 ], [ 67.058332221481862, 24.806411484552878 ], [ 67.058499585252591, 24.806577491810696 ], [ 67.05835059298812, 24.806703709789851 ], [ 67.058183229347506, 24.80653770236999 ] ] ] } },
{ "type": "Feature", "id": 254, "properties": { "FID": 254, "class": "Defence_SpatialJoin", "SolarPV_Area(sqm)": 111.724263849, "Rooftop_Area(sqm)": 328.596419379 }, "geometry": { "type": "Polygon", "coordinates": [ [ [ 67.058450396729768, 24.804952352777633 ], [ 67.058595761870976, 24.804822041795056 ], [ 67.058698360203138, 24.804928940031427 ], [ 67.058552994492445, 24.805059166720191 ], [ 67.058450396729768, 24.804952352777633 ] ] ] } },
{ "type": "Feature", "id": 255, "properties": { "FID": 255, "class": "Defence_SpatialJoin", "SolarPV_Area(sqm)": 84.116955354599995, "Rooftop_Area(sqm)": 312.25404943000001 }, "geometry": { "type": "Polygon", "coordinates": [ [ [ 67.061177285096505, 24.805023334814894 ], [ 67.061278716151676, 24.804947340566997 ], [ 67.061425890961388, 24.805107797033504 ], [ 67.061324369362168, 24.805183775772324 ], [ 67.061177285096505, 24.805023334814894 ] ] ] } },
{ "type": "Feature", "id": 256, "properties": { "FID": 256, "class": "Defence_SpatialJoin", "SolarPV_Area(sqm)": 90.678034683899995, "Rooftop_Area(sqm)": 331.40857307499999 }, "geometry": { "type": "Polygon", "coordinates": [ [ [ 67.064676281602061, 24.803102096738677 ], [ 67.064776550606581, 24.803025997815922 ], [ 67.064937361329115, 24.803194630075438 ], [ 67.0648370922232, 24.803270729098283 ], [ 67.064676281602061, 24.803102096738677 ] ] ] } },
{ "type": "Feature", "id": 257, "properties": { "FID": 257, "class": "Defence_SpatialJoin", "SolarPV_Area(sqm)": 116.71145457199999, "Rooftop_Area(sqm)": 393.17078250100002 }, "geometry": { "type": "Polygon", "coordinates": [ [ [ 67.064853077395895, 24.807047237241907 ], [ 67.064945179436805, 24.806981570665464 ], [ 67.064959905906733, 24.806997531842224 ], [ 67.065042196906802, 24.806916255267048 ], [ 67.065142533101096, 24.807029794130745 ], [ 67.065037788224018, 24.807128390321409 ], [ 67.065013242208749, 24.807116902252215 ], [ 67.064950436293415, 24.807152747060957 ], [ 67.064853077395895, 24.807047237241907 ] ] ] } },
{ "type": "Feature", "id": 258, "properties": { "FID": 258, "class": "Defence_SpatialJoin", "SolarPV_Area(sqm)": 0.0, "Rooftop_Area(sqm)": 112.157843775 }, "geometry": { "type": "Polygon", "coordinates": [ [ [ 67.061754147473906, 24.807959417976171 ], [ 67.061860414624348, 24.807877157143754 ], [ 67.061910594394519, 24.807931136425896 ], [ 67.061804327152188, 24.808013398185729 ], [ 67.061754147473906, 24.807959417976171 ] ] ] } },
{ "type": "Feature", "id": 259, "properties": { "FID": 259, "class": "Defence_SpatialJoin", "SolarPV_Area(sqm)": 0.0, "Rooftop_Area(sqm)": 269.52357938300003 }, "geometry": { "type": "Polygon", "coordinates": [ [ [ 67.066233940646399, 24.801863343617679 ], [ 67.0663186641153, 24.801797599261072 ], [ 67.06646993035082, 24.80195999264529 ], [ 67.066385205819458, 24.802025737028952 ], [ 67.066233940646399, 24.801863343617679 ] ] ] } },
{ "type": "Feature", "id": 260, "properties": { "FID": 260, "class": "Defence_SpatialJoin", "SolarPV_Area(sqm)": 0.0, "Rooftop_Area(sqm)": 75.289797957900007 }, "geometry": { "type": "Polygon", "coordinates": [ [ [ 67.065260801590085, 24.800690234482346 ], [ 67.065304345342241, 24.800654860590654 ], [ 67.065387068007979, 24.800739720791061 ], [ 67.065343525214956, 24.800775094757959 ], [ 67.065260801590085, 24.800690234482346 ] ] ] } },
{ "type": "Feature", "id": 261, "properties": { "FID": 261, "class": "Defence_SpatialJoin", "SolarPV_Area(sqm)": 0.0, "Rooftop_Area(sqm)": 278.43004586699999 }, "geometry": { "type": "Polygon", "coordinates": [ [ [ 67.06528527433467, 24.809020771663892 ], [ 67.065369634291343, 24.808952239745786 ], [ 67.065529269224342, 24.809112836018496 ], [ 67.065444909135508, 24.80918136891724 ], [ 67.06528527433467, 24.809020771663892 ] ] ] } },
{ "type": "Feature", "id": 262, "properties": { "FID": 262, "class": "Defence_SpatialJoin", "SolarPV_Area(sqm)": 49.970058746699998, "Rooftop_Area(sqm)": 351.699003995 }, "geometry": { "type": "Polygon", "coordinates": [ [ [ 67.064264654402209, 24.799744977736498 ], [ 67.064486745746649, 24.799566550644734 ], [ 67.064562665813824, 24.799644879416078 ], [ 67.064340574914368, 24.799823221380759 ], [ 67.064264654402209, 24.799744977736498 ] ] ] } },
{ "type": "Feature", "id": 263, "properties": { "FID": 263, "class": "Defence_SpatialJoin", "SolarPV_Area(sqm)": 66.542216496199998, "Rooftop_Area(sqm)": 283.70840085200001 }, "geometry": { "type": "Polygon", "coordinates": [ [ [ 67.065772554119675, 24.808952634057672 ], [ 67.065861144054495, 24.808877593602023 ], [ 67.066011500467511, 24.80903189535719 ], [ 67.065922911438491, 24.809106935950798 ], [ 67.065772554119675, 24.808952634057672 ] ] ] } },
{ "type": "Feature", "id": 264, "properties": { "FID": 264, "class": "Defence_SpatialJoin", "SolarPV_Area(sqm)": 0.0, "Rooftop_Area(sqm)": 389.51202375999998 }, "geometry": { "type": "Polygon", "coordinates": [ [ [ 67.059010286182385, 24.805364948377449 ], [ 67.05909837264943, 24.805296594279749 ], [ 67.059139278854005, 24.805340532882376 ], [ 67.059168187291249, 24.805318102365803 ], [ 67.059127280156488, 24.805274162823718 ], [ 67.059227729334069, 24.805196264510172 ], [ 67.059268636495361, 24.80524020402683 ], [ 67.059272635591839, 24.805237087944786 ], [ 67.059321451879541, 24.805289480762074 ], [ 67.059100008581751, 24.805461279886593 ], [ 67.059010286182385, 24.805364948377449 ] ] ] } },
{ "type": "Feature", "id": 265, "properties": { "FID": 265, "class": "Defence_SpatialJoin", "SolarPV_Area(sqm)": 0.0, "Rooftop_Area(sqm)": 97.386245599299997 }, "geometry": { "type": "Polygon", "coordinates": [ [ [ 67.061660788628842, 24.808128450096362 ], [ 67.06175460220949, 24.808053667282135 ], [ 67.0618042362117, 24.808105423069389 ], [ 67.06171033117775, 24.808180190260099 ], [ 67.061660788628842, 24.808128450096362 ] ] ] } },
{ "type": "Feature", "id": 266, "properties": { "FID": 266, "class": "Defence_SpatialJoin", "SolarPV_Area(sqm)": 0.0, "Rooftop_Area(sqm)": 17.227855048199999 }, "geometry": { "type": "Polygon", "coordinates": [ [ [ 67.059001013561954, 24.808223744925005 ], [ 67.059059192285545, 24.80821902254177 ], [ 67.059061737914817, 24.808244814394985 ], [ 67.059003558629129, 24.808249622009082 ], [ 67.059001013561954, 24.808223744925005 ] ] ] } },
{ "type": "Feature", "id": 267, "properties": { "FID": 267, "class": "Defence_SpatialJoin", "SolarPV_Area(sqm)": 0.0, "Rooftop_Area(sqm)": 259.83166635700002 }, "geometry": { "type": "Polygon", "coordinates": [ [ [ 67.058060245108521, 24.806636907453793 ], [ 67.058147331652052, 24.806569419811083 ], [ 67.058289051029902, 24.806721990294637 ], [ 67.058201964348996, 24.806789478908094 ], [ 67.058060245108521, 24.806636907453793 ] ] ] } },
{ "type": "Feature", "id": 268, "properties": { "FID": 268, "class": "Defence_SpatialJoin", "SolarPV_Area(sqm)": 111.582467627, "Rooftop_Area(sqm)": 390.53250393600001 }, "geometry": { "type": "Polygon", "coordinates": [ [ [ 67.065620010960757, 24.803438245519494 ], [ 67.065729780695236, 24.803349319616121 ], [ 67.065896500724648, 24.803527022622209 ], [ 67.065786639775453, 24.803616020066059 ], [ 67.065620010960757, 24.803438245519494 ] ] ] } },
{ "type": "Feature", "id": 269, "properties": { "FID": 269, "class": "Defence_SpatialJoin", "SolarPV_Area(sqm)": 0.0, "Rooftop_Area(sqm)": 313.719665206 }, "geometry": { "type": "Polygon", "coordinates": [ [ [ 67.057760806390164, 24.806880048019625 ], [ 67.057853528343458, 24.806806290272618 ], [ 67.058014974654213, 24.806975544052108 ], [ 67.057922252237191, 24.807049215713693 ], [ 67.057760806390164, 24.806880048019625 ] ] ] } },
{ "type": "Feature", "id": 270, "properties": { "FID": 270, "class": "Defence_SpatialJoin", "SolarPV_Area(sqm)": 0.0, "Rooftop_Area(sqm)": 252.28693349 }, "geometry": { "type": "Polygon", "coordinates": [ [ [ 67.060746651970859, 24.808592134671038 ], [ 67.060911280417301, 24.808465870704143 ], [ 67.060984003664998, 24.808544848927159 ], [ 67.060819466622021, 24.808671127726704 ], [ 67.060746651970859, 24.808592134671038 ] ] ] } },
{ "type": "Feature", "id": 271, "properties": { "FID": 271, "class": "Defence_SpatialJoin", "SolarPV_Area(sqm)": 0.0, "Rooftop_Area(sqm)": 342.17275984000003 }, "geometry": { "type": "Polygon", "coordinates": [ [ [ 67.062492748171636, 24.80717472825344 ], [ 67.062586925456529, 24.807098208579117 ], [ 67.062732736096223, 24.807247761585192 ], [ 67.062753554135639, 24.807230777820568 ], [ 67.062794460491432, 24.807272751155413 ], [ 67.062703828851951, 24.807346509315902 ], [ 67.062662831035212, 24.8073045211998 ], [ 67.062638559278938, 24.807324196113385 ], [ 67.062568380651996, 24.807252294933299 ], [ 67.062592652022545, 24.807232533850275 ], [ 67.062548564002626, 24.807187398300261 ], [ 67.062524292262339, 24.807207073196217 ], [ 67.062492748171636, 24.80717472825344 ] ] ] } },
{ "type": "Feature", "id": 272, "properties": { "FID": 272, "class": "Defence_SpatialJoin", "SolarPV_Area(sqm)": 109.839816095, "Rooftop_Area(sqm)": 370.54409383000001 }, "geometry": { "type": "Polygon", "coordinates": [ [ [ 67.064435989974754, 24.802091865570013 ], [ 67.064535289031014, 24.80201345769483 ], [ 67.064710938300578, 24.802180358152416 ], [ 67.064595063548339, 24.802269741869438 ], [ 67.064435989974754, 24.802091865570013 ] ] ] } },
{ "type": "Feature", "id": 273, "properties": { "FID": 273, "class": "Defence_SpatialJoin", "SolarPV_Area(sqm)": 90.781600016200002, "Rooftop_Area(sqm)": 225.33120291399999 }, "geometry": { "type": "Polygon", "coordinates": [ [ [ 67.058420961098022, 24.807228340209253 ], [ 67.058507948686184, 24.807147819944291 ], [ 67.058630123861974, 24.807262544266614 ], [ 67.058543045727845, 24.807343049895653 ], [ 67.058420961098022, 24.807228340209253 ] ] ] } },
{ "type": "Feature", "id": 274, "properties": { "FID": 274, "class": "Defence_SpatialJoin", "SolarPV_Area(sqm)": 0.0, "Rooftop_Area(sqm)": 268.88389134599998 }, "geometry": { "type": "Polygon", "coordinates": [ [ [ 67.059010922238727, 24.807626708296358 ], [ 67.059096372678653, 24.807559211679827 ], [ 67.059246455465924, 24.807717403480027 ], [ 67.059161004946858, 24.807784900176848 ], [ 67.059010922238727, 24.807626708296358 ] ] ] } },
{ "type": "Feature", "id": 275, "properties": { "FID": 275, "class": "Defence_SpatialJoin", "SolarPV_Area(sqm)": 204.767858827, "Rooftop_Area(sqm)": 316.58861905499998 }, "geometry": { "type": "Polygon", "coordinates": [ [ [ 67.065568189273193, 24.804404203296972 ], [ 67.065679964988618, 24.804315814570515 ], [ 67.065817973517994, 24.804455684910469 ], [ 67.065706198149726, 24.804544159021077 ], [ 67.065568189273193, 24.804404203296972 ] ] ] } },
{ "type": "Feature", "id": 276, "properties": { "FID": 276, "class": "Defence_SpatialJoin", "SolarPV_Area(sqm)": 74.434274941599995, "Rooftop_Area(sqm)": 412.41886697299998 }, "geometry": { "type": "Polygon", "coordinates": [ [ [ 67.062046860788655, 24.803995026945827 ], [ 67.062145596479397, 24.803922650226784 ], [ 67.062296216407162, 24.804091233517475 ], [ 67.062129119699293, 24.804215577182987 ], [ 67.062061768682511, 24.804138181897564 ], [ 67.06213021962634, 24.804086144487513 ], [ 67.062046860788655, 24.803995026945827 ] ] ] } },
{ "type": "Feature", "id": 277, "properties": { "FID": 277, "class": "Defence_SpatialJoin", "SolarPV_Area(sqm)": 0.0, "Rooftop_Area(sqm)": 335.56929597499999 }, "geometry": { "type": "Polygon", "coordinates": [ [ [ 67.061069090727401, 24.808534122745101 ], [ 67.061240900297335, 24.808384660073376 ], [ 67.061341622648158, 24.808481141439479 ], [ 67.06120326577205, 24.808601641765158 ], [ 67.061168266936619, 24.808568140906186 ], [ 67.06113490510117, 24.80859720335102 ], [ 67.061069090727401, 24.808534122745101 ] ] ] } },
{ "type": "Feature", "id": 278, "properties": { "FID": 278, "class": "Defence_SpatialJoin", "SolarPV_Area(sqm)": 0.0, "Rooftop_Area(sqm)": 276.373725681 }, "geometry": { "type": "Polygon", "coordinates": [ [ [ 67.056808948953147, 24.806448349187001 ], [ 67.056899398436585, 24.806374824276887 ], [ 67.057047296569124, 24.80653010865575 ], [ 67.056954577333613, 24.806597705578394 ], [ 67.056808948953147, 24.806448349187001 ] ] ] } },
{ "type": "Feature", "id": 279, "properties": { "FID": 279, "class": "Defence_SpatialJoin", "SolarPV_Area(sqm)": 0.0, "Rooftop_Area(sqm)": 310.84869895100002 }, "geometry": { "type": "Polygon", "coordinates": [ [ [ 67.059615345386263, 24.804690526370123 ], [ 67.059787428118469, 24.80454930944062 ], [ 67.05987396868197, 24.804637180316949 ], [ 67.059701795366536, 24.804778382635092 ], [ 67.059615345386263, 24.804690526370123 ] ] ] } },
{ "type": "Feature", "id": 280, "properties": { "FID": 280, "class": "Defence_SpatialJoin", "SolarPV_Area(sqm)": 101.519297615, "Rooftop_Area(sqm)": 432.3802723 }, "geometry": { "type": "Polygon", "coordinates": [ [ [ 67.062261395311594, 24.807358695730407 ], [ 67.062427296404991, 24.807229983500953 ], [ 67.06256040700697, 24.807353470833444 ], [ 67.062379117281935, 24.807485177600274 ], [ 67.062261395311594, 24.807358695730407 ] ] ] } },
{ "type": "Feature", "id": 281, "properties": { "FID": 281, "class": "Defence_SpatialJoin", "SolarPV_Area(sqm)": 0.0, "Rooftop_Area(sqm)": 121.49061219399999 }, "geometry": { "type": "Polygon", "coordinates": [ [ [ 67.061087726001389, 24.80697989179966 ], [ 67.061204901996348, 24.806888962595231 ], [ 67.061271080638846, 24.806960049277293 ], [ 67.061251899870314, 24.806974989578102 ], [ 67.061231627189017, 24.806953263431581 ], [ 67.061133723464295, 24.807029266234981 ], [ 67.061087726001389, 24.80697989179966 ] ] ] } },
{ "type": "Feature", "id": 282, "properties": { "FID": 282, "class": "Defence_SpatialJoin", "SolarPV_Area(sqm)": 69.195211679400003, "Rooftop_Area(sqm)": 152.962282386 }, "geometry": { "type": "Polygon", "coordinates": [ [ [ 67.061700695219457, 24.80461420211395 ], [ 67.061781633374423, 24.804551312374286 ], [ 67.061873629001155, 24.804646129508253 ], [ 67.0617926914055, 24.804708933166886 ], [ 67.061700695219457, 24.80461420211395 ] ] ] } },
{ "type": "Feature", "id": 283, "properties": { "FID": 283, "class": "Defence_SpatialJoin", "SolarPV_Area(sqm)": 0.0, "Rooftop_Area(sqm)": 273.871804887 }, "geometry": { "type": "Polygon", "coordinates": [ [ [ 67.067177013216792, 24.808703874591234 ], [ 67.067263009698749, 24.808635688949053 ], [ 67.067420901824207, 24.8087907157107 ], [ 67.067334905812316, 24.808858816205603 ], [ 67.067177013216792, 24.808703874591234 ] ] ] } },
{ "type": "Feature", "id": 284, "properties": { "FID": 284, "class": "Defence_SpatialJoin", "SolarPV_Area(sqm)": 78.2687671682, "Rooftop_Area(sqm)": 330.52939859899999 }, "geometry": { "type": "Polygon", "coordinates": [ [ [ 67.066745022318869, 24.807511247595176 ], [ 67.066927728277562, 24.807363518633821 ], [ 67.067009184193793, 24.807456789323751 ], [ 67.066826386647378, 24.807604503620801 ], [ 67.066745022318869, 24.807511247595176 ] ] ] } },
{ "type": "Feature", "id": 285, "properties": { "FID": 285, "class": "Defence_SpatialJoin", "SolarPV_Area(sqm)": 0.0, "Rooftop_Area(sqm)": 276.11672997699998 }, "geometry": { "type": "Polygon", "coordinates": [ [ [ 67.059504169767848, 24.807282003493572 ], [ 67.059676524733561, 24.807144680007717 ], [ 67.059752974608685, 24.807224600736671 ], [ 67.059580619994392, 24.807362009590694 ], [ 67.059504169767848, 24.807282003493572 ] ] ] } },
{ "type": "Feature", "id": 286, "properties": { "FID": 286, "class": "Defence_SpatialJoin", "SolarPV_Area(sqm)": 105.471314245, "Rooftop_Area(sqm)": 265.941031732 }, "geometry": { "type": "Polygon", "coordinates": [ [ [ 67.060061232092579, 24.807499046208704 ], [ 67.060221587241884, 24.807369786738846 ], [ 67.060300856192569, 24.807451785690532 ], [ 67.060140591038831, 24.807580974662361 ], [ 67.060061232092579, 24.807499046208704 ] ] ] } },
{ "type": "Feature", "id": 287, "properties": { "FID": 287, "class": "Defence_SpatialJoin", "SolarPV_Area(sqm)": 146.230382733, "Rooftop_Area(sqm)": 479.85406371900001 }, "geometry": { "type": "Polygon", "coordinates": [ [ [ 67.063468057991358, 24.80597502873816 ], [ 67.063577606007627, 24.805888797514726 ], [ 67.063785950057266, 24.806110160494693 ], [ 67.063676401463695, 24.806196306574485 ], [ 67.063468057991358, 24.80597502873816 ] ] ] } },
{ "type": "Feature", "id": 288, "properties": { "FID": 288, "class": "Defence_SpatialJoin", "SolarPV_Area(sqm)": 0.0, "Rooftop_Area(sqm)": 259.51728178899998 }, "geometry": { "type": "Polygon", "coordinates": [ [ [ 67.058663849732781, 24.803693424354385 ], [ 67.058732754644069, 24.803634027538944 ], [ 67.05875248159893, 24.803653102197721 ], [ 67.058801478309647, 24.803610749703044 ], [ 67.058895837345148, 24.80370193208536 ], [ 67.058777934251253, 24.803803596140121 ], [ 67.058663849732781, 24.803693424354385 ] ] ] } },
{ "type": "Feature", "id": 289, "properties": { "FID": 289, "class": "Defence_SpatialJoin", "SolarPV_Area(sqm)": 50.365547845000002, "Rooftop_Area(sqm)": 314.55655149 }, "geometry": { "type": "Polygon", "coordinates": [ [ [ 67.066495779167326, 24.808392703046358 ], [ 67.066593015134359, 24.808310252330148 ], [ 67.066742281995516, 24.808468309613193 ], [ 67.066645044584533, 24.808550674188542 ], [ 67.066495779167326, 24.808392703046358 ] ] ] } },
{ "type": "Feature", "id": 290, "properties": { "FID": 290, "class": "Defence_SpatialJoin", "SolarPV_Area(sqm)": 118.571910872, "Rooftop_Area(sqm)": 298.296559167 }, "geometry": { "type": "Polygon", "coordinates": [ [ [ 67.061563520657828, 24.802183997210463 ], [ 67.061680878655267, 24.8020908712843 ], [ 67.061802144995397, 24.802218179835158 ], [ 67.061684696412456, 24.802311291145575 ], [ 67.061563520657828, 24.802183997210463 ] ] ] } },
{ "type": "Feature", "id": 291, "properties": { "FID": 291, "class": "Defence_SpatialJoin", "SolarPV_Area(sqm)": 0.0, "Rooftop_Area(sqm)": 197.02520838000001 }, "geometry": { "type": "Polygon", "coordinates": [ [ [ 67.06070683525904, 24.8073705773099 ], [ 67.060804285763354, 24.807290655540179 ], [ 67.060901098446621, 24.807389070463806 ], [ 67.060803648926523, 24.807468991451774 ], [ 67.06070683525904, 24.8073705773099 ] ] ] } },
{ "type": "Feature", "id": 292, "properties": { "FID": 292, "class": "Defence_SpatialJoin", "SolarPV_Area(sqm)": 0.0, "Rooftop_Area(sqm)": 206.53060176899999 }, "geometry": { "type": "Polygon", "coordinates": [ [ [ 67.057744170641783, 24.808647363605356 ], [ 67.057868528211372, 24.80854871184966 ], [ 67.057947796686918, 24.808631908279978 ], [ 67.057823348555175, 24.808730545389075 ], [ 67.057744170641783, 24.808647363605356 ] ] ] } },
{ "type": "Feature", "id": 293, "properties": { "FID": 293, "class": "Defence_SpatialJoin", "SolarPV_Area(sqm)": 129.70629074499999, "Rooftop_Area(sqm)": 331.65881981699999 }, "geometry": { "type": "Polygon", "coordinates": [ [ [ 67.06475264312175, 24.807685377629937 ], [ 67.064845638500529, 24.807605288431272 ], [ 67.065013175739622, 24.807774666012254 ], [ 67.064920181257733, 24.807854755364328 ], [ 67.06475264312175, 24.807685377629937 ] ] ] } },
{ "type": "Feature", "id": 294, "properties": { "FID": 294, "class": "Defence_SpatialJoin", "SolarPV_Area(sqm)": 0.0, "Rooftop_Area(sqm)": 275.71490695 }, "geometry": { "type": "Polygon", "coordinates": [ [ [ 67.057913707704742, 24.808189467655573 ], [ 67.057989885512697, 24.808126973566445 ], [ 67.058016974844776, 24.808154584826646 ], [ 67.058041791045525, 24.808134144770097 ], [ 67.058128332683793, 24.808222187556929 ], [ 67.058103515061163, 24.808242542289818 ], [ 67.058135059127451, 24.808274546972104 ], [ 67.058058790325774, 24.808336941138659 ], [ 67.057913707704742, 24.808189467655573 ] ] ] } },
{ "type": "Feature", "id": 295, "properties": { "FID": 295, "class": "Defence_SpatialJoin", "SolarPV_Area(sqm)": 0.0, "Rooftop_Area(sqm)": 282.59140913200002 }, "geometry": { "type": "Polygon", "coordinates": [ [ [ 67.057711173081103, 24.808338755734297 ], [ 67.057795441335386, 24.808271925708247 ], [ 67.057955432317414, 24.808440004539737 ], [ 67.057871255404947, 24.808506850305527 ], [ 67.057711173081103, 24.808338755734297 ] ] ] } },
{ "type": "Feature", "id": 296, "properties": { "FID": 296, "class": "Defence_SpatialJoin", "SolarPV_Area(sqm)": 75.284209337199997, "Rooftop_Area(sqm)": 265.28088916299998 }, "geometry": { "type": "Polygon", "coordinates": [ [ [ 67.064050487319591, 24.802437506983107 ], [ 67.064112459137093, 24.802380231930385 ], [ 67.064146760648086, 24.802412089008115 ], [ 67.064168578438768, 24.802393555281913 ], [ 67.064290390644317, 24.802512917130869 ], [ 67.064206693438081, 24.802588740800179 ], [ 67.064050487319591, 24.802437506983107 ] ] ] } },
{ "type": "Feature", "id": 297, "properties": { "FID": 297, "class": "Defence_SpatialJoin", "SolarPV_Area(sqm)": 110.036294738, "Rooftop_Area(sqm)": 238.364750345 }, "geometry": { "type": "Polygon", "coordinates": [ [ [ 67.060329400117027, 24.807781812896319 ], [ 67.060489483001547, 24.807654303979298 ], [ 67.060560570355648, 24.807728574553753 ], [ 67.060400487776619, 24.807856169722232 ], [ 67.060329400117027, 24.807781812896319 ] ] ] } },
{ "type": "Feature", "id": 298, "properties": { "FID": 298, "class": "Defence_SpatialJoin", "SolarPV_Area(sqm)": 133.26531393499999, "Rooftop_Area(sqm)": 640.13584521999996 }, "geometry": { "type": "Polygon", "coordinates": [ [ [ 67.060365953870772, 24.802447497761079 ], [ 67.060447303336801, 24.802380303767549 ], [ 67.060484755728098, 24.802419327603616 ], [ 67.060554206592016, 24.802363690579668 ], [ 67.060598840880573, 24.802410195372097 ], [ 67.060682655397883, 24.802343028756983 ], [ 67.06077583208868, 24.802440002120562 ], [ 67.060714380257522, 24.802489236492338 ], [ 67.060678745780891, 24.802452129911885 ], [ 67.060626748479208, 24.802493744112169 ], [ 67.060637566440519, 24.80250505863631 ], [ 67.060597841208065, 24.802536942373148 ], [ 67.060641748167924, 24.802582646348142 ], [ 67.060560398609624, 24.802649840442236 ], [ 67.060365953870772, 24.802447497761079 ] ] ] } },
{ "type": "Feature", "id": 299, "properties": { "FID": 299, "class": "Defence_SpatialJoin", "SolarPV_Area(sqm)": 133.98638128900001, "Rooftop_Area(sqm)": 531.20783117999997 }, "geometry": { "type": "Polygon", "coordinates": [ [ [ 67.06370815824323, 24.804960284938652 ], [ 67.063825765655309, 24.804869789672871 ], [ 67.064049201752027, 24.805095224656821 ], [ 67.063931593752088, 24.805185634802331 ], [ 67.06370815824323, 24.804960284938652 ] ] ] } },
{ "type": "Feature", "id": 300, "properties": { "FID": 300, "class": "Defence_SpatialJoin", "SolarPV_Area(sqm)": 59.7450922891, "Rooftop_Area(sqm)": 303.69253843400003 }, "geometry": { "type": "Polygon", "coordinates": [ [ [ 67.065849968294103, 24.807708324038053 ], [ 67.065938862424872, 24.80763780239268 ], [ 67.066099008592531, 24.807811102399366 ], [ 67.066010114805664, 24.807881709419537 ], [ 67.065849968294103, 24.807708324038053 ] ] ] } },
{ "type": "Feature", "id": 301, "properties": { "FID": 301, "class": "Defence_SpatialJoin", "SolarPV_Area(sqm)": 0.0, "Rooftop_Area(sqm)": 217.810504407 }, "geometry": { "type": "Polygon", "coordinates": [ [ [ 67.057929524993028, 24.807619280495043 ], [ 67.058010156442933, 24.807555623309948 ], [ 67.058138877671951, 24.807691571766465 ], [ 67.058058245177804, 24.807755228964112 ], [ 67.057929524993028, 24.807619280495043 ] ] ] } },
{ "type": "Feature", "id": 302, "properties": { "FID": 302, "class": "Defence_SpatialJoin", "SolarPV_Area(sqm)": 0.0, "Rooftop_Area(sqm)": 208.505369804 }, "geometry": { "type": "Polygon", "coordinates": [ [ [ 67.062659103795582, 24.801059749773763 ], [ 67.062760644422355, 24.800975096882556 ], [ 67.062859184680335, 24.801073531092854 ], [ 67.062757643999888, 24.801158184048663 ], [ 67.062659103795582, 24.801059749773763 ] ] ] } },
{ "type": "Feature", "id": 303, "properties": { "FID": 303, "class": "Defence_SpatialJoin", "SolarPV_Area(sqm)": 0.0, "Rooftop_Area(sqm)": 110.02352455400001 }, "geometry": { "type": "Polygon", "coordinates": [ [ [ 67.061557520298194, 24.807747919467943 ], [ 67.061663788350586, 24.807665657922652 ], [ 67.061712967124109, 24.807718622554244 ], [ 67.061606790577471, 24.807800897995833 ], [ 67.061557520298194, 24.807747919467943 ] ] ] } },
{ "type": "Feature", "id": 304, "properties": { "FID": 304, "class": "Defence_SpatialJoin", "SolarPV_Area(sqm)": 0.0, "Rooftop_Area(sqm)": 349.76324556200001 }, "geometry": { "type": "Polygon", "coordinates": [ [ [ 67.056460604597717, 24.807024489873911 ], [ 67.056640230825735, 24.806881252494335 ], [ 67.056749043091926, 24.806994933607918 ], [ 67.056630140794638, 24.807089679369671 ], [ 67.056604596342567, 24.807063085707878 ], [ 67.056583052403184, 24.807080293500004 ], [ 67.056549872613402, 24.807045717842833 ], [ 67.056510693072013, 24.807076916541124 ], [ 67.056460604597717, 24.807024489873911 ] ] ] } },
{ "type": "Feature", "id": 305, "properties": { "FID": 305, "class": "Defence_SpatialJoin", "SolarPV_Area(sqm)": 0.0, "Rooftop_Area(sqm)": 280.81223097999998 }, "geometry": { "type": "Polygon", "coordinates": [ [ [ 67.056959304724202, 24.80662649760804 ], [ 67.057060571123728, 24.8065482213166 ], [ 67.057192291269487, 24.806690378656761 ], [ 67.057091024410852, 24.80676856885125 ], [ 67.056959304724202, 24.80662649760804 ] ] ] } },
{ "type": "Feature", "id": 306, "properties": { "FID": 306, "class": "Defence_SpatialJoin", "SolarPV_Area(sqm)": 0.0, "Rooftop_Area(sqm)": 243.25095497199999 }, "geometry": { "type": "Polygon", "coordinates": [ [ [ 67.063490973688417, 24.808665368352649 ], [ 67.063597831116311, 24.808580676696462 ], [ 67.063693100033007, 24.808684054632195 ], [ 67.063562606822984, 24.808786900882289 ], [ 67.063509881774749, 24.808729690560025 ], [ 67.063533516445546, 24.808711536879041 ], [ 67.063490973688417, 24.808665368352649 ] ] ] } },
{ "type": "Feature", "id": 307, "properties": { "FID": 307, "class": "Defence_SpatialJoin", "SolarPV_Area(sqm)": 0.0, "Rooftop_Area(sqm)": 278.43215499600001 }, "geometry": { "type": "Polygon", "coordinates": [ [ [ 67.064739370517074, 24.808023671051966 ], [ 67.064822911864638, 24.807955689832443 ], [ 67.064982450242326, 24.808118992507953 ], [ 67.064898908875747, 24.808186972917905 ], [ 67.064739370517074, 24.808023671051966 ] ] ] } },
{ "type": "Feature", "id": 308, "properties": { "FID": 308, "class": "Defence_SpatialJoin", "SolarPV_Area(sqm)": 0.0, "Rooftop_Area(sqm)": 249.03015354799999 }, "geometry": { "type": "Polygon", "coordinates": [ [ [ 67.065951407498019, 24.801753298431212 ], [ 67.066038676184974, 24.801688220515235 ], [ 67.066173397770626, 24.801838718741301 ], [ 67.06608612807824, 24.801903795781563 ], [ 67.065951407498019, 24.801753298431212 ] ] ] } },
{ "type": "Feature", "id": 309, "properties": { "FID": 309, "class": "Defence_SpatialJoin", "SolarPV_Area(sqm)": 0.0, "Rooftop_Area(sqm)": 238.105282577 }, "geometry": { "type": "Polygon", "coordinates": [ [ [ 67.061276941588659, 24.802910643127031 ], [ 67.061308442208727, 24.802882975308556 ], [ 67.061282716337544, 24.802856011975596 ], [ 67.061325532567395, 24.802822061917372 ], [ 67.061486342750058, 24.802990610844677 ], [ 67.061412026267561, 24.803052314077632 ], [ 67.061276941588659, 24.802910643127031 ] ] ] } },
{ "type": "Feature", "id": 310, "properties": { "FID": 310, "class": "Defence_SpatialJoin", "SolarPV_Area(sqm)": 0.0, "Rooftop_Area(sqm)": 329.29775533499998 }, "geometry": { "type": "Polygon", "coordinates": [ [ [ 67.060301947284017, 24.808100165641825 ], [ 67.060486301247749, 24.807956657599561 ], [ 67.060571297339962, 24.80804761253529 ], [ 67.060386851793766, 24.808191105915554 ], [ 67.060301947284017, 24.808100165641825 ] ] ] } },
{ "type": "Feature", "id": 311, "properties": { "FID": 311, "class": "Defence_SpatialJoin", "SolarPV_Area(sqm)": 0.0, "Rooftop_Area(sqm)": 241.005651567 }, "geometry": { "type": "Polygon", "coordinates": [ [ [ 67.064840638409549, 24.807953590056449 ], [ 67.064936725200596, 24.807877034200931 ], [ 67.065030084946457, 24.807974805037713 ], [ 67.065011358338623, 24.807989734240916 ], [ 67.065044084057675, 24.808023893819446 ], [ 67.064966723747517, 24.808085521438507 ], [ 67.064840638409549, 24.807953590056449 ] ] ] } },
{ "type": "Feature", "id": 312, "properties": { "FID": 312, "class": "Defence_SpatialJoin", "SolarPV_Area(sqm)": 0.0, "Rooftop_Area(sqm)": 225.163258189 }, "geometry": { "type": "Polygon", "coordinates": [ [ [ 67.057590282677722, 24.806132255084506 ], [ 67.057669278775691, 24.806068077972228 ], [ 67.057809076792822, 24.806216216509618 ], [ 67.057754625452787, 24.806260421976944 ], [ 67.057734353880292, 24.806239549960033 ], [ 67.057709718557703, 24.806259506963237 ], [ 67.057590282677722, 24.806132255084506 ] ] ] } },
{ "type": "Feature", "id": 313, "properties": { "FID": 313, "class": "Defence_SpatialJoin", "SolarPV_Area(sqm)": 79.561756311899998, "Rooftop_Area(sqm)": 262.30645986799999 }, "geometry": { "type": "Polygon", "coordinates": [ [ [ 67.058751663040269, 24.807148651173886 ], [ 67.058798751292713, 24.807110863950989 ], [ 67.058778480127629, 24.807089735354186 ], [ 67.058885292194176, 24.80700406147281 ], [ 67.05897292405453, 24.807095100355916 ], [ 67.058818932179932, 24.807218546779385 ], [ 67.058751663040269, 24.807148651173886 ] ] ] } },
{ "type": "Feature", "id": 314, "properties": { "FID": 314, "class": "Defence_SpatialJoin", "SolarPV_Area(sqm)": 100.918074295, "Rooftop_Area(sqm)": 212.874153888 }, "geometry": { "type": "Polygon", "coordinates": [ [ [ 67.06143825348299, 24.803076610777548 ], [ 67.061517885907136, 24.803011846426742 ], [ 67.061570429381035, 24.8030656940225 ], [ 67.0615898831321, 24.803049857176283 ], [ 67.061629062870736, 24.803090013273962 ], [ 67.061609518069716, 24.803105920653167 ], [ 67.061636152806187, 24.803133202634424 ], [ 67.061556520931717, 24.803197880917384 ], [ 67.06143825348299, 24.803076610777548 ] ] ] } },
{ "type": "Feature", "id": 315, "properties": { "FID": 315, "class": "Defence_SpatialJoin", "SolarPV_Area(sqm)": 0.0, "Rooftop_Area(sqm)": 108.507256997 }, "geometry": { "type": "Polygon", "coordinates": [ [ [ 67.061283988464965, 24.807962173749608 ], [ 67.061383165579926, 24.807885094660278 ], [ 67.061435253859599, 24.807940834581029 ], [ 67.061336076711555, 24.808017913702397 ], [ 67.061283988464965, 24.807962173749608 ] ] ] } },
{ "type": "Feature", "id": 316, "properties": { "FID": 316, "class": "Defence_SpatialJoin", "SolarPV_Area(sqm)": 68.776632505400002, "Rooftop_Area(sqm)": 226.84508945499999 }, "geometry": { "type": "Polygon", "coordinates": [ [ [ 67.061005002238858, 24.80340323636273 ], [ 67.06109090722984, 24.803334099932446 ], [ 67.061217173965531, 24.803464607390232 ], [ 67.061131269343733, 24.803533829174743 ], [ 67.061005002238858, 24.80340323636273 ] ] ] } },
{ "type": "Feature", "id": 317, "properties": { "FID": 317, "class": "Defence_SpatialJoin", "SolarPV_Area(sqm)": 0.0, "Rooftop_Area(sqm)": 272.41958054700001 }, "geometry": { "type": "Polygon", "coordinates": [ [ [ 67.06012177433557, 24.806683615423648 ], [ 67.06027449407344, 24.806551670880786 ], [ 67.060373670512178, 24.806647219055659 ], [ 67.060252312698552, 24.806752085765705 ], [ 67.0601874072659, 24.80668949427621 ], [ 67.060156044787433, 24.806716656534075 ], [ 67.06012177433557, 24.806683615423648 ] ] ] } },
{ "type": "Feature", "id": 318, "properties": { "FID": 318, "class": "Defence_SpatialJoin", "SolarPV_Area(sqm)": 192.312395396, "Rooftop_Area(sqm)": 907.527586488 }, "geometry": { "type": "Polygon", "coordinates": [ [ [ 67.058465041415261, 24.804538698540057 ], [ 67.058531128812518, 24.80448628200531 ], [ 67.058546856168633, 24.804502746726321 ], [ 67.058602216172559, 24.804458857660375 ], [ 67.058624033129092, 24.804481773111032 ], [ 67.058668303644097, 24.804446691950435 ], [ 67.058646395751481, 24.804423676513494 ], [ 67.058778298502276, 24.804318971354324 ], [ 67.058884655682348, 24.804430546918766 ], [ 67.058835749182336, 24.80446932409475 ], [ 67.05886017999137, 24.804496160307348 ], [ 67.058638827561481, 24.804671990780999 ], [ 67.058601636366362, 24.804690924526646 ], [ 67.05852237045562, 24.804694883066581 ], [ 67.058462101411735, 24.804631671018043 ], [ 67.058460077776033, 24.804578708482893 ], [ 67.058465041415261, 24.804538698540057 ] ] ] } },
{ "type": "Feature", "id": 319, "properties": { "FID": 319, "class": "Defence_SpatialJoin", "SolarPV_Area(sqm)": 59.190734967300003, "Rooftop_Area(sqm)": 307.85135874399998 }, "geometry": { "type": "Polygon", "coordinates": [ [ [ 67.059825152671991, 24.804337810707512 ], [ 67.059910876061252, 24.80426907388464 ], [ 67.060082451374598, 24.804447292853805 ], [ 67.059996638378095, 24.804516015115457 ], [ 67.059825152671991, 24.804337810707512 ] ] ] } },
{ "type": "Feature", "id": 320, "properties": { "FID": 320, "class": "Defence_SpatialJoin", "SolarPV_Area(sqm)": 0.0, "Rooftop_Area(sqm)": 285.77031186800002 }, "geometry": { "type": "Polygon", "coordinates": [ [ [ 67.057498366214517, 24.8094971753866 ], [ 67.057660266518425, 24.80936971024882 ], [ 67.057744353198018, 24.809458810490622 ], [ 67.057582452379847, 24.809586190428426 ], [ 67.057498366214517, 24.8094971753866 ] ] ] } },
{ "type": "Feature", "id": 321, "properties": { "FID": 321, "class": "Defence_SpatialJoin", "SolarPV_Area(sqm)": 43.436784855200003, "Rooftop_Area(sqm)": 292.32114969499997 }, "geometry": { "type": "Polygon", "coordinates": [ [ [ 67.055554371930128, 24.807146823819224 ], [ 67.055739371765767, 24.806994267348482 ], [ 67.0558130035906, 24.807072453155342 ], [ 67.055628004100811, 24.807225094996721 ], [ 67.055554371930128, 24.807146823819224 ] ] ] } },
{ "type": "Feature", "id": 322, "properties": { "FID": 322, "class": "Defence_SpatialJoin", "SolarPV_Area(sqm)": 0.0, "Rooftop_Area(sqm)": 294.547110761 }, "geometry": { "type": "Polygon", "coordinates": [ [ [ 67.067471795959889, 24.808291363629142 ], [ 67.067627880876557, 24.808166785097299 ], [ 67.067673969327302, 24.808214977304498 ], [ 67.067695786675245, 24.80819755422301 ], [ 67.067734421290183, 24.808237879554717 ], [ 67.067556429094239, 24.808379779530632 ], [ 67.067471795959889, 24.808291363629142 ] ] ] } },
{ "type": "Feature", "id": 323, "properties": { "FID": 323, "class": "Defence_SpatialJoin", "SolarPV_Area(sqm)": 117.834633242, "Rooftop_Area(sqm)": 478.91749741299998 }, "geometry": { "type": "Polygon", "coordinates": [ [ [ 67.063001437813853, 24.800231976937905 ], [ 67.063197623801059, 24.800089966736387 ], [ 67.063343889286173, 24.800254716780437 ], [ 67.063295073829167, 24.800290864033609 ], [ 67.063219532064892, 24.800307833679785 ], [ 67.063180987948897, 24.800264447815483 ], [ 67.063088342486694, 24.800329903700508 ], [ 67.063001437813853, 24.800231976937905 ] ] ] } },
{ "type": "Feature", "id": 324, "properties": { "FID": 324, "class": "Defence_SpatialJoin", "SolarPV_Area(sqm)": 44.156598472699997, "Rooftop_Area(sqm)": 348.14898390799999 }, "geometry": { "type": "Polygon", "coordinates": [ [ [ 67.062456840765876, 24.800784617857495 ], [ 67.062526201328012, 24.800728964854763 ], [ 67.062718464687578, 24.800929159042795 ], [ 67.062617105856845, 24.801010422774691 ], [ 67.062565289517238, 24.800956522033147 ], [ 67.062597288184335, 24.800930827059521 ], [ 67.062578925946852, 24.800911715370091 ], [ 67.062546926848782, 24.800937325054203 ], [ 67.062496384428243, 24.800884826900042 ], [ 67.062528382536826, 24.800859217173819 ], [ 67.062456840765876, 24.800784617857495 ] ] ] } },
{ "type": "Feature", "id": 325, "properties": { "FID": 325, "class": "Defence_SpatialJoin", "SolarPV_Area(sqm)": 53.174689528599998, "Rooftop_Area(sqm)": 208.43591660800001 }, "geometry": { "type": "Polygon", "coordinates": [ [ [ 67.057865800692511, 24.805463501748999 ], [ 67.057992067340606, 24.805356267122502 ], [ 67.058061230597929, 24.805442789572204 ], [ 67.057934873873791, 24.805549925204897 ], [ 67.057865800692511, 24.805463501748999 ] ] ] } },
{ "type": "Feature", "id": 326, "properties": { "FID": 326, "class": "Defence_SpatialJoin", "SolarPV_Area(sqm)": 68.619576581299995, "Rooftop_Area(sqm)": 281.64219768300001 }, "geometry": { "type": "Polygon", "coordinates": [ [ [ 67.064588922338004, 24.80111782744309 ], [ 67.064673918583296, 24.801049820819216 ], [ 67.064833897532438, 24.80121335617471 ], [ 67.064748901809622, 24.801281276756516 ], [ 67.064588922338004, 24.80111782744309 ] ] ] } },
{ "type": "Feature", "id": 327, "properties": { "FID": 327, "class": "Defence_SpatialJoin", "SolarPV_Area(sqm)": 0.0, "Rooftop_Area(sqm)": 226.53454561699999 }, "geometry": { "type": "Polygon", "coordinates": [ [ [ 67.065630330401291, 24.807066770337336 ], [ 67.065669874158971, 24.807036565551044 ], [ 67.065653510960857, 24.807018631399625 ], [ 67.065698508729042, 24.806984347774662 ], [ 67.065833139845139, 24.807131585578698 ], [ 67.065748507308527, 24.807195974065834 ], [ 67.065630330401291, 24.807066770337336 ] ] ] } },
{ "type": "Feature", "id": 328, "properties": { "FID": 328, "class": "Defence_SpatialJoin", "SolarPV_Area(sqm)": 120.790917798, "Rooftop_Area(sqm)": 507.45708588999997 }, "geometry": { "type": "Polygon", "coordinates": [ [ [ 67.058969064388123, 24.809526341611562 ], [ 67.059079545553374, 24.809434828311495 ], [ 67.059283705352783, 24.809669680482145 ], [ 67.05917322397373, 24.809761194815191 ], [ 67.058969064388123, 24.809526341611562 ] ] ] } },
{ "type": "Feature", "id": 329, "properties": { "FID": 329, "class": "Defence_SpatialJoin", "SolarPV_Area(sqm)": 31.369804122400001, "Rooftop_Area(sqm)": 266.59150648399998 }, "geometry": { "type": "Polygon", "coordinates": [ [ [ 67.057479672886885, 24.806218321881232 ], [ 67.057566453376865, 24.806147279420315 ], [ 67.057711527290763, 24.806298686818302 ], [ 67.057624746726404, 24.806369729358995 ], [ 67.057479672886885, 24.806218321881232 ] ] ] } },
{ "type": "Feature", "id": 330, "properties": { "FID": 330, "class": "Defence_SpatialJoin", "SolarPV_Area(sqm)": 0.0, "Rooftop_Area(sqm)": 268.45361703499998 }, "geometry": { "type": "Polygon", "coordinates": [ [ [ 67.064790822756478, 24.805609915438506 ], [ 67.064913816579178, 24.805515815208732 ], [ 67.065017357706083, 24.80562847310533 ], [ 67.064894453755869, 24.805722673350978 ], [ 67.064790822756478, 24.805609915438506 ] ] ] } },
{ "type": "Feature", "id": 331, "properties": { "FID": 331, "class": "Defence_SpatialJoin", "SolarPV_Area(sqm)": 0.0, "Rooftop_Area(sqm)": 218.24573666800001 }, "geometry": { "type": "Polygon", "coordinates": [ [ [ 67.057046632207843, 24.806315954426537 ], [ 67.057134718113034, 24.806247175517754 ], [ 67.057252742730327, 24.806372906429214 ], [ 67.057164566259161, 24.806441670694202 ], [ 67.057046632207843, 24.806315954426537 ] ] ] } },
{ "type": "Feature", "id": 332, "properties": { "FID": 332, "class": "Defence_SpatialJoin", "SolarPV_Area(sqm)": 0.0, "Rooftop_Area(sqm)": 311.021527832 }, "geometry": { "type": "Polygon", "coordinates": [ [ [ 67.066190123649818, 24.808623921501479 ], [ 67.06629366498565, 24.808541300535477 ], [ 67.066445022267885, 24.808699523541215 ], [ 67.066365570709536, 24.808762866769435 ], [ 67.066331208522016, 24.80872707541651 ], [ 67.066307209268288, 24.808746197430594 ], [ 67.066190123649818, 24.808623921501479 ] ] ] } },
{ "type": "Feature", "id": 333, "properties": { "FID": 333, "class": "Defence_SpatialJoin", "SolarPV_Area(sqm)": 0.0, "Rooftop_Area(sqm)": 188.62433039499999 }, "geometry": { "type": "Polygon", "coordinates": [ [ [ 67.060991639525483, 24.807416739732368 ], [ 67.0610839079024, 24.807339657976318 ], [ 67.06118199405843, 24.807437508043879 ], [ 67.061089725633153, 24.807514589858414 ], [ 67.060991639525483, 24.807416739732368 ] ] ] } },
{ "type": "Feature", "id": 334, "properties": { "FID": 334, "class": "Defence_SpatialJoin", "SolarPV_Area(sqm)": 75.489769975300007, "Rooftop_Area(sqm)": 365.02656383800002 }, "geometry": { "type": "Polygon", "coordinates": [ [ [ 67.064850221777178, 24.804155515146455 ], [ 67.064956360584176, 24.804066067746174 ], [ 67.065135897856692, 24.804243614832565 ], [ 67.06506999163804, 24.804299056645661 ], [ 67.065032084146338, 24.804261669684042 ], [ 67.064991942512009, 24.804295604854623 ], [ 67.064850221777178, 24.804155515146455 ] ] ] } },
{ "type": "Feature", "id": 335, "properties": { "FID": 335, "class": "Defence_SpatialJoin", "SolarPV_Area(sqm)": 0.0, "Rooftop_Area(sqm)": 357.60692466 }, "geometry": { "type": "Polygon", "coordinates": [ [ [ 67.062647558859481, 24.805811807990139 ], [ 67.062760098885448, 24.805723633491592 ], [ 67.062913000762265, 24.805886122519045 ], [ 67.062813823652093, 24.805963888825449 ], [ 67.062800733610075, 24.805949985805537 ], [ 67.062787370587102, 24.805960394103774 ], [ 67.062647558859481, 24.805811807990139 ] ] ] } },
{ "type": "Feature", "id": 336, "properties": { "FID": 336, "class": "Defence_SpatialJoin", "SolarPV_Area(sqm)": 0.0, "Rooftop_Area(sqm)": 274.35967187599999 }, "geometry": { "type": "Polygon", "coordinates": [ [ [ 67.066120945568542, 24.808360662671145 ], [ 67.066206304606226, 24.808291179112615 ], [ 67.066365570959817, 24.808454009360776 ], [ 67.066308664421499, 24.808500303352787 ], [ 67.066292664725296, 24.80848396643502 ], [ 67.066264211170918, 24.808507156032963 ], [ 67.066120945568542, 24.808360662671145 ] ] ] } },
{ "type": "Feature", "id": 337, "properties": { "FID": 337, "class": "Defence_SpatialJoin", "SolarPV_Area(sqm)": 0.0, "Rooftop_Area(sqm)": 232.92354824700001 }, "geometry": { "type": "Polygon", "coordinates": [ [ [ 67.066606924307806, 24.808304888088745 ], [ 67.066698712513301, 24.808234258369712 ], [ 67.066791527064865, 24.808333308764446 ], [ 67.066744918225922, 24.808368744372086 ], [ 67.066803097446538, 24.808430849101597 ], [ 67.066758007968943, 24.808466143219452 ], [ 67.066606924307806, 24.808304888088745 ] ] ] } },
{ "type": "Feature", "id": 338, "properties": { "FID": 338, "class": "Defence_SpatialJoin", "SolarPV_Area(sqm)": 0.0, "Rooftop_Area(sqm)": 431.08155289799998 }, "geometry": { "type": "Polygon", "coordinates": [ [ [ 67.063057266510029, 24.804999390099777 ], [ 67.06314635303886, 24.804925294872682 ], [ 67.063392069175762, 24.805171109764171 ], [ 67.063332980582089, 24.805220384321501 ], [ 67.063292891558035, 24.805180252583238 ], [ 67.063262984446595, 24.805205173377033 ], [ 67.063057266510029, 24.804999390099777 ] ] ] } },
{ "type": "Feature", "id": 339, "properties": { "FID": 339, "class": "Defence_SpatialJoin", "SolarPV_Area(sqm)": 58.721883072799997, "Rooftop_Area(sqm)": 325.56958229499998 }, "geometry": { "type": "Polygon", "coordinates": [ [ [ 67.063213804358938, 24.805352272476053 ], [ 67.063285074032905, 24.805296073447462 ], [ 67.063470701503519, 24.805492209170893 ], [ 67.063399341622926, 24.80554847975797 ], [ 67.063342435107927, 24.805488288397378 ], [ 67.06331238799126, 24.805511694807418 ], [ 67.063236119134984, 24.805431035084521 ], [ 67.063266166237298, 24.805407628688734 ], [ 67.063213804358938, 24.805352272476053 ] ] ] } },
{ "type": "Feature", "id": 340, "properties": { "FID": 340, "class": "Defence_SpatialJoin", "SolarPV_Area(sqm)": 0.0, "Rooftop_Area(sqm)": 121.345225407 }, "geometry": { "type": "Polygon", "coordinates": [ [ [ 67.058007247537859, 24.810026073125883 ], [ 67.058056245507132, 24.809984321882627 ], [ 67.058022701582445, 24.809951482361935 ], [ 67.058084607322655, 24.809898737239862 ], [ 67.058152058081347, 24.809964645654969 ], [ 67.058041063839568, 24.810059127349898 ], [ 67.058007247537859, 24.810026073125883 ] ] ] } },
{ "type": "Feature", "id": 341, "properties": { "FID": 341, "class": "Defence_SpatialJoin", "SolarPV_Area(sqm)": 0.0, "Rooftop_Area(sqm)": 316.19934476200001 }, "geometry": { "type": "Polygon", "coordinates": [ [ [ 67.0579098943454, 24.805246322291001 ], [ 67.058033337894102, 24.805152777916401 ], [ 67.05815942196142, 24.805287872320374 ], [ 67.05805106344134, 24.805372186078568 ], [ 67.058019610864022, 24.805338487467765 ], [ 67.058004525737289, 24.805347718177249 ], [ 67.0579098943454, 24.805246322291001 ] ] ] } },
{ "type": "Feature", "id": 342, "properties": { "FID": 342, "class": "Defence_SpatialJoin", "SolarPV_Area(sqm)": 119.32979932400001, "Rooftop_Area(sqm)": 436.71762913200001 }, "geometry": { "type": "Polygon", "coordinates": [ [ [ 67.05912306796283, 24.805054117510419 ], [ 67.059327360206368, 24.804884161822372 ], [ 67.059428498853038, 24.804987998420003 ], [ 67.059224297972293, 24.805157968999573 ], [ 67.05912306796283, 24.805054117510419 ] ] ] } },
{ "type": "Feature", "id": 343, "properties": { "FID": 343, "class": "Defence_SpatialJoin", "SolarPV_Area(sqm)": 63.608615875200002, "Rooftop_Area(sqm)": 341.66186599700001 }, "geometry": { "type": "Polygon", "coordinates": [ [ [ 67.056673956707442, 24.808704874391854 ], [ 67.056873309297174, 24.80854319868315 ], [ 67.056955884016773, 24.808627019168252 ], [ 67.056756530847608, 24.80878861059157 ], [ 67.056673956707442, 24.808704874391854 ] ] ] } },
{ "type": "Feature", "id": 344, "properties": { "FID": 344, "class": "Defence_SpatialJoin", "SolarPV_Area(sqm)": 47.4477847928, "Rooftop_Area(sqm)": 295.805673458 }, "geometry": { "type": "Polygon", "coordinates": [ [ [ 67.056864212629932, 24.808730290576698 ], [ 67.056957577408184, 24.808654546957136 ], [ 67.057104727253702, 24.808813833294604 ], [ 67.057011453870032, 24.808889591761289 ], [ 67.056864212629932, 24.808730290576698 ] ] ] } },
{ "type": "Feature", "id": 345, "properties": { "FID": 345, "class": "Defence_SpatialJoin", "SolarPV_Area(sqm)": 87.737992160800005, "Rooftop_Area(sqm)": 504.38309487200002 }, "geometry": { "type": "Polygon", "coordinates": [ [ [ 67.065246983884705, 24.803776092401655 ], [ 67.065303436193332, 24.803728869577608 ], [ 67.065316890222661, 24.803742404082673 ], [ 67.06533161653222, 24.803730077566318 ], [ 67.065342979088996, 24.803741480149753 ], [ 67.06544570188521, 24.803655477641158 ], [ 67.065576546318766, 24.803784760975766 ], [ 67.065402736365698, 24.803930157217614 ], [ 67.065246983884705, 24.803776092401655 ] ] ] } },
{ "type": "Feature", "id": 346, "properties": { "FID": 346, "class": "Defence_SpatialJoin", "SolarPV_Area(sqm)": 0.0, "Rooftop_Area(sqm)": 283.777705341 }, "geometry": { "type": "Polygon", "coordinates": [ [ [ 67.06127007984648, 24.805485712194752 ], [ 67.06135253036831, 24.805421147204619 ], [ 67.061516431423073, 24.805595494602251 ], [ 67.061433980816005, 24.805660059676512 ], [ 67.06127007984648, 24.805485712194752 ] ] ] } },
{ "type": "Feature", "id": 347, "properties": { "FID": 347, "class": "Defence_SpatialJoin", "SolarPV_Area(sqm)": 0.0, "Rooftop_Area(sqm)": 294.27505484400001 }, "geometry": { "type": "Polygon", "coordinates": [ [ [ 67.055919088948627, 24.807494792864365 ], [ 67.056070807337022, 24.807374318709162 ], [ 67.056075534571093, 24.807379182674609 ], [ 67.056116805406461, 24.807346440925031 ], [ 67.056175984250046, 24.807408537585328 ], [ 67.056134713399743, 24.807441279350204 ], [ 67.056147257653194, 24.807454496725281 ], [ 67.055995539194058, 24.807574970953304 ], [ 67.055919088948627, 24.807494792864365 ] ] ] } },
{ "type": "Feature", "id": 348, "properties": { "FID": 348, "class": "Defence_SpatialJoin", "SolarPV_Area(sqm)": 43.687390132300003, "Rooftop_Area(sqm)": 315.36129007900001 }, "geometry": { "type": "Polygon", "coordinates": [ [ [ 67.064111575818458, 24.800928481966356 ], [ 67.064220212457514, 24.800841772595696 ], [ 67.064359478643453, 24.800985909740469 ], [ 67.064250841914671, 24.801072619206636 ], [ 67.064111575818458, 24.800928481966356 ] ] ] } },
{ "type": "Feature", "id": 349, "properties": { "FID": 349, "class": "Defence_SpatialJoin", "SolarPV_Area(sqm)": 64.050864399800005, "Rooftop_Area(sqm)": 341.540981063 }, "geometry": { "type": "Polygon", "coordinates": [ [ [ 67.058303323263772, 24.807842764839926 ], [ 67.058393864015216, 24.807766860136855 ], [ 67.058582888136172, 24.807954022132197 ], [ 67.058492347901918, 24.808029840819049 ], [ 67.058394499774764, 24.807933435265888 ], [ 67.058431225763428, 24.8079026084174 ], [ 67.05841222637244, 24.807883650538276 ], [ 67.058375501424763, 24.807914476540191 ], [ 67.058303323263772, 24.807842764839926 ] ] ] } },
{ "type": "Feature", "id": 350, "properties": { "FID": 350, "class": "Defence_SpatialJoin", "SolarPV_Area(sqm)": 0.0, "Rooftop_Area(sqm)": 298.805492238 }, "geometry": { "type": "Polygon", "coordinates": [ [ [ 67.067074631623257, 24.808786539328921 ], [ 67.067159899763382, 24.808718750187705 ], [ 67.067327165411157, 24.808893979444544 ], [ 67.067241897184388, 24.80896176867536 ], [ 67.067074631623257, 24.808786539328921 ] ] ] } },
{ "type": "Feature", "id": 351, "properties": { "FID": 351, "class": "Defence_SpatialJoin", "SolarPV_Area(sqm)": 104.259002663, "Rooftop_Area(sqm)": 434.03877096899998 }, "geometry": { "type": "Polygon", "coordinates": [ [ [ 67.060132227931575, 24.808758356533247 ], [ 67.06030440149263, 24.808612714702882 ], [ 67.060333581831372, 24.808641432677426 ], [ 67.060310400649968, 24.808661111487787 ], [ 67.060326672701308, 24.808677065873727 ], [ 67.060349853336064, 24.808657472294005 ], [ 67.060393942178365, 24.808700898775431 ], [ 67.060370761538351, 24.80872049236179 ], [ 67.060409759441924, 24.808758911691559 ], [ 67.060260767448767, 24.808884959231655 ], [ 67.060132227931575, 24.808758356533247 ] ] ] } },
{ "type": "Feature", "id": 352, "properties": { "FID": 352, "class": "Defence_SpatialJoin", "SolarPV_Area(sqm)": 0.0, "Rooftop_Area(sqm)": 216.399030829 }, "geometry": { "type": "Polygon", "coordinates": [ [ [ 67.066450028158158, 24.807559646633887 ], [ 67.066526200606873, 24.807497942950651 ], [ 67.06665819482879, 24.807640995386006 ], [ 67.066582022860189, 24.807702613897796 ], [ 67.066450028158158, 24.807559646633887 ] ] ] } },
{ "type": "Feature", "id": 353, "properties": { "FID": 353, "class": "Defence_SpatialJoin", "SolarPV_Area(sqm)": 50.312590229199998, "Rooftop_Area(sqm)": 489.48463934900002 }, "geometry": { "type": "Polygon", "coordinates": [ [ [ 67.062917091354521, 24.807901416748848 ], [ 67.062979179508602, 24.807850320216208 ], [ 67.06299926882366, 24.807870649776167 ], [ 67.06304381230872, 24.8078339878703 ], [ 67.063252166291647, 24.808044812379467 ], [ 67.063145626005138, 24.808132585725936 ], [ 67.062917091354521, 24.807901416748848 ] ] ] } },
{ "type": "Feature", "id": 354, "properties": { "FID": 354, "class": "Defence_SpatialJoin", "SolarPV_Area(sqm)": 61.0960277334, "Rooftop_Area(sqm)": 375.10805404799999 }, "geometry": { "type": "Polygon", "coordinates": [ [ [ 67.0579099807277, 24.805601887533285 ], [ 67.058091879370139, 24.805455934774649 ], [ 67.058191129064525, 24.805557658125803 ], [ 67.058009229337301, 24.805703610946587 ], [ 67.0579099807277, 24.805601887533285 ] ] ] } },
{ "type": "Feature", "id": 355, "properties": { "FID": 355, "class": "Defence_SpatialJoin", "SolarPV_Area(sqm)": 0.0, "Rooftop_Area(sqm)": 313.08213447100002 }, "geometry": { "type": "Polygon", "coordinates": [ [ [ 67.059458353577952, 24.805441444484718 ], [ 67.059548439673378, 24.805367173788248 ], [ 67.05953107685643, 24.805349590538547 ], [ 67.059577620024584, 24.805311286432747 ], [ 67.059698886880881, 24.805433811558355 ], [ 67.059562256985799, 24.80554647168983 ], [ 67.059458353577952, 24.805441444484718 ] ] ] } },
{ "type": "Feature", "id": 356, "properties": { "FID": 356, "class": "Defence_SpatialJoin", "SolarPV_Area(sqm)": 177.19862399799999, "Rooftop_Area(sqm)": 536.86893883000005 }, "geometry": { "type": "Polygon", "coordinates": [ [ [ 67.06125826751817, 24.801895321592031 ], [ 67.061464707234151, 24.80173128466625 ], [ 67.061590566240611, 24.801860073483279 ], [ 67.061384035441307, 24.802024010582755 ], [ 67.06125826751817, 24.801895321592031 ] ] ] } },
{ "type": "Feature", "id": 357, "properties": { "FID": 357, "class": "Defence_SpatialJoin", "SolarPV_Area(sqm)": 42.339688975599998, "Rooftop_Area(sqm)": 353.56522038899999 }, "geometry": { "type": "Polygon", "coordinates": [ [ [ 67.063327501978591, 24.799995745467296 ], [ 67.063438067253401, 24.799912148923738 ], [ 67.063590786476752, 24.80007802498384 ], [ 67.063480313168526, 24.800161550258618 ], [ 67.063327501978591, 24.799995745467296 ] ] ] } },
{ "type": "Feature", "id": 358, "properties": { "FID": 358, "class": "Defence_SpatialJoin", "SolarPV_Area(sqm)": 0.0, "Rooftop_Area(sqm)": 333.03133519599999 }, "geometry": { "type": "Polygon", "coordinates": [ [ [ 67.060405305556756, 24.804769566418596 ], [ 67.060547206885005, 24.804654591169761 ], [ 67.060659474492127, 24.804770110070745 ], [ 67.060614658662047, 24.804806386093958 ], [ 67.060517572696483, 24.804884999240826 ], [ 67.060405305556756, 24.804769566418596 ] ] ] } },
{ "type": "Feature", "id": 359, "properties": { "FID": 359, "class": "Defence_SpatialJoin", "SolarPV_Area(sqm)": 0.0, "Rooftop_Area(sqm)": 375.32676726800003 }, "geometry": { "type": "Polygon", "coordinates": [ [ [ 67.061384983826756, 24.805743091365827 ], [ 67.061546339722256, 24.80560561272733 ], [ 67.061658152198916, 24.805714990446674 ], [ 67.061496796816812, 24.805852383075347 ], [ 67.061384983826756, 24.805743091365827 ] ] ] } },
{ "type": "Feature", "id": 360, "properties": { "FID": 360, "class": "Defence_SpatialJoin", "SolarPV_Area(sqm)": 73.684144828399994, "Rooftop_Area(sqm)": 308.30714799600003 }, "geometry": { "type": "Polygon", "coordinates": [ [ [ 67.056274614289819, 24.807181997121944 ], [ 67.056439974046611, 24.807042725620473 ], [ 67.056527696492751, 24.807132839777832 ], [ 67.05636224615418, 24.807272096663354 ], [ 67.056274614289819, 24.807181997121944 ] ] ] } },
{ "type": "Feature", "id": 361, "properties": { "FID": 361, "class": "Defence_SpatialJoin", "SolarPV_Area(sqm)": 65.2114278257, "Rooftop_Area(sqm)": 284.87127675 }, "geometry": { "type": "Polygon", "coordinates": [ [ [ 67.062885092496714, 24.808114439066742 ], [ 67.062888729586106, 24.8080901557035 ], [ 67.062959543577449, 24.808037217677406 ], [ 67.063008450940416, 24.808043220052788 ], [ 67.063104082712428, 24.808112986346249 ], [ 67.063096264865322, 24.808165480260477 ], [ 67.063050102786889, 24.808223926077439 ], [ 67.062960107148569, 24.80821283965286 ], [ 67.062967270353994, 24.808155372741055 ], [ 67.062928000193637, 24.808150581429292 ], [ 67.062932545346428, 24.808120292001909 ], [ 67.062885092496714, 24.808114439066742 ] ] ] } },
{ "type": "Feature", "id": 362, "properties": { "FID": 362, "class": "Defence_SpatialJoin", "SolarPV_Area(sqm)": 0.0, "Rooftop_Area(sqm)": 165.45969708800001 }, "geometry": { "type": "Polygon", "coordinates": [ [ [ 67.057669357313443, 24.808506176570205 ], [ 67.057759715167123, 24.808434517678851 ], [ 67.057847075086087, 24.808526281402465 ], [ 67.057756716146827, 24.808597941185418 ], [ 67.057669357313443, 24.808506176570205 ] ] ] } },
{ "type": "Feature", "id": 363, "properties": { "FID": 363, "class": "Defence_SpatialJoin", "SolarPV_Area(sqm)": 0.0, "Rooftop_Area(sqm)": 101.90972893 }, "geometry": { "type": "Polygon", "coordinates": [ [ [ 67.061230264425959, 24.807132934758787 ], [ 67.061328168211617, 24.807056931896845 ], [ 67.061377711097734, 24.807110039864945 ], [ 67.061279715799117, 24.807186027998441 ], [ 67.061230264425959, 24.807132934758787 ] ] ] } },
{ "type": "Feature", "id": 364, "properties": { "FID": 364, "class": "Defence_SpatialJoin", "SolarPV_Area(sqm)": 40.643088563600003, "Rooftop_Area(sqm)": 261.58694341699999 }, "geometry": { "type": "Polygon", "coordinates": [ [ [ 67.058048882170581, 24.806454075551542 ], [ 67.058197510151217, 24.806332585278764 ], [ 67.058281778625755, 24.806418467166477 ], [ 67.058133241074643, 24.806539972227107 ], [ 67.058048882170581, 24.806454075551542 ] ] ] } },
{ "type": "Feature", "id": 365, "properties": { "FID": 365, "class": "Defence_SpatialJoin", "SolarPV_Area(sqm)": 48.1930792008, "Rooftop_Area(sqm)": 206.509726183 }, "geometry": { "type": "Polygon", "coordinates": [ [ [ 67.065856255448793, 24.801850883241347 ], [ 67.065910954799577, 24.801805663892409 ], [ 67.065949861249877, 24.801846117656748 ], [ 67.065979496499907, 24.80182234830453 ], [ 67.066022313061382, 24.801866935527745 ], [ 67.065992678346973, 24.801890619653872 ], [ 67.066016222020792, 24.801915180796637 ], [ 67.066045857339859, 24.801891410537554 ], [ 67.06609782445129, 24.801946229428083 ], [ 67.06601619132185, 24.802011617091285 ], [ 67.065964224236353, 24.801956798174128 ], [ 67.065986314542059, 24.801939162694143 ], [ 67.065927135421376, 24.801877666459195 ], [ 67.065902436040716, 24.801898917850455 ], [ 67.065856255448793, 24.801850883241347 ] ] ] } },
{ "type": "Feature", "id": 366, "properties": { "FID": 366, "class": "Defence_SpatialJoin", "SolarPV_Area(sqm)": 0.0, "Rooftop_Area(sqm)": 246.72042307500001 }, "geometry": { "type": "Polygon", "coordinates": [ [ [ 67.060237768329443, 24.803721751125963 ], [ 67.060268494151501, 24.803697219377167 ], [ 67.06024522298857, 24.803672873046182 ], [ 67.06029683589918, 24.803635487324364 ], [ 67.060451918246542, 24.803797816008739 ], [ 67.060369580042462, 24.803859647426446 ], [ 67.060237768329443, 24.803721751125963 ] ] ] } },
{ "type": "Feature", "id": 367, "properties": { "FID": 367, "class": "Defence_SpatialJoin", "SolarPV_Area(sqm)": 0.0, "Rooftop_Area(sqm)": 142.37492955499999 }, "geometry": { "type": "Polygon", "coordinates": [ [ [ 67.061926321008059, 24.804223691360551 ], [ 67.062009770858268, 24.804157919049537 ], [ 67.062091131315995, 24.804243842883682 ], [ 67.062007589943704, 24.804309600479584 ], [ 67.061926321008059, 24.804223691360551 ] ] ] } },
{ "type": "Feature", "id": 368, "properties": { "FID": 368, "class": "Defence_SpatialJoin", "SolarPV_Area(sqm)": 0.0, "Rooftop_Area(sqm)": 343.99984190399999 }, "geometry": { "type": "Polygon", "coordinates": [ [ [ 67.059216275709375, 24.808576178671025 ], [ 67.059273181011548, 24.808527069779249 ], [ 67.059281090525644, 24.80853458347309 ], [ 67.05933726866968, 24.808486125874726 ], [ 67.05954189497875, 24.808683533630887 ], [ 67.059467080100632, 24.80874812978433 ], [ 67.059283362816075, 24.808570756442677 ], [ 67.059245000549751, 24.808603883436362 ], [ 67.059216275709375, 24.808576178671025 ] ] ] } },
{ "type": "Feature", "id": 369, "properties": { "FID": 369, "class": "Defence_SpatialJoin", "SolarPV_Area(sqm)": 0.0, "Rooftop_Area(sqm)": 500.37959189200001 }, "geometry": { "type": "Polygon", "coordinates": [ [ [ 67.055920724825086, 24.807855940641289 ], [ 67.05598508517113, 24.807805985067027 ], [ 67.055964541364858, 24.807783872282528 ], [ 67.056066626687766, 24.807704704665099 ], [ 67.056215163397766, 24.807864271988858 ], [ 67.056022083704747, 24.808014055545755 ], [ 67.055982357900348, 24.80797133156112 ], [ 67.056008902188225, 24.807950657584726 ], [ 67.055978085868674, 24.807917574081554 ], [ 67.055994812128858, 24.807904717558891 ], [ 67.055954359963806, 24.807861192783204 ], [ 67.055937633156589, 24.807874134534021 ], [ 67.055920724825086, 24.807855940641289 ] ] ] } },
{ "type": "Feature", "id": 370, "properties": { "FID": 370, "class": "Defence_SpatialJoin", "SolarPV_Area(sqm)": 0.0, "Rooftop_Area(sqm)": 321.27473379600002 }, "geometry": { "type": "Polygon", "coordinates": [ [ [ 67.057510092476221, 24.807633959165805 ], [ 67.057604451365123, 24.807557902742243 ], [ 67.057741716454004, 24.807699757598545 ], [ 67.057592360906469, 24.807820273847426 ], [ 67.057548636225249, 24.807775024571029 ], [ 67.057603723667086, 24.80773066573078 ], [ 67.057510092476221, 24.807633959165805 ] ] ] } },
{ "type": "Feature", "id": 371, "properties": { "FID": 371, "class": "Defence_SpatialJoin", "SolarPV_Area(sqm)": 0.0, "Rooftop_Area(sqm)": 276.66778631699998 }, "geometry": { "type": "Polygon", "coordinates": [ [ [ 67.064641919912532, 24.803941474523626 ], [ 67.064748188452981, 24.803851857388668 ], [ 67.064869092153614, 24.803971414786247 ], [ 67.064754096885892, 24.804068172520498 ], [ 67.064703371981736, 24.804018122310083 ], [ 67.064712008190952, 24.804010797467967 ], [ 67.064641919912532, 24.803941474523626 ] ] ] } },
{ "type": "Feature", "id": 372, "properties": { "FID": 372, "class": "Defence_SpatialJoin", "SolarPV_Area(sqm)": 0.0, "Rooftop_Area(sqm)": 327.31946785600002 }, "geometry": { "type": "Polygon", "coordinates": [ [ [ 67.065229621178744, 24.80235044081126 ], [ 67.065330980345621, 24.802269003713015 ], [ 67.065485336579314, 24.802428989772334 ], [ 67.065383977319883, 24.802510426969462 ], [ 67.065229621178744, 24.80235044081126 ] ] ] } },
{ "type": "Feature", "id": 373, "properties": { "FID": 373, "class": "Defence_SpatialJoin", "SolarPV_Area(sqm)": 0.0, "Rooftop_Area(sqm)": 99.745142560100007 }, "geometry": { "type": "Polygon", "coordinates": [ [ [ 67.06193695629949, 24.807632603057392 ], [ 67.062034951669617, 24.807556186361278 ], [ 67.062083404076276, 24.807607922010735 ], [ 67.061985408675923, 24.807684338736347 ], [ 67.06193695629949, 24.807632603057392 ] ] ] } },
{ "type": "Feature", "id": 374, "properties": { "FID": 374, "class": "Defence_SpatialJoin", "SolarPV_Area(sqm)": 0.0, "Rooftop_Area(sqm)": 194.73526073900001 }, "geometry": { "type": "Polygon", "coordinates": [ [ [ 67.06120590208684, 24.803036088437295 ], [ 67.061307078319146, 24.802955140421531 ], [ 67.061398983438579, 24.803050797249661 ], [ 67.061297806603918, 24.803131830557327 ], [ 67.06120590208684, 24.803036088437295 ] ] ] } },
{ "type": "Feature", "id": 375, "properties": { "FID": 375, "class": "Defence_SpatialJoin", "SolarPV_Area(sqm)": 54.997966578300002, "Rooftop_Area(sqm)": 338.53810794899999 }, "geometry": { "type": "Polygon", "coordinates": [ [ [ 67.060983185825094, 24.807142847889043 ], [ 67.06110781580216, 24.807043122047052 ], [ 67.061234004192684, 24.807181044842078 ], [ 67.061109465595095, 24.807280785540197 ], [ 67.060983185825094, 24.807142847889043 ] ] ] } },
{ "type": "Feature", "id": 376, "properties": { "FID": 376, "class": "Defence_SpatialJoin", "SolarPV_Area(sqm)": 53.366739684199999, "Rooftop_Area(sqm)": 435.53732774600002 }, "geometry": { "type": "Polygon", "coordinates": [ [ [ 67.059755747514359, 24.808363245667955 ], [ 67.059893330891796, 24.808253072631551 ], [ 67.059951965109235, 24.808313628626905 ], [ 67.06001641570721, 24.8082613764191 ], [ 67.060058413639595, 24.808304637404273 ], [ 67.06003659686904, 24.808322314043597 ], [ 67.060060868605262, 24.808347335103754 ], [ 67.059880740601329, 24.808491840903375 ], [ 67.059755747514359, 24.808363245667955 ] ] ] } },
{ "type": "Feature", "id": 377, "properties": { "FID": 377, "class": "Defence_SpatialJoin", "SolarPV_Area(sqm)": 110.617919844, "Rooftop_Area(sqm)": 414.02376861699997 }, "geometry": { "type": "Polygon", "coordinates": [ [ [ 67.064065194803945, 24.808730766633481 ], [ 67.064262215890864, 24.808555918150393 ], [ 67.064359847534817, 24.80865412213678 ], [ 67.064162735845386, 24.808828956041133 ], [ 67.064065194803945, 24.808730766633481 ] ] ] } },
{ "type": "Feature", "id": 378, "properties": { "FID": 378, "class": "Defence_SpatialJoin", "SolarPV_Area(sqm)": 135.60567006900001, "Rooftop_Area(sqm)": 460.00248165900001 }, "geometry": { "type": "Polygon", "coordinates": [ [ [ 67.062474476051804, 24.805930050345189 ], [ 67.062582380521206, 24.805844632431786 ], [ 67.062785733569882, 24.806058580472421 ], [ 67.062677829888301, 24.806143999470084 ], [ 67.062474476051804, 24.805930050345189 ] ] ] } },
{ "type": "Feature", "id": 379, "properties": { "FID": 379, "class": "Defence_SpatialJoin", "SolarPV_Area(sqm)": 72.653323201399999, "Rooftop_Area(sqm)": 267.97430169299997 }, "geometry": { "type": "Polygon", "coordinates": [ [ [ 67.065056019138567, 24.802560758265159 ], [ 67.065164786613707, 24.802472824823237 ], [ 67.065285511373602, 24.802591990678049 ], [ 67.065176742469149, 24.80267983797139 ], [ 67.065056019138567, 24.802560758265159 ] ] ] } },
{ "type": "Feature", "id": 380, "properties": { "FID": 380, "class": "Defence_SpatialJoin", "SolarPV_Area(sqm)": 44.301409224099999, "Rooftop_Area(sqm)": 244.87508245800001 }, "geometry": { "type": "Polygon", "coordinates": [ [ [ 67.057853528343458, 24.806806290272618 ], [ 67.057953886741359, 24.806726499147459 ], [ 67.058075880559656, 24.806854355188332 ], [ 67.058002611780964, 24.806912533585088 ], [ 67.057982067585783, 24.806891019656327 ], [ 67.057954977952804, 24.806912631563698 ], [ 67.057853528343458, 24.806806290272618 ] ] ] } },
{ "type": "Feature", "id": 381, "properties": { "FID": 381, "class": "Defence_SpatialJoin", "SolarPV_Area(sqm)": 127.485425062, "Rooftop_Area(sqm)": 350.332236868 }, "geometry": { "type": "Polygon", "coordinates": [ [ [ 67.057393984641962, 24.805966291431847 ], [ 67.057500248026486, 24.805888659534009 ], [ 67.057668602632461, 24.806055607951226 ], [ 67.057562339142592, 24.806133239961163 ], [ 67.057393984641962, 24.805966291431847 ] ] ] } },
{ "type": "Feature", "id": 382, "properties": { "FID": 382, "class": "Defence_SpatialJoin", "SolarPV_Area(sqm)": 0.0, "Rooftop_Area(sqm)": 280.94702134 }, "geometry": { "type": "Polygon", "coordinates": [ [ [ 67.060701199109459, 24.806424405452553 ], [ 67.060832284100229, 24.806319823526266 ], [ 67.060934642326046, 24.80642665234878 ], [ 67.060803558234369, 24.806531234411882 ], [ 67.060701199109459, 24.806424405452553 ] ] ] } },
{ "type": "Feature", "id": 383, "properties": { "FID": 383, "class": "Defence_SpatialJoin", "SolarPV_Area(sqm)": 0.0, "Rooftop_Area(sqm)": 144.71162577800001 }, "geometry": { "type": "Polygon", "coordinates": [ [ [ 67.057121749812666, 24.809010367140132 ], [ 67.057224926571209, 24.808924281747025 ], [ 67.057292195144555, 24.808991528662485 ], [ 67.057188927846752, 24.809077599391522 ], [ 67.057121749812666, 24.809010367140132 ] ] ] } },
{ "type": "Feature", "id": 384, "properties": { "FID": 384, "class": "Defence_SpatialJoin", "SolarPV_Area(sqm)": 0.0, "Rooftop_Area(sqm)": 274.64916936200001 }, "geometry": { "type": "Polygon", "coordinates": [ [ [ 67.061256263254108, 24.805830792649683 ], [ 67.061342258193989, 24.805762953554236 ], [ 67.0614945240726, 24.805923717971083 ], [ 67.061408528071681, 24.805991557096071 ], [ 67.061256263254108, 24.805830792649683 ] ] ] } },
{ "type": "Feature", "id": 385, "properties": { "FID": 385, "class": "Defence_SpatialJoin", "SolarPV_Area(sqm)": 274.70317333899999, "Rooftop_Area(sqm)": 495.37367061700002 }, "geometry": { "type": "Polygon", "coordinates": [ [ [ 67.06019818612009, 24.803004250246186 ], [ 67.060310764815583, 24.802914385111769 ], [ 67.060476937704308, 24.803088414260479 ], [ 67.060452302726233, 24.803108030899416 ], [ 67.060489573728262, 24.803147110610666 ], [ 67.06049253405439, 24.803177745970238 ], [ 67.060472029383419, 24.803199575649593 ], [ 67.060422538388053, 24.803239188415578 ], [ 67.06019818612009, 24.803004250246186 ] ] ] } },
{ "type": "Feature", "id": 386, "properties": { "FID": 386, "class": "Defence_SpatialJoin", "SolarPV_Area(sqm)": 115.561926512, "Rooftop_Area(sqm)": 405.75048263600002 }, "geometry": { "type": "Polygon", "coordinates": [ [ [ 67.059187150184997, 24.807645502113466 ], [ 67.059376721285645, 24.807492966386466 ], [ 67.059482357053056, 24.807596296935859 ], [ 67.059292694913267, 24.807748732799144 ], [ 67.059187150184997, 24.807645502113466 ] ] ] } },
{ "type": "Feature", "id": 387, "properties": { "FID": 387, "class": "Defence_SpatialJoin", "SolarPV_Area(sqm)": 0.0, "Rooftop_Area(sqm)": 106.95191563500001 }, "geometry": { "type": "Polygon", "coordinates": [ [ [ 67.061412618947713, 24.807592101876889 ], [ 67.061518886467994, 24.807509755141187 ], [ 67.06156670225387, 24.807561217284 ], [ 67.061460434700678, 24.807643564051126 ], [ 67.061412618947713, 24.807592101876889 ] ] ] } },
{ "type": "Feature", "id": 388, "properties": { "FID": 388, "class": "Defence_SpatialJoin", "SolarPV_Area(sqm)": 103.05368023600001, "Rooftop_Area(sqm)": 329.02825628800002 }, "geometry": { "type": "Polygon", "coordinates": [ [ [ 67.066312833763902, 24.80819859816787 ], [ 67.066407569169328, 24.808124572731185 ], [ 67.066571016867314, 24.808302348659591 ], [ 67.066476371864681, 24.808376388895216 ], [ 67.066312833763902, 24.80819859816787 ] ] ] } },
{ "type": "Feature", "id": 389, "properties": { "FID": 389, "class": "Defence_SpatialJoin", "SolarPV_Area(sqm)": 0.0, "Rooftop_Area(sqm)": 264.097566626 }, "geometry": { "type": "Polygon", "coordinates": [ [ [ 67.06053457195415, 24.803462616129931 ], [ 67.06062074858518, 24.80339848015009 ], [ 67.060765196116265, 24.803560461317641 ], [ 67.060678927917792, 24.803624582614361 ], [ 67.06053457195415, 24.803462616129931 ] ] ] } },
{ "type": "Feature", "id": 390, "properties": { "FID": 390, "class": "Defence_SpatialJoin", "SolarPV_Area(sqm)": 0.0, "Rooftop_Area(sqm)": 280.85710300800002 }, "geometry": { "type": "Polygon", "coordinates": [ [ [ 67.064965996234847, 24.801122007272181 ], [ 67.065048265559497, 24.801055355468488 ], [ 67.065211621290032, 24.801223115792986 ], [ 67.065129352323879, 24.801289852968299 ], [ 67.064965996234847, 24.801122007272181 ] ] ] } },
{ "type": "Feature", "id": 391, "properties": { "FID": 391, "class": "Defence_SpatialJoin", "SolarPV_Area(sqm)": 110.088509683, "Rooftop_Area(sqm)": 435.80628159700001 }, "geometry": { "type": "Polygon", "coordinates": [ [ [ 67.060647151039561, 24.802227991247999 ], [ 67.06071610777461, 24.802170749023126 ], [ 67.060689382301575, 24.802142940663444 ], [ 67.060724198110393, 24.802115136784053 ], [ 67.060789467975425, 24.802183341155011 ], [ 67.060769469202569, 24.802199260979151 ], [ 67.060800921863716, 24.802232104555987 ], [ 67.060820921244584, 24.802216098600272 ], [ 67.060940945202205, 24.80234873893496 ], [ 67.060837170740044, 24.802433613650731 ], [ 67.060647151039561, 24.802227991247999 ] ] ] } },
{ "type": "Feature", "id": 392, "properties": { "FID": 392, "class": "Defence_SpatialJoin", "SolarPV_Area(sqm)": 136.73802669200001, "Rooftop_Area(sqm)": 498.14781876400002 }, "geometry": { "type": "Polygon", "coordinates": [ [ [ 67.064553924107912, 24.809202964380447 ], [ 67.064719280005576, 24.809076810606435 ], [ 67.064709007635585, 24.809065668922422 ], [ 67.06479636770095, 24.808999073740985 ], [ 67.064876091685463, 24.809086101578966 ], [ 67.064850910998643, 24.809105288564435 ], [ 67.064869546066291, 24.80912564084894 ], [ 67.064626647800935, 24.809310998965966 ], [ 67.064566560255912, 24.809245423266116 ], [ 67.064582013591107, 24.809233641968365 ], [ 67.064553924107912, 24.809202964380447 ] ] ] } },
{ "type": "Feature", "id": 393, "properties": { "FID": 393, "class": "Defence_SpatialJoin", "SolarPV_Area(sqm)": 53.445188655599999, "Rooftop_Area(sqm)": 267.96749833500002 }, "geometry": { "type": "Polygon", "coordinates": [ [ [ 67.061116595000584, 24.803312047938942 ], [ 67.061199174868605, 24.803250192963173 ], [ 67.061361845944603, 24.803415759477573 ], [ 67.061269785239944, 24.803472234808208 ], [ 67.061116595000584, 24.803312047938942 ] ] ] } },
{ "type": "Feature", "id": 394, "properties": { "FID": 394, "class": "Defence_SpatialJoin", "SolarPV_Area(sqm)": 0.0, "Rooftop_Area(sqm)": 319.66545949800002 }, "geometry": { "type": "Polygon", "coordinates": [ [ [ 67.065492972909837, 24.80883538552856 ], [ 67.065543970937995, 24.808795403717351 ], [ 67.06556724177706, 24.80882009243399 ], [ 67.065613240353983, 24.808784090708308 ], [ 67.065745322470235, 24.808945225431088 ], [ 67.065648235744703, 24.809021278739095 ], [ 67.065492972909837, 24.80883538552856 ] ] ] } },
{ "type": "Feature", "id": 395, "properties": { "FID": 395, "class": "Defence_SpatialJoin", "SolarPV_Area(sqm)": 0.0, "Rooftop_Area(sqm)": 220.63845459199999 }, "geometry": { "type": "Polygon", "coordinates": [ [ [ 67.062111493364711, 24.804278915865936 ], [ 67.062194307752193, 24.804212441762466 ], [ 67.062344754706885, 24.804368724574562 ], [ 67.062296302848281, 24.804407662933457 ], [ 67.062240305192134, 24.80434958413915 ], [ 67.062206125184559, 24.8043770632849 ], [ 67.062111493364711, 24.804278915865936 ] ] ] } },
{ "type": "Feature", "id": 396, "properties": { "FID": 396, "class": "Defence_SpatialJoin", "SolarPV_Area(sqm)": 0.0, "Rooftop_Area(sqm)": 461.00854679399998 }, "geometry": { "type": "Polygon", "coordinates": [ [ [ 67.059509169112189, 24.809535488751123 ], [ 67.059737793551477, 24.809353656603733 ], [ 67.059844242501327, 24.809465076796752 ], [ 67.0597404302695, 24.809547729758055 ], [ 67.059721703523877, 24.809528132247983 ], [ 67.059596891613566, 24.809627396857653 ], [ 67.059509169112189, 24.809535488751123 ] ] ] } },
{ "type": "Feature", "id": 397, "properties": { "FID": 397, "class": "Defence_SpatialJoin", "SolarPV_Area(sqm)": 0.0, "Rooftop_Area(sqm)": 288.88405699200001 }, "geometry": { "type": "Polygon", "coordinates": [ [ [ 67.065744143311932, 24.801919287768904 ], [ 67.065827775890938, 24.801852940749423 ], [ 67.065992496111434, 24.802026048088177 ], [ 67.065908863448129, 24.802092395194048 ], [ 67.065744143311932, 24.801919287768904 ] ] ] } },
{ "type": "Feature", "id": 398, "properties": { "FID": 398, "class": "Defence_SpatialJoin", "SolarPV_Area(sqm)": 0.0, "Rooftop_Area(sqm)": 274.94149564899999 }, "geometry": { "type": "Polygon", "coordinates": [ [ [ 67.066033130984664, 24.802035757577102 ], [ 67.066118581811153, 24.801967395579325 ], [ 67.066272301850631, 24.802127535443326 ], [ 67.066186942045761, 24.802195826097694 ], [ 67.066033130984664, 24.802035757577102 ] ] ] } },
{ "type": "Feature", "id": 399, "properties": { "FID": 399, "class": "Defence_SpatialJoin", "SolarPV_Area(sqm)": 0.0, "Rooftop_Area(sqm)": 105.85980979199999 }, "geometry": { "type": "Polygon", "coordinates": [ [ [ 67.061336076711555, 24.808017913702397 ], [ 67.061435253859599, 24.807940834581029 ], [ 67.061485978536751, 24.807995329528026 ], [ 67.061386892406503, 24.808072338153519 ], [ 67.061336076711555, 24.808017913702397 ] ] ] } },
{ "type": "Feature", "id": 400, "properties": { "FID": 400, "class": "Defence_SpatialJoin", "SolarPV_Area(sqm)": 0.0, "Rooftop_Area(sqm)": 267.53993179499997 }, "geometry": { "type": "Polygon", "coordinates": [ [ [ 67.058103879281489, 24.805441119245017 ], [ 67.058288960274993, 24.80529636201565 ], [ 67.058357774631233, 24.805369668042001 ], [ 67.058172693557111, 24.805514425350577 ], [ 67.058103879281489, 24.805441119245017 ] ] ] } },
{ "type": "Feature", "id": 401, "properties": { "FID": 401, "class": "Defence_SpatialJoin", "SolarPV_Area(sqm)": 0.0, "Rooftop_Area(sqm)": 162.169627617 }, "geometry": { "type": "Polygon", "coordinates": [ [ [ 67.061369347652501, 24.803691758034383 ], [ 67.061447616788058, 24.803631474014296 ], [ 67.061545976125473, 24.803737828212356 ], [ 67.06146761589315, 24.803798182807778 ], [ 67.061369347652501, 24.803691758034383 ] ] ] } },
{ "type": "Feature", "id": 402, "properties": { "FID": 402, "class": "Defence_SpatialJoin", "SolarPV_Area(sqm)": 0.0, "Rooftop_Area(sqm)": 242.440135975 }, "geometry": { "type": "Polygon", "coordinates": [ [ [ 67.061163994628927, 24.80385402313356 ], [ 67.061210356154803, 24.803817569118571 ], [ 67.061236990694752, 24.803845789962395 ], [ 67.061278989012067, 24.803812734189929 ], [ 67.061395710597552, 24.803936405405189 ], [ 67.061307260125261, 24.804005901453593 ], [ 67.061163994628927, 24.80385402313356 ] ] ] } },
{ "type": "Feature", "id": 403, "properties": { "FID": 403, "class": "Defence_SpatialJoin", "SolarPV_Area(sqm)": 80.120378776400003, "Rooftop_Area(sqm)": 246.067248105 }, "geometry": { "type": "Polygon", "coordinates": [ [ [ 67.060289531729779, 24.806307501888384 ], [ 67.060370072794868, 24.806242631034152 ], [ 67.060381306722348, 24.806248073986755 ], [ 67.060448303482943, 24.806194180308573 ], [ 67.060535025866642, 24.806283960840751 ], [ 67.060413668633402, 24.806381649613328 ], [ 67.060348398863908, 24.806314128545132 ], [ 67.060322218205755, 24.806335204381817 ], [ 67.060289531729779, 24.806307501888384 ] ] ] } },
{ "type": "Feature", "id": 404, "properties": { "FID": 404, "class": "Defence_SpatialJoin", "SolarPV_Area(sqm)": 46.5702138057, "Rooftop_Area(sqm)": 520.27458863200002 }, "geometry": { "type": "Polygon", "coordinates": [ [ [ 67.064904272071203, 24.809597936616491 ], [ 67.065154442655441, 24.809399221896768 ], [ 67.065253835638686, 24.809503181955517 ], [ 67.065003664903671, 24.809701896831488 ], [ 67.064904272071203, 24.809597936616491 ] ] ] } },
{ "type": "Feature", "id": 405, "properties": { "FID": 405, "class": "Defence_SpatialJoin", "SolarPV_Area(sqm)": 100.10530131100001, "Rooftop_Area(sqm)": 491.02236312799999 }, "geometry": { "type": "Polygon", "coordinates": [ [ [ 67.058491313622113, 24.80616681342703 ], [ 67.05865303170097, 24.806047090816591 ], [ 67.058744391208108, 24.806149924466258 ], [ 67.058796778888478, 24.806217832148885 ], [ 67.058690120668018, 24.806286368527207 ], [ 67.05862921509862, 24.806321930409645 ], [ 67.058491313622113, 24.80616681342703 ] ] ] } },
{ "type": "Feature", "id": 406, "properties": { "FID": 406, "class": "Defence_SpatialJoin", "SolarPV_Area(sqm)": 50.592574170399999, "Rooftop_Area(sqm)": 478.85442532799999 }, "geometry": { "type": "Polygon", "coordinates": [ [ [ 67.06623803111242, 24.803717681212909 ], [ 67.06636084328747, 24.803619274932341 ], [ 67.066399387442601, 24.803659499372845 ], [ 67.066415113964098, 24.803646906591396 ], [ 67.06645683958854, 24.803690206940825 ], [ 67.066498110799984, 24.803657202116046 ], [ 67.066596469673115, 24.803759623527998 ], [ 67.06655519941728, 24.803792628430664 ], [ 67.066575534574071, 24.803814051189445 ], [ 67.066511088156446, 24.803866977936284 ], [ 67.066399427035677, 24.803750339055135 ], [ 67.066325242349251, 24.803808225266199 ], [ 67.06623803111242, 24.803717681212909 ] ] ] } },
{ "type": "Feature", "id": 407, "properties": { "FID": 407, "class": "Defence_SpatialJoin", "SolarPV_Area(sqm)": 106.387767371, "Rooftop_Area(sqm)": 497.548062759 }, "geometry": { "type": "Polygon", "coordinates": [ [ [ 67.066728243757112, 24.802550608074693 ], [ 67.066837186481095, 24.802474508054026 ], [ 67.067044865868212, 24.802712896910368 ], [ 67.066928031205407, 24.802797474715703 ], [ 67.066728243757112, 24.802550608074693 ] ] ] } },
{ "type": "Feature", "id": 408, "properties": { "FID": 408, "class": "Defence_SpatialJoin", "SolarPV_Area(sqm)": 0.0, "Rooftop_Area(sqm)": 228.48653855200001 }, "geometry": { "type": "Polygon", "coordinates": [ [ [ 67.056651594401842, 24.805365957546243 ], [ 67.056766950946695, 24.805276194241344 ], [ 67.056871399970731, 24.80538806134139 ], [ 67.05681440295038, 24.805432454419083 ], [ 67.056794131410001, 24.80541072791808 ], [ 67.056735770835971, 24.805456098160303 ], [ 67.056651594401842, 24.805365957546243 ] ] ] } },
{ "type": "Feature", "id": 409, "properties": { "FID": 409, "class": "Defence_SpatialJoin", "SolarPV_Area(sqm)": 0.0, "Rooftop_Area(sqm)": 297.885243264 }, "geometry": { "type": "Polygon", "coordinates": [ [ [ 67.065847865847388, 24.809774875292135 ], [ 67.065934408302724, 24.809707891108403 ], [ 67.066098037077268, 24.809883817911647 ], [ 67.066011404460141, 24.809950872765441 ], [ 67.065847865847388, 24.809774875292135 ] ] ] } },
{ "type": "Feature", "id": 410, "properties": { "FID": 410, "class": "Defence_SpatialJoin", "SolarPV_Area(sqm)": 0.0, "Rooftop_Area(sqm)": 243.58621603099999 }, "geometry": { "type": "Polygon", "coordinates": [ [ [ 67.061584519649728, 24.803549960240222 ], [ 67.061675969380687, 24.80347923835544 ], [ 67.061802508308816, 24.803615514762566 ], [ 67.061710967399293, 24.803686308141373 ], [ 67.061584519649728, 24.803549960240222 ] ] ] } },
{ "type": "Feature", "id": 411, "properties": { "FID": 411, "class": "Defence_SpatialJoin", "SolarPV_Area(sqm)": 59.420324567400002, "Rooftop_Area(sqm)": 317.63670106500001 }, "geometry": { "type": "Polygon", "coordinates": [ [ [ 67.065945057929397, 24.801208219196461 ], [ 67.066033494291162, 24.80113512687317 ], [ 67.066090855424747, 24.801192398348483 ], [ 67.066085128592135, 24.801197287489366 ], [ 67.066208941696459, 24.801320815837858 ], [ 67.066126231484262, 24.80138910524748 ], [ 67.065945057929397, 24.801208219196461 ] ] ] } },
{ "type": "Feature", "id": 412, "properties": { "FID": 412, "class": "Defence_SpatialJoin", "SolarPV_Area(sqm)": 0.0, "Rooftop_Area(sqm)": 441.85295987400002 }, "geometry": { "type": "Polygon", "coordinates": [ [ [ 67.066742827213687, 24.80231299314238 ], [ 67.066802461005679, 24.802263973738974 ], [ 67.066757007991711, 24.802217850346555 ], [ 67.066840095893866, 24.80214953499204 ], [ 67.066885548006312, 24.802195657413545 ], [ 67.06694581855794, 24.802146227643224 ], [ 67.067031451013264, 24.802233095065102 ], [ 67.066828459571852, 24.802399860675525 ], [ 67.066742827213687, 24.80231299314238 ] ] ] } },
{ "type": "Feature", "id": 413, "properties": { "FID": 413, "class": "Defence_SpatialJoin", "SolarPV_Area(sqm)": 0.0, "Rooftop_Area(sqm)": 358.78215294400002 }, "geometry": { "type": "Polygon", "coordinates": [ [ [ 67.055379664790621, 24.807282715322035 ], [ 67.055542473361399, 24.807151039701147 ], [ 67.055647831120169, 24.807259635651992 ], [ 67.055485022449318, 24.807391311381689 ], [ 67.055379664790621, 24.807282715322035 ] ] ] } },
{ "type": "Feature", "id": 414, "properties": { "FID": 414, "class": "Defence_SpatialJoin", "SolarPV_Area(sqm)": 0.0, "Rooftop_Area(sqm)": 284.99309269600002 }, "geometry": { "type": "Polygon", "coordinates": [ [ [ 67.066175586376133, 24.809171029665087 ], [ 67.066257666313334, 24.809107661765356 ], [ 67.066426386005674, 24.809282784652549 ], [ 67.066344306963828, 24.809346152691223 ], [ 67.066175586376133, 24.809171029665087 ] ] ] } },
{ "type": "Feature", "id": 415, "properties": { "FID": 415, "class": "Defence_SpatialJoin", "SolarPV_Area(sqm)": 0.0, "Rooftop_Area(sqm)": 280.72787061100001 }, "geometry": { "type": "Polygon", "coordinates": [ [ [ 67.065700963704586, 24.808678668368945 ], [ 67.065782959769621, 24.808612830797948 ], [ 67.065946589364174, 24.808782432737488 ], [ 67.065864592674941, 24.808848355627365 ], [ 67.065700963704586, 24.808678668368945 ] ] ] } },
{ "type": "Feature", "id": 416, "properties": { "FID": 416, "class": "Defence_SpatialJoin", "SolarPV_Area(sqm)": 0.0, "Rooftop_Area(sqm)": 147.72132637000001 }, "geometry": { "type": "Polygon", "coordinates": [ [ [ 67.060962641222218, 24.806606270922373 ], [ 67.061082089711491, 24.806505026121656 ], [ 67.061141449985755, 24.806563476226035 ], [ 67.061022001460017, 24.806664721072913 ], [ 67.060962641222218, 24.806606270922373 ] ] ] } },
{ "type": "Feature", "id": 417, "properties": { "FID": 417, "class": "Defence_SpatialJoin", "SolarPV_Area(sqm)": 154.07440283700001, "Rooftop_Area(sqm)": 396.14890473700001 }, "geometry": { "type": "Polygon", "coordinates": [ [ [ 67.057361100422725, 24.807204871607443 ], [ 67.057526728254132, 24.807073133963819 ], [ 67.05764326779412, 24.807195068919931 ], [ 67.057539727612877, 24.807277593098515 ], [ 67.057533273174428, 24.80727091278974 ], [ 67.057471276397422, 24.807320225472491 ], [ 67.057361100422725, 24.807204871607443 ] ] ] } },
{ "type": "Feature", "id": 418, "properties": { "FID": 418, "class": "Defence_SpatialJoin", "SolarPV_Area(sqm)": 0.0, "Rooftop_Area(sqm)": 257.13708507299998 }, "geometry": { "type": "Polygon", "coordinates": [ [ [ 67.065240438928939, 24.801784288634298 ], [ 67.065328706969595, 24.801710997641923 ], [ 67.065468519693212, 24.801851120087814 ], [ 67.065380341105239, 24.801924425810217 ], [ 67.065240438928939, 24.801784288634298 ] ] ] } },
{ "type": "Feature", "id": 419, "properties": { "FID": 419, "class": "Defence_SpatialJoin", "SolarPV_Area(sqm)": 103.010765236, "Rooftop_Area(sqm)": 293.14924966400002 }, "geometry": { "type": "Polygon", "coordinates": [ [ [ 67.059996598972191, 24.805087062243839 ], [ 67.060174590104651, 24.804941755543815 ], [ 67.060244677213134, 24.805013386788143 ], [ 67.060223496072041, 24.805030654153274 ], [ 67.060233405051562, 24.805040796527681 ], [ 67.06007659454832, 24.805168750666628 ], [ 67.059996598972191, 24.805087062243839 ] ] ] } },
{ "type": "Feature", "id": 420, "properties": { "FID": 420, "class": "Defence_SpatialJoin", "SolarPV_Area(sqm)": 0.0, "Rooftop_Area(sqm)": 330.10464085900003 }, "geometry": { "type": "Polygon", "coordinates": [ [ [ 67.05794543294509, 24.806346642996523 ], [ 67.058123696105326, 24.806206941956003 ], [ 67.058211873678985, 24.806300631812842 ], [ 67.058033609812753, 24.806440419078385 ], [ 67.05794543294509, 24.806346642996523 ] ] ] } },
{ "type": "Feature", "id": 421, "properties": { "FID": 421, "class": "Defence_SpatialJoin", "SolarPV_Area(sqm)": 0.0, "Rooftop_Area(sqm)": 523.27970107500005 }, "geometry": { "type": "Polygon", "coordinates": [ [ [ 67.060069140453592, 24.806050170475519 ], [ 67.060324309293776, 24.805847569580845 ], [ 67.060374034592982, 24.805899766615518 ], [ 67.060410123508916, 24.805871144290627 ], [ 67.060452303368919, 24.805915288001067 ], [ 67.060161044912562, 24.806146596610489 ], [ 67.060069140453592, 24.806050170475519 ] ] ] } },
{ "type": "Feature", "id": 422, "properties": { "FID": 422, "class": "Defence_SpatialJoin", "SolarPV_Area(sqm)": 0.0, "Rooftop_Area(sqm)": 377.031232703 }, "geometry": { "type": "Polygon", "coordinates": [ [ [ 67.057232380228655, 24.807297180725215 ], [ 67.05732328431786, 24.807225438099032 ], [ 67.057469367633317, 24.807379481979549 ], [ 67.057320829704508, 24.807496882476936 ], [ 67.057276741245488, 24.80745037877054 ], [ 67.057294195608549, 24.807436699373085 ], [ 67.057255561303833, 24.807395945680451 ], [ 67.05727474162704, 24.807380835466738 ], [ 67.057246198021431, 24.807350853325463 ], [ 67.057267378494871, 24.807334099879874 ], [ 67.057232380228655, 24.807297180725215 ] ] ] } },
{ "type": "Feature", "id": 423, "properties": { "FID": 423, "class": "Defence_SpatialJoin", "SolarPV_Area(sqm)": 0.0, "Rooftop_Area(sqm)": 304.231137144 }, "geometry": { "type": "Polygon", "coordinates": [ [ [ 67.058492130916278, 24.808910658969385 ], [ 67.058541674190238, 24.808870191286054 ], [ 67.058498857979288, 24.808826542461698 ], [ 67.058554673539064, 24.80878084721849 ], [ 67.058597580208385, 24.80882451163005 ], [ 67.058663395025505, 24.808770686168252 ], [ 67.058734482511312, 24.808843162573996 ], [ 67.058563218275694, 24.80898313634729 ], [ 67.058492130916278, 24.808910658969385 ] ] ] } },
{ "type": "Feature", "id": 424, "properties": { "FID": 424, "class": "Defence_SpatialJoin", "SolarPV_Area(sqm)": 0.0, "Rooftop_Area(sqm)": 542.40247685899999 }, "geometry": { "type": "Polygon", "coordinates": [ [ [ 67.064258301729438, 24.80578595271653 ], [ 67.064274482072733, 24.805773006637935 ], [ 67.064262937100736, 24.805760890568891 ], [ 67.064358479054306, 24.805684844271266 ], [ 67.064456201370575, 24.805787164039391 ], [ 67.064475109703395, 24.805772093780881 ], [ 67.064597830914124, 24.805900576631391 ], [ 67.064467019060913, 24.806004610920663 ], [ 67.064399476975908, 24.805933904104048 ], [ 67.064415748872179, 24.805920971873043 ], [ 67.064360569781115, 24.805863196638331 ], [ 67.064344296967676, 24.805876127916953 ], [ 67.064258301729438, 24.80578595271653 ] ] ] } },
{ "type": "Feature", "id": 425, "properties": { "FID": 425, "class": "Defence_SpatialJoin", "SolarPV_Area(sqm)": 0.0, "Rooftop_Area(sqm)": 310.47746126200002 }, "geometry": { "type": "Polygon", "coordinates": [ [ [ 67.059889968250715, 24.804974759058734 ], [ 67.060055686505478, 24.804847301556258 ], [ 67.060144591063633, 24.804943671383434 ], [ 67.05997896315445, 24.805071144577589 ], [ 67.059889968250715, 24.804974759058734 ] ] ] } },
{ "type": "Feature", "id": 426, "properties": { "FID": 426, "class": "Defence_SpatialJoin", "SolarPV_Area(sqm)": 60.949245236199999, "Rooftop_Area(sqm)": 489.67199523099998 }, "geometry": { "type": "Polygon", "coordinates": [ [ [ 67.063836703403965, 24.804862501618917 ], [ 67.063947497303786, 24.804769816935767 ], [ 67.06416562494492, 24.804976039084568 ], [ 67.064054830928995, 24.805068723926514 ], [ 67.063836703403965, 24.804862501618917 ] ] ] } },
{ "type": "Feature", "id": 427, "properties": { "FID": 427, "class": "Defence_SpatialJoin", "SolarPV_Area(sqm)": 48.042750884900002, "Rooftop_Area(sqm)": 263.99650173200001 }, "geometry": { "type": "Polygon", "coordinates": [ [ [ 67.064667337597896, 24.80447183216836 ], [ 67.06478207002958, 24.80437091318473 ], [ 67.064903009407956, 24.804466899606375 ], [ 67.064788276992047, 24.804567817792151 ], [ 67.064667337597896, 24.80447183216836 ] ] ] } },
{ "type": "Feature", "id": 428, "properties": { "FID": 428, "class": "Defence_SpatialJoin", "SolarPV_Area(sqm)": 65.465422060999998, "Rooftop_Area(sqm)": 257.64743491299998 }, "geometry": { "type": "Polygon", "coordinates": [ [ [ 67.062340209724994, 24.804743333150849 ], [ 67.062381934887682, 24.804709463694859 ], [ 67.062347118216778, 24.804673771445792 ], [ 67.062406540830281, 24.804626740958589 ], [ 67.062543534041623, 24.804767352046667 ], [ 67.062442477730727, 24.804848265931305 ], [ 67.062340209724994, 24.804743333150849 ] ] ] } },
{ "type": "Feature", "id": 429, "properties": { "FID": 429, "class": "Defence_SpatialJoin", "SolarPV_Area(sqm)": 0.0, "Rooftop_Area(sqm)": 266.62996762799997 }, "geometry": { "type": "Polygon", "coordinates": [ [ [ 67.058879111126714, 24.808807512101851 ], [ 67.058924745279583, 24.808770516032514 ], [ 67.059095735981401, 24.808946179520682 ], [ 67.059050192835372, 24.808983105114521 ], [ 67.059060465041767, 24.808993733721863 ], [ 67.059041829533356, 24.809008932511674 ], [ 67.059019103649959, 24.808985613867105 ], [ 67.058980014843826, 24.809017340433236 ], [ 67.05892465367188, 24.808960474435537 ], [ 67.058963742522863, 24.808928746988723 ], [ 67.058892292006448, 24.808855442618125 ], [ 67.058911018001126, 24.808840258553893 ], [ 67.058879111126714, 24.808807512101851 ] ] ] } },
{ "type": "Feature", "id": 430, "properties": { "FID": 430, "class": "Defence_SpatialJoin", "SolarPV_Area(sqm)": 0.0, "Rooftop_Area(sqm)": 221.07614729700001 }, "geometry": { "type": "Polygon", "coordinates": [ [ [ 67.064837638571831, 24.802109434923462 ], [ 67.064919453428587, 24.802044335085899 ], [ 67.065078536555291, 24.802210808687924 ], [ 67.065054174453479, 24.80223021467669 ], [ 67.065011267469302, 24.802185355823621 ], [ 67.064953815573006, 24.802231050685474 ], [ 67.064837638571831, 24.802109434923462 ] ] ] } },
{ "type": "Feature", "id": 431, "properties": { "FID": 431, "class": "Defence_SpatialJoin", "SolarPV_Area(sqm)": 75.679470558600002, "Rooftop_Area(sqm)": 307.69343071399999 }, "geometry": { "type": "Polygon", "coordinates": [ [ [ 67.057203751854274, 24.806123212009243 ], [ 67.057293375319233, 24.806044912830732 ], [ 67.057448823028381, 24.806211039880743 ], [ 67.057359199481851, 24.806289339148378 ], [ 67.057203751854274, 24.806123212009243 ] ] ] } },
{ "type": "Feature", "id": 432, "properties": { "FID": 432, "class": "Defence_SpatialJoin", "SolarPV_Area(sqm)": 49.170905531300001, "Rooftop_Area(sqm)": 527.89311347800003 }, "geometry": { "type": "Polygon", "coordinates": [ [ [ 67.065885122346018, 24.803219603763477 ], [ 67.0660082232734, 24.80312326844674 ], [ 67.066187215369837, 24.803315341799454 ], [ 67.066164761523012, 24.803332661691496 ], [ 67.066212304473112, 24.803383566578979 ], [ 67.066129945215494, 24.803447639137566 ], [ 67.066068401793643, 24.803381660114798 ], [ 67.065982572077772, 24.803324185660149 ], [ 67.065885122346018, 24.803219603763477 ] ] ] } },
{ "type": "Feature", "id": 433, "properties": { "FID": 433, "class": "Defence_SpatialJoin", "SolarPV_Area(sqm)": 0.0, "Rooftop_Area(sqm)": 183.653689364 }, "geometry": { "type": "Polygon", "coordinates": [ [ [ 67.063177533508437, 24.806654825352371 ], [ 67.063239439425402, 24.806605407942989 ], [ 67.063381069482276, 24.80675326160938 ], [ 67.063319163512531, 24.806802679073964 ], [ 67.063177533508437, 24.806654825352371 ] ] ] } },
{ "type": "Feature", "id": 434, "properties": { "FID": 434, "class": "Defence_SpatialJoin", "SolarPV_Area(sqm)": 0.0, "Rooftop_Area(sqm)": 251.04181149499999 }, "geometry": { "type": "Polygon", "coordinates": [ [ [ 67.065447519874795, 24.80160374176625 ], [ 67.065527062453782, 24.8015360529437 ], [ 67.065678782780239, 24.801684503238981 ], [ 67.06559924106287, 24.801752193087111 ], [ 67.065447519874795, 24.80160374176625 ] ] ] } },
{ "type": "Feature", "id": 435, "properties": { "FID": 435, "class": "Defence_SpatialJoin", "SolarPV_Area(sqm)": 0.0, "Rooftop_Area(sqm)": 837.17257915300002 }, "geometry": { "type": "Polygon", "coordinates": [ [ [ 67.064486472299251, 24.809598371301256 ], [ 67.064581013701243, 24.809521653568979 ], [ 67.064559741952067, 24.809499851010035 ], [ 67.064579973268806, 24.80947809505647 ], [ 67.06452024875972, 24.809416765955657 ], [ 67.064629102514047, 24.809333870107501 ], [ 67.064838647864022, 24.809569622386029 ], [ 67.06461511260774, 24.80975100690862 ], [ 67.064486472299251, 24.809598371301256 ] ] ] } },
{ "type": "Feature", "id": 436, "properties": { "FID": 436, "class": "Defence_SpatialJoin", "SolarPV_Area(sqm)": 0.0, "Rooftop_Area(sqm)": 337.59606503499998 }, "geometry": { "type": "Polygon", "coordinates": [ [ [ 67.058559582302351, 24.805915546773893 ], [ 67.058759663058169, 24.805763465307283 ], [ 67.058839567873846, 24.805851036176218 ], [ 67.058639577940951, 24.80600321773322 ], [ 67.058559582302351, 24.805915546773893 ] ] ] } },
{ "type": "Feature", "id": 437, "properties": { "FID": 437, "class": "Defence_SpatialJoin", "SolarPV_Area(sqm)": 0.0, "Rooftop_Area(sqm)": 102.094622583 }, "geometry": { "type": "Polygon", "coordinates": [ [ [ 67.061217537030842, 24.806867412634233 ], [ 67.061309805402118, 24.806792637207288 ], [ 67.061362711927814, 24.806847141814231 ], [ 67.061270444075689, 24.806921832038903 ], [ 67.061217537030842, 24.806867412634233 ] ] ] } },
{ "type": "Feature", "id": 438, "properties": { "FID": 438, "class": "Defence_SpatialJoin", "SolarPV_Area(sqm)": 67.301038253200005, "Rooftop_Area(sqm)": 318.49476090299999 }, "geometry": { "type": "Polygon", "coordinates": [ [ [ 67.064845218552591, 24.805503006821393 ], [ 67.064729240810294, 24.805373568458478 ], [ 67.064853955463107, 24.805279907442902 ], [ 67.06497835942838, 24.805424346766159 ], [ 67.064845218552591, 24.805503006821393 ] ] ] } },
{ "type": "Feature", "id": 439, "properties": { "FID": 439, "class": "Defence_SpatialJoin", "SolarPV_Area(sqm)": 59.633216141799998, "Rooftop_Area(sqm)": 340.25228958399998 }, "geometry": { "type": "Polygon", "coordinates": [ [ [ 67.061113858774178, 24.804196468268565 ], [ 67.061209356292792, 24.804114380760495 ], [ 67.061372893195994, 24.804287130662985 ], [ 67.061277305086833, 24.804369203565276 ], [ 67.061113858774178, 24.804196468268565 ] ] ] } },
{ "type": "Feature", "id": 440, "properties": { "FID": 440, "class": "Defence_SpatialJoin", "SolarPV_Area(sqm)": 0.0, "Rooftop_Area(sqm)": 247.255543945 }, "geometry": { "type": "Polygon", "coordinates": [ [ [ 67.062410910530716, 24.804237080864272 ], [ 67.062563448528749, 24.804117577810437 ], [ 67.062576198365321, 24.804132720937265 ], [ 67.06260428818932, 24.804110669472692 ], [ 67.062658103913122, 24.804167969275866 ], [ 67.062477475581289, 24.804309438580585 ], [ 67.062410910530716, 24.804237080864272 ] ] ] } },
{ "type": "Feature", "id": 441, "properties": { "FID": 441, "class": "Defence_SpatialJoin", "SolarPV_Area(sqm)": 0.0, "Rooftop_Area(sqm)": 109.198988791 }, "geometry": { "type": "Polygon", "coordinates": [ [ [ 67.060811103458036, 24.80356486963964 ], [ 67.060895371514405, 24.803494016085072 ], [ 67.060957641768425, 24.803555583999987 ], [ 67.060873191159146, 24.803626493357996 ], [ 67.060811103458036, 24.80356486963964 ] ] ] } },
{ "type": "Feature", "id": 442, "properties": { "FID": 442, "class": "Defence_SpatialJoin", "SolarPV_Area(sqm)": 0.0, "Rooftop_Area(sqm)": 475.05785683599998 }, "geometry": { "type": "Polygon", "coordinates": [ [ [ 67.063962405932173, 24.806002427626396 ], [ 67.064070219322105, 24.805916992784084 ], [ 67.064280300640689, 24.806138007311144 ], [ 67.06417239660972, 24.806223427591132 ], [ 67.063962405932173, 24.806002427626396 ] ] ] } },
{ "type": "Feature", "id": 443, "properties": { "FID": 443, "class": "Defence_SpatialJoin", "SolarPV_Area(sqm)": 0.0, "Rooftop_Area(sqm)": 255.93980777600001 }, "geometry": { "type": "Polygon", "coordinates": [ [ [ 67.059870150835977, 24.807312710256944 ], [ 67.060035506290902, 24.807187077435241 ], [ 67.060070958470661, 24.807225949937827 ], [ 67.060090321683333, 24.807211295105891 ], [ 67.060124229121385, 24.807248465996711 ], [ 67.059939510371763, 24.807388753724478 ], [ 67.059870150835977, 24.807312710256944 ] ] ] } },
{ "type": "Feature", "id": 444, "properties": { "FID": 444, "class": "Defence_SpatialJoin", "SolarPV_Area(sqm)": 0.0, "Rooftop_Area(sqm)": 213.144822654 }, "geometry": { "type": "Polygon", "coordinates": [ [ [ 67.057644310747719, 24.805311832329249 ], [ 67.057806029530241, 24.805179376101062 ], [ 67.057881618118245, 24.805245997100247 ], [ 67.05778825980903, 24.805322387538574 ], [ 67.057772715422445, 24.805306550883017 ], [ 67.057704354960435, 24.80536261585312 ], [ 67.057644310747719, 24.805311832329249 ] ] ] } },
{ "type": "Feature", "id": 445, "properties": { "FID": 445, "class": "Defence_SpatialJoin", "SolarPV_Area(sqm)": 0.0, "Rooftop_Area(sqm)": 300.54134460900002 }, "geometry": { "type": "Polygon", "coordinates": [ [ [ 67.062477748832166, 24.804868906208863 ], [ 67.062574107454878, 24.804790258051341 ], [ 67.062703283858994, 24.804922174010134 ], [ 67.062714100745808, 24.804913320640409 ], [ 67.062732190959565, 24.804931789665805 ], [ 67.062625014388274, 24.805019291232465 ], [ 67.062477748832166, 24.804868906208863 ] ] ] } },
{ "type": "Feature", "id": 446, "properties": { "FID": 446, "class": "Defence_SpatialJoin", "SolarPV_Area(sqm)": 0.0, "Rooftop_Area(sqm)": 269.354208374 }, "geometry": { "type": "Polygon", "coordinates": [ [ [ 67.061846945820733, 24.802752411941924 ], [ 67.061933941768203, 24.80268421892626 ], [ 67.062093676468592, 24.802831422055494 ], [ 67.062006680999573, 24.802899529928251 ], [ 67.061846945820733, 24.802752411941924 ] ] ] } },
{ "type": "Feature", "id": 447, "properties": { "FID": 447, "class": "Defence_SpatialJoin", "SolarPV_Area(sqm)": 0.0, "Rooftop_Area(sqm)": 297.61258962199997 }, "geometry": { "type": "Polygon", "coordinates": [ [ [ 67.056861218320051, 24.806702209973583 ], [ 67.056959213673551, 24.806626568131971 ], [ 67.057103478374131, 24.806782198658947 ], [ 67.057005483357841, 24.806857925872709 ], [ 67.056861218320051, 24.806702209973583 ] ] ] } },
{ "type": "Feature", "id": 448, "properties": { "FID": 448, "class": "Defence_SpatialJoin", "SolarPV_Area(sqm)": 0.0, "Rooftop_Area(sqm)": 293.747648653 }, "geometry": { "type": "Polygon", "coordinates": [ [ [ 67.060597113653913, 24.803733433423403 ], [ 67.060686472674789, 24.803659213475488 ], [ 67.06084410128075, 24.803817508056447 ], [ 67.060754742730538, 24.803891642861895 ], [ 67.060597113653913, 24.803733433423403 ] ] ] } },
{ "type": "Feature", "id": 449, "properties": { "FID": 449, "class": "Defence_SpatialJoin", "SolarPV_Area(sqm)": 70.959531138100004, "Rooftop_Area(sqm)": 316.341116785 }, "geometry": { "type": "Polygon", "coordinates": [ [ [ 67.062138391450745, 24.802685190747539 ], [ 67.062310574968464, 24.802547266271283 ], [ 67.06239720680243, 24.80263942344402 ], [ 67.062225114671079, 24.802777362770765 ], [ 67.062138391450745, 24.802685190747539 ] ] ] } },
{ "type": "Feature", "id": 450, "properties": { "FID": 450, "class": "Defence_SpatialJoin", "SolarPV_Area(sqm)": 0.0, "Rooftop_Area(sqm)": 229.16314649500001 }, "geometry": { "type": "Polygon", "coordinates": [ [ [ 67.062740372787459, 24.801697907845238 ], [ 67.062805369825625, 24.801650011364877 ], [ 67.062924908804987, 24.801785159904078 ], [ 67.062901728548468, 24.801802277124402 ], [ 67.062928181856108, 24.801832177960847 ], [ 67.062870002915375, 24.801875019392334 ], [ 67.06275291732905, 24.801742660189081 ], [ 67.062769280012873, 24.801730511954396 ], [ 67.062740372787459, 24.801697907845238 ] ] ] } },
{ "type": "Feature", "id": 451, "properties": { "FID": 451, "class": "Defence_SpatialJoin", "SolarPV_Area(sqm)": 0.0, "Rooftop_Area(sqm)": 306.69327530300001 }, "geometry": { "type": "Polygon", "coordinates": [ [ [ 67.06668382952833, 24.808776293787705 ], [ 67.066782370625987, 24.808699874781606 ], [ 67.066930364725607, 24.808858837880539 ], [ 67.06683182353386, 24.808935256976898 ], [ 67.06668382952833, 24.808776293787705 ] ] ] } },
{ "type": "Feature", "id": 452, "properties": { "FID": 452, "class": "Defence_SpatialJoin", "SolarPV_Area(sqm)": 0.0, "Rooftop_Area(sqm)": 298.16322269300002 }, "geometry": { "type": "Polygon", "coordinates": [ [ [ 67.059947783409285, 24.807743971315642 ], [ 67.060125683412593, 24.807602585275728 ], [ 67.060205678981475, 24.807686410032737 ], [ 67.06002777883424, 24.80782779705649 ], [ 67.059947783409285, 24.807743971315642 ] ] ] } },
{ "type": "Feature", "id": 453, "properties": { "FID": 453, "class": "Defence_SpatialJoin", "SolarPV_Area(sqm)": 0.0, "Rooftop_Area(sqm)": 278.33421167699998 }, "geometry": { "type": "Polygon", "coordinates": [ [ [ 67.063807049834722, 24.800120477687923 ], [ 67.063858774519389, 24.800080354311415 ], [ 67.063845138784558, 24.80006576539294 ], [ 67.063971223547441, 24.799967887360236 ], [ 67.064056726862901, 24.80005709768777 ], [ 67.063913461164987, 24.800168359480775 ], [ 67.063881500501964, 24.800136575390162 ], [ 67.063847047224769, 24.800163328898972 ], [ 67.063807049834722, 24.800120477687923 ] ] ] } },
{ "type": "Feature", "id": 454, "properties": { "FID": 454, "class": "Defence_SpatialJoin", "SolarPV_Area(sqm)": 0.0, "Rooftop_Area(sqm)": 240.874243772 }, "geometry": { "type": "Polygon", "coordinates": [ [ [ 67.060594659746073, 24.804616091095806 ], [ 67.060680745766433, 24.804546558208571 ], [ 67.060715835415337, 24.804582722163214 ], [ 67.060681291276282, 24.804610569143268 ], [ 67.060708017781536, 24.804638121884466 ], [ 67.06074256094611, 24.80461027484623 ], [ 67.060830738631793, 24.804701058056946 ], [ 67.06076974128689, 24.804750451149953 ], [ 67.060751197401189, 24.804731395877685 ], [ 67.06072619811593, 24.804751551298974 ], [ 67.060594659746073, 24.804616091095806 ] ] ] } },
{ "type": "Feature", "id": 455, "properties": { "FID": 455, "class": "Defence_SpatialJoin", "SolarPV_Area(sqm)": 0.0, "Rooftop_Area(sqm)": 188.95286923800001 }, "geometry": { "type": "Polygon", "coordinates": [ [ [ 67.062365390630319, 24.807082586432585 ], [ 67.062482385204177, 24.806988464698424 ], [ 67.062559562815409, 24.8070684168589 ], [ 67.062442568188203, 24.807162538650175 ], [ 67.062365390630319, 24.807082586432585 ] ] ] } },
{ "type": "Feature", "id": 456, "properties": { "FID": 456, "class": "Defence_SpatialJoin", "SolarPV_Area(sqm)": 0.0, "Rooftop_Area(sqm)": 110.14988432 }, "geometry": { "type": "Polygon", "coordinates": [ [ [ 67.06150415946, 24.807420384410083 ], [ 67.061603154815103, 24.807341053400407 ], [ 67.061636152764748, 24.807375256788195 ], [ 67.061641607081967, 24.807370838005266 ], [ 67.061660788767441, 24.80739076470482 ], [ 67.061556248504331, 24.807474500719128 ], [ 67.06150415946, 24.807420384410083 ] ] ] } },
{ "type": "Feature", "id": 457, "properties": { "FID": 457, "class": "Defence_SpatialJoin", "SolarPV_Area(sqm)": 0.0, "Rooftop_Area(sqm)": 427.58407868 }, "geometry": { "type": "Polygon", "coordinates": [ [ [ 67.06630639180301, 24.802893900231396 ], [ 67.066414659618616, 24.802806824007742 ], [ 67.066564835295765, 24.802962204595513 ], [ 67.066542108216737, 24.802980507116782 ], [ 67.066595560418406, 24.80303586654161 ], [ 67.066510019395452, 24.803104811790877 ], [ 67.06643402256006, 24.803025991908889 ], [ 67.066455021284312, 24.803009206401036 ], [ 67.066436021964321, 24.802989480332688 ], [ 67.066415023078733, 24.803006437253085 ], [ 67.06630639180301, 24.802893900231396 ] ] ] } },
{ "type": "Feature", "id": 458, "properties": { "FID": 458, "class": "Defence_SpatialJoin", "SolarPV_Area(sqm)": 0.0, "Rooftop_Area(sqm)": 273.22957500799998 }, "geometry": { "type": "Polygon", "coordinates": [ [ [ 67.064553014961973, 24.802001101081295 ], [ 67.0646341930766, 24.801935043900482 ], [ 67.064795367631987, 24.802099803822209 ], [ 67.064714280377714, 24.802165961075765 ], [ 67.064553014961973, 24.802001101081295 ] ] ] } },
{ "type": "Feature", "id": 459, "properties": { "FID": 459, "class": "Defence_SpatialJoin", "SolarPV_Area(sqm)": 0.0, "Rooftop_Area(sqm)": 277.71549651399999 }, "geometry": { "type": "Polygon", "coordinates": [ [ [ 67.059476715994876, 24.804431032154092 ], [ 67.059608527658114, 24.804325285526293 ], [ 67.059695523375908, 24.804415622854805 ], [ 67.059529259546892, 24.804548974317914 ], [ 67.05947689814812, 24.804494643022544 ], [ 67.059511351214908, 24.804467038323381 ], [ 67.059476715994876, 24.804431032154092 ] ] ] } },
{ "type": "Feature", "id": 460, "properties": { "FID": 460, "class": "Defence_SpatialJoin", "SolarPV_Area(sqm)": 0.0, "Rooftop_Area(sqm)": 287.87018634700001 }, "geometry": { "type": "Polygon", "coordinates": [ [ [ 67.058176784515894, 24.805536449471962 ], [ 67.058355047733443, 24.805394268105161 ], [ 67.058432134813515, 24.805474803859731 ], [ 67.058253871513017, 24.805616985312994 ], [ 67.058176784515894, 24.805536449471962 ] ] ] } },
{ "type": "Feature", "id": 461, "properties": { "FID": 461, "class": "Defence_SpatialJoin", "SolarPV_Area(sqm)": 100.502490861, "Rooftop_Area(sqm)": 436.78382448299999 }, "geometry": { "type": "Polygon", "coordinates": [ [ [ 67.064000566864422, 24.799979857548834 ], [ 67.06410921716018, 24.799887823966952 ], [ 67.064307753430043, 24.800098428280865 ], [ 67.064256210595218, 24.800138922347703 ], [ 67.06423330249288, 24.800114549354614 ], [ 67.064176195347443, 24.800166174284428 ], [ 67.064000566864422, 24.799979857548834 ] ] ] } },
{ "type": "Feature", "id": 462, "properties": { "FID": 462, "class": "Defence_SpatialJoin", "SolarPV_Area(sqm)": 0.0, "Rooftop_Area(sqm)": 107.12433370799999 }, "geometry": { "type": "Polygon", "coordinates": [ [ [ 67.061209355919218, 24.807655395289828 ], [ 67.061302533509235, 24.807581280632455 ], [ 67.061357440135708, 24.807638670797683 ], [ 67.06126417140743, 24.807712856908665 ], [ 67.061209355919218, 24.807655395289828 ] ] ] } },
{ "type": "Feature", "id": 463, "properties": { "FID": 463, "class": "Defence_SpatialJoin", "SolarPV_Area(sqm)": 0.0, "Rooftop_Area(sqm)": 279.95891855600001 }, "geometry": { "type": "Polygon", "coordinates": [ [ [ 67.057268469034071, 24.808170732466134 ], [ 67.057396098502679, 24.808065429602156 ], [ 67.05744236868675, 24.808112199793815 ], [ 67.057402917159052, 24.808144722345951 ], [ 67.057422188018194, 24.808164151666979 ], [ 67.057461640530008, 24.808131629162329 ], [ 67.057507183802102, 24.808177683788237 ], [ 67.057379553882996, 24.808282900563828 ], [ 67.057268469034071, 24.808170732466134 ] ] ] } },
{ "type": "Feature", "id": 464, "properties": { "FID": 464, "class": "Defence_SpatialJoin", "SolarPV_Area(sqm)": 0.0, "Rooftop_Area(sqm)": 232.511639175 }, "geometry": { "type": "Polygon", "coordinates": [ [ [ 67.062899092274378, 24.806553119716455 ], [ 67.062983087861895, 24.806486067613559 ], [ 67.063097173839438, 24.806605126232064 ], [ 67.062990178881222, 24.806690520344375 ], [ 67.062924090915175, 24.806621499792559 ], [ 67.062946998737161, 24.806603143095657 ], [ 67.062899092274378, 24.806553119716455 ] ] ] } },
{ "type": "Feature", "id": 465, "properties": { "FID": 465, "class": "Defence_SpatialJoin", "SolarPV_Area(sqm)": 0.0, "Rooftop_Area(sqm)": 298.595267428 }, "geometry": { "type": "Polygon", "coordinates": [ [ [ 67.067012179590222, 24.807778967948355 ], [ 67.067168081706797, 24.807654104592594 ], [ 67.067259623364336, 24.807749189752101 ], [ 67.067103630115014, 24.807874123729334 ], [ 67.067012179590222, 24.807778967948355 ] ] ] } },
{ "type": "Feature", "id": 466, "properties": { "FID": 466, "class": "Defence_SpatialJoin", "SolarPV_Area(sqm)": 37.9396958516, "Rooftop_Area(sqm)": 401.48139281 }, "geometry": { "type": "Polygon", "coordinates": [ [ [ 67.058708483992888, 24.806056456111158 ], [ 67.058815478176811, 24.805981066396665 ], [ 67.058777571152305, 24.805936157961984 ], [ 67.05884283973802, 24.805890191037879 ], [ 67.058921109197158, 24.805982796536146 ], [ 67.058902200840535, 24.805996156200266 ], [ 67.058962652422053, 24.806067773185333 ], [ 67.058809205400536, 24.80617575545666 ], [ 67.058708483992888, 24.806056456111158 ] ] ] } },
{ "type": "Feature", "id": 467, "properties": { "FID": 467, "class": "Defence_SpatialJoin", "SolarPV_Area(sqm)": 0.0, "Rooftop_Area(sqm)": 267.75487168400002 }, "geometry": { "type": "Polygon", "coordinates": [ [ [ 67.061854960245682, 24.805340519632828 ], [ 67.061933138811128, 24.805278598104646 ], [ 67.062096584846316, 24.805450393303794 ], [ 67.062018497740709, 24.805512328775396 ], [ 67.061854960245682, 24.805340519632828 ] ] ] } },
{ "type": "Feature", "id": 468, "properties": { "FID": 468, "class": "Defence_SpatialJoin", "SolarPV_Area(sqm)": 0.0, "Rooftop_Area(sqm)": 414.627481843 }, "geometry": { "type": "Polygon", "coordinates": [ [ [ 67.059553530418384, 24.806043118595603 ], [ 67.059604709288394, 24.806000178878982 ], [ 67.059587256155098, 24.805982837602965 ], [ 67.059772701120551, 24.805827368145966 ], [ 67.05987469598854, 24.805928754463199 ], [ 67.059714249460072, 24.806063213526993 ], [ 67.059681796845226, 24.806030977604784 ], [ 67.059656888987448, 24.80605183140942 ], [ 67.059640071874881, 24.806035105690619 ], [ 67.059588710408448, 24.806078102080164 ], [ 67.059553530418384, 24.806043118595603 ] ] ] } },
{ "type": "Feature", "id": 469, "properties": { "FID": 469, "class": "Defence_SpatialJoin", "SolarPV_Area(sqm)": 0.0, "Rooftop_Area(sqm)": 207.13149816500001 }, "geometry": { "type": "Polygon", "coordinates": [ [ [ 67.064304208552045, 24.801379529551014 ], [ 67.064380477291593, 24.801317381103757 ], [ 67.064493745458378, 24.801433400152458 ], [ 67.064506016943909, 24.801423412582331 ], [ 67.064520380788579, 24.801438119330996 ], [ 67.064431929647313, 24.80151018388187 ], [ 67.064304208552045, 24.801379529551014 ] ] ] } },
{ "type": "Feature", "id": 470, "properties": { "FID": 470, "class": "Defence_SpatialJoin", "SolarPV_Area(sqm)": 0.0, "Rooftop_Area(sqm)": 195.99952293800001 }, "geometry": { "type": "Polygon", "coordinates": [ [ [ 67.065139170553437, 24.808271927447237 ], [ 67.065200837121225, 24.808224180138136 ], [ 67.065352557181129, 24.808386393863927 ], [ 67.065290891155769, 24.808434055102612 ], [ 67.065139170553437, 24.808271927447237 ] ] ] } },
{ "type": "Feature", "id": 471, "properties": { "FID": 471, "class": "Defence_SpatialJoin", "SolarPV_Area(sqm)": 149.818757906, "Rooftop_Area(sqm)": 330.69003139300003 }, "geometry": { "type": "Polygon", "coordinates": [ [ [ 67.064134216490629, 24.802847715598894 ], [ 67.06430584463078, 24.802711285366751 ], [ 67.064396170213939, 24.802809001423757 ], [ 67.064224541539005, 24.802945346466103 ], [ 67.064134216490629, 24.802847715598894 ] ] ] } },
{ "type": "Feature", "id": 472, "properties": { "FID": 472, "class": "Defence_SpatialJoin", "SolarPV_Area(sqm)": 0.0, "Rooftop_Area(sqm)": 264.83343786299997 }, "geometry": { "type": "Polygon", "coordinates": [ [ [ 67.058959379735953, 24.803974533248876 ], [ 67.059055283289055, 24.803894960548174 ], [ 67.059187640616898, 24.804027989212557 ], [ 67.05909164551565, 24.804107547235731 ], [ 67.058959379735953, 24.803974533248876 ] ] ] } },
{ "type": "Feature", "id": 473, "properties": { "FID": 473, "class": "Defence_SpatialJoin", "SolarPV_Area(sqm)": 0.0, "Rooftop_Area(sqm)": 446.90156837699999 }, "geometry": { "type": "Polygon", "coordinates": [ [ [ 67.062646377035065, 24.805340902877425 ], [ 67.062752826717883, 24.805255420501474 ], [ 67.062963271090993, 24.805473674268644 ], [ 67.06285682133273, 24.805559155891718 ], [ 67.062791369915331, 24.805491349625591 ], [ 67.062812823386295, 24.805474125988706 ], [ 67.062764098715078, 24.805423542914838 ], [ 67.06274264525031, 24.805440766545122 ], [ 67.062646377035065, 24.805340902877425 ] ] ] } },
{ "type": "Feature", "id": 474, "properties": { "FID": 474, "class": "Defence_SpatialJoin", "SolarPV_Area(sqm)": 101.116460441, "Rooftop_Area(sqm)": 852.94690211199998 }, "geometry": { "type": "Polygon", "coordinates": [ [ [ 67.063964133506005, 24.80712377849482 ], [ 67.06398040534863, 24.80711118829619 ], [ 67.063970587254019, 24.807100632698848 ], [ 67.0640221300864, 24.807060825871591 ], [ 67.064042583678699, 24.807082837817077 ], [ 67.064141033878641, 24.807006833164412 ], [ 67.064329887190041, 24.807208766378203 ], [ 67.064098443743205, 24.80738759695344 ], [ 67.063966678429551, 24.807247337303799 ], [ 67.064048220069608, 24.807184333213861 ], [ 67.064017403400953, 24.807151078702343 ], [ 67.064001131554434, 24.807163668904707 ], [ 67.063964133506005, 24.80712377849482 ] ] ] } },
{ "type": "Feature", "id": 475, "properties": { "FID": 475, "class": "Defence_SpatialJoin", "SolarPV_Area(sqm)": 113.07279432, "Rooftop_Area(sqm)": 331.29282503399997 }, "geometry": { "type": "Polygon", "coordinates": [ [ [ 67.058893973881354, 24.807357385984382 ], [ 67.059082190930155, 24.807200906489598 ], [ 67.059165914624302, 24.807286102034993 ], [ 67.058977696507839, 24.807442581578517 ], [ 67.058893973881354, 24.807357385984382 ] ] ] } },
{ "type": "Feature", "id": 476, "properties": { "FID": 476, "class": "Defence_SpatialJoin", "SolarPV_Area(sqm)": 0.0, "Rooftop_Area(sqm)": 232.26497250099999 }, "geometry": { "type": "Polygon", "coordinates": [ [ [ 67.064221939541866, 24.801478227991357 ], [ 67.064274573490138, 24.80143543184975 ], [ 67.06423302979799, 24.801392844535506 ], [ 67.064267936873776, 24.801364369560446 ], [ 67.06441983985458, 24.801519944200578 ], [ 67.064332297844288, 24.801591214441249 ], [ 67.064221939541866, 24.801478227991357 ] ] ] } },
{ "type": "Feature", "id": 477, "properties": { "FID": 477, "class": "Defence_SpatialJoin", "SolarPV_Area(sqm)": 69.215285698499997, "Rooftop_Area(sqm)": 308.33695733299999 }, "geometry": { "type": "Polygon", "coordinates": [ [ [ 67.065645932040681, 24.801461262643063 ], [ 67.06573377986706, 24.801385529212983 ], [ 67.065901045342855, 24.801550158974944 ], [ 67.065813288542174, 24.801625821075138 ], [ 67.065645932040681, 24.801461262643063 ] ] ] } },
{ "type": "Feature", "id": 478, "properties": { "FID": 478, "class": "Defence_SpatialJoin", "SolarPV_Area(sqm)": 112.86830138800001, "Rooftop_Area(sqm)": 302.58341697600002 }, "geometry": { "type": "Polygon", "coordinates": [ [ [ 67.066385445071958, 24.809031492526668 ], [ 67.066417568301617, 24.809003700724585 ], [ 67.066408841231677, 24.808994773196684 ], [ 67.06646583918608, 24.808948238161879 ], [ 67.066629741134577, 24.809115576268404 ], [ 67.066540619813139, 24.809189904091625 ], [ 67.066385445071958, 24.809031492526668 ] ] ] } },
{ "type": "Feature", "id": 479, "properties": { "FID": 479, "class": "Defence_SpatialJoin", "SolarPV_Area(sqm)": 119.745247827, "Rooftop_Area(sqm)": 483.65893348399999 }, "geometry": { "type": "Polygon", "coordinates": [ [ [ 67.058984757405739, 24.803475676480783 ], [ 67.059086372976566, 24.803407300834198 ], [ 67.059306114122066, 24.80365608216221 ], [ 67.05920175625873, 24.803733780051214 ], [ 67.059045192813045, 24.803555600438997 ], [ 67.059047753510285, 24.803546163633612 ], [ 67.058984757405739, 24.803475676480783 ] ] ] } },
{ "type": "Feature", "id": 480, "properties": { "FID": 480, "class": "Defence_SpatialJoin", "SolarPV_Area(sqm)": 0.0, "Rooftop_Area(sqm)": 272.96730386500002 }, "geometry": { "type": "Polygon", "coordinates": [ [ [ 67.067108448152695, 24.807896949616822 ], [ 67.067268895517046, 24.807767690419123 ], [ 67.067350255675294, 24.807851734011525 ], [ 67.067189717186452, 24.807981063823366 ], [ 67.067108448152695, 24.807896949616822 ] ] ] } },
{ "type": "Feature", "id": 481, "properties": { "FID": 481, "class": "Defence_SpatialJoin", "SolarPV_Area(sqm)": 0.0, "Rooftop_Area(sqm)": 246.48257941099999 }, "geometry": { "type": "Polygon", "coordinates": [ [ [ 67.0669671809666, 24.808875881027497 ], [ 67.067058631717757, 24.808806779513834 ], [ 67.067199261894217, 24.808961821294304 ], [ 67.067145900998995, 24.80900219194039 ], [ 67.067114447548718, 24.808967467829582 ], [ 67.067076267544081, 24.808996269351731 ], [ 67.0669671809666, 24.808875881027497 ] ] ] } },
{ "type": "Feature", "id": 482, "properties": { "FID": 482, "class": "Defence_SpatialJoin", "SolarPV_Area(sqm)": 71.451485937800001, "Rooftop_Area(sqm)": 235.67203797100001 }, "geometry": { "type": "Polygon", "coordinates": [ [ [ 67.063567515720578, 24.801108531901118 ], [ 67.063667932508181, 24.801026941574968 ], [ 67.063775200681619, 24.801146096083883 ], [ 67.063674783278046, 24.801227771710394 ], [ 67.063567515720578, 24.801108531901118 ] ] ] } },
{ "type": "Feature", "id": 483, "properties": { "FID": 483, "class": "Defence_SpatialJoin", "SolarPV_Area(sqm)": 96.646066087799994, "Rooftop_Area(sqm)": 405.59055992399999 }, "geometry": { "type": "Polygon", "coordinates": [ [ [ 67.061889427474796, 24.801285938166341 ], [ 67.061938319842511, 24.801248695309798 ], [ 67.06197086370365, 24.801284107215977 ], [ 67.061991862899475, 24.801268006339161 ], [ 67.061959319033832, 24.801232594437181 ], [ 67.0620001350743, 24.801201397573998 ], [ 67.062180730948384, 24.801397279849052 ], [ 67.062070022782407, 24.801481735278486 ], [ 67.061889427474796, 24.801285938166341 ] ] ] } },
{ "type": "Feature", "id": 484, "properties": { "FID": 484, "class": "Defence_SpatialJoin", "SolarPV_Area(sqm)": 0.0, "Rooftop_Area(sqm)": 260.46249367899998 }, "geometry": { "type": "Polygon", "coordinates": [ [ [ 67.064152306315705, 24.799365328717069 ], [ 67.064196758929626, 24.799329759526643 ], [ 67.064173487375413, 24.799305413828193 ], [ 67.064233665773585, 24.799257423406662 ], [ 67.064257119746571, 24.799281883840639 ], [ 67.064276391193431, 24.799266528559592 ], [ 67.064365115152071, 24.799359534672025 ], [ 67.064241029227574, 24.799458334846364 ], [ 67.064152306315705, 24.799365328717069 ] ] ] } },
{ "type": "Feature", "id": 485, "properties": { "FID": 485, "class": "Defence_SpatialJoin", "SolarPV_Area(sqm)": 0.0, "Rooftop_Area(sqm)": 283.775883045 }, "geometry": { "type": "Polygon", "coordinates": [ [ [ 67.064974632572032, 24.807526429856932 ], [ 67.065059628672969, 24.807453384267632 ], [ 67.065220257385675, 24.807608999338804 ], [ 67.065135352701063, 24.807682059774077 ], [ 67.064974632572032, 24.807526429856932 ] ] ] } },
{ "type": "Feature", "id": 486, "properties": { "FID": 486, "class": "Defence_SpatialJoin", "SolarPV_Area(sqm)": 0.0, "Rooftop_Area(sqm)": 274.56833609699999 }, "geometry": { "type": "Polygon", "coordinates": [ [ [ 67.065619694866143, 24.802357997079703 ], [ 67.065703600010664, 24.802291438574876 ], [ 67.065859683458683, 24.802455292327458 ], [ 67.065775778613286, 24.802521937095225 ], [ 67.065619694866143, 24.802357997079703 ] ] ] } },
{ "type": "Feature", "id": 487, "properties": { "FID": 487, "class": "Defence_SpatialJoin", "SolarPV_Area(sqm)": 0.0, "Rooftop_Area(sqm)": 278.72480511600003 }, "geometry": { "type": "Polygon", "coordinates": [ [ [ 67.066025585652838, 24.807897136764122 ], [ 67.066108672840286, 24.807829081942756 ], [ 67.066269302707113, 24.807992644595593 ], [ 67.066186124447512, 24.808060600406812 ], [ 67.066025585652838, 24.807897136764122 ] ] ] } },
{ "type": "Feature", "id": 488, "properties": { "FID": 488, "class": "Defence_SpatialJoin", "SolarPV_Area(sqm)": 0.0, "Rooftop_Area(sqm)": 434.77158851000002 }, "geometry": { "type": "Polygon", "coordinates": [ [ [ 67.065072628264971, 24.810340543285264 ], [ 67.065214712944851, 24.810233030054032 ], [ 67.065355523965238, 24.810388016756452 ], [ 67.065307436099559, 24.810424278303433 ], [ 67.065321707495144, 24.810439996252597 ], [ 67.065280618984559, 24.810470976274061 ], [ 67.065266437929964, 24.810455444440414 ], [ 67.065213440128829, 24.810495530162026 ], [ 67.065072628264971, 24.810340543285264 ] ] ] } },
{ "type": "Feature", "id": 489, "properties": { "FID": 489, "class": "Defence_SpatialJoin", "SolarPV_Area(sqm)": 0.0, "Rooftop_Area(sqm)": 363.46877209799999 }, "geometry": { "type": "Polygon", "coordinates": [ [ [ 67.066190032715852, 24.804233402671812 ], [ 67.066283120186867, 24.804157384314934 ], [ 67.066424204408364, 24.804301301837906 ], [ 67.066385843004909, 24.804332639058817 ], [ 67.066432295566969, 24.804380033966883 ], [ 67.066377570333088, 24.804424716149608 ], [ 67.066353026035486, 24.804399651896233 ], [ 67.06633311754463, 24.804415929203149 ], [ 67.066275938548927, 24.804357575840417 ], [ 67.066295847033331, 24.804341298540766 ], [ 67.066279483480685, 24.804324646138557 ], [ 67.066259574998128, 24.804340923436129 ], [ 67.066225031666335, 24.804305702444356 ], [ 67.06625157570744, 24.804283998456576 ], [ 67.066236849038503, 24.80426897712583 ], [ 67.066230213533927, 24.804274402925344 ], [ 67.066190032715852, 24.804233402671812 ] ] ] } },
{ "type": "Feature", "id": 490, "properties": { "FID": 490, "class": "Defence_SpatialJoin", "SolarPV_Area(sqm)": 0.0, "Rooftop_Area(sqm)": 264.01679490700002 }, "geometry": { "type": "Polygon", "coordinates": [ [ [ 67.061041182898848, 24.80305791267028 ], [ 67.061122632952262, 24.80299335603673 ], [ 67.061277352942469, 24.803155796460217 ], [ 67.061195901889434, 24.803220352226028 ], [ 67.061041182898848, 24.80305791267028 ] ] ] } },
{ "type": "Feature", "id": 491, "properties": { "FID": 491, "class": "Defence_SpatialJoin", "SolarPV_Area(sqm)": 72.044747552999993, "Rooftop_Area(sqm)": 313.38362355800001 }, "geometry": { "type": "Polygon", "coordinates": [ [ [ 67.065258223227019, 24.801434392360996 ], [ 67.065341434111488, 24.801359490524664 ], [ 67.065516582727057, 24.801532912398869 ], [ 67.065433371227769, 24.801607899565504 ], [ 67.065258223227019, 24.801434392360996 ] ] ] } },
{ "type": "Feature", "id": 492, "properties": { "FID": 492, "class": "Defence_SpatialJoin", "SolarPV_Area(sqm)": 0.0, "Rooftop_Area(sqm)": 190.12119566800001 }, "geometry": { "type": "Polygon", "coordinates": [ [ [ 67.061513250654428, 24.807974257950338 ], [ 67.061607063661739, 24.80789939083197 ], [ 67.061703786264616, 24.808000440182681 ], [ 67.061609881720074, 24.808075292599703 ], [ 67.061513250654428, 24.807974257950338 ] ] ] } },
{ "type": "Feature", "id": 493, "properties": { "FID": 493, "class": "Defence_SpatialJoin", "SolarPV_Area(sqm)": 67.509273686399993, "Rooftop_Area(sqm)": 234.78962489099999 }, "geometry": { "type": "Polygon", "coordinates": [ [ [ 67.060675593349373, 24.806831528237169 ], [ 67.060784286560136, 24.806743485013836 ], [ 67.060886189933868, 24.806850924173879 ], [ 67.060777406154401, 24.806938952760607 ], [ 67.060675593349373, 24.806831528237169 ] ] ] } },
{ "type": "Feature", "id": 494, "properties": { "FID": 494, "class": "Defence_SpatialJoin", "SolarPV_Area(sqm)": 0.0, "Rooftop_Area(sqm)": 183.87136685199999 }, "geometry": { "type": "Polygon", "coordinates": [ [ [ 67.062724100891671, 24.802050461698226 ], [ 67.062798006577594, 24.801993062478097 ], [ 67.062907364406698, 24.802110502796378 ], [ 67.062816277916639, 24.802181200298801 ], [ 67.062778007266942, 24.802140079765639 ], [ 67.062795097081562, 24.802126681547264 ], [ 67.062724100891671, 24.802050461698226 ] ] ] } },
{ "type": "Feature", "id": 495, "properties": { "FID": 495, "class": "Defence_SpatialJoin", "SolarPV_Area(sqm)": 0.0, "Rooftop_Area(sqm)": 181.70074737900001 }, "geometry": { "type": "Polygon", "coordinates": [ [ [ 67.055168495009383, 24.80693760627172 ], [ 67.055281760641279, 24.806850927038479 ], [ 67.055357847622304, 24.806933781947741 ], [ 67.055244580953087, 24.807020461181498 ], [ 67.055168495009383, 24.80693760627172 ] ] ] } },
{ "type": "Feature", "id": 496, "properties": { "FID": 496, "class": "Defence_SpatialJoin", "SolarPV_Area(sqm)": 181.406221604, "Rooftop_Area(sqm)": 299.01942465000002 }, "geometry": { "type": "Polygon", "coordinates": [ [ [ 67.06155815728917, 24.805250638095245 ], [ 67.06164569849885, 24.805181936223565 ], [ 67.061808417127921, 24.805354639659694 ], [ 67.061720875828868, 24.80542334162018 ], [ 67.06155815728917, 24.805250638095245 ] ] ] } },
{ "type": "Feature", "id": 497, "properties": { "FID": 497, "class": "Defence_SpatialJoin", "SolarPV_Area(sqm)": 0.0, "Rooftop_Area(sqm)": 207.49154620499999 }, "geometry": { "type": "Polygon", "coordinates": [ [ [ 67.061637971700023, 24.807313335745832 ], [ 67.061735966883631, 24.807236919231684 ], [ 67.061836779261483, 24.807344524976532 ], [ 67.061738784072361, 24.807420940657604 ], [ 67.061637971700023, 24.807313335745832 ] ] ] } },
{ "type": "Feature", "id": 498, "properties": { "FID": 498, "class": "Defence_SpatialJoin", "SolarPV_Area(sqm)": 45.514016275800003, "Rooftop_Area(sqm)": 186.23459230700001 }, "geometry": { "type": "Polygon", "coordinates": [ [ [ 67.059623692355501, 24.803449794429586 ], [ 67.059741066224632, 24.803351646337234 ], [ 67.05977370079259, 24.803385790924857 ], [ 67.059753156272095, 24.803402135531172 ], [ 67.059773155842848, 24.803423049247765 ], [ 67.059793608887176, 24.803406689880216 ], [ 67.059839986478082, 24.803458454042232 ], [ 67.059776081204646, 24.803509257562457 ], [ 67.059729794564589, 24.803457593373942 ], [ 67.059676234924638, 24.803504838906253 ], [ 67.059623692355501, 24.803449794429586 ] ] ] } },
{ "type": "Feature", "id": 499, "properties": { "FID": 499, "class": "Defence_SpatialJoin", "SolarPV_Area(sqm)": 98.155008267499994, "Rooftop_Area(sqm)": 209.41758936900001 }, "geometry": { "type": "Polygon", "coordinates": [ [ [ 67.066211334250539, 24.80751139545082 ], [ 67.066303027696279, 24.807435743795782 ], [ 67.066409478120121, 24.807548784536717 ], [ 67.066317784615322, 24.80762443625337 ], [ 67.066211334250539, 24.80751139545082 ] ] ] } },
{ "type": "Feature", "id": 500, "properties": { "FID": 500, "class": "Defence_SpatialJoin", "SolarPV_Area(sqm)": 0.0, "Rooftop_Area(sqm)": 205.637542543 }, "geometry": { "type": "Polygon", "coordinates": [ [ [ 67.065068900748471, 24.8010350926481 ], [ 67.065152442336355, 24.80096873125062 ], [ 67.065269982453415, 24.801091762912613 ], [ 67.065186623219688, 24.801158239115864 ], [ 67.065068900748471, 24.8010350926481 ] ] ] } },
{ "type": "Feature", "id": 501, "properties": { "FID": 501, "class": "Defence_SpatialJoin", "SolarPV_Area(sqm)": 0.0, "Rooftop_Area(sqm)": 300.92619112300002 }, "geometry": { "type": "Polygon", "coordinates": [ [ [ 67.063561242529616, 24.802248601570561 ], [ 67.063737143879152, 24.802110381627909 ], [ 67.063818594950973, 24.802196832523467 ], [ 67.063642693511653, 24.802335052555442 ], [ 67.063561242529616, 24.802248601570561 ] ] ] } },
{ "type": "Feature", "id": 502, "properties": { "FID": 502, "class": "Defence_SpatialJoin", "SolarPV_Area(sqm)": 0.0, "Rooftop_Area(sqm)": 416.68173256300003 }, "geometry": { "type": "Polygon", "coordinates": [ [ [ 67.065389159104626, 24.804426462091641 ], [ 67.065491791310436, 24.804345829076023 ], [ 67.065685146221711, 24.804551070742747 ], [ 67.065582422954293, 24.804631603892606 ], [ 67.065389159104626, 24.804426462091641 ] ] ] } },
{ "type": "Feature", "id": 503, "properties": { "FID": 503, "class": "Defence_SpatialJoin", "SolarPV_Area(sqm)": 0.0, "Rooftop_Area(sqm)": 274.37828045700002 }, "geometry": { "type": "Polygon", "coordinates": [ [ [ 67.064515380484337, 24.802908793352689 ], [ 67.064597376956826, 24.802843296054146 ], [ 67.064757187800083, 24.803009801806787 ], [ 67.064675191627231, 24.803075385368487 ], [ 67.064515380484337, 24.802908793352689 ] ] ] } },
{ "type": "Feature", "id": 504, "properties": { "FID": 504, "class": "Defence_SpatialJoin", "SolarPV_Area(sqm)": 0.0, "Rooftop_Area(sqm)": 160.49341210599999 }, "geometry": { "type": "Polygon", "coordinates": [ [ [ 67.057593270320439, 24.804854606724973 ], [ 67.057701900208897, 24.804769567353055 ], [ 67.057772260110156, 24.804844490822401 ], [ 67.057663629800473, 24.804929444062481 ], [ 67.057593270320439, 24.804854606724973 ] ] ] } },
{ "type": "Feature", "id": 505, "properties": { "FID": 505, "class": "Defence_SpatialJoin", "SolarPV_Area(sqm)": 82.51193948, "Rooftop_Area(sqm)": 201.174575721 }, "geometry": { "type": "Polygon", "coordinates": [ [ [ 67.06162732096567, 24.802924719213443 ], [ 67.061718604046007, 24.802848917437348 ], [ 67.061732694305917, 24.802863408783235 ], [ 67.061743693164175, 24.802854413506338 ], [ 67.061825169095755, 24.80293652816508 ], [ 67.061722795567889, 24.803021311416853 ], [ 67.06162732096567, 24.802924719213443 ] ] ] } },
{ "type": "Feature", "id": 506, "properties": { "FID": 506, "class": "Defence_SpatialJoin", "SolarPV_Area(sqm)": 49.685499980899998, "Rooftop_Area(sqm)": 457.58501828800001 }, "geometry": { "type": "Polygon", "coordinates": [ [ [ 67.061710785429824, 24.802530513829662 ], [ 67.061862869866189, 24.80241332951671 ], [ 67.061999317397849, 24.802560774530775 ], [ 67.061822871255146, 24.802696765697537 ], [ 67.061782600299935, 24.80265318577063 ], [ 67.061806872175083, 24.802634535811595 ], [ 67.061710785429824, 24.802530513829662 ] ] ] } },
{ "type": "Feature", "id": 507, "properties": { "FID": 507, "class": "Defence_SpatialJoin", "SolarPV_Area(sqm)": 0.0, "Rooftop_Area(sqm)": 262.03677346799998 }, "geometry": { "type": "Polygon", "coordinates": [ [ [ 67.060392306237077, 24.803895272225347 ], [ 67.060478301585874, 24.803825979563406 ], [ 67.060623930779585, 24.803976615049528 ], [ 67.060537935414402, 24.804045906896306 ], [ 67.060392306237077, 24.803895272225347 ] ] ] } },
{ "type": "Feature", "id": 508, "properties": { "FID": 508, "class": "Defence_SpatialJoin", "SolarPV_Area(sqm)": 87.0806640144, "Rooftop_Area(sqm)": 290.529539097 }, "geometry": { "type": "Polygon", "coordinates": [ [ [ 67.067207353096521, 24.808003219465995 ], [ 67.067375784668712, 24.807871737724412 ], [ 67.067460235517657, 24.807957560849331 ], [ 67.067291894910326, 24.808088972149239 ], [ 67.067207353096521, 24.808003219465995 ] ] ] } },
{ "type": "Feature", "id": 509, "properties": { "FID": 509, "class": "Defence_SpatialJoin", "SolarPV_Area(sqm)": 0.0, "Rooftop_Area(sqm)": 247.17875836299999 }, "geometry": { "type": "Polygon", "coordinates": [ [ [ 67.066252757865428, 24.807736414421168 ], [ 67.066337663357615, 24.807666771857793 ], [ 67.066485383931678, 24.807816888068164 ], [ 67.066450112595362, 24.807845815991602 ], [ 67.06643593117829, 24.807831395402278 ], [ 67.066386296955955, 24.807872110117948 ], [ 67.066252757865428, 24.807736414421168 ] ] ] } },
{ "type": "Feature", "id": 510, "properties": { "FID": 510, "class": "Defence_SpatialJoin", "SolarPV_Area(sqm)": 154.81097197, "Rooftop_Area(sqm)": 287.24981071299999 }, "geometry": { "type": "Polygon", "coordinates": [ [ [ 67.066800644254599, 24.808150029729479 ], [ 67.06689427498894, 24.808074809603532 ], [ 67.067037996309907, 24.808229152904296 ], [ 67.066944274063857, 24.808304357464504 ], [ 67.066800644254599, 24.808150029729479 ] ] ] } },
{ "type": "Feature", "id": 511, "properties": { "FID": 511, "class": "Defence_SpatialJoin", "SolarPV_Area(sqm)": 0.0, "Rooftop_Area(sqm)": 254.82290569700001 }, "geometry": { "type": "Polygon", "coordinates": [ [ [ 67.065363038006282, 24.808138070484471 ], [ 67.065402613309885, 24.808106797703296 ], [ 67.065371069588764, 24.808074537577451 ], [ 67.065417521874451, 24.808036729182469 ], [ 67.065574787025042, 24.808197528945435 ], [ 67.065488849926112, 24.808266624009025 ], [ 67.065363038006282, 24.808138070484471 ] ] ] } },
{ "type": "Feature", "id": 512, "properties": { "FID": 512, "class": "Defence_SpatialJoin", "SolarPV_Area(sqm)": 0.0, "Rooftop_Area(sqm)": 305.00082565399998 }, "geometry": { "type": "Polygon", "coordinates": [ [ [ 67.05529294232015, 24.806842390027068 ], [ 67.055474659122908, 24.806703422331886 ], [ 67.055522656746533, 24.806755769789003 ], [ 67.05554538302782, 24.806738325604197 ], [ 67.055573471935801, 24.806768918194585 ], [ 67.055369028812578, 24.8069253292689 ], [ 67.05529294232015, 24.806842390027068 ] ] ] } },
{ "type": "Feature", "id": 513, "properties": { "FID": 513, "class": "Defence_SpatialJoin", "SolarPV_Area(sqm)": 0.0, "Rooftop_Area(sqm)": 241.175621788 }, "geometry": { "type": "Polygon", "coordinates": [ [ [ 67.060682382542751, 24.808152515218424 ], [ 67.060864191340187, 24.808008596039343 ], [ 67.060888735639367, 24.808034429416178 ], [ 67.060856918896121, 24.808059638803485 ], [ 67.060903825638377, 24.808108989249273 ], [ 67.060753832908006, 24.808227785240653 ], [ 67.060682382542751, 24.808152515218424 ] ] ] } },
{ "type": "Feature", "id": 514, "properties": { "FID": 514, "class": "Defence_SpatialJoin", "SolarPV_Area(sqm)": 0.0, "Rooftop_Area(sqm)": 363.08415874100001 }, "geometry": { "type": "Polygon", "coordinates": [ [ [ 67.060745106471686, 24.808253041454044 ], [ 67.060958822720622, 24.808081533891713 ], [ 67.061025728621274, 24.808150943618674 ], [ 67.061000456880606, 24.808171225324944 ], [ 67.061016638723316, 24.808188020263714 ], [ 67.06082819362129, 24.808339330568106 ], [ 67.060745106471686, 24.808253041454044 ] ] ] } },
{ "type": "Feature", "id": 515, "properties": { "FID": 515, "class": "Defence_SpatialJoin", "SolarPV_Area(sqm)": 99.494294878800005, "Rooftop_Area(sqm)": 436.97528913600001 }, "geometry": { "type": "Polygon", "coordinates": [ [ [ 67.065479357273958, 24.803544865922539 ], [ 67.065597604459541, 24.803449207208111 ], [ 67.06577677074587, 24.803629268247651 ], [ 67.065658522462456, 24.803724927045263 ], [ 67.065479357273958, 24.803544865922539 ] ] ] } },
{ "type": "Feature", "id": 516, "properties": { "FID": 516, "class": "Defence_SpatialJoin", "SolarPV_Area(sqm)": 49.260848738599996, "Rooftop_Area(sqm)": 284.23032871700002 }, "geometry": { "type": "Polygon", "coordinates": [ [ [ 67.058693665869725, 24.809699535109267 ], [ 67.058908647429718, 24.809520586239344 ], [ 67.058973007352719, 24.809583347687948 ], [ 67.058758026328931, 24.809762210520624 ], [ 67.058693665869725, 24.809699535109267 ] ] ] } },
{ "type": "Feature", "id": 517, "properties": { "FID": 517, "class": "Defence_SpatialJoin", "SolarPV_Area(sqm)": 0.0, "Rooftop_Area(sqm)": 195.00247899199999 }, "geometry": { "type": "Polygon", "coordinates": [ [ [ 67.061263080250811, 24.807712852479614 ], [ 67.061356985088253, 24.807638084658659 ], [ 67.061456161868009, 24.807741752142189 ], [ 67.061362348513825, 24.807816533885841 ], [ 67.061263080250811, 24.807712852479614 ] ] ] } },
{ "type": "Feature", "id": 518, "properties": { "FID": 518, "class": "Defence_SpatialJoin", "SolarPV_Area(sqm)": 90.856726305699993, "Rooftop_Area(sqm)": 502.09601280599998 }, "geometry": { "type": "Polygon", "coordinates": [ [ [ 67.063325645108364, 24.804837552406731 ], [ 67.063404795559308, 24.804774657723303 ], [ 67.063425158211658, 24.804796057189847 ], [ 67.063467792284442, 24.804762163196486 ], [ 67.063651420380651, 24.804954557836972 ], [ 67.063529636256689, 24.80505126143067 ], [ 67.063325645108364, 24.804837552406731 ] ] ] } },
{ "type": "Feature", "id": 519, "properties": { "FID": 519, "class": "Defence_SpatialJoin", "SolarPV_Area(sqm)": 45.904185524900001, "Rooftop_Area(sqm)": 309.11169398599998 }, "geometry": { "type": "Polygon", "coordinates": [ [ [ 67.06381332241817, 24.801164206300896 ], [ 67.063905317619259, 24.801089892825356 ], [ 67.064058856099948, 24.801248380330833 ], [ 67.064000858557193, 24.801295183732698 ], [ 67.064019857921707, 24.801314653306239 ], [ 67.063985768532177, 24.801342320131951 ], [ 67.06381332241817, 24.801164206300896 ] ] ] } },
{ "type": "Feature", "id": 520, "properties": { "FID": 520, "class": "Defence_SpatialJoin", "SolarPV_Area(sqm)": 75.540929219299997, "Rooftop_Area(sqm)": 262.20826841000002 }, "geometry": { "type": "Polygon", "coordinates": [ [ [ 67.061984681848529, 24.804926947270346 ], [ 67.062065405492675, 24.804860564520439 ], [ 67.062221124259267, 24.80501820970467 ], [ 67.062140492025705, 24.805084607292706 ], [ 67.061984681848529, 24.804926947270346 ] ] ] } },
{ "type": "Feature", "id": 521, "properties": { "FID": 521, "class": "Defence_SpatialJoin", "SolarPV_Area(sqm)": 120.15353835099999, "Rooftop_Area(sqm)": 288.33897077300003 }, "geometry": { "type": "Polygon", "coordinates": [ [ [ 67.065292306955612, 24.807299510148965 ], [ 67.065382068941531, 24.807225033202794 ], [ 67.065532153060602, 24.807383136576398 ], [ 67.065442391539406, 24.807457528373984 ], [ 67.065292306955612, 24.807299510148965 ] ] ] } },
{ "type": "Feature", "id": 522, "properties": { "FID": 522, "class": "Defence_SpatialJoin", "SolarPV_Area(sqm)": 104.44861428900001, "Rooftop_Area(sqm)": 482.23341484600002 }, "geometry": { "type": "Polygon", "coordinates": [ [ [ 67.06104245524061, 24.802364266686432 ], [ 67.061160190112759, 24.802271159620787 ], [ 67.061350576028033, 24.802480811115796 ], [ 67.061232840949728, 24.802573919214058 ], [ 67.06104245524061, 24.802364266686432 ] ] ] } },
{ "type": "Feature", "id": 523, "properties": { "FID": 523, "class": "Defence_SpatialJoin", "SolarPV_Area(sqm)": 0.0, "Rooftop_Area(sqm)": 291.91850939900002 }, "geometry": { "type": "Polygon", "coordinates": [ [ [ 67.062794460779472, 24.801982064553147 ], [ 67.062877729617369, 24.801916089646813 ], [ 67.063044994374081, 24.802091745195611 ], [ 67.06296172582816, 24.802157806369618 ], [ 67.062794460779472, 24.801982064553147 ] ] ] } },
{ "type": "Feature", "id": 524, "properties": { "FID": 524, "class": "Defence_SpatialJoin", "SolarPV_Area(sqm)": 148.433004934, "Rooftop_Area(sqm)": 484.94846344799998 }, "geometry": { "type": "Polygon", "coordinates": [ [ [ 67.058693665869725, 24.809699535109267 ], [ 67.058908647429718, 24.809520586239344 ], [ 67.059012723582512, 24.809632409674084 ], [ 67.05879774347224, 24.809811272610148 ], [ 67.058693665869725, 24.809699535109267 ] ] ] } },
{ "type": "Feature", "id": 525, "properties": { "FID": 525, "class": "Defence_SpatialJoin", "SolarPV_Area(sqm)": 0.0, "Rooftop_Area(sqm)": 267.582998718 }, "geometry": { "type": "Polygon", "coordinates": [ [ [ 67.062478930979225, 24.807425718100376 ], [ 67.06260401528354, 24.807325721567505 ], [ 67.062706192279194, 24.807432179138694 ], [ 67.062581106918316, 24.807532175699787 ], [ 67.062478930979225, 24.807425718100376 ] ] ] } },
{ "type": "Feature", "id": 526, "properties": { "FID": 526, "class": "Defence_SpatialJoin", "SolarPV_Area(sqm)": 67.699000680099999, "Rooftop_Area(sqm)": 709.03349557700005 }, "geometry": { "type": "Polygon", "coordinates": [ [ [ 67.064786386376582, 24.803747642631038 ], [ 67.064868273544505, 24.803683277454027 ], [ 67.064833911047913, 24.803644752312106 ], [ 67.064891091067381, 24.803602347726063 ], [ 67.06492536209754, 24.803640858100461 ], [ 67.064991540365753, 24.803591784260671 ], [ 67.065143749897189, 24.803757463216048 ], [ 67.064948959916165, 24.803917884166164 ], [ 67.064786386376582, 24.803747642631038 ] ] ] } },
{ "type": "Feature", "id": 527, "properties": { "FID": 527, "class": "Defence_SpatialJoin", "SolarPV_Area(sqm)": 0.0, "Rooftop_Area(sqm)": 344.57145362099999 }, "geometry": { "type": "Polygon", "coordinates": [ [ [ 67.066296755849081, 24.804146334972494 ], [ 67.066399751198631, 24.804062170000094 ], [ 67.066540836056859, 24.8042060021839 ], [ 67.066471021112477, 24.80426303745239 ], [ 67.066530108845697, 24.80432332263155 ], [ 67.066496928783636, 24.804350537727174 ], [ 67.066296755849081, 24.804146334972494 ] ] ] } },
{ "type": "Feature", "id": 528, "properties": { "FID": 528, "class": "Defence_SpatialJoin", "SolarPV_Area(sqm)": 71.744742976400005, "Rooftop_Area(sqm)": 479.12838419500002 }, "geometry": { "type": "Polygon", "coordinates": [ [ [ 67.059689342014693, 24.80614952904461 ], [ 67.059771883163961, 24.806083185810731 ], [ 67.059785972791445, 24.806097763505083 ], [ 67.059901058400953, 24.806005387350361 ], [ 67.059886967726626, 24.805990810508373 ], [ 67.059923602529977, 24.805961420512837 ], [ 67.060020358409361, 24.806076308905848 ], [ 67.0597860072819, 24.806264401972676 ], [ 67.059689342014693, 24.80614952904461 ] ] ] } },
{ "type": "Feature", "id": 529, "properties": { "FID": 529, "class": "Defence_SpatialJoin", "SolarPV_Area(sqm)": 56.4542613319, "Rooftop_Area(sqm)": 315.15050349000001 }, "geometry": { "type": "Polygon", "coordinates": [ [ [ 67.064228823304816, 24.803997243953827 ], [ 67.064340569934586, 24.803907272527201 ], [ 67.064362205783283, 24.803929902996266 ], [ 67.064378659501799, 24.803916828750168 ], [ 67.064466928533989, 24.80400899360707 ], [ 67.064450474319273, 24.804022152201679 ], [ 67.06446165551543, 24.804033867366496 ], [ 67.064349908804502, 24.804123838878432 ], [ 67.064228823304816, 24.803997243953827 ] ] ] } },
{ "type": "Feature", "id": 530, "properties": { "FID": 530, "class": "Defence_SpatialJoin", "SolarPV_Area(sqm)": 126.22868101, "Rooftop_Area(sqm)": 913.55658488699999 }, "geometry": { "type": "Polygon", "coordinates": [ [ [ 67.064205667054168, 24.806900339632083 ], [ 67.064383836024774, 24.806745374237483 ], [ 67.064601892170842, 24.806956909601464 ], [ 67.06439472506348, 24.807135061435797 ], [ 67.064223393898928, 24.806971992325945 ], [ 67.064252301810725, 24.806948875861657 ], [ 67.064205667054168, 24.806900339632083 ] ] ] } },
{ "type": "Feature", "id": 531, "properties": { "FID": 531, "class": "Defence_SpatialJoin", "SolarPV_Area(sqm)": 0.0, "Rooftop_Area(sqm)": 275.965127795 }, "geometry": { "type": "Polygon", "coordinates": [ [ [ 67.056852673647725, 24.807255365204821 ], [ 67.056934942266906, 24.807187785272024 ], [ 67.057095751843619, 24.80735069832026 ], [ 67.057013483150584, 24.80741827833781 ], [ 67.056852673647725, 24.807255365204821 ] ] ] } },
{ "type": "Feature", "id": 532, "properties": { "FID": 532, "class": "Defence_SpatialJoin", "SolarPV_Area(sqm)": 0.0, "Rooftop_Area(sqm)": 349.69677233900001 }, "geometry": { "type": "Polygon", "coordinates": [ [ [ 67.063847502272679, 24.806096205749455 ], [ 67.063956678447994, 24.806006462168096 ], [ 67.064130397983533, 24.806182475112482 ], [ 67.064109944487811, 24.806199177044931 ], [ 67.064085127974295, 24.806174069169519 ], [ 67.063996313284818, 24.806247010883041 ], [ 67.063847502272679, 24.806096205749455 ] ] ] } },
{ "type": "Feature", "id": 533, "properties": { "FID": 533, "class": "Defence_SpatialJoin", "SolarPV_Area(sqm)": 54.175071298699997, "Rooftop_Area(sqm)": 269.24165652 }, "geometry": { "type": "Polygon", "coordinates": [ [ [ 67.057517910919643, 24.808450996720783 ], [ 67.057574271202185, 24.808406329915126 ], [ 67.057598724749639, 24.80843206374805 ], [ 67.057633268391257, 24.808404560648942 ], [ 67.057608814288216, 24.808378912053918 ], [ 67.05768899176546, 24.808315353868309 ], [ 67.057759261484406, 24.808389237240338 ], [ 67.057735080322729, 24.808408497750257 ], [ 67.057746352913682, 24.808420313411155 ], [ 67.057599542117089, 24.808536795728283 ], [ 67.057517910919643, 24.808450996720783 ] ] ] } },
{ "type": "Feature", "id": 534, "properties": { "FID": 534, "class": "Defence_SpatialJoin", "SolarPV_Area(sqm)": 81.586642915, "Rooftop_Area(sqm)": 295.39999815800002 }, "geometry": { "type": "Polygon", "coordinates": [ [ [ 67.062260165270828, 24.805026237725034 ], [ 67.062354754528712, 24.804952832720229 ], [ 67.062492747574595, 24.805098818597386 ], [ 67.062457749730967, 24.805126336675098 ], [ 67.062476293967578, 24.805145990444945 ], [ 67.062416703501484, 24.805191876618007 ], [ 67.062260165270828, 24.805026237725034 ] ] ] } },
{ "type": "Feature", "id": 535, "properties": { "FID": 535, "class": "Defence_SpatialJoin", "SolarPV_Area(sqm)": 0.0, "Rooftop_Area(sqm)": 275.70127857199998 }, "geometry": { "type": "Polygon", "coordinates": [ [ [ 67.0563867902532, 24.807275028347991 ], [ 67.056541509272364, 24.807147772710348 ], [ 67.056626867789021, 24.807234258485636 ], [ 67.056472240234001, 24.807361528074807 ], [ 67.0563867902532, 24.807275028347991 ] ] ] } },
{ "type": "Feature", "id": 536, "properties": { "FID": 536, "class": "Defence_SpatialJoin", "SolarPV_Area(sqm)": 0.0, "Rooftop_Area(sqm)": 334.10672269100002 }, "geometry": { "type": "Polygon", "coordinates": [ [ [ 67.058566581573729, 24.810507301004574 ], [ 67.058681030826804, 24.810415939222739 ], [ 67.0588252955596, 24.810566614313757 ], [ 67.058771752952325, 24.810609342695386 ], [ 67.058762480463102, 24.810599729577611 ], [ 67.058701575251135, 24.810648277897766 ], [ 67.058566581573729, 24.810507301004574 ] ] ] } },
{ "type": "Feature", "id": 537, "properties": { "FID": 537, "class": "Defence_SpatialJoin", "SolarPV_Area(sqm)": 0.0, "Rooftop_Area(sqm)": 274.85744225100001 }, "geometry": { "type": "Polygon", "coordinates": [ [ [ 67.061086725525413, 24.805659127207036 ], [ 67.061177175316033, 24.805583545563852 ], [ 67.06132298704533, 24.805728826341227 ], [ 67.061232446136231, 24.805804478597018 ], [ 67.061086725525413, 24.805659127207036 ] ] ] } },
{ "type": "Feature", "id": 538, "properties": { "FID": 538, "class": "Defence_SpatialJoin", "SolarPV_Area(sqm)": 0.0, "Rooftop_Area(sqm)": 334.03778668400003 }, "geometry": { "type": "Polygon", "coordinates": [ [ [ 67.064233848286833, 24.802256993038593 ], [ 67.064296390949792, 24.802211692326757 ], [ 67.064281209226323, 24.802194204496594 ], [ 67.06432266184774, 24.802164135859375 ], [ 67.064482381703542, 24.802347975681215 ], [ 67.064378295745016, 24.802423331314134 ], [ 67.064233848286833, 24.802256993038593 ] ] ] } },
{ "type": "Feature", "id": 539, "properties": { "FID": 539, "class": "Defence_SpatialJoin", "SolarPV_Area(sqm)": 107.39894447499999, "Rooftop_Area(sqm)": 368.67882392000001 }, "geometry": { "type": "Polygon", "coordinates": [ [ [ 67.064006396477509, 24.805530783876247 ], [ 67.064075400837325, 24.805473260811716 ], [ 67.064109035574461, 24.805507738192226 ], [ 67.064150033587936, 24.805474520437283 ], [ 67.064226666880074, 24.805553187052986 ], [ 67.064208213146301, 24.805568160385889 ], [ 67.064226120743626, 24.80558659979398 ], [ 67.064244574421991, 24.805571627353437 ], [ 67.064298936364096, 24.805627390743147 ], [ 67.064228939454338, 24.805684137541249 ], [ 67.064203160465183, 24.805660209695013 ], [ 67.064163063853002, 24.80569427435853 ], [ 67.064006396477509, 24.805530783876247 ] ] ] } },
{ "type": "Feature", "id": 540, "properties": { "FID": 540, "class": "Defence_SpatialJoin", "SolarPV_Area(sqm)": 120.582641861, "Rooftop_Area(sqm)": 313.77469100899998 }, "geometry": { "type": "Polygon", "coordinates": [ [ [ 67.06647735046748, 24.808935732831372 ], [ 67.066565834938174, 24.808862824093577 ], [ 67.066731554192174, 24.809038003684616 ], [ 67.066642978526957, 24.809110983940386 ], [ 67.06647735046748, 24.808935732831372 ] ] ] } },
{ "type": "Feature", "id": 541, "properties": { "FID": 541, "class": "Defence_SpatialJoin", "SolarPV_Area(sqm)": 0.0, "Rooftop_Area(sqm)": 227.74413376499999 }, "geometry": { "type": "Polygon", "coordinates": [ [ [ 67.061608427547782, 24.807528716960384 ], [ 67.06171287636127, 24.807444966153373 ], [ 67.061817053699343, 24.80755319950925 ], [ 67.061712603898499, 24.807636949438205 ], [ 67.061608427547782, 24.807528716960384 ] ] ] } },
{ "type": "Feature", "id": 542, "properties": { "FID": 542, "class": "Defence_SpatialJoin", "SolarPV_Area(sqm)": 293.88043415300001, "Rooftop_Area(sqm)": 562.38383647700005 }, "geometry": { "type": "Polygon", "coordinates": [ [ [ 67.060059670977807, 24.803111683326541 ], [ 67.060188680391107, 24.803010934195111 ], [ 67.060355762411547, 24.803185964279557 ], [ 67.060322946215209, 24.803212124676374 ], [ 67.060359307384957, 24.803250288842552 ], [ 67.06037097277293, 24.803278877034106 ], [ 67.060349035189589, 24.803298456416975 ], [ 67.060284841810272, 24.803347607792954 ], [ 67.060059670977807, 24.803111683326541 ] ] ] } },
{ "type": "Feature", "id": 543, "properties": { "FID": 543, "class": "Defence_SpatialJoin", "SolarPV_Area(sqm)": 0.0, "Rooftop_Area(sqm)": 254.46361670100001 }, "geometry": { "type": "Polygon", "coordinates": [ [ [ 67.057205108985116, 24.804913641984278 ], [ 67.057235379805945, 24.804889380217865 ], [ 67.057210108668087, 24.804863172899942 ], [ 67.057271560616613, 24.804813685618651 ], [ 67.057412461389205, 24.804959629461727 ], [ 67.057320738978035, 24.805033463871265 ], [ 67.057205108985116, 24.804913641984278 ] ] ] } },
{ "type": "Feature", "id": 544, "properties": { "FID": 544, "class": "Defence_SpatialJoin", "SolarPV_Area(sqm)": 0.0, "Rooftop_Area(sqm)": 251.64264726900001 }, "geometry": { "type": "Polygon", "coordinates": [ [ [ 67.061222900502017, 24.804103659173549 ], [ 67.061283716274801, 24.804055433619322 ], [ 67.061301987541725, 24.804074616064025 ], [ 67.061325986204963, 24.804055494832564 ], [ 67.061454344377722, 24.804190355563893 ], [ 67.061369439311179, 24.804257688613703 ], [ 67.061222900502017, 24.804103659173549 ] ] ] } },
{ "type": "Feature", "id": 545, "properties": { "FID": 545, "class": "Defence_SpatialJoin", "SolarPV_Area(sqm)": 0.0, "Rooftop_Area(sqm)": 281.48252369099998 }, "geometry": { "type": "Polygon", "coordinates": [ [ [ 67.05860376156167, 24.810290250899818 ], [ 67.05875284506341, 24.810168580500942 ], [ 67.058837476420322, 24.810255034938532 ], [ 67.058670758312147, 24.810391209982516 ], [ 67.058622670102594, 24.810342181599591 ], [ 67.058640486676211, 24.810327705614828 ], [ 67.05860376156167, 24.810290250899818 ] ] ] } },
{ "type": "Feature", "id": 546, "properties": { "FID": 546, "class": "Defence_SpatialJoin", "SolarPV_Area(sqm)": 0.0, "Rooftop_Area(sqm)": 303.68198577200002 }, "geometry": { "type": "Polygon", "coordinates": [ [ [ 67.059127734655377, 24.808635998071249 ], [ 67.059208366892548, 24.808573024155343 ], [ 67.059387539087055, 24.808764277772937 ], [ 67.059306816255628, 24.808827237071011 ], [ 67.059127734655377, 24.808635998071249 ] ] ] } },
{ "type": "Feature", "id": 547, "properties": { "FID": 547, "class": "Defence_SpatialJoin", "SolarPV_Area(sqm)": 0.0, "Rooftop_Area(sqm)": 440.53413362399999 }, "geometry": { "type": "Polygon", "coordinates": [ [ [ 67.059366267239042, 24.80529080765637 ], [ 67.05956543900389, 24.805130543020333 ], [ 67.05958507419794, 24.80515088539055 ], [ 67.059595164983577, 24.805142855111573 ], [ 67.059575438308542, 24.805122497983486 ], [ 67.059628253528928, 24.805079992031914 ], [ 67.059708341248665, 24.805162891768461 ], [ 67.05965552502343, 24.805205397694458 ], [ 67.059633435692078, 24.805182523430165 ], [ 67.059555803520013, 24.805244958238166 ], [ 67.059592982565064, 24.805283511005022 ], [ 67.059461444547068, 24.805389386029901 ], [ 67.059366267239042, 24.80529080765637 ] ] ] } },
{ "type": "Feature", "id": 548, "properties": { "FID": 548, "class": "Defence_SpatialJoin", "SolarPV_Area(sqm)": 41.410220221199999, "Rooftop_Area(sqm)": 279.98333843400002 }, "geometry": { "type": "Polygon", "coordinates": [ [ [ 67.058925290523305, 24.806297017179965 ], [ 67.059119007800177, 24.806151686403936 ], [ 67.059187276338278, 24.806227554147579 ], [ 67.058993650449807, 24.806372899763495 ], [ 67.058925290523305, 24.806297017179965 ] ] ] } },
{ "type": "Feature", "id": 549, "properties": { "FID": 549, "class": "Defence_SpatialJoin", "SolarPV_Area(sqm)": 72.685546801300006, "Rooftop_Area(sqm)": 125.481380555 }, "geometry": { "type": "Polygon", "coordinates": [ [ [ 67.065825657224693, 24.802857614276252 ], [ 67.065896863677139, 24.802807148749789 ], [ 67.065984404345926, 24.802895239571864 ], [ 67.065915861991584, 24.802950685780313 ], [ 67.065825657224693, 24.802857614276252 ] ] ] } },
{ "type": "Feature", "id": 550, "properties": { "FID": 550, "class": "Defence_SpatialJoin", "SolarPV_Area(sqm)": 0.0, "Rooftop_Area(sqm)": 444.30188858999998 }, "geometry": { "type": "Polygon", "coordinates": [ [ [ 67.063874228485432, 24.80559928573588 ], [ 67.063977768814894, 24.805514700677183 ], [ 67.064072491874057, 24.805611324684843 ], [ 67.064051219933773, 24.805628663237496 ], [ 67.064096581787382, 24.80567511475526 ], [ 67.064117944292164, 24.805657790006219 ], [ 67.064192395013279, 24.805733798406052 ], [ 67.064088672574087, 24.805818354145693 ], [ 67.063874228485432, 24.80559928573588 ] ] ] } },
{ "type": "Feature", "id": 551, "properties": { "FID": 551, "class": "Defence_SpatialJoin", "SolarPV_Area(sqm)": 0.0, "Rooftop_Area(sqm)": 462.15173270299999 }, "geometry": { "type": "Polygon", "coordinates": [ [ [ 67.059013285760201, 24.804937967545957 ], [ 67.059272545494949, 24.804722697109892 ], [ 67.059357994952549, 24.804808425974283 ], [ 67.059098826950986, 24.80502379749208 ], [ 67.059013285760201, 24.804937967545957 ] ] ] } },
{ "type": "Feature", "id": 552, "properties": { "FID": 552, "class": "Defence_SpatialJoin", "SolarPV_Area(sqm)": 0.0, "Rooftop_Area(sqm)": 305.22219913800001 }, "geometry": { "type": "Polygon", "coordinates": [ [ [ 67.061934684204161, 24.803712106681374 ], [ 67.062085312817374, 24.803587424980474 ], [ 67.062182490294674, 24.803685212812756 ], [ 67.062031770064365, 24.803809880744812 ], [ 67.061934684204161, 24.803712106681374 ] ] ] } },
{ "type": "Feature", "id": 553, "properties": { "FID": 553, "class": "Defence_SpatialJoin", "SolarPV_Area(sqm)": 79.138364785899995, "Rooftop_Area(sqm)": 304.486102297 }, "geometry": { "type": "Polygon", "coordinates": [ [ [ 67.064867940824513, 24.807600309605569 ], [ 67.06495372451046, 24.807529383870161 ], [ 67.065118716503619, 24.807705016594738 ], [ 67.065032933109279, 24.807776028600159 ], [ 67.064867940824513, 24.807600309605569 ] ] ] } },
{ "type": "Feature", "id": 554, "properties": { "FID": 554, "class": "Defence_SpatialJoin", "SolarPV_Area(sqm)": 0.0, "Rooftop_Area(sqm)": 270.75414494799998 }, "geometry": { "type": "Polygon", "coordinates": [ [ [ 67.061334531868738, 24.803160653054665 ], [ 67.061419891005684, 24.803090316873085 ], [ 67.061571974186734, 24.803243956294555 ], [ 67.061486614977923, 24.803314292559403 ], [ 67.061334531868738, 24.803160653054665 ] ] ] } },
{ "type": "Feature", "id": 555, "properties": { "FID": 555, "class": "Defence_SpatialJoin", "SolarPV_Area(sqm)": 102.590865497, "Rooftop_Area(sqm)": 397.67000915900002 }, "geometry": { "type": "Polygon", "coordinates": [ [ [ 67.061459525327535, 24.803927632450439 ], [ 67.061629971984729, 24.803793240597777 ], [ 67.061737511540841, 24.803906800061149 ], [ 67.061573871669054, 24.80404906401931 ], [ 67.061459525327535, 24.803927632450439 ] ] ] } },
{ "type": "Feature", "id": 556, "properties": { "FID": 556, "class": "Defence_SpatialJoin", "SolarPV_Area(sqm)": 241.984586433, "Rooftop_Area(sqm)": 803.82469496800002 }, "geometry": { "type": "Polygon", "coordinates": [ [ [ 67.058851294555296, 24.804777430371253 ], [ 67.05912300760464, 24.804556475685484 ], [ 67.059269852657735, 24.804697327314656 ], [ 67.058998048532175, 24.804918181372905 ], [ 67.058851294555296, 24.804777430371253 ] ] ] } },
{ "type": "Feature", "id": 557, "properties": { "FID": 557, "class": "Defence_SpatialJoin", "SolarPV_Area(sqm)": 0.0, "Rooftop_Area(sqm)": 256.79817824600002 }, "geometry": { "type": "Polygon", "coordinates": [ [ [ 67.066467929639842, 24.809272130990987 ], [ 67.066548290263071, 24.809209276955219 ], [ 67.066700556653885, 24.809371236315329 ], [ 67.066620195953462, 24.809434090427246 ], [ 67.066467929639842, 24.809272130990987 ] ] ] } },
{ "type": "Feature", "id": 558, "properties": { "FID": 558, "class": "Defence_SpatialJoin", "SolarPV_Area(sqm)": 46.707854764899999, "Rooftop_Area(sqm)": 441.34447055800001 }, "geometry": { "type": "Polygon", "coordinates": [ [ [ 67.064469291606159, 24.804349339367999 ], [ 67.064652192990565, 24.804203872532135 ], [ 67.064767277720605, 24.804324629941355 ], [ 67.064584377789942, 24.804470010833395 ], [ 67.064469291606159, 24.804349339367999 ] ] ] } },
{ "type": "Feature", "id": 559, "properties": { "FID": 559, "class": "Defence_SpatialJoin", "SolarPV_Area(sqm)": 39.434827476099997, "Rooftop_Area(sqm)": 306.85177354299998 }, "geometry": { "type": "Polygon", "coordinates": [ [ [ 67.065470653956893, 24.80710925654439 ], [ 67.065561970054176, 24.807035841579332 ], [ 67.065721962556538, 24.807202635586691 ], [ 67.065630646864619, 24.807276135035828 ], [ 67.065470653956893, 24.80710925654439 ] ] ] } },
{ "type": "Feature", "id": 560, "properties": { "FID": 560, "class": "Defence_SpatialJoin", "SolarPV_Area(sqm)": 0.0, "Rooftop_Area(sqm)": 244.98649539 }, "geometry": { "type": "Polygon", "coordinates": [ [ [ 67.064941179397664, 24.802031683040862 ], [ 67.065021811779417, 24.801966990302002 ], [ 67.065174169071042, 24.802125030852363 ], [ 67.065093627551946, 24.802189823658068 ], [ 67.065064901312383, 24.802159983972928 ], [ 67.065094536396273, 24.802136128679106 ], [ 67.06507517369883, 24.802116002565413 ], [ 67.065045447196283, 24.802139842205811 ], [ 67.064941179397664, 24.802031683040862 ] ] ] } },
{ "type": "Feature", "id": 561, "properties": { "FID": 561, "class": "Defence_SpatialJoin", "SolarPV_Area(sqm)": 213.20917212500001, "Rooftop_Area(sqm)": 435.46680815899998 }, "geometry": { "type": "Polygon", "coordinates": [ [ [ 67.063840953574854, 24.80459538739979 ], [ 67.064022402835306, 24.804451238763985 ], [ 67.064135947083557, 24.804572120788105 ], [ 67.063954406213441, 24.804716254796148 ], [ 67.063840953574854, 24.80459538739979 ] ] ] } },
{ "type": "Feature", "id": 562, "properties": { "FID": 562, "class": "Defence_SpatialJoin", "SolarPV_Area(sqm)": 0.0, "Rooftop_Area(sqm)": 225.18882567599999 }, "geometry": { "type": "Polygon", "coordinates": [ [ [ 67.064229355437476, 24.80083333227677 ], [ 67.064304418526916, 24.800768817362215 ], [ 67.064443684777885, 24.800912954431354 ], [ 67.064368622609962, 24.800977469465487 ], [ 67.064229355437476, 24.80083333227677 ] ] ] } },
{ "type": "Feature", "id": 563, "properties": { "FID": 563, "class": "Defence_SpatialJoin", "SolarPV_Area(sqm)": 0.0, "Rooftop_Area(sqm)": 226.40935993799999 }, "geometry": { "type": "Polygon", "coordinates": [ [ [ 67.061203992209528, 24.805598464515217 ], [ 67.061284807179788, 24.805533892111129 ], [ 67.06141861848208, 24.805673478972011 ], [ 67.061337804051405, 24.80573796531651 ], [ 67.061203992209528, 24.805598464515217 ] ] ] } },
{ "type": "Feature", "id": 564, "properties": { "FID": 564, "class": "Defence_SpatialJoin", "SolarPV_Area(sqm)": 82.962819575599994, "Rooftop_Area(sqm)": 314.604075486 }, "geometry": { "type": "Polygon", "coordinates": [ [ [ 67.065898310801145, 24.808522810584009 ], [ 67.065991539924397, 24.808443726637172 ], [ 67.066148714868504, 24.808607074623932 ], [ 67.0660554860399, 24.808686244845472 ], [ 67.065898310801145, 24.808522810584009 ] ] ] } },
{ "type": "Feature", "id": 565, "properties": { "FID": 565, "class": "Defence_SpatialJoin", "SolarPV_Area(sqm)": 0.0, "Rooftop_Area(sqm)": 268.25317543900002 }, "geometry": { "type": "Polygon", "coordinates": [ [ [ 67.065195894895368, 24.809102602244234 ], [ 67.065281982146189, 24.809032297592353 ], [ 67.065431157771911, 24.809184529090693 ], [ 67.065345070390819, 24.809254834718953 ], [ 67.065195894895368, 24.809102602244234 ] ] ] } },
{ "type": "Feature", "id": 566, "properties": { "FID": 566, "class": "Defence_SpatialJoin", "SolarPV_Area(sqm)": 83.555970873700005, "Rooftop_Area(sqm)": 297.475187769 }, "geometry": { "type": "Polygon", "coordinates": [ [ [ 67.066217747221472, 24.808291070987902 ], [ 67.066308482153474, 24.808215090043539 ], [ 67.066461930741539, 24.808374846230691 ], [ 67.066371285689172, 24.808450927201434 ], [ 67.066217747221472, 24.808291070987902 ] ] ] } },
{ "type": "Feature", "id": 567, "properties": { "FID": 567, "class": "Defence_SpatialJoin", "SolarPV_Area(sqm)": 0.0, "Rooftop_Area(sqm)": 363.93013560499998 }, "geometry": { "type": "Polygon", "coordinates": [ [ [ 67.062125310949753, 24.80624826207146 ], [ 67.062207125865314, 24.80618111554984 ], [ 67.062349391378277, 24.806325653443196 ], [ 67.062294848143409, 24.80637036041206 ], [ 67.062355117887023, 24.806431521571081 ], [ 67.062298212210422, 24.806478154962186 ], [ 67.062203216726317, 24.806381658079761 ], [ 67.062232760187584, 24.806357448744492 ], [ 67.062204034601081, 24.806328291456026 ], [ 67.062174490164651, 24.806352500733542 ], [ 67.062129220178832, 24.80630640632635 ], [ 67.062158764060911, 24.80628228229078 ], [ 67.062125310949753, 24.80624826207146 ] ] ] } },
{ "type": "Feature", "id": 568, "properties": { "FID": 568, "class": "Defence_SpatialJoin", "SolarPV_Area(sqm)": 0.0, "Rooftop_Area(sqm)": 278.42028121099997 }, "geometry": { "type": "Polygon", "coordinates": [ [ [ 67.066178124465821, 24.806895839358937 ], [ 67.066342844362964, 24.806767269608159 ], [ 67.06642329518715, 24.806853132637425 ], [ 67.066258575205794, 24.806981702470544 ], [ 67.066178124465821, 24.806895839358937 ] ] ] } },
{ "type": "Feature", "id": 569, "properties": { "FID": 569, "class": "Defence_SpatialJoin", "SolarPV_Area(sqm)": 59.367743482100003, "Rooftop_Area(sqm)": 412.01784199299999 }, "geometry": { "type": "Polygon", "coordinates": [ [ [ 67.061898322183467, 24.802383661990177 ], [ 67.061965773325355, 24.802331803559237 ], [ 67.061981500062757, 24.802348866538601 ], [ 67.062060495755745, 24.802288271642301 ], [ 67.062186763123179, 24.802425358739178 ], [ 67.062040315725255, 24.802537726900962 ], [ 67.061898322183467, 24.802383661990177 ] ] ] } },
{ "type": "Feature", "id": 570, "properties": { "FID": 570, "class": "Defence_SpatialJoin", "SolarPV_Area(sqm)": 0.0, "Rooftop_Area(sqm)": 284.54518607199998 }, "geometry": { "type": "Polygon", "coordinates": [ [ [ 67.062060859592648, 24.801195116571328 ], [ 67.062114402359143, 24.801157937957019 ], [ 67.062128038480822, 24.801174236783211 ], [ 67.06218630834482, 24.801133716943031 ], [ 67.062301575668656, 24.801272108314024 ], [ 67.062207216686545, 24.80133766308392 ], [ 67.062183762866667, 24.801309613218045 ], [ 67.062166491312894, 24.801321614132299 ], [ 67.062060859592648, 24.801195116571328 ] ] ] } },
{ "type": "Feature", "id": 571, "properties": { "FID": 571, "class": "Defence_SpatialJoin", "SolarPV_Area(sqm)": 84.676043137400001, "Rooftop_Area(sqm)": 305.42711735 }, "geometry": { "type": "Polygon", "coordinates": [ [ [ 67.061645607700171, 24.803787470866101 ], [ 67.061738200509794, 24.803711987740272 ], [ 67.061890193660531, 24.803866296280862 ], [ 67.061878959534994, 24.803874987303608 ], [ 67.061886504962672, 24.803882612416615 ], [ 67.06180514515863, 24.803949405455644 ], [ 67.061645607700171, 24.803787470866101 ] ] ] } },
{ "type": "Feature", "id": 572, "properties": { "FID": 572, "class": "Defence_SpatialJoin", "SolarPV_Area(sqm)": 61.549368952599998, "Rooftop_Area(sqm)": 350.85541862500003 }, "geometry": { "type": "Polygon", "coordinates": [ [ [ 67.057953326734633, 24.808975821603937 ], [ 67.058064517773317, 24.808883511498053 ], [ 67.058215625376846, 24.809035575461447 ], [ 67.058104434189019, 24.809127886569897 ], [ 67.057953326734633, 24.808975821603937 ] ] ] } },
{ "type": "Feature", "id": 573, "properties": { "FID": 573, "class": "Defence_SpatialJoin", "SolarPV_Area(sqm)": 0.0, "Rooftop_Area(sqm)": 208.91860148500001 }, "geometry": { "type": "Polygon", "coordinates": [ [ [ 67.061738784072361, 24.807420940657604 ], [ 67.061836597709942, 24.807344580798169 ], [ 67.061938229651844, 24.807453086493648 ], [ 67.061840325391429, 24.807529432603385 ], [ 67.061738784072361, 24.807420940657604 ] ] ] } },
{ "type": "Feature", "id": 574, "properties": { "FID": 574, "class": "Defence_SpatialJoin", "SolarPV_Area(sqm)": 0.0, "Rooftop_Area(sqm)": 419.00761447899998 }, "geometry": { "type": "Polygon", "coordinates": [ [ [ 67.064213667074526, 24.808822779306801 ], [ 67.064417840014016, 24.808658527845243 ], [ 67.064515926168852, 24.808760137832166 ], [ 67.064311662607068, 24.808924374715705 ], [ 67.064213667074526, 24.808822779306801 ] ] ] } },
{ "type": "Feature", "id": 575, "properties": { "FID": 575, "class": "Defence_SpatialJoin", "SolarPV_Area(sqm)": 0.0, "Rooftop_Area(sqm)": 114.04840696399999 }, "geometry": { "type": "Polygon", "coordinates": [ [ [ 67.061556248504331, 24.807474500719128 ], [ 67.061660788767441, 24.80739076470482 ], [ 67.06171287636127, 24.807444966153373 ], [ 67.061608427547782, 24.807528716960384 ], [ 67.061556248504331, 24.807474500719128 ] ] ] } },
{ "type": "Feature", "id": 576, "properties": { "FID": 576, "class": "Defence_SpatialJoin", "SolarPV_Area(sqm)": 0.0, "Rooftop_Area(sqm)": 269.33636165199999 }, "geometry": { "type": "Polygon", "coordinates": [ [ [ 67.061135814425484, 24.801761691125126 ], [ 67.061177720955442, 24.801726740222996 ], [ 67.061154995487087, 24.801704020770963 ], [ 67.061197174369923, 24.801668685912979 ], [ 67.061219991697328, 24.801691506296329 ], [ 67.061252172379952, 24.801664558646923 ], [ 67.061354984921024, 24.80176710089868 ], [ 67.061238536837891, 24.801864304034559 ], [ 67.061135814425484, 24.801761691125126 ] ] ] } },
{ "type": "Feature", "id": 577, "properties": { "FID": 577, "class": "Defence_SpatialJoin", "SolarPV_Area(sqm)": 0.0, "Rooftop_Area(sqm)": 249.91850612100001 }, "geometry": { "type": "Polygon", "coordinates": [ [ [ 67.061158267269107, 24.805910200309008 ], [ 67.061236991031294, 24.805848881012739 ], [ 67.061388074711687, 24.806010308476004 ], [ 67.06130944174997, 24.806071728732078 ], [ 67.061158267269107, 24.805910200309008 ] ] ] } },
{ "type": "Feature", "id": 578, "properties": { "FID": 578, "class": "Defence_SpatialJoin", "SolarPV_Area(sqm)": 0.0, "Rooftop_Area(sqm)": 283.15902277800001 }, "geometry": { "type": "Polygon", "coordinates": [ [ [ 67.05906301045907, 24.806846581233835 ], [ 67.059248091937661, 24.806711566199731 ], [ 67.059319997312514, 24.806793745592216 ], [ 67.059134824803607, 24.806928660713041 ], [ 67.05906301045907, 24.806846581233835 ] ] ] } },
{ "type": "Feature", "id": 579, "properties": { "FID": 579, "class": "Defence_SpatialJoin", "SolarPV_Area(sqm)": 0.0, "Rooftop_Area(sqm)": 49.0843981011 }, "geometry": { "type": "Polygon", "coordinates": [ [ [ 67.058647486408105, 24.810120232861319 ], [ 67.058679576096111, 24.810093957243843 ], [ 67.058752753580279, 24.810168565740415 ], [ 67.05872066485891, 24.810194841425247 ], [ 67.058647486408105, 24.810120232861319 ] ] ] } },
{ "type": "Feature", "id": 580, "properties": { "FID": 580, "class": "Defence_SpatialJoin", "SolarPV_Area(sqm)": 0.0, "Rooftop_Area(sqm)": 292.94589285299998 }, "geometry": { "type": "Polygon", "coordinates": [ [ [ 67.066273938016252, 24.806999475473091 ], [ 67.066439840508721, 24.806864173710999 ], [ 67.066524382141012, 24.806950524304963 ], [ 67.066358480548615, 24.807085826208773 ], [ 67.066273938016252, 24.806999475473091 ] ] ] } },
{ "type": "Feature", "id": 581, "properties": { "FID": 581, "class": "Defence_SpatialJoin", "SolarPV_Area(sqm)": 132.16891721299999, "Rooftop_Area(sqm)": 590.20055000100001 }, "geometry": { "type": "Polygon", "coordinates": [ [ [ 67.061558960049993, 24.806231647869847 ], [ 67.061679242132556, 24.806129365446914 ], [ 67.061906452159008, 24.806367696558439 ], [ 67.061786169918449, 24.806469979156006 ], [ 67.061558960049993, 24.806231647869847 ] ] ] } },
{ "type": "Feature", "id": 582, "properties": { "FID": 582, "class": "Defence_SpatialJoin", "SolarPV_Area(sqm)": 0.0, "Rooftop_Area(sqm)": 275.06798899299997 }, "geometry": { "type": "Polygon", "coordinates": [ [ [ 67.058432679919918, 24.806832738002822 ], [ 67.058581399590636, 24.806710236278914 ], [ 67.05868393927291, 24.806814018305232 ], [ 67.058649668240051, 24.806842249855482 ], [ 67.058631578966001, 24.80682386659025 ], [ 67.058517129705521, 24.806918222081201 ], [ 67.058432679919918, 24.806832738002822 ] ] ] } },
{ "type": "Feature", "id": 583, "properties": { "FID": 583, "class": "Defence_SpatialJoin", "SolarPV_Area(sqm)": 0.0, "Rooftop_Area(sqm)": 354.749020599 }, "geometry": { "type": "Polygon", "coordinates": [ [ [ 67.061760601388812, 24.806855638395085 ], [ 67.061972591503832, 24.806693676496664 ], [ 67.0620519508429, 24.806780219012921 ], [ 67.061839961595382, 24.806942181066848 ], [ 67.061760601388812, 24.806855638395085 ] ] ] } },
{ "type": "Feature", "id": 584, "properties": { "FID": 584, "class": "Defence_SpatialJoin", "SolarPV_Area(sqm)": 0.0, "Rooftop_Area(sqm)": 227.84433844599999 }, "geometry": { "type": "Polygon", "coordinates": [ [ [ 67.064322662036503, 24.802512818787196 ], [ 67.064404476095291, 24.802449428146598 ], [ 67.064536834200453, 24.80259168359283 ], [ 67.064455019527259, 24.802655159534243 ], [ 67.064322662036503, 24.802512818787196 ] ] ] } },
{ "type": "Feature", "id": 585, "properties": { "FID": 585, "class": "Defence_SpatialJoin", "SolarPV_Area(sqm)": 53.653739821599999, "Rooftop_Area(sqm)": 309.58158619099999 }, "geometry": { "type": "Polygon", "coordinates": [ [ [ 67.066040750043356, 24.809619858160435 ], [ 67.066130671634326, 24.809547660181924 ], [ 67.066296846152994, 24.809717160088717 ], [ 67.066206925078106, 24.809789272033623 ], [ 67.066040750043356, 24.809619858160435 ] ] ] } },
{ "type": "Feature", "id": 586, "properties": { "FID": 586, "class": "Defence_SpatialJoin", "SolarPV_Area(sqm)": 0.0, "Rooftop_Area(sqm)": 251.92571068000001 }, "geometry": { "type": "Polygon", "coordinates": [ [ [ 67.063558606596018, 24.807565971405094 ], [ 67.063655511398082, 24.807492197561217 ], [ 67.063778687050373, 24.807627078737116 ], [ 67.063681873650751, 24.807700867411214 ], [ 67.063558606596018, 24.807565971405094 ] ] ] } },
{ "type": "Feature", "id": 587, "properties": { "FID": 587, "class": "Defence_SpatialJoin", "SolarPV_Area(sqm)": 67.487014230100002, "Rooftop_Area(sqm)": 306.01950957399998 }, "geometry": { "type": "Polygon", "coordinates": [ [ [ 67.065027837441633, 24.801948673444329 ], [ 67.065121989867649, 24.8018700648623 ], [ 67.065274892084474, 24.802028364153273 ], [ 67.065180740177141, 24.802106886698855 ], [ 67.065027837441633, 24.801948673444329 ] ] ] } },
{ "type": "Feature", "id": 588, "properties": { "FID": 588, "class": "Defence_SpatialJoin", "SolarPV_Area(sqm)": 118.388689603, "Rooftop_Area(sqm)": 471.63848635599999 }, "geometry": { "type": "Polygon", "coordinates": [ [ [ 67.065275618869123, 24.806096712964589 ], [ 67.065401829692675, 24.80599903069286 ], [ 67.065578003525886, 24.806191334700543 ], [ 67.065451792554811, 24.806289017109055 ], [ 67.065275618869123, 24.806096712964589 ] ] ] } },
{ "type": "Feature", "id": 589, "properties": { "FID": 589, "class": "Defence_SpatialJoin", "SolarPV_Area(sqm)": 67.068515856700003, "Rooftop_Area(sqm)": 402.86511184 }, "geometry": { "type": "Polygon", "coordinates": [ [ [ 67.063301436917584, 24.806522418011681 ], [ 67.063416794772579, 24.806427518614051 ], [ 67.063439430708044, 24.806450394744861 ], [ 67.06342479507417, 24.806462479001585 ], [ 67.063441702546896, 24.806479646301725 ], [ 67.063456338124837, 24.806467562937861 ], [ 67.063606729089742, 24.806624151080321 ], [ 67.063505335485274, 24.806705841846153 ], [ 67.063359888233322, 24.806546879807229 ], [ 67.063340980244448, 24.80656246236472 ], [ 67.063301436917584, 24.806522418011681 ] ] ] } },
{ "type": "Feature", "id": 590, "properties": { "FID": 590, "class": "Defence_SpatialJoin", "SolarPV_Area(sqm)": 22.0757259845, "Rooftop_Area(sqm)": 151.79820635300001 }, "geometry": { "type": "Polygon", "coordinates": [ [ [ 67.064413021159069, 24.80393698023957 ], [ 67.064424021463864, 24.803928667816571 ], [ 67.064440656803598, 24.803947073342854 ], [ 67.064523834998397, 24.803884416180718 ], [ 67.064507198669219, 24.803866010610541 ], [ 67.064524925093821, 24.803852715286702 ], [ 67.064601467634844, 24.803937349586157 ], [ 67.064489472160531, 24.80402159983511 ], [ 67.064413021159069, 24.80393698023957 ] ] ] } },
{ "type": "Feature", "id": 591, "properties": { "FID": 591, "class": "Defence_SpatialJoin", "SolarPV_Area(sqm)": 118.763071068, "Rooftop_Area(sqm)": 500.33399545999998 }, "geometry": { "type": "Polygon", "coordinates": [ [ [ 67.059818382273633, 24.805800778745787 ], [ 67.059897058376293, 24.805734350984935 ], [ 67.059913602731768, 24.805751374431662 ], [ 67.059995417328267, 24.805685084631126 ], [ 67.060017961526015, 24.805708289216046 ], [ 67.060126864439866, 24.805620043993905 ], [ 67.060168044495455, 24.805662403070684 ], [ 67.060189952752026, 24.805644654921757 ], [ 67.060217525606433, 24.80567063210437 ], [ 67.059926223663368, 24.80590934229706 ], [ 67.059818382273633, 24.805800778745787 ] ] ] } },
{ "type": "Feature", "id": 592, "properties": { "FID": 592, "class": "Defence_SpatialJoin", "SolarPV_Area(sqm)": 176.47072172599999, "Rooftop_Area(sqm)": 383.12563205200001 }, "geometry": { "type": "Polygon", "coordinates": [ [ [ 67.060694842826791, 24.803655719589884 ], [ 67.060811648153631, 24.803555129453784 ], [ 67.060963804145786, 24.803712564411768 ], [ 67.060847089219251, 24.803813169368112 ], [ 67.060694842826791, 24.803655719589884 ] ] ] } },
{ "type": "Feature", "id": 593, "properties": { "FID": 593, "class": "Defence_SpatialJoin", "SolarPV_Area(sqm)": 0.0, "Rooftop_Area(sqm)": 217.38764117299999 }, "geometry": { "type": "Polygon", "coordinates": [ [ [ 67.065168624012315, 24.802460088521457 ], [ 67.065252893530882, 24.802390087211251 ], [ 67.065374433865983, 24.802515984732363 ], [ 67.065290072808722, 24.802585971352606 ], [ 67.065168624012315, 24.802460088521457 ] ] ] } },
{ "type": "Feature", "id": 594, "properties": { "FID": 594, "class": "Defence_SpatialJoin", "SolarPV_Area(sqm)": 0.0, "Rooftop_Area(sqm)": 240.79161247499999 }, "geometry": { "type": "Polygon", "coordinates": [ [ [ 67.064391658656533, 24.801263632304572 ], [ 67.064464291571468, 24.801204487522178 ], [ 67.064616193743319, 24.801360061920111 ], [ 67.064532016273674, 24.801428712599996 ], [ 67.06447965490301, 24.801375152124741 ], [ 67.064493472438016, 24.801363960957346 ], [ 67.064435383896765, 24.801304520372582 ], [ 67.064433293807781, 24.801306235226868 ], [ 67.064391658656533, 24.801263632304572 ] ] ] } },
{ "type": "Feature", "id": 595, "properties": { "FID": 595, "class": "Defence_SpatialJoin", "SolarPV_Area(sqm)": 0.0, "Rooftop_Area(sqm)": 274.97920376399998 }, "geometry": { "type": "Polygon", "coordinates": [ [ [ 67.057737516517605, 24.805059076119534 ], [ 67.057917870770211, 24.804915865373555 ], [ 67.05799179376929, 24.804998921983646 ], [ 67.057829711721752, 24.805127559098153 ], [ 67.057785351075125, 24.805081012424882 ], [ 67.057767079390629, 24.805095500005883 ], [ 67.057737516517605, 24.805059076119534 ] ] ] } },
{ "type": "Feature", "id": 596, "properties": { "FID": 596, "class": "Defence_SpatialJoin", "SolarPV_Area(sqm)": 0.0, "Rooftop_Area(sqm)": 352.96771000899997 }, "geometry": { "type": "Polygon", "coordinates": [ [ [ 67.058347502965375, 24.810027432022235 ], [ 67.058445133359811, 24.809950622081377 ], [ 67.058496403713477, 24.810004948803005 ], [ 67.058540128459242, 24.809970551499571 ], [ 67.058631396212817, 24.810067133440668 ], [ 67.058515039378321, 24.810158700251161 ], [ 67.058471769141136, 24.810112926925164 ], [ 67.058446860803812, 24.81013249688727 ], [ 67.058347502965375, 24.810027432022235 ] ] ] } },
{ "type": "Feature", "id": 597, "properties": { "FID": 597, "class": "Defence_SpatialJoin", "SolarPV_Area(sqm)": 0.0, "Rooftop_Area(sqm)": 459.74677873299999 }, "geometry": { "type": "Polygon", "coordinates": [ [ [ 67.060053413645676, 24.804748400621648 ], [ 67.060225678502576, 24.804611485551202 ], [ 67.060353035128159, 24.80474498958532 ], [ 67.060180680617691, 24.804881890139502 ], [ 67.060053413645676, 24.804748400621648 ] ] ] } },
{ "type": "Feature", "id": 598, "properties": { "FID": 598, "class": "Defence_SpatialJoin", "SolarPV_Area(sqm)": 0.0, "Rooftop_Area(sqm)": 102.78496054199999 }, "geometry": { "type": "Polygon", "coordinates": [ [ [ 67.061804327152188, 24.808013398185729 ], [ 67.061910594394519, 24.807931136425896 ], [ 67.061956591903567, 24.807980596901359 ], [ 67.061850324686944, 24.808062857796987 ], [ 67.061804327152188, 24.808013398185729 ] ] ] } },
{ "type": "Feature", "id": 599, "properties": { "FID": 599, "class": "Defence_SpatialJoin", "SolarPV_Area(sqm)": 0.0, "Rooftop_Area(sqm)": 249.07166222399999 }, "geometry": { "type": "Polygon", "coordinates": [ [ [ 67.060196770519823, 24.804930802506682 ], [ 67.060284291800954, 24.804863658555941 ], [ 67.060422920947914, 24.805007696410872 ], [ 67.060335400139991, 24.805074755204256 ], [ 67.060196770519823, 24.804930802506682 ] ] ] } },
{ "type": "Feature", "id": 600, "properties": { "FID": 600, "class": "Defence_SpatialJoin", "SolarPV_Area(sqm)": 0.0, "Rooftop_Area(sqm)": 258.81755953499999 }, "geometry": { "type": "Polygon", "coordinates": [ [ [ 67.066641467748866, 24.807960404248295 ], [ 67.066724373468148, 24.807894626179984 ], [ 67.066873275889932, 24.808051171247623 ], [ 67.06679037063904, 24.808116864159132 ], [ 67.066641467748866, 24.807960404248295 ] ] ] } },
{ "type": "Feature", "id": 601, "properties": { "FID": 601, "class": "Defence_SpatialJoin", "SolarPV_Area(sqm)": 0.0, "Rooftop_Area(sqm)": 302.299605181 }, "geometry": { "type": "Polygon", "coordinates": [ [ [ 67.064465473524905, 24.807931073916972 ], [ 67.064552196984252, 24.807859162061213 ], [ 67.064719371104502, 24.808027113301765 ], [ 67.064632647566157, 24.808099025250836 ], [ 67.064465473524905, 24.807931073916972 ] ] ] } },
{ "type": "Feature", "id": 602, "properties": { "FID": 602, "class": "Defence_SpatialJoin", "SolarPV_Area(sqm)": 0.0, "Rooftop_Area(sqm)": 138.708603708 }, "geometry": { "type": "Polygon", "coordinates": [ [ [ 67.059219184493656, 24.806589999605755 ], [ 67.059296180183594, 24.806535838396748 ], [ 67.059328905737118, 24.806574612901706 ], [ 67.059308633893423, 24.806588779318155 ], [ 67.059378175921381, 24.806671090001387 ], [ 67.059321361091833, 24.806710984839107 ], [ 67.059219184493656, 24.806589999605755 ] ] ] } },
{ "type": "Feature", "id": 603, "properties": { "FID": 603, "class": "Defence_SpatialJoin", "SolarPV_Area(sqm)": 0.0, "Rooftop_Area(sqm)": 259.09513917499999 }, "geometry": { "type": "Polygon", "coordinates": [ [ [ 67.058375591636377, 24.806079963803281 ], [ 67.058558308867589, 24.805943240984959 ], [ 67.058624486758788, 24.806018429989606 ], [ 67.058441770420117, 24.806155152932941 ], [ 67.058375591636377, 24.806079963803281 ] ] ] } },
{ "type": "Feature", "id": 604, "properties": { "FID": 604, "class": "Defence_SpatialJoin", "SolarPV_Area(sqm)": 0.0, "Rooftop_Area(sqm)": 285.016936676 }, "geometry": { "type": "Polygon", "coordinates": [ [ [ 67.066552289616382, 24.807294474848899 ], [ 67.066713464358457, 24.80716849595985 ], [ 67.066797643052539, 24.807258292382226 ], [ 67.066636467788399, 24.807384186069132 ], [ 67.066552289616382, 24.807294474848899 ] ] ] } },
{ "type": "Feature", "id": 605, "properties": { "FID": 605, "class": "Defence_SpatialJoin", "SolarPV_Area(sqm)": 66.643027056899996, "Rooftop_Area(sqm)": 389.93177490099998 }, "geometry": { "type": "Polygon", "coordinates": [ [ [ 67.065960224724023, 24.80396716460583 ], [ 67.066012859359006, 24.803925906271335 ], [ 67.066042675780011, 24.803957631407599 ], [ 67.066071856368197, 24.803934814346125 ], [ 67.06624693952736, 24.804121215243985 ], [ 67.066187487905566, 24.804167784767564 ], [ 67.066172578944546, 24.80415187953411 ], [ 67.066121580981601, 24.804191777593296 ], [ 67.066065311552521, 24.804131860812085 ], [ 67.066093855304501, 24.804109454029398 ], [ 67.066054493447425, 24.804067474310326 ], [ 67.066025858221508, 24.804089866330912 ], [ 67.065977314654234, 24.804038202494542 ], [ 67.066005949871368, 24.804015810482628 ], [ 67.065960224724023, 24.80396716460583 ] ] ] } },
{ "type": "Feature", "id": 606, "properties": { "FID": 606, "class": "Defence_SpatialJoin", "SolarPV_Area(sqm)": 65.396539119500005, "Rooftop_Area(sqm)": 300.41903576499999 }, "geometry": { "type": "Polygon", "coordinates": [ [ [ 67.06675936887973, 24.809042268775343 ], [ 67.066853277286285, 24.808967685597622 ], [ 67.067004634507839, 24.809128814396971 ], [ 67.066910634527503, 24.809203382907953 ], [ 67.06675936887973, 24.809042268775343 ] ] ] } },
{ "type": "Feature", "id": 607, "properties": { "FID": 607, "class": "Defence_SpatialJoin", "SolarPV_Area(sqm)": 95.570817871499997, "Rooftop_Area(sqm)": 112.275537125 }, "geometry": { "type": "Polygon", "coordinates": [ [ [ 67.062005498897122, 24.807946091764386 ], [ 67.06209949472472, 24.807871850612361 ], [ 67.062156400814672, 24.807931957289362 ], [ 67.062062405011304, 24.808006197580429 ], [ 67.062005498897122, 24.807946091764386 ] ] ] } },
{ "type": "Feature", "id": 608, "properties": { "FID": 608, "class": "Defence_SpatialJoin", "SolarPV_Area(sqm)": 114.02678028299999, "Rooftop_Area(sqm)": 401.75437010600001 }, "geometry": { "type": "Polygon", "coordinates": [ [ [ 67.063610603345168, 24.80857636137987 ], [ 67.063777323222183, 24.808431467174771 ], [ 67.063887074979945, 24.808547949994757 ], [ 67.063720354450581, 24.80869292955072 ], [ 67.063610603345168, 24.80857636137987 ] ] ] } },
{ "type": "Feature", "id": 609, "properties": { "FID": 609, "class": "Defence_SpatialJoin", "SolarPV_Area(sqm)": 53.381908636399999, "Rooftop_Area(sqm)": 295.611887427 }, "geometry": { "type": "Polygon", "coordinates": [ [ [ 67.058218819691149, 24.807383739025543 ], [ 67.05832586735211, 24.807297161025371 ], [ 67.058457133514878, 24.807433860867938 ], [ 67.058350085770456, 24.807520438956946 ], [ 67.058218819691149, 24.807383739025543 ] ] ] } },
{ "type": "Feature", "id": 610, "properties": { "FID": 610, "class": "Defence_SpatialJoin", "SolarPV_Area(sqm)": 102.370724509, "Rooftop_Area(sqm)": 345.05219175399998 }, "geometry": { "type": "Polygon", "coordinates": [ [ [ 67.064471501113729, 24.805035350725831 ], [ 67.064573377701677, 24.804945196994186 ], [ 67.064605467260662, 24.804977288772779 ], [ 67.064628557231487, 24.804958105853029 ], [ 67.06473155296743, 24.805061019201577 ], [ 67.064606585403411, 24.805170355011821 ], [ 67.064471501113729, 24.805035350725831 ] ] ] } },
{ "type": "Feature", "id": 611, "properties": { "FID": 611, "class": "Defence_SpatialJoin", "SolarPV_Area(sqm)": 0.0, "Rooftop_Area(sqm)": 342.088776736 }, "geometry": { "type": "Polygon", "coordinates": [ [ [ 67.060430485467791, 24.806435635816186 ], [ 67.060621203976396, 24.806292723759171 ], [ 67.060706017703694, 24.806386896059877 ], [ 67.060515390506225, 24.806529823868235 ], [ 67.060430485467791, 24.806435635816186 ] ] ] } },
{ "type": "Feature", "id": 612, "properties": { "FID": 612, "class": "Defence_SpatialJoin", "SolarPV_Area(sqm)": 35.345379430800001, "Rooftop_Area(sqm)": 293.24999652399998 }, "geometry": { "type": "Polygon", "coordinates": [ [ [ 67.057969432068589, 24.809645930302924 ], [ 67.058169603290779, 24.809477632594486 ], [ 67.058214782449738, 24.809522261321366 ], [ 67.058196055904361, 24.809537956803435 ], [ 67.058223873022683, 24.809565600705199 ], [ 67.058042336846881, 24.809718187367729 ], [ 67.057969432068589, 24.809645930302924 ] ] ] } },
{ "type": "Feature", "id": 613, "properties": { "FID": 613, "class": "Defence_SpatialJoin", "SolarPV_Area(sqm)": 0.0, "Rooftop_Area(sqm)": 288.636827563 }, "geometry": { "type": "Polygon", "coordinates": [ [ [ 67.065544970055598, 24.80209692107308 ], [ 67.065634330674669, 24.802025087424568 ], [ 67.065788687185204, 24.802185073187896 ], [ 67.065699327464458, 24.802256906975895 ], [ 67.065544970055598, 24.80209692107308 ] ] ] } },
{ "type": "Feature", "id": 614, "properties": { "FID": 614, "class": "Defence_SpatialJoin", "SolarPV_Area(sqm)": 0.0, "Rooftop_Area(sqm)": 299.47105408900001 }, "geometry": { "type": "Polygon", "coordinates": [ [ [ 67.059722430492883, 24.804420216616769 ], [ 67.059806608839509, 24.804352683461918 ], [ 67.059890058479681, 24.804439457597628 ], [ 67.059895330100829, 24.804433040255262 ], [ 67.059993689244607, 24.804535207645941 ], [ 67.059962237388959, 24.80456270084283 ], [ 67.059934329223509, 24.804533675810649 ], [ 67.059876423487452, 24.804580148012242 ], [ 67.059722430492883, 24.804420216616769 ] ] ] } },
{ "type": "Feature", "id": 615, "properties": { "FID": 615, "class": "Defence_SpatialJoin", "SolarPV_Area(sqm)": 67.227464408900005, "Rooftop_Area(sqm)": 281.273671299 }, "geometry": { "type": "Polygon", "coordinates": [ [ [ 67.063299230263922, 24.801585236519838 ], [ 67.063390322320956, 24.801514900570673 ], [ 67.063504043832168, 24.801636718983826 ], [ 67.063488337038976, 24.801649051318293 ], [ 67.063528971111026, 24.801692603534178 ], [ 67.063453587228153, 24.80175052294501 ], [ 67.063299230263922, 24.801585236519838 ] ] ] } },
{ "type": "Feature", "id": 616, "properties": { "FID": 616, "class": "Defence_SpatialJoin", "SolarPV_Area(sqm)": 0.0, "Rooftop_Area(sqm)": 98.421686190499997 }, "geometry": { "type": "Polygon", "coordinates": [ [ [ 67.061362348513825, 24.807816533885841 ], [ 67.061456161868009, 24.807741752142189 ], [ 67.061506250733231, 24.807794093212429 ], [ 67.061412437350683, 24.807868874985637 ], [ 67.061362348513825, 24.807816533885841 ] ] ] } },
{ "type": "Feature", "id": 617, "properties": { "FID": 617, "class": "Defence_SpatialJoin", "SolarPV_Area(sqm)": 0.0, "Rooftop_Area(sqm)": 205.69368486299999 }, "geometry": { "type": "Polygon", "coordinates": [ [ [ 67.057747889080389, 24.805365981212251 ], [ 67.057806704330986, 24.805317778049456 ], [ 67.057825802985946, 24.805339122264765 ], [ 67.05789721019903, 24.805288029686512 ], [ 67.057965023931118, 24.805356986978392 ], [ 67.057834711338018, 24.805456353359006 ], [ 67.057766896678658, 24.805387395959283 ], [ 67.057781805141772, 24.805375186029082 ], [ 67.057780623972235, 24.805374055797305 ], [ 67.057765806615777, 24.805386194308213 ], [ 67.057747889080389, 24.805365981212251 ] ] ] } },
{ "type": "Feature", "id": 618, "properties": { "FID": 618, "class": "Defence_SpatialJoin", "SolarPV_Area(sqm)": 0.0, "Rooftop_Area(sqm)": 266.53139159199998 }, "geometry": { "type": "Polygon", "coordinates": [ [ [ 67.057822531773837, 24.80514981029788 ], [ 67.057977431073155, 24.805021389859263 ], [ 67.05805706330969, 24.805106694571052 ], [ 67.057902163877415, 24.80523511598183 ], [ 67.057822531773837, 24.80514981029788 ] ] ] } },
{ "type": "Feature", "id": 619, "properties": { "FID": 619, "class": "Defence_SpatialJoin", "SolarPV_Area(sqm)": 49.626908037, "Rooftop_Area(sqm)": 297.01195887599999 }, "geometry": { "type": "Polygon", "coordinates": [ [ [ 67.063990677532317, 24.801596162745486 ], [ 67.064008767249305, 24.801580275992308 ], [ 67.063991858778863, 24.801564219939667 ], [ 67.06404503852508, 24.801517495049723 ], [ 67.064062037498388, 24.801533565799883 ], [ 67.064073400870186, 24.801523603393786 ], [ 67.064218728186958, 24.801692002570654 ], [ 67.064136096189401, 24.801764577647401 ], [ 67.063990677532317, 24.801596162745486 ] ] ] } },
{ "type": "Feature", "id": 620, "properties": { "FID": 620, "class": "Defence_SpatialJoin", "SolarPV_Area(sqm)": 0.0, "Rooftop_Area(sqm)": 133.70372175099999 }, "geometry": { "type": "Polygon", "coordinates": [ [ [ 67.059743793082689, 24.808851104451666 ], [ 67.059750338678342, 24.808810455524362 ], [ 67.059806517581734, 24.808766954653809 ], [ 67.059883695706532, 24.808777259606785 ], [ 67.059865514665915, 24.808891150172098 ], [ 67.059807244721028, 24.808883381058774 ], [ 67.059810971656745, 24.808860053142819 ], [ 67.059743793082689, 24.808851104451666 ] ] ] } },
{ "type": "Feature", "id": 621, "properties": { "FID": 621, "class": "Defence_SpatialJoin", "SolarPV_Area(sqm)": 0.0, "Rooftop_Area(sqm)": 435.0169411 }, "geometry": { "type": "Polygon", "coordinates": [ [ [ 67.058848021528377, 24.809809535219408 ], [ 67.059039102230315, 24.809653187037679 ], [ 67.059148187805917, 24.809764177737126 ], [ 67.058957016483262, 24.809920511344039 ], [ 67.058848021528377, 24.809809535219408 ] ] ] } },
{ "type": "Feature", "id": 622, "properties": { "FID": 622, "class": "Defence_SpatialJoin", "SolarPV_Area(sqm)": 0.0, "Rooftop_Area(sqm)": 303.65357039100002 }, "geometry": { "type": "Polygon", "coordinates": [ [ [ 67.056687592338179, 24.806509029716324 ], [ 67.056773769206998, 24.806441567112813 ], [ 67.056941486949015, 24.806620121008581 ], [ 67.056855219488668, 24.806687568993386 ], [ 67.056687592338179, 24.806509029716324 ] ] ] } },
{ "type": "Feature", "id": 623, "properties": { "FID": 623, "class": "Defence_SpatialJoin", "SolarPV_Area(sqm)": 77.726944481399997, "Rooftop_Area(sqm)": 218.659989774 }, "geometry": { "type": "Polygon", "coordinates": [ [ [ 67.062236691981255, 24.804826030700447 ], [ 67.062340209724994, 24.804743333150849 ], [ 67.062442023493389, 24.804847851262934 ], [ 67.062338505311885, 24.804930462699051 ], [ 67.062236691981255, 24.804826030700447 ] ] ] } },
{ "type": "Feature", "id": 624, "properties": { "FID": 624, "class": "Defence_SpatialJoin", "SolarPV_Area(sqm)": 55.306429404100001, "Rooftop_Area(sqm)": 259.70599566800001 }, "geometry": { "type": "Polygon", "coordinates": [ [ [ 67.061254990657389, 24.803226200271776 ], [ 67.061318350905722, 24.803174025984191 ], [ 67.061470433943995, 24.80332766639917 ], [ 67.061438799049299, 24.803353760931611 ], [ 67.061430072105324, 24.803344919424511 ], [ 67.061376893524269, 24.803388821343436 ], [ 67.061273989171553, 24.803284811890411 ], [ 67.061233773235145, 24.803246818090969 ], [ 67.061254990657389, 24.803226200271776 ] ] ] } },
{ "type": "Feature", "id": 625, "properties": { "FID": 625, "class": "Defence_SpatialJoin", "SolarPV_Area(sqm)": 0.0, "Rooftop_Area(sqm)": 981.20601106599997 }, "geometry": { "type": "Polygon", "coordinates": [ [ [ 67.063581151365682, 24.806312312128817 ], [ 67.063799413361636, 24.806130930433529 ], [ 67.064015039973484, 24.806347112161454 ], [ 67.063796777665289, 24.806528495054497 ], [ 67.063581151365682, 24.806312312128817 ] ] ] } },
{ "type": "Feature", "id": 626, "properties": { "FID": 626, "class": "Defence_SpatialJoin", "SolarPV_Area(sqm)": 0.0, "Rooftop_Area(sqm)": 102.888874496 }, "geometry": { "type": "Polygon", "coordinates": [ [ [ 67.061985408675923, 24.807684338736347 ], [ 67.062083404076276, 24.807607922010735 ], [ 67.062133401874448, 24.807661274012535 ], [ 67.062035406442931, 24.80773769076858 ], [ 67.061985408675923, 24.807684338736347 ] ] ] } },
{ "type": "Feature", "id": 627, "properties": { "FID": 627, "class": "Defence_SpatialJoin", "SolarPV_Area(sqm)": 0.0, "Rooftop_Area(sqm)": 316.20870592699998 }, "geometry": { "type": "Polygon", "coordinates": [ [ [ 67.059604073219333, 24.803663370382896 ], [ 67.059710704115275, 24.803577834549682 ], [ 67.059841516104498, 24.803713689826484 ], [ 67.05978533713909, 24.803758816497151 ], [ 67.059808245024271, 24.803782677682381 ], [ 67.059757883560252, 24.803823100752282 ], [ 67.059604073219333, 24.803663370382896 ] ] ] } },
{ "type": "Feature", "id": 628, "properties": { "FID": 628, "class": "Defence_SpatialJoin", "SolarPV_Area(sqm)": 157.30424407500001, "Rooftop_Area(sqm)": 587.70477831599999 }, "geometry": { "type": "Polygon", "coordinates": [ [ [ 67.062150946343763, 24.801041874143543 ], [ 67.062301484556684, 24.800921190508223 ], [ 67.062488021349935, 24.801115078544083 ], [ 67.062337482592795, 24.801235676176397 ], [ 67.062150946343763, 24.801041874143543 ] ] ] } },
{ "type": "Feature", "id": 629, "properties": { "FID": 629, "class": "Defence_SpatialJoin", "SolarPV_Area(sqm)": 61.7723082686, "Rooftop_Area(sqm)": 483.485269437 }, "geometry": { "type": "Polygon", "coordinates": [ [ [ 67.059672706336528, 24.807428214567384 ], [ 67.059744066498581, 24.807373913673608 ], [ 67.059683069236215, 24.807307080920435 ], [ 67.059788700396339, 24.807226770371024 ], [ 67.059941659574719, 24.807396839213723 ], [ 67.059764577219241, 24.807531349908103 ], [ 67.059672706336528, 24.807428214567384 ] ] ] } },
{ "type": "Feature", "id": 630, "properties": { "FID": 630, "class": "Defence_SpatialJoin", "SolarPV_Area(sqm)": 0.0, "Rooftop_Area(sqm)": 213.256467246 }, "geometry": { "type": "Polygon", "coordinates": [ [ [ 67.057706264446068, 24.807791804945257 ], [ 67.057796259183519, 24.807716583217779 ], [ 67.057909980040392, 24.807830030690756 ], [ 67.057819984818508, 24.807905167199376 ], [ 67.057706264446068, 24.807791804945257 ] ] ] } },
{ "type": "Feature", "id": 631, "properties": { "FID": 631, "class": "Defence_SpatialJoin", "SolarPV_Area(sqm)": 201.442130835, "Rooftop_Area(sqm)": 379.568175225 }, "geometry": { "type": "Polygon", "coordinates": [ [ [ 67.060159317417515, 24.809013885511536 ], [ 67.060251494682376, 24.808939098230233 ], [ 67.060473120213132, 24.80916650653355 ], [ 67.060428485982811, 24.80920272458663 ], [ 67.060411032360321, 24.809184785531858 ], [ 67.060375306526609, 24.809213722353235 ], [ 67.060255040026888, 24.809090247815526 ], [ 67.060243131295692, 24.809099864684079 ], [ 67.060159317417515, 24.809013885511536 ] ] ] } },
{ "type": "Feature", "id": 632, "properties": { "FID": 632, "class": "Defence_SpatialJoin", "SolarPV_Area(sqm)": 105.23259621699999, "Rooftop_Area(sqm)": 309.43381893999998 }, "geometry": { "type": "Polygon", "coordinates": [ [ [ 67.061877102989001, 24.805008338952248 ], [ 67.061964955331803, 24.804934792572894 ], [ 67.062128401668247, 24.805107698771245 ], [ 67.062040458796716, 24.805181229641928 ], [ 67.061877102989001, 24.805008338952248 ] ] ] } },
{ "type": "Feature", "id": 633, "properties": { "FID": 633, "class": "Defence_SpatialJoin", "SolarPV_Area(sqm)": 99.933645676799998, "Rooftop_Area(sqm)": 453.20440341199998 }, "geometry": { "type": "Polygon", "coordinates": [ [ [ 67.056993015302041, 24.807498269552603 ], [ 67.057147294289862, 24.807373963081126 ], [ 67.057286559064735, 24.807518447042135 ], [ 67.05713693086787, 24.807638491380935 ], [ 67.057123204741828, 24.807624229050898 ], [ 67.057111205458128, 24.807633831826458 ], [ 67.057078206690463, 24.807599541434392 ], [ 67.057085465047209, 24.807594101881691 ], [ 67.056993015302041, 24.807498269552603 ] ] ] } },
{ "type": "Feature", "id": 634, "properties": { "FID": 634, "class": "Defence_SpatialJoin", "SolarPV_Area(sqm)": 0.0, "Rooftop_Area(sqm)": 221.347306358 }, "geometry": { "type": "Polygon", "coordinates": [ [ [ 67.057402007724548, 24.805000331404802 ], [ 67.057540636939436, 24.804889962218578 ], [ 67.057616813783255, 24.804969667884155 ], [ 67.057478184877098, 24.805080123316159 ], [ 67.057402007724548, 24.805000331404802 ] ] ] } },
{ "type": "Feature", "id": 635, "properties": { "FID": 635, "class": "Defence_SpatialJoin", "SolarPV_Area(sqm)": 56.733499498299999, "Rooftop_Area(sqm)": 239.46068402700001 }, "geometry": { "type": "Polygon", "coordinates": [ [ [ 67.062634333485889, 24.801841276386547 ], [ 67.062733463460674, 24.801763368889656 ], [ 67.062846276448667, 24.801882477244138 ], [ 67.062764581459263, 24.801968143879066 ], [ 67.062634333485889, 24.801841276386547 ] ] ] } },
{ "type": "Feature", "id": 636, "properties": { "FID": 636, "class": "Defence_SpatialJoin", "SolarPV_Area(sqm)": 139.46988661399999, "Rooftop_Area(sqm)": 351.63840244 }, "geometry": { "type": "Polygon", "coordinates": [ [ [ 67.061998135069103, 24.805269673631834 ], [ 67.062030133791225, 24.80526799434141 ], [ 67.062025770263091, 24.805199862689562 ], [ 67.062109403127764, 24.805195480296856 ], [ 67.062106676108584, 24.805152823640697 ], [ 67.062195435246167, 24.805149537048337 ], [ 67.062207252237954, 24.805337402966373 ], [ 67.062034860974634, 24.805345071958286 ], [ 67.062001044324845, 24.805316205551762 ], [ 67.061998135069103, 24.805269673631834 ] ] ] } },
{ "type": "Feature", "id": 637, "properties": { "FID": 637, "class": "Defence_SpatialJoin", "SolarPV_Area(sqm)": 0.0, "Rooftop_Area(sqm)": 342.47338778599999 }, "geometry": { "type": "Polygon", "coordinates": [ [ [ 67.061760420188989, 24.807687301361675 ], [ 67.061874050232547, 24.807597594930929 ], [ 67.062017679602633, 24.807749275872027 ], [ 67.061904049457979, 24.807838982404824 ], [ 67.061760420188989, 24.807687301361675 ] ] ] } },
{ "type": "Feature", "id": 638, "properties": { "FID": 638, "class": "Defence_SpatialJoin", "SolarPV_Area(sqm)": 0.0, "Rooftop_Area(sqm)": 114.231636256 }, "geometry": { "type": "Polygon", "coordinates": [ [ [ 67.061081544675588, 24.807744609315453 ], [ 67.061179993579003, 24.807668181640441 ], [ 67.061235173165784, 24.807727325783187 ], [ 67.061136723679653, 24.807803838725107 ], [ 67.061081544675588, 24.807744609315453 ] ] ] } },
{ "type": "Feature", "id": 639, "properties": { "FID": 639, "class": "Defence_SpatialJoin", "SolarPV_Area(sqm)": 0.0, "Rooftop_Area(sqm)": 241.78068341100001 }, "geometry": { "type": "Polygon", "coordinates": [ [ [ 67.065945588966159, 24.809688071463004 ], [ 67.066024215786896, 24.809624554451418 ], [ 67.066171209113477, 24.809776264246583 ], [ 67.066092582282479, 24.809839780436988 ], [ 67.065945588966159, 24.809688071463004 ] ] ] } },
{ "type": "Feature", "id": 640, "properties": { "FID": 640, "class": "Defence_SpatialJoin", "SolarPV_Area(sqm)": 142.35729909099999, "Rooftop_Area(sqm)": 725.517682003 }, "geometry": { "type": "Polygon", "coordinates": [ [ [ 67.06292890932157, 24.800841543636398 ], [ 67.063155352780498, 24.800658139874628 ], [ 67.063360888817357, 24.800869445814921 ], [ 67.06319853270486, 24.801001046211059 ], [ 67.063173352290846, 24.800975111255777 ], [ 67.063156352377746, 24.800988951438811 ], [ 67.063134535396173, 24.800966549109106 ], [ 67.063180079067578, 24.800929618792296 ], [ 67.063139625856181, 24.800887975325217 ], [ 67.063111082102452, 24.800911065454038 ], [ 67.063070629301876, 24.8008695081556 ], [ 67.063134263181084, 24.800817802347293 ], [ 67.063113197980257, 24.80079439366936 ], [ 67.062985476550352, 24.800897903070187 ], [ 67.06292890932157, 24.800841543636398 ] ] ] } },
{ "type": "Feature", "id": 641, "properties": { "FID": 641, "class": "Defence_SpatialJoin", "SolarPV_Area(sqm)": 0.0, "Rooftop_Area(sqm)": 111.811937779 }, "geometry": { "type": "Polygon", "coordinates": [ [ [ 67.061505250897127, 24.807699498912548 ], [ 67.061615699682648, 24.807613895816264 ], [ 67.061663788350586, 24.807665657922652 ], [ 67.061553339473306, 24.807751261946219 ], [ 67.061505250897127, 24.807699498912548 ] ] ] } },
{ "type": "Feature", "id": 642, "properties": { "FID": 642, "class": "Defence_SpatialJoin", "SolarPV_Area(sqm)": 149.12468648000001, "Rooftop_Area(sqm)": 591.44588194799996 }, "geometry": { "type": "Polygon", "coordinates": [ [ [ 67.064103944828148, 24.809282134224134 ], [ 67.064363259029946, 24.809075767048547 ], [ 67.064464858343058, 24.809199062635606 ], [ 67.064205779181762, 24.809400271107858 ], [ 67.064103944828148, 24.809282134224134 ] ] ] } },
{ "type": "Feature", "id": 643, "properties": { "FID": 643, "class": "Defence_SpatialJoin", "SolarPV_Area(sqm)": 51.941462915300001, "Rooftop_Area(sqm)": 275.91827695199999 }, "geometry": { "type": "Polygon", "coordinates": [ [ [ 67.060020602566539, 24.803900439423188 ], [ 67.060078231022857, 24.803855846903463 ], [ 67.060064867656962, 24.803841215633749 ], [ 67.060101411828072, 24.803813349067184 ], [ 67.060248040313112, 24.803973204362286 ], [ 67.060153868953748, 24.804045749760846 ], [ 67.060020602566539, 24.803900439423188 ] ] ] } },
{ "type": "Feature", "id": 644, "properties": { "FID": 644, "class": "Defence_SpatialJoin", "SolarPV_Area(sqm)": 0.0, "Rooftop_Area(sqm)": 470.91941295700002 }, "geometry": { "type": "Polygon", "coordinates": [ [ [ 67.063778687236422, 24.799713979902425 ], [ 67.063889409274125, 24.799626531117319 ], [ 67.064092309033413, 24.799840316785907 ], [ 67.063981586799869, 24.799927766606029 ], [ 67.063778687236422, 24.799713979902425 ] ] ] } },
{ "type": "Feature", "id": 645, "properties": { "FID": 645, "class": "Defence_SpatialJoin", "SolarPV_Area(sqm)": 0.0, "Rooftop_Area(sqm)": 296.66379203399998 }, "geometry": { "type": "Polygon", "coordinates": [ [ [ 67.059110826695701, 24.80752966553629 ], [ 67.059275817730793, 24.807392096449863 ], [ 67.059362085601109, 24.807478301118941 ], [ 67.059197094489576, 24.807615870297255 ], [ 67.059110826695701, 24.80752966553629 ] ] ] } },
{ "type": "Feature", "id": 646, "properties": { "FID": 646, "class": "Defence_SpatialJoin", "SolarPV_Area(sqm)": 0.0, "Rooftop_Area(sqm)": 265.4961532 }, "geometry": { "type": "Polygon", "coordinates": [ [ [ 67.064945633526378, 24.808464473776716 ], [ 67.064984631786146, 24.808433155982911 ], [ 67.064965814656148, 24.808413543428969 ], [ 67.065015357706812, 24.808373755176166 ], [ 67.065166896610819, 24.808530982747481 ], [ 67.065078263741256, 24.808602074117758 ], [ 67.064945633526378, 24.808464473776716 ] ] ] } },
{ "type": "Feature", "id": 647, "properties": { "FID": 647, "class": "Defence_SpatialJoin", "SolarPV_Area(sqm)": 0.0, "Rooftop_Area(sqm)": 261.98840909799998 }, "geometry": { "type": "Polygon", "coordinates": [ [ [ 67.066896093624564, 24.808608553320905 ], [ 67.066982544283803, 24.808542748960782 ], [ 67.067126174357782, 24.808699982802572 ], [ 67.067039814062312, 24.808765802836209 ], [ 67.066896093624564, 24.808608553320905 ] ] ] } },
{ "type": "Feature", "id": 648, "properties": { "FID": 648, "class": "Defence_SpatialJoin", "SolarPV_Area(sqm)": 0.0, "Rooftop_Area(sqm)": 263.05479627300002 }, "geometry": { "type": "Polygon", "coordinates": [ [ [ 67.063241712579682, 24.800074679114445 ], [ 67.063328435678429, 24.800007721320306 ], [ 67.063472519542813, 24.800163232569503 ], [ 67.063385796362567, 24.800230190440757 ], [ 67.063241712579682, 24.800074679114445 ] ] ] } },
{ "type": "Feature", "id": 649, "properties": { "FID": 649, "class": "Defence_SpatialJoin", "SolarPV_Area(sqm)": 0.0, "Rooftop_Area(sqm)": 96.097924641199995 }, "geometry": { "type": "Polygon", "coordinates": [ [ [ 67.061412437350683, 24.807868874985637 ], [ 67.061506250733231, 24.807794093212429 ], [ 67.061555157601873, 24.807845132594512 ], [ 67.0614613435867, 24.807920000524337 ], [ 67.061412437350683, 24.807868874985637 ] ] ] } },
{ "type": "Feature", "id": 650, "properties": { "FID": 650, "class": "Defence_SpatialJoin", "SolarPV_Area(sqm)": 0.0, "Rooftop_Area(sqm)": 36.9367892641 }, "geometry": { "type": "Polygon", "coordinates": [ [ [ 67.060856918896121, 24.808059638803485 ], [ 67.06089446267211, 24.808029883433569 ], [ 67.06094136942518, 24.808079233868305 ], [ 67.060903825638377, 24.808108989249273 ], [ 67.060856918896121, 24.808059638803485 ] ] ] } },
{ "type": "Feature", "id": 651, "properties": { "FID": 651, "class": "Defence_SpatialJoin", "SolarPV_Area(sqm)": 0.0, "Rooftop_Area(sqm)": 263.34540313000002 }, "geometry": { "type": "Polygon", "coordinates": [ [ [ 67.061250445030538, 24.803750534360667 ], [ 67.061331441233108, 24.803688724913382 ], [ 67.061485615429163, 24.803856888281299 ], [ 67.061404619576138, 24.803918783090751 ], [ 67.061250445030538, 24.803750534360667 ] ] ] } },
{ "type": "Feature", "id": 652, "properties": { "FID": 652, "class": "Defence_SpatialJoin", "SolarPV_Area(sqm)": 0.0, "Rooftop_Area(sqm)": 288.932734697 }, "geometry": { "type": "Polygon", "coordinates": [ [ [ 67.065854138976562, 24.801284931424938 ], [ 67.065939316453964, 24.801213705287818 ], [ 67.066120581483148, 24.80139460610037 ], [ 67.066046129927813, 24.801456792471029 ], [ 67.06602731273118, 24.801437865039443 ], [ 67.066016494705522, 24.80144697538384 ], [ 67.065971588269136, 24.801402136645997 ], [ 67.066004495651057, 24.801374620692375 ], [ 67.065962588585393, 24.801332829305107 ], [ 67.065929680774104, 24.801360259963445 ], [ 67.065854138976562, 24.801284931424938 ] ] ] } },
{ "type": "Feature", "id": 653, "properties": { "FID": 653, "class": "Defence_SpatialJoin", "SolarPV_Area(sqm)": 115.449914561, "Rooftop_Area(sqm)": 282.98396799800003 }, "geometry": { "type": "Polygon", "coordinates": [ [ [ 67.062407589215297, 24.802292062402152 ], [ 67.062588562025809, 24.802143564771875 ], [ 67.062666376467774, 24.802232250632741 ], [ 67.062505656453894, 24.802349583400961 ], [ 67.062480442775026, 24.802326223245561 ], [ 67.062453769449419, 24.802344712815778 ], [ 67.062407589215297, 24.802292062402152 ] ] ] } },
{ "type": "Feature", "id": 654, "properties": { "FID": 654, "class": "Defence_SpatialJoin", "SolarPV_Area(sqm)": 15.5532122749, "Rooftop_Area(sqm)": 258.80240696099997 }, "geometry": { "type": "Polygon", "coordinates": [ [ [ 67.056847129022231, 24.80778054614634 ], [ 67.057013130545911, 24.80765030119748 ], [ 67.057090489564686, 24.807726780393313 ], [ 67.056924488577906, 24.807856939297164 ], [ 67.056847129022231, 24.80778054614634 ] ] ] } },
{ "type": "Feature", "id": 655, "properties": { "FID": 655, "class": "Defence_SpatialJoin", "SolarPV_Area(sqm)": 0.0, "Rooftop_Area(sqm)": 430.22935445399997 }, "geometry": { "type": "Polygon", "coordinates": [ [ [ 67.060752742795955, 24.802093500362851 ], [ 67.060855464525162, 24.802015963939713 ], [ 67.061068363207241, 24.802250934602771 ], [ 67.060965641327968, 24.802328471159022 ], [ 67.060876463503078, 24.802230007112477 ], [ 67.060901280922479, 24.802211359525948 ], [ 67.060840373992662, 24.80214411516436 ], [ 67.060815557016696, 24.802162848027208 ], [ 67.060752742795955, 24.802093500362851 ] ] ] } },
{ "type": "Feature", "id": 656, "properties": { "FID": 656, "class": "Defence_SpatialJoin", "SolarPV_Area(sqm)": 0.0, "Rooftop_Area(sqm)": 289.86523313200001 }, "geometry": { "type": "Polygon", "coordinates": [ [ [ 67.065039356847933, 24.807793584786186 ], [ 67.065123898249169, 24.807727132219362 ], [ 67.06528725449985, 24.8079002793963 ], [ 67.065202713012283, 24.80796673204927 ], [ 67.065039356847933, 24.807793584786186 ] ] ] } },
{ "type": "Feature", "id": 657, "properties": { "FID": 657, "class": "Defence_SpatialJoin", "SolarPV_Area(sqm)": 66.131270971399999, "Rooftop_Area(sqm)": 245.31822985400001 }, "geometry": { "type": "Polygon", "coordinates": [ [ [ 67.065467610317228, 24.803020351493075 ], [ 67.065504244624336, 24.802992240382395 ], [ 67.065529244389879, 24.803019428262864 ], [ 67.065553970321631, 24.803000423066891 ], [ 67.065580786641036, 24.80302961419914 ], [ 67.06560215017241, 24.803013228850929 ], [ 67.065703130212341, 24.80311971620813 ], [ 67.065608611977979, 24.803192570480679 ], [ 67.065467610317228, 24.803020351493075 ] ] ] } },
{ "type": "Feature", "id": 658, "properties": { "FID": 658, "class": "Defence_SpatialJoin", "SolarPV_Area(sqm)": 46.1172587812, "Rooftop_Area(sqm)": 309.88132144999997 }, "geometry": { "type": "Polygon", "coordinates": [ [ [ 67.06028991785557, 24.804853108302083 ], [ 67.060386124305154, 24.804778952002415 ], [ 67.060524754081413, 24.804922904534266 ], [ 67.06049366453145, 24.80494788984641 ], [ 67.060519936258487, 24.804975113189666 ], [ 67.060454728218815, 24.805024354798078 ], [ 67.06028991785557, 24.804853108302083 ] ] ] } },
{ "type": "Feature", "id": 659, "properties": { "FID": 659, "class": "Defence_SpatialJoin", "SolarPV_Area(sqm)": 122.113061538, "Rooftop_Area(sqm)": 367.27738879100002 }, "geometry": { "type": "Polygon", "coordinates": [ [ [ 67.055370534439987, 24.806946353609035 ], [ 67.05558179606976, 24.806787574108625 ], [ 67.055665117391584, 24.806877904836369 ], [ 67.055453855273143, 24.80703659826548 ], [ 67.055370534439987, 24.806946353609035 ] ] ] } },
{ "type": "Feature", "id": 660, "properties": { "FID": 660, "class": "Defence_SpatialJoin", "SolarPV_Area(sqm)": 0.0, "Rooftop_Area(sqm)": 107.857409519 }, "geometry": { "type": "Polygon", "coordinates": [ [ [ 67.061130451269676, 24.80729588406103 ], [ 67.061225991170588, 24.807219072947433 ], [ 67.061279897709383, 24.807275020356503 ], [ 67.061184357777918, 24.807351831502675 ], [ 67.061130451269676, 24.80729588406103 ] ] ] } },
{ "type": "Feature", "id": 661, "properties": { "FID": 661, "class": "Defence_SpatialJoin", "SolarPV_Area(sqm)": 0.0, "Rooftop_Area(sqm)": 300.08937105899997 }, "geometry": { "type": "Polygon", "coordinates": [ [ [ 67.064855485090987, 24.801220421184087 ], [ 67.0649493612638, 24.801139239104121 ], [ 67.065111989637813, 24.801297140217891 ], [ 67.065061264997155, 24.801340756642624 ], [ 67.065040811613656, 24.801320881976086 ], [ 67.064997751003304, 24.80135854682058 ], [ 67.064855485090987, 24.801220421184087 ] ] ] } },
{ "type": "Feature", "id": 662, "properties": { "FID": 662, "class": "Defence_SpatialJoin", "SolarPV_Area(sqm)": 0.0, "Rooftop_Area(sqm)": 114.164141054 }, "geometry": { "type": "Polygon", "coordinates": [ [ [ 67.061234173010675, 24.807403360118926 ], [ 67.061329713950116, 24.807326548994975 ], [ 67.061386801757862, 24.807385743821097 ], [ 67.061291260786135, 24.807462554979519 ], [ 67.061234173010675, 24.807403360118926 ] ] ] } },
{ "type": "Feature", "id": 663, "properties": { "FID": 663, "class": "Defence_SpatialJoin", "SolarPV_Area(sqm)": 0.0, "Rooftop_Area(sqm)": 303.127159167 }, "geometry": { "type": "Polygon", "coordinates": [ [ [ 67.06049248272025, 24.805543778434675 ], [ 67.060639566106559, 24.805426392016098 ], [ 67.060737925185762, 24.805529071656554 ], [ 67.060590841164569, 24.805646543399334 ], [ 67.06049248272025, 24.805543778434675 ] ] ] } },
{ "type": "Feature", "id": 664, "properties": { "FID": 664, "class": "Defence_SpatialJoin", "SolarPV_Area(sqm)": 74.044916484599995, "Rooftop_Area(sqm)": 316.34638801099999 }, "geometry": { "type": "Polygon", "coordinates": [ [ [ 67.06431567136417, 24.80076389388822 ], [ 67.06441029473568, 24.800688741987752 ], [ 67.064571013973705, 24.80085513693987 ], [ 67.064476482969795, 24.800930303743964 ], [ 67.06431567136417, 24.80076389388822 ] ] ] } },
{ "type": "Feature", "id": 665, "properties": { "FID": 665, "class": "Defence_SpatialJoin", "SolarPV_Area(sqm)": 0.0, "Rooftop_Area(sqm)": 340.79363712499998 }, "geometry": { "type": "Polygon", "coordinates": [ [ [ 67.061667515777799, 24.803441555028591 ], [ 67.061775146638723, 24.803358314513453 ], [ 67.061925593504256, 24.803520406954707 ], [ 67.06181787198129, 24.803603633759138 ], [ 67.061667515777799, 24.803441555028591 ] ] ] } },
{ "type": "Feature", "id": 666, "properties": { "FID": 666, "class": "Defence_SpatialJoin", "SolarPV_Area(sqm)": 0.0, "Rooftop_Area(sqm)": 208.35073570099999 }, "geometry": { "type": "Polygon", "coordinates": [ [ [ 67.061533976774371, 24.808230045937428 ], [ 67.061633153125868, 24.808152965747645 ], [ 67.061733057190679, 24.808260083417743 ], [ 67.061633971335638, 24.808337177480627 ], [ 67.061533976774371, 24.808230045937428 ] ] ] } },
{ "type": "Feature", "id": 667, "properties": { "FID": 667, "class": "Defence_SpatialJoin", "SolarPV_Area(sqm)": 54.022366818000002, "Rooftop_Area(sqm)": 271.59417718100002 }, "geometry": { "type": "Polygon", "coordinates": [ [ [ 67.058732845953088, 24.806454004079193 ], [ 67.058912382457422, 24.806318864615498 ], [ 67.058983923894019, 24.80639807995291 ], [ 67.058804296800261, 24.806533204787179 ], [ 67.058732845953088, 24.806454004079193 ] ] ] } },
{ "type": "Feature", "id": 668, "properties": { "FID": 668, "class": "Defence_SpatialJoin", "SolarPV_Area(sqm)": 0.0, "Rooftop_Area(sqm)": 200.966643594 }, "geometry": { "type": "Polygon", "coordinates": [ [ [ 67.061470070347212, 24.807126464209308 ], [ 67.06156179339628, 24.807052712270877 ], [ 67.061666515252909, 24.807161203583608 ], [ 67.061574792147098, 24.807234955582761 ], [ 67.061470070347212, 24.807126464209308 ] ] ] } },
{ "type": "Feature", "id": 669, "properties": { "FID": 669, "class": "Defence_SpatialJoin", "SolarPV_Area(sqm)": 161.87967665299999, "Rooftop_Area(sqm)": 744.67392471000005 }, "geometry": { "type": "Polygon", "coordinates": [ [ [ 67.064755746397992, 24.804814735828899 ], [ 67.065028482676311, 24.804583882786744 ], [ 67.065154793492979, 24.804725474434832 ], [ 67.064879928204036, 24.804945355142959 ], [ 67.064755746397992, 24.804814735828899 ] ] ] } },
{ "type": "Feature", "id": 670, "properties": { "FID": 670, "class": "Defence_SpatialJoin", "SolarPV_Area(sqm)": 91.890861343500006, "Rooftop_Area(sqm)": 151.13161584100001 }, "geometry": { "type": "Polygon", "coordinates": [ [ [ 67.061826038577024, 24.804580146488785 ], [ 67.061923684730772, 24.804499558952951 ], [ 67.061999648881738, 24.804572984208527 ], [ 67.061902001710351, 24.804653571740296 ], [ 67.061826038577024, 24.804580146488785 ] ] ] } },
{ "type": "Feature", "id": 671, "properties": { "FID": 671, "class": "Defence_SpatialJoin", "SolarPV_Area(sqm)": 68.336676409500001, "Rooftop_Area(sqm)": 266.34256376299999 }, "geometry": { "type": "Polygon", "coordinates": [ [ [ 67.05600326611119, 24.807595871887933 ], [ 67.056187164571611, 24.807451616142206 ], [ 67.056256160798341, 24.807524866482741 ], [ 67.056072262200843, 24.807669123201983 ], [ 67.05600326611119, 24.807595871887933 ] ] ] } },
{ "type": "Feature", "id": 672, "properties": { "FID": 672, "class": "Defence_SpatialJoin", "SolarPV_Area(sqm)": 59.084189935399998, "Rooftop_Area(sqm)": 398.07481789100001 }, "geometry": { "type": "Polygon", "coordinates": [ [ [ 67.062688273939159, 24.800603739461614 ], [ 67.062734736404735, 24.800565066927447 ], [ 67.062761280893767, 24.800592589732194 ], [ 67.062817914106589, 24.800547191305597 ], [ 67.062988542212636, 24.800724670300415 ], [ 67.062885446858317, 24.800808826666415 ], [ 67.062688273939159, 24.800603739461614 ] ] ] } },
{ "type": "Feature", "id": 673, "properties": { "FID": 673, "class": "Defence_SpatialJoin", "SolarPV_Area(sqm)": 0.0, "Rooftop_Area(sqm)": 223.39506995599999 }, "geometry": { "type": "Polygon", "coordinates": [ [ [ 67.059026012060684, 24.806725932214203 ], [ 67.059184367733394, 24.806614553838003 ], [ 67.059256182621169, 24.806699538471356 ], [ 67.059127915766311, 24.806789788080366 ], [ 67.059096009012009, 24.806751999645126 ], [ 67.059065919131655, 24.806773128420627 ], [ 67.059026012060684, 24.806725932214203 ] ] ] } },
{ "type": "Feature", "id": 674, "properties": { "FID": 674, "class": "Defence_SpatialJoin", "SolarPV_Area(sqm)": 0.0, "Rooftop_Area(sqm)": 437.0754753 }, "geometry": { "type": "Polygon", "coordinates": [ [ [ 67.066182396908275, 24.802991688808646 ], [ 67.066282210686268, 24.802915899122493 ], [ 67.066489656442855, 24.803143493606434 ], [ 67.066389842524671, 24.8032192834191 ], [ 67.066182396908275, 24.802991688808646 ] ] ] } },
{ "type": "Feature", "id": 675, "properties": { "FID": 675, "class": "Defence_SpatialJoin", "SolarPV_Area(sqm)": 0.0, "Rooftop_Area(sqm)": 287.53637289099998 }, "geometry": { "type": "Polygon", "coordinates": [ [ [ 67.058530583746347, 24.806950728418393 ], [ 67.05869330299349, 24.806818433454847 ], [ 67.058777844025741, 24.806905043262436 ], [ 67.05861512518743, 24.807037422704244 ], [ 67.058530583746347, 24.806950728418393 ] ] ] } },
{ "type": "Feature", "id": 676, "properties": { "FID": 676, "class": "Defence_SpatialJoin", "SolarPV_Area(sqm)": 84.045058376300005, "Rooftop_Area(sqm)": 307.77992814700002 }, "geometry": { "type": "Polygon", "coordinates": [ [ [ 67.064568725256635, 24.807864068885674 ], [ 67.064661192567868, 24.807785626404574 ], [ 67.064819185070689, 24.807944321420702 ], [ 67.064726627235316, 24.80802274839769 ], [ 67.064568725256635, 24.807864068885674 ] ] ] } },
{ "type": "Feature", "id": 677, "properties": { "FID": 677, "class": "Defence_SpatialJoin", "SolarPV_Area(sqm)": 137.79259864799999, "Rooftop_Area(sqm)": 311.18810854600002 }, "geometry": { "type": "Polygon", "coordinates": [ [ [ 67.06594498454443, 24.807066139216911 ], [ 67.066041675786082, 24.806992558456244 ], [ 67.066179851377356, 24.807139255539425 ], [ 67.066156761452746, 24.807157327568014 ], [ 67.066179124312626, 24.807181100689014 ], [ 67.066105522899349, 24.807236609513875 ], [ 67.06594498454443, 24.807066139216911 ] ] ] } },
{ "type": "Feature", "id": 678, "properties": { "FID": 678, "class": "Defence_SpatialJoin", "SolarPV_Area(sqm)": 116.48660938800001, "Rooftop_Area(sqm)": 348.20753415600001 }, "geometry": { "type": "Polygon", "coordinates": [ [ [ 67.065871070055294, 24.808873072292201 ], [ 67.065969678870644, 24.808800852512302 ], [ 67.066136308215334, 24.808979997006563 ], [ 67.066153671010738, 24.808966557419875 ], [ 67.066167578997778, 24.808981532481905 ], [ 67.066121309093916, 24.809017318876698 ], [ 67.066104764517846, 24.808999525807423 ], [ 67.066034972193265, 24.809049384178632 ], [ 67.065871070055294, 24.808873072292201 ] ] ] } },
{ "type": "Feature", "id": 679, "properties": { "FID": 679, "class": "Defence_SpatialJoin", "SolarPV_Area(sqm)": 138.31482468499999, "Rooftop_Area(sqm)": 391.94505598500001 }, "geometry": { "type": "Polygon", "coordinates": [ [ [ 67.064968387196188, 24.800335712700946 ], [ 67.064997123443888, 24.800163696899652 ], [ 67.065097444784726, 24.800177035514363 ], [ 67.065091354748134, 24.800220751027787 ], [ 67.065147079576462, 24.800227250584342 ], [ 67.065143624443124, 24.800251734991551 ], [ 67.065233075546388, 24.80026221549404 ], [ 67.065213884658021, 24.800366032375141 ], [ 67.064968387196188, 24.800335712700946 ] ] ] } },
{ "type": "Feature", "id": 680, "properties": { "FID": 680, "class": "Defence_SpatialJoin", "SolarPV_Area(sqm)": 0.0, "Rooftop_Area(sqm)": 236.873913418 }, "geometry": { "type": "Polygon", "coordinates": [ [ [ 67.057306376083787, 24.806023570447934 ], [ 67.057356191985406, 24.805982206645822 ], [ 67.057374736253919, 24.806000834205754 ], [ 67.057394326663683, 24.805985243249623 ], [ 67.057534632501486, 24.806143302186154 ], [ 67.057465227042016, 24.806200257957254 ], [ 67.057306376083787, 24.806023570447934 ] ] ] } },
{ "type": "Feature", "id": 681, "properties": { "FID": 681, "class": "Defence_SpatialJoin", "SolarPV_Area(sqm)": 119.177456453, "Rooftop_Area(sqm)": 679.08641332299999 }, "geometry": { "type": "Polygon", "coordinates": [ [ [ 67.064185322767088, 24.807473534961272 ], [ 67.064437111273406, 24.807288368971864 ], [ 67.064569378498874, 24.807428218017815 ], [ 67.064317680713245, 24.807613484202374 ], [ 67.064185322767088, 24.807473534961272 ] ] ] } },
{ "type": "Feature", "id": 682, "properties": { "FID": 682, "class": "Defence_SpatialJoin", "SolarPV_Area(sqm)": 76.491827450900004, "Rooftop_Area(sqm)": 374.54611371300001 }, "geometry": { "type": "Polygon", "coordinates": [ [ [ 67.066126896877037, 24.801954396489542 ], [ 67.066241666927041, 24.80186262239696 ], [ 67.066395569088016, 24.802026552151354 ], [ 67.066280707448328, 24.80211831159982 ], [ 67.066126896877037, 24.801954396489542 ] ] ] } },
{ "type": "Feature", "id": 683, "properties": { "FID": 683, "class": "Defence_SpatialJoin", "SolarPV_Area(sqm)": 0.0, "Rooftop_Area(sqm)": 222.37896183199999 }, "geometry": { "type": "Polygon", "coordinates": [ [ [ 67.061551521376344, 24.803010515706671 ], [ 67.061635784135575, 24.802941235502669 ], [ 67.061739870411159, 24.803048084678007 ], [ 67.061720148955857, 24.803064953738019 ], [ 67.061748148195036, 24.803093651226288 ], [ 67.061683696349874, 24.803146077090567 ], [ 67.061551521376344, 24.803010515706671 ] ] ] } },
{ "type": "Feature", "id": 684, "properties": { "FID": 684, "class": "Defence_SpatialJoin", "SolarPV_Area(sqm)": 0.0, "Rooftop_Area(sqm)": 317.32041915799999 }, "geometry": { "type": "Polygon", "coordinates": [ [ [ 67.065380523026832, 24.810084217220474 ], [ 67.065469519197464, 24.810011817808189 ], [ 67.065640148083787, 24.8101864790452 ], [ 67.065551152203511, 24.810258964734967 ], [ 67.065380523026832, 24.810084217220474 ] ] ] } },
{ "type": "Feature", "id": 685, "properties": { "FID": 685, "class": "Defence_SpatialJoin", "SolarPV_Area(sqm)": 0.0, "Rooftop_Area(sqm)": 256.18965330200001 }, "geometry": { "type": "Polygon", "coordinates": [ [ [ 67.065862137887152, 24.807144292139849 ], [ 67.065944134754062, 24.807077684257784 ], [ 67.066093673869844, 24.807230999479678 ], [ 67.066011676989689, 24.807297606545301 ], [ 67.065862137887152, 24.807144292139849 ] ] ] } },
{ "type": "Feature", "id": 686, "properties": { "FID": 686, "class": "Defence_SpatialJoin", "SolarPV_Area(sqm)": 0.0, "Rooftop_Area(sqm)": 223.13164641 }, "geometry": { "type": "Polygon", "coordinates": [ [ [ 67.066471839134977, 24.807208356041912 ], [ 67.066630104664455, 24.807082677898947 ], [ 67.066697374868241, 24.807153254664524 ], [ 67.066539109216578, 24.807278933768789 ], [ 67.066471839134977, 24.807208356041912 ] ] ] } },
{ "type": "Feature", "id": 687, "properties": { "FID": 687, "class": "Defence_SpatialJoin", "SolarPV_Area(sqm)": 0.0, "Rooftop_Area(sqm)": 121.031192527 }, "geometry": { "type": "Polygon", "coordinates": [ [ [ 67.063954315308777, 24.801941037533659 ], [ 67.064044675050383, 24.801872187811306 ], [ 67.06410812698148, 24.80194163663716 ], [ 67.06401776714398, 24.802010487289042 ], [ 67.063954315308777, 24.801941037533659 ] ] ] } },
{ "type": "Feature", "id": 688, "properties": { "FID": 688, "class": "Defence_SpatialJoin", "SolarPV_Area(sqm)": 76.8625510647, "Rooftop_Area(sqm)": 260.07641478599999 }, "geometry": { "type": "Polygon", "coordinates": [ [ [ 67.060794195228567, 24.805833488695296 ], [ 67.06093691515639, 24.805716423582552 ], [ 67.060962641000472, 24.805742533564334 ], [ 67.060947823203946, 24.805754758589785 ], [ 67.06097309542784, 24.805780367772037 ], [ 67.060987912678925, 24.805768227977399 ], [ 67.0610268192858, 24.805807742441282 ], [ 67.060884190824055, 24.805924821500177 ], [ 67.060794195228567, 24.805833488695296 ] ] ] } },
{ "type": "Feature", "id": 689, "properties": { "FID": 689, "class": "Defence_SpatialJoin", "SolarPV_Area(sqm)": 0.0, "Rooftop_Area(sqm)": 244.22949836399999 }, "geometry": { "type": "Polygon", "coordinates": [ [ [ 67.065958043176778, 24.807953681458489 ], [ 67.066018495376341, 24.807907446706629 ], [ 67.06616448878296, 24.808066514316483 ], [ 67.066075855883227, 24.80813427402423 ], [ 67.065977950996739, 24.808027652176168 ], [ 67.066006132164162, 24.808006042057286 ], [ 67.065958043176778, 24.807953681458489 ] ] ] } },
{ "type": "Feature", "id": 690, "properties": { "FID": 690, "class": "Defence_SpatialJoin", "SolarPV_Area(sqm)": 0.0, "Rooftop_Area(sqm)": 269.802892778 }, "geometry": { "type": "Polygon", "coordinates": [ [ [ 67.060429394961574, 24.803540695851165 ], [ 67.060517572438684, 24.803475258641893 ], [ 67.060661928932163, 24.803637139907959 ], [ 67.060573842296307, 24.803702677185356 ], [ 67.060429394961574, 24.803540695851165 ] ] ] } },
{ "type": "Feature", "id": 691, "properties": { "FID": 691, "class": "Defence_SpatialJoin", "SolarPV_Area(sqm)": 0.0, "Rooftop_Area(sqm)": 354.71241996999998 }, "geometry": { "type": "Polygon", "coordinates": [ [ [ 67.058710029111921, 24.810399506417209 ], [ 67.058890928277833, 24.810249379945446 ], [ 67.058961742602293, 24.810320531503692 ], [ 67.058881293203271, 24.810387208019279 ], [ 67.058934835724841, 24.810440961402538 ], [ 67.058865384176983, 24.81049847331143 ], [ 67.05882774967742, 24.810460615528562 ], [ 67.058796569928887, 24.810486438983848 ], [ 67.058710029111921, 24.810399506417209 ] ] ] } },
{ "type": "Feature", "id": 692, "properties": { "FID": 692, "class": "Defence_SpatialJoin", "SolarPV_Area(sqm)": 0.0, "Rooftop_Area(sqm)": 276.76059715299999 }, "geometry": { "type": "Polygon", "coordinates": [ [ [ 67.067017815078088, 24.807975925338724 ], [ 67.067108357274464, 24.807904968491297 ], [ 67.067253896179679, 24.808059860041471 ], [ 67.067163354386622, 24.80813073263111 ], [ 67.067017815078088, 24.807975925338724 ] ] ] } },
{ "type": "Feature", "id": 693, "properties": { "FID": 693, "class": "Defence_SpatialJoin", "SolarPV_Area(sqm)": 304.60381325899999, "Rooftop_Area(sqm)": 900.99113882400002 }, "geometry": { "type": "Polygon", "coordinates": [ [ [ 67.064419930480241, 24.807163049522984 ], [ 67.064648010647431, 24.806977521932527 ], [ 67.064855365595619, 24.807189978340368 ], [ 67.064758369894747, 24.807268866787222 ], [ 67.064703414937952, 24.807278217111069 ], [ 67.064584286496569, 24.8073314013009 ], [ 67.064488382176222, 24.807233133702383 ], [ 67.06452537978933, 24.807203032096123 ], [ 67.064502017755956, 24.807179098634656 ], [ 67.064465019167883, 24.807209200183095 ], [ 67.064419930480241, 24.807163049522984 ] ] ] } },
{ "type": "Feature", "id": 694, "properties": { "FID": 694, "class": "Defence_SpatialJoin", "SolarPV_Area(sqm)": 0.0, "Rooftop_Area(sqm)": 101.52525913 }, "geometry": { "type": "Polygon", "coordinates": [ [ [ 67.061954047250438, 24.807891735839664 ], [ 67.062048042010815, 24.807817495559977 ], [ 67.06209949472472, 24.807871850612361 ], [ 67.062005498897122, 24.807946091764386 ], [ 67.061954047250438, 24.807891735839664 ] ] ] } },
{ "type": "Feature", "id": 695, "properties": { "FID": 695, "class": "Defence_SpatialJoin", "SolarPV_Area(sqm)": 27.655481738500001, "Rooftop_Area(sqm)": 203.42778372399999 }, "geometry": { "type": "Polygon", "coordinates": [ [ [ 67.064793822626257, 24.804346853786559 ], [ 67.064885478836104, 24.804267726541628 ], [ 67.065000827207712, 24.804363332753322 ], [ 67.06490926146239, 24.804442474774277 ], [ 67.064793822626257, 24.804346853786559 ] ] ] } },
{ "type": "Feature", "id": 696, "properties": { "FID": 696, "class": "Defence_SpatialJoin", "SolarPV_Area(sqm)": 130.17889472499999, "Rooftop_Area(sqm)": 405.03150838800002 }, "geometry": { "type": "Polygon", "coordinates": [ [ [ 67.061024911100773, 24.806055438355777 ], [ 67.061042454913903, 24.806041259670419 ], [ 67.061031637180832, 24.806030029481171 ], [ 67.061118724465885, 24.805960400957019 ], [ 67.06130374290035, 24.806156044256948 ], [ 67.061188387629585, 24.806236040651857 ], [ 67.061024911100773, 24.806055438355777 ] ] ] } },
{ "type": "Feature", "id": 697, "properties": { "FID": 697, "class": "Defence_SpatialJoin", "SolarPV_Area(sqm)": 45.401041846200002, "Rooftop_Area(sqm)": 233.88848829299999 }, "geometry": { "type": "Polygon", "coordinates": [ [ [ 67.062595417746209, 24.802140394660551 ], [ 67.062673830561465, 24.802079621933128 ], [ 67.062813459889327, 24.802222707380505 ], [ 67.062730827343017, 24.802289811130215 ], [ 67.062595417746209, 24.802140394660551 ] ] ] } },
{ "type": "Feature", "id": 698, "properties": { "FID": 698, "class": "Defence_SpatialJoin", "SolarPV_Area(sqm)": 0.0, "Rooftop_Area(sqm)": 289.03990614100002 }, "geometry": { "type": "Polygon", "coordinates": [ [ [ 67.059597255705256, 24.807035932710018 ], [ 67.059796427652188, 24.806881651838783 ], [ 67.059839061035461, 24.806927493818289 ], [ 67.059821971387336, 24.806940719193939 ], [ 67.05985078786189, 24.806971685701242 ], [ 67.059668706942716, 24.807112825725032 ], [ 67.059597255705256, 24.807035932710018 ] ] ] } },
{ "type": "Feature", "id": 699, "properties": { "FID": 699, "class": "Defence_SpatialJoin", "SolarPV_Area(sqm)": 125.334208933, "Rooftop_Area(sqm)": 325.98090535199998 }, "geometry": { "type": "Polygon", "coordinates": [ [ [ 67.058107787605195, 24.808885958196196 ], [ 67.058227235800743, 24.808788393628397 ], [ 67.058357857045991, 24.808921718933139 ], [ 67.058238408819108, 24.809019282706036 ], [ 67.058107787605195, 24.808885958196196 ] ] ] } },
{ "type": "Feature", "id": 700, "properties": { "FID": 700, "class": "Defence_SpatialJoin", "SolarPV_Area(sqm)": 0.0, "Rooftop_Area(sqm)": 98.205102234400002 }, "geometry": { "type": "Polygon", "coordinates": [ [ [ 67.061279715799117, 24.807186027998441 ], [ 67.061377711097734, 24.807110039864945 ], [ 67.061425345440753, 24.80716121588959 ], [ 67.06132744153652, 24.807237219704877 ], [ 67.061279715799117, 24.807186027998441 ] ] ] } },
{ "type": "Feature", "id": 701, "properties": { "FID": 701, "class": "Defence_SpatialJoin", "SolarPV_Area(sqm)": 0.0, "Rooftop_Area(sqm)": 308.74048167900003 }, "geometry": { "type": "Polygon", "coordinates": [ [ [ 67.059196366932852, 24.807051300356928 ], [ 67.059314542518351, 24.806959766704896 ], [ 67.059457444582705, 24.807113552887508 ], [ 67.05935508619288, 24.807192767154771 ], [ 67.059215457117347, 24.807042498907091 ], [ 67.059199639769147, 24.807054819277045 ], [ 67.059196366932852, 24.807051300356928 ] ] ] } },
{ "type": "Feature", "id": 702, "properties": { "FID": 702, "class": "Defence_SpatialJoin", "SolarPV_Area(sqm)": 0.0, "Rooftop_Area(sqm)": 695.98636744700002 }, "geometry": { "type": "Polygon", "coordinates": [ [ [ 67.065917227063551, 24.804519670387567 ], [ 67.066055220911579, 24.804411319140332 ], [ 67.066114672246428, 24.804474398063441 ], [ 67.066133126758203, 24.804459851667851 ], [ 67.066104309880458, 24.80442931341868 ], [ 67.066133217513965, 24.804406538337684 ], [ 67.066117581970516, 24.804390002857964 ], [ 67.066177669756158, 24.804342852548675 ], [ 67.066309482120062, 24.804482713143603 ], [ 67.066064129235897, 24.804675464957761 ], [ 67.065917227063551, 24.804519670387567 ] ] ] } },
{ "type": "Feature", "id": 703, "properties": { "FID": 703, "class": "Defence_SpatialJoin", "SolarPV_Area(sqm)": 133.910324755, "Rooftop_Area(sqm)": 482.16965682799997 }, "geometry": { "type": "Polygon", "coordinates": [ [ [ 67.063660601820075, 24.800986023502873 ], [ 67.063818503246708, 24.800856268691316 ], [ 67.063964769943794, 24.801004695637214 ], [ 67.063806958451039, 24.801134380014158 ], [ 67.063660601820075, 24.800986023502873 ] ] ] } },
{ "type": "Feature", "id": 704, "properties": { "FID": 704, "class": "Defence_SpatialJoin", "SolarPV_Area(sqm)": 0.0, "Rooftop_Area(sqm)": 109.066910187 }, "geometry": { "type": "Polygon", "coordinates": [ [ [ 67.061705331690533, 24.807906940319196 ], [ 67.061811598807424, 24.80782467951888 ], [ 67.061860414624348, 24.807877157143754 ], [ 67.061754147473906, 24.807959417976171 ], [ 67.061705331690533, 24.807906940319196 ] ] ] } },
{ "type": "Feature", "id": 705, "properties": { "FID": 705, "class": "Defence_SpatialJoin", "SolarPV_Area(sqm)": 0.0, "Rooftop_Area(sqm)": 427.21335556299999 }, "geometry": { "type": "Polygon", "coordinates": [ [ [ 67.061284624997484, 24.804950600830743 ], [ 67.061451889285308, 24.804811937052719 ], [ 67.061578065607947, 24.80493875552143 ], [ 67.061451889754451, 24.805043362846192 ], [ 67.061436799790201, 24.80502828223046 ], [ 67.061395801311662, 24.805062268235638 ], [ 67.061284624997484, 24.804950600830743 ] ] ] } },
{ "type": "Feature", "id": 706, "properties": { "FID": 706, "class": "Defence_SpatialJoin", "SolarPV_Area(sqm)": 50.499565025000003, "Rooftop_Area(sqm)": 289.62281369499999 }, "geometry": { "type": "Polygon", "coordinates": [ [ [ 67.056954486779901, 24.808964941678596 ], [ 67.057135385739215, 24.808818834605482 ], [ 67.057219731243009, 24.808905421486077 ], [ 67.057074403541108, 24.809022280294169 ], [ 67.057036600827502, 24.808983703339972 ], [ 67.057001119991114, 24.809012966402268 ], [ 67.056954486779901, 24.808964941678596 ] ] ] } },
{ "type": "Feature", "id": 707, "properties": { "FID": 707, "class": "Defence_SpatialJoin", "SolarPV_Area(sqm)": 9.8385956038500009, "Rooftop_Area(sqm)": 229.63711663800001 }, "geometry": { "type": "Polygon", "coordinates": [ [ [ 67.064535379484497, 24.803770220113215 ], [ 67.064626194086188, 24.803695290563706 ], [ 67.064747460760429, 24.803817726833167 ], [ 67.064656738122949, 24.803892585975404 ], [ 67.064535379484497, 24.803770220113215 ] ] ] } },
{ "type": "Feature", "id": 708, "properties": { "FID": 708, "class": "Defence_SpatialJoin", "SolarPV_Area(sqm)": 34.392492771299999, "Rooftop_Area(sqm)": 481.98339400899999 }, "geometry": { "type": "Polygon", "coordinates": [ [ [ 67.066440294557168, 24.804022724454917 ], [ 67.066556289605884, 24.80393091078647 ], [ 67.06675446262615, 24.804139492205 ], [ 67.066638468473371, 24.804231305175293 ], [ 67.066440294557168, 24.804022724454917 ] ] ] } },
{ "type": "Feature", "id": 709, "properties": { "FID": 709, "class": "Defence_SpatialJoin", "SolarPV_Area(sqm)": 137.74083449299999, "Rooftop_Area(sqm)": 646.60042903900001 }, "geometry": { "type": "Polygon", "coordinates": [ [ [ 67.057646665558607, 24.807523786572901 ], [ 67.05784852432889, 24.807368974956169 ], [ 67.057996963532716, 24.807536847311471 ], [ 67.057795103627981, 24.807691658162927 ], [ 67.057646665558607, 24.807523786572901 ] ] ] } },
{ "type": "Feature", "id": 710, "properties": { "FID": 710, "class": "Defence_SpatialJoin", "SolarPV_Area(sqm)": 0.0, "Rooftop_Area(sqm)": 395.04153982899999 }, "geometry": { "type": "Polygon", "coordinates": [ [ [ 67.064617739543394, 24.809811129220119 ], [ 67.064860364505975, 24.809623932977896 ], [ 67.064937725246963, 24.809707504061848 ], [ 67.064695099784885, 24.809894614239244 ], [ 67.064617739543394, 24.809811129220119 ] ] ] } },
{ "type": "Feature", "id": 711, "properties": { "FID": 711, "class": "Defence_SpatialJoin", "SolarPV_Area(sqm)": 0.0, "Rooftop_Area(sqm)": 285.71698629100001 }, "geometry": { "type": "Polygon", "coordinates": [ [ [ 67.060915098294814, 24.80434974191169 ], [ 67.060998638798154, 24.804282532863208 ], [ 67.061173902877599, 24.804464009226599 ], [ 67.061133268706598, 24.804496686334311 ], [ 67.061110360843188, 24.804472910544437 ], [ 67.061067362893112, 24.804507428707915 ], [ 67.060915098294814, 24.80434974191169 ] ] ] } },
{ "type": "Feature", "id": 712, "properties": { "FID": 712, "class": "Defence_SpatialJoin", "SolarPV_Area(sqm)": 0.0, "Rooftop_Area(sqm)": 237.25087061299999 }, "geometry": { "type": "Polygon", "coordinates": [ [ [ 67.059834970226248, 24.804858899937084 ], [ 67.059980871872497, 24.804739785280688 ], [ 67.060058686930276, 24.804819241789769 ], [ 67.05991287571932, 24.804938371225116 ], [ 67.059834970226248, 24.804858899937084 ] ] ] } },
{ "type": "Feature", "id": 713, "properties": { "FID": 713, "class": "Defence_SpatialJoin", "SolarPV_Area(sqm)": 0.0, "Rooftop_Area(sqm)": 1084.0703342300001 }, "geometry": { "type": "Polygon", "coordinates": [ [ [ 67.064971400967323, 24.803479231070369 ], [ 67.065214975311861, 24.803290533443615 ], [ 67.065417403114552, 24.803524182501516 ], [ 67.065186066911139, 24.803715152783088 ], [ 67.064971400967323, 24.803479231070369 ] ] ] } },
{ "type": "Feature", "id": 714, "properties": { "FID": 714, "class": "Defence_SpatialJoin", "SolarPV_Area(sqm)": 71.230942666399997, "Rooftop_Area(sqm)": 359.75819525200001 }, "geometry": { "type": "Polygon", "coordinates": [ [ [ 67.065337833026035, 24.803149209144518 ], [ 67.065448519826688, 24.803058980752297 ], [ 67.065623240050741, 24.803240793385665 ], [ 67.06557478755559, 24.803279563459352 ], [ 67.065538516019956, 24.803241842155749 ], [ 67.065476190133325, 24.803293285827166 ], [ 67.065337833026035, 24.803149209144518 ] ] ] } },
{ "type": "Feature", "id": 715, "properties": { "FID": 715, "class": "Defence_SpatialJoin", "SolarPV_Area(sqm)": 0.0, "Rooftop_Area(sqm)": 275.11517519900002 }, "geometry": { "type": "Polygon", "coordinates": [ [ [ 67.057159021141942, 24.80701368487497 ], [ 67.05724356179411, 24.806946043027118 ], [ 67.057398916526282, 24.80710782061756 ], [ 67.057314376282406, 24.807175546938737 ], [ 67.057159021141942, 24.80701368487497 ] ] ] } },
{ "type": "Feature", "id": 716, "properties": { "FID": 716, "class": "Defence_SpatialJoin", "SolarPV_Area(sqm)": 148.43025065500001, "Rooftop_Area(sqm)": 901.79303592700001 }, "geometry": { "type": "Polygon", "coordinates": [ [ [ 67.063621416265207, 24.807378474575984 ], [ 67.063728508136649, 24.807295609873176 ], [ 67.063700418533259, 24.807263991664101 ], [ 67.063752142862228, 24.807225666558665 ], [ 67.063780232476006, 24.807257284759 ], [ 67.06387322853432, 24.807188264300478 ], [ 67.064075663797425, 24.807421234389896 ], [ 67.064007212687827, 24.80747198999854 ], [ 67.063898591207604, 24.807344215271545 ], [ 67.06380432206366, 24.807414226808614 ], [ 67.063910833867936, 24.807535671951719 ], [ 67.063821651116285, 24.807605099726878 ], [ 67.063621416265207, 24.807378474575984 ] ] ] } },
{ "type": "Feature", "id": 717, "properties": { "FID": 717, "class": "Defence_SpatialJoin", "SolarPV_Area(sqm)": 0.0, "Rooftop_Area(sqm)": 478.49201991799998 }, "geometry": { "type": "Polygon", "coordinates": [ [ [ 67.058313686485249, 24.810382183257587 ], [ 67.058477404961565, 24.810253472650604 ], [ 67.058603579519669, 24.810387130420185 ], [ 67.058581217106791, 24.81040471924058 ], [ 67.058611397559517, 24.810436759694554 ], [ 67.058489131000215, 24.810532843662781 ], [ 67.058377864962353, 24.810414919443751 ], [ 67.058358774220991, 24.81042995914089 ], [ 67.058313686485249, 24.810382183257587 ] ] ] } },
{ "type": "Feature", "id": 718, "properties": { "FID": 718, "class": "Defence_SpatialJoin", "SolarPV_Area(sqm)": 45.455046527, "Rooftop_Area(sqm)": 300.30012304100001 }, "geometry": { "type": "Polygon", "coordinates": [ [ [ 67.056484650191436, 24.806672616715808 ], [ 67.056570463268017, 24.806605693972436 ], [ 67.056738174096182, 24.806782666340169 ], [ 67.056652360007234, 24.80684958822652 ], [ 67.056484650191436, 24.806672616715808 ] ] ] } },
{ "type": "Feature", "id": 719, "properties": { "FID": 719, "class": "Defence_SpatialJoin", "SolarPV_Area(sqm)": 0.0, "Rooftop_Area(sqm)": 385.94345017900002 }, "geometry": { "type": "Polygon", "coordinates": [ [ [ 67.058124059531067, 24.804528514877951 ], [ 67.058209418922985, 24.804464763359334 ], [ 67.058243417077961, 24.804502632133751 ], [ 67.058286232894091, 24.804470565265806 ], [ 67.058230872278628, 24.804408827918689 ], [ 67.05829059645788, 24.804364103227954 ], [ 67.058312049473514, 24.804387985614706 ], [ 67.058368047196623, 24.80434624970243 ], [ 67.058481404430424, 24.804472626717605 ], [ 67.058441952553423, 24.804502160240126 ], [ 67.058414135517012, 24.804471184213032 ], [ 67.058366774354894, 24.804506621607477 ], [ 67.058352957266152, 24.804491233607905 ], [ 67.058281233357263, 24.80454479208478 ], [ 67.05826841547001, 24.804530504838535 ], [ 67.058257143633284, 24.804539028366051 ], [ 67.058269961576869, 24.804553314718742 ], [ 67.058229509029189, 24.804583456161396 ], [ 67.058191692706259, 24.804541297092975 ], [ 67.058158058039027, 24.804566469849412 ], [ 67.058124059531067, 24.804528514877951 ] ] ] } },
{ "type": "Feature", "id": 720, "properties": { "FID": 720, "class": "Defence_SpatialJoin", "SolarPV_Area(sqm)": 0.0, "Rooftop_Area(sqm)": 449.73558850900002 }, "geometry": { "type": "Polygon", "coordinates": [ [ [ 67.061722148918349, 24.806138416851962 ], [ 67.061841507092424, 24.806042966946119 ], [ 67.062024012346797, 24.806228507715186 ], [ 67.061904654594684, 24.806323872526058 ], [ 67.061722148918349, 24.806138416851962 ] ] ] } },
{ "type": "Feature", "id": 721, "properties": { "FID": 721, "class": "Defence_SpatialJoin", "SolarPV_Area(sqm)": 0.0, "Rooftop_Area(sqm)": 112.426940641 }, "geometry": { "type": "Polygon", "coordinates": [ [ [ 67.056816221130973, 24.808422729563429 ], [ 67.056890853928451, 24.808362978031749 ], [ 67.056962758900042, 24.808437894154107 ], [ 67.056888126070405, 24.808497645719626 ], [ 67.056816221130973, 24.808422729563429 ] ] ] } },
{ "type": "Feature", "id": 722, "properties": { "FID": 722, "class": "Defence_SpatialJoin", "SolarPV_Area(sqm)": 126.16541803699999, "Rooftop_Area(sqm)": 274.12046566599997 }, "geometry": { "type": "Polygon", "coordinates": [ [ [ 67.057112456281587, 24.806212540813561 ], [ 67.057199109511558, 24.806141814013067 ], [ 67.057346829268141, 24.806299454364268 ], [ 67.057260175036788, 24.80637018029843 ], [ 67.057112456281587, 24.806212540813561 ] ] ] } },
{ "type": "Feature", "id": 723, "properties": { "FID": 723, "class": "Defence_SpatialJoin", "SolarPV_Area(sqm)": 0.0, "Rooftop_Area(sqm)": 262.53103963699999 }, "geometry": { "type": "Polygon", "coordinates": [ [ [ 67.061520613493741, 24.804422548845249 ], [ 67.061547793607417, 24.80440094896008 ], [ 67.061567701642005, 24.804421933023921 ], [ 67.061583246852507, 24.804409569035155 ], [ 67.061563338269224, 24.804388670206553 ], [ 67.061607790747672, 24.804353531282043 ], [ 67.06175487426168, 24.804508417072569 ], [ 67.061667606428699, 24.804577420010645 ], [ 67.061520613493741, 24.804422548845249 ] ] ] } },
{ "type": "Feature", "id": 724, "properties": { "FID": 724, "class": "Defence_SpatialJoin", "SolarPV_Area(sqm)": 123.061266941, "Rooftop_Area(sqm)": 779.12358296800005 }, "geometry": { "type": "Polygon", "coordinates": [ [ [ 67.059284089880421, 24.805703061017557 ], [ 67.059327178208889, 24.8056667641596 ], [ 67.059353995873408, 24.805693306042819 ], [ 67.059416264433636, 24.80564078745568 ], [ 67.059356904267119, 24.805582080218077 ], [ 67.059380176191766, 24.80556258672943 ], [ 67.059356085997862, 24.805538791503867 ], [ 67.059438809642089, 24.805469059346976 ], [ 67.059648979913504, 24.805676759317922 ], [ 67.059419991725392, 24.805869733486507 ], [ 67.059351904854694, 24.805802441284222 ], [ 67.059369539784399, 24.805787594576756 ], [ 67.059284089880421, 24.805703061017557 ] ] ] } },
{ "type": "Feature", "id": 725, "properties": { "FID": 725, "class": "Defence_SpatialJoin", "SolarPV_Area(sqm)": 0.0, "Rooftop_Area(sqm)": 196.52285660300001 }, "geometry": { "type": "Polygon", "coordinates": [ [ [ 67.06215685465402, 24.806882072829207 ], [ 67.062275486067463, 24.806788813213899 ], [ 67.062354391442895, 24.806872548223872 ], [ 67.062235760575035, 24.806965721769672 ], [ 67.06215685465402, 24.806882072829207 ] ] ] } },
{ "type": "Feature", "id": 726, "properties": { "FID": 726, "class": "Defence_SpatialJoin", "SolarPV_Area(sqm)": 81.134746253700001, "Rooftop_Area(sqm)": 264.37527986600003 }, "geometry": { "type": "Polygon", "coordinates": [ [ [ 67.059777413997125, 24.803574172947126 ], [ 67.059883433149395, 24.803486719528838 ], [ 67.060001234797056, 24.803608850776325 ], [ 67.059895214592444, 24.803696304221745 ], [ 67.059777413997125, 24.803574172947126 ] ] ] } },
{ "type": "Feature", "id": 727, "properties": { "FID": 727, "class": "Defence_SpatialJoin", "SolarPV_Area(sqm)": 0.0, "Rooftop_Area(sqm)": 293.05366980399998 }, "geometry": { "type": "Polygon", "coordinates": [ [ [ 67.063023449707515, 24.801461501753362 ], [ 67.063113445730124, 24.801393448161743 ], [ 67.063267438036931, 24.801563375049408 ], [ 67.063177442899232, 24.80163142877775 ], [ 67.063023449707515, 24.801461501753362 ] ] ] } },
{ "type": "Feature", "id": 728, "properties": { "FID": 728, "class": "Defence_SpatialJoin", "SolarPV_Area(sqm)": 0.0, "Rooftop_Area(sqm)": 241.73102947800001 }, "geometry": { "type": "Polygon", "coordinates": [ [ [ 67.061747420486526, 24.802830743524783 ], [ 67.061828325803219, 24.80276404728383 ], [ 67.061983408587992, 24.802920733722875 ], [ 67.061961046471211, 24.802939178738573 ], [ 67.061944683610292, 24.802922697459195 ], [ 67.061886231391611, 24.80297087823045 ], [ 67.061747420486526, 24.802830743524783 ] ] ] } },
{ "type": "Feature", "id": 729, "properties": { "FID": 729, "class": "Defence_SpatialJoin", "SolarPV_Area(sqm)": 0.0, "Rooftop_Area(sqm)": 312.97693705099999 }, "geometry": { "type": "Polygon", "coordinates": [ [ [ 67.060521299097005, 24.804344727257355 ], [ 67.060617294479712, 24.804269099201363 ], [ 67.060772650245752, 24.804433437535604 ], [ 67.060676655750157, 24.804509065737093 ], [ 67.060521299097005, 24.804344727257355 ] ] ] } },
{ "type": "Feature", "id": 730, "properties": { "FID": 730, "class": "Defence_SpatialJoin", "SolarPV_Area(sqm)": 0.0, "Rooftop_Area(sqm)": 183.19822968599999 }, "geometry": { "type": "Polygon", "coordinates": [ [ [ 67.065078990973959, 24.802933718385432 ], [ 67.065100808503757, 24.802916125079676 ], [ 67.065080990989642, 24.802895668615093 ], [ 67.065146352112563, 24.802842873027554 ], [ 67.065256983608734, 24.802956843081859 ], [ 67.065191622822269, 24.803009724895961 ], [ 67.065170987348239, 24.802988452923717 ], [ 67.065149169809501, 24.803006046239172 ], [ 67.065078990973959, 24.802933718385432 ] ] ] } },
{ "type": "Feature", "id": 731, "properties": { "FID": 731, "class": "Defence_SpatialJoin", "SolarPV_Area(sqm)": 0.0, "Rooftop_Area(sqm)": 468.55361491000002 }, "geometry": { "type": "Polygon", "coordinates": [ [ [ 67.061921139271618, 24.806345852216715 ], [ 67.062048951554118, 24.806243731955231 ], [ 67.062124129548749, 24.806322164743158 ], [ 67.062113675429359, 24.806330479165119 ], [ 67.062184853970493, 24.806404763714415 ], [ 67.062168309120551, 24.806417992494573 ], [ 67.062202852698221, 24.806454068786785 ], [ 67.06217867182832, 24.806473417315065 ], [ 67.062193126013241, 24.80648848011133 ], [ 67.062116584425581, 24.80654963915104 ], [ 67.062039769518492, 24.806469575213018 ], [ 67.062047133313129, 24.806463668004849 ], [ 67.062022407379217, 24.806437890660558 ], [ 67.062015043642987, 24.806443796973145 ], [ 67.061921139271618, 24.806345852216715 ] ] ] } },
{ "type": "Feature", "id": 732, "properties": { "FID": 732, "class": "Defence_SpatialJoin", "SolarPV_Area(sqm)": 136.22185368300001, "Rooftop_Area(sqm)": 574.16494155600003 }, "geometry": { "type": "Polygon", "coordinates": [ [ [ 67.058586586605387, 24.80503413789938 ], [ 67.058863480860325, 24.804805387715994 ], [ 67.058966378954949, 24.804904256660002 ], [ 67.058784297667657, 24.805054711923972 ], [ 67.058767897380321, 24.805054997130082 ], [ 67.058673175249822, 24.805133391320059 ], [ 67.058586586605387, 24.80503413789938 ] ] ] } },
{ "type": "Feature", "id": 733, "properties": { "FID": 733, "class": "Defence_SpatialJoin", "SolarPV_Area(sqm)": 99.8957932215, "Rooftop_Area(sqm)": 212.97411882899999 }, "geometry": { "type": "Polygon", "coordinates": [ [ [ 67.062550289749211, 24.801940840032504 ], [ 67.062641840888844, 24.801865743718661 ], [ 67.062751381575083, 24.801980479820394 ], [ 67.062659920931949, 24.802055590007708 ], [ 67.062550289749211, 24.801940840032504 ] ] ] } },
{ "type": "Feature", "id": 734, "properties": { "FID": 734, "class": "Defence_SpatialJoin", "SolarPV_Area(sqm)": 98.042823847899996, "Rooftop_Area(sqm)": 1606.2431905599999 }, "geometry": { "type": "Polygon", "coordinates": [ [ [ 67.062943726911783, 24.802638785953182 ], [ 67.062952453542721, 24.802359452971871 ], [ 67.063170716190882, 24.802173023617335 ], [ 67.063251166134577, 24.802175134183731 ], [ 67.063247893601215, 24.802279638748889 ], [ 67.063322071726674, 24.802281593051227 ], [ 67.063320527180309, 24.802332107287953 ], [ 67.063360707125852, 24.8023331987342 ], [ 67.063358615727395, 24.802400119741691 ], [ 67.063318435760294, 24.802399028289472 ], [ 67.063312163423902, 24.802597228130399 ], [ 67.063289164868152, 24.802596684171803 ], [ 67.063288346929284, 24.802622446388877 ], [ 67.063243803470186, 24.802621336444741 ], [ 67.063244621040965, 24.802595488049864 ], [ 67.063165897939911, 24.802593399616235 ], [ 67.063164352295544, 24.802644512415448 ], [ 67.062943726911783, 24.802638785953182 ] ] ] } },
{ "type": "Feature", "id": 735, "properties": { "FID": 735, "class": "Defence_SpatialJoin", "SolarPV_Area(sqm)": 0.0, "Rooftop_Area(sqm)": 259.754835496 }, "geometry": { "type": "Polygon", "coordinates": [ [ [ 67.057992521658036, 24.808440771159443 ], [ 67.058071634492194, 24.808377667415748 ], [ 67.058228626900672, 24.808541332590504 ], [ 67.058149512582034, 24.80860435107499 ], [ 67.057992521658036, 24.808440771159443 ] ] ] } },
{ "type": "Feature", "id": 736, "properties": { "FID": 736, "class": "Defence_SpatialJoin", "SolarPV_Area(sqm)": 0.0, "Rooftop_Area(sqm)": 110.374621433 }, "geometry": { "type": "Polygon", "coordinates": [ [ [ 67.062294939191716, 24.806370289884029 ], [ 67.062349390945016, 24.806325568157412 ], [ 67.062388843772624, 24.806365683254381 ], [ 67.062405024631047, 24.806352395515805 ], [ 67.06244938644501, 24.806397489114673 ], [ 67.062378662264678, 24.806455484750373 ], [ 67.062294939191716, 24.806370289884029 ] ] ] } },
{ "type": "Feature", "id": 737, "properties": { "FID": 737, "class": "Defence_SpatialJoin", "SolarPV_Area(sqm)": 78.839970222999995, "Rooftop_Area(sqm)": 190.93861317099999 }, "geometry": { "type": "Polygon", "coordinates": [ [ [ 67.057640176863174, 24.809562253336349 ], [ 67.057755988976055, 24.809471112276388 ], [ 67.057833079820327, 24.809555442724182 ], [ 67.057717268571153, 24.809646584786059 ], [ 67.057640176863174, 24.809562253336349 ] ] ] } },
{ "type": "Feature", "id": 738, "properties": { "FID": 738, "class": "Defence_SpatialJoin", "SolarPV_Area(sqm)": 0.0, "Rooftop_Area(sqm)": 457.56782154500002 }, "geometry": { "type": "Polygon", "coordinates": [ [ [ 67.054870465882772, 24.806708683569141 ], [ 67.055023548073393, 24.806591421060499 ], [ 67.055172016943217, 24.806747392624278 ], [ 67.055040024079446, 24.806848571349349 ], [ 67.054973506091429, 24.806794305813803 ], [ 67.054952416075622, 24.806810474961477 ], [ 67.054870465882772, 24.806708683569141 ] ] ] } },
{ "type": "Feature", "id": 739, "properties": { "FID": 739, "class": "Defence_SpatialJoin", "SolarPV_Area(sqm)": 0.0, "Rooftop_Area(sqm)": 273.57426736100001 }, "geometry": { "type": "Polygon", "coordinates": [ [ [ 67.063811920724689, 24.808445759268825 ], [ 67.063840412104383, 24.808423687856106 ], [ 67.063859137811207, 24.808442943818825 ], [ 67.063886863963646, 24.808420492280373 ], [ 67.063868137273886, 24.808401236268633 ], [ 67.063952951466405, 24.808332522180915 ], [ 67.064050038249789, 24.808432347709349 ], [ 67.063909007428151, 24.80854558488404 ], [ 67.063811920724689, 24.808445759268825 ] ] ] } },
{ "type": "Feature", "id": 740, "properties": { "FID": 740, "class": "Defence_SpatialJoin", "SolarPV_Area(sqm)": 0.0, "Rooftop_Area(sqm)": 328.25505015700003 }, "geometry": { "type": "Polygon", "coordinates": [ [ [ 67.066921001421434, 24.807684198242619 ], [ 67.067076994500823, 24.807559264445128 ], [ 67.06712335605539, 24.807607500033928 ], [ 67.067165081671007, 24.807574056360107 ], [ 67.067188990257762, 24.807598847078012 ], [ 67.067169991138854, 24.807614074410285 ], [ 67.067190898823483, 24.807635732423666 ], [ 67.067012088106267, 24.807778953193157 ], [ 67.066921001421434, 24.807684198242619 ] ] ] } },
{ "type": "Feature", "id": 741, "properties": { "FID": 741, "class": "Defence_SpatialJoin", "SolarPV_Area(sqm)": 0.0, "Rooftop_Area(sqm)": 324.2211941 }, "geometry": { "type": "Polygon", "coordinates": [ [ [ 67.063918044726393, 24.802636746709073 ], [ 67.06410067189961, 24.802492601977772 ], [ 67.064185304919818, 24.802581958222532 ], [ 67.064002586171455, 24.802726088294431 ], [ 67.063918044726393, 24.802636746709073 ] ] ] } },
{ "type": "Feature", "id": 742, "properties": { "FID": 742, "class": "Defence_SpatialJoin", "SolarPV_Area(sqm)": 103.86861342900001, "Rooftop_Area(sqm)": 348.92842227900002 }, "geometry": { "type": "Polygon", "coordinates": [ [ [ 67.058367592826031, 24.806881981203023 ], [ 67.058419953706434, 24.806841198161909 ], [ 67.058601852818555, 24.807035539671407 ], [ 67.058503955202426, 24.807118418210809 ], [ 67.05836159869628, 24.806966343271185 ], [ 67.058407135335187, 24.806924247874139 ], [ 67.058367592826031, 24.806881981203023 ] ] ] } },
{ "type": "Feature", "id": 743, "properties": { "FID": 743, "class": "Defence_SpatialJoin", "SolarPV_Area(sqm)": 0.0, "Rooftop_Area(sqm)": 184.64878492400001 }, "geometry": { "type": "Polygon", "coordinates": [ [ [ 67.058227599485747, 24.809925293650391 ], [ 67.05835195722824, 24.809810148360704 ], [ 67.058423498522345, 24.809874494606422 ], [ 67.058299141725925, 24.80998964000938 ], [ 67.058227599485747, 24.809925293650391 ] ] ] } },
{ "type": "Feature", "id": 744, "properties": { "FID": 744, "class": "Defence_SpatialJoin", "SolarPV_Area(sqm)": 0.0, "Rooftop_Area(sqm)": 374.70200704000001 }, "geometry": { "type": "Polygon", "coordinates": [ [ [ 67.063583969366547, 24.799797979550917 ], [ 67.063616785535558, 24.799771731954607 ], [ 67.063631330325535, 24.799786894448332 ], [ 67.063700963931481, 24.79973119781393 ], [ 67.063798959456278, 24.7998333035457 ], [ 67.063769596819682, 24.799856689416035 ], [ 67.063796595553498, 24.799884798128751 ], [ 67.063825866717494, 24.799861397497782 ], [ 67.063873501001794, 24.799911120162232 ], [ 67.063844229829414, 24.79993452080198 ], [ 67.063871500851462, 24.799963014711192 ], [ 67.063819776276986, 24.800004334479155 ], [ 67.063837502241995, 24.80002274431358 ], [ 67.063815958515619, 24.800039954509305 ], [ 67.063720508484892, 24.799940395325784 ], [ 67.063742052198918, 24.799923185143005 ], [ 67.063717872276911, 24.799898009150802 ], [ 67.063739416039269, 24.799880798072227 ], [ 67.063718689983375, 24.799859170292944 ], [ 67.06369714530112, 24.799876380421964 ], [ 67.063676146513487, 24.799854451776053 ], [ 67.063654601828134, 24.79987166189758 ], [ 67.063583969366547, 24.799797979550917 ] ] ] } },
{ "type": "Feature", "id": 745, "properties": { "FID": 745, "class": "Defence_SpatialJoin", "SolarPV_Area(sqm)": 0.0, "Rooftop_Area(sqm)": 217.27048995800001 }, "geometry": { "type": "Polygon", "coordinates": [ [ [ 67.066102400464985, 24.807578011529962 ], [ 67.066185942538681, 24.807511139579113 ], [ 67.066310118760811, 24.807640369791002 ], [ 67.066226577060789, 24.807707327093706 ], [ 67.066102400464985, 24.807578011529962 ] ] ] } },
{ "type": "Feature", "id": 746, "properties": { "FID": 746, "class": "Defence_SpatialJoin", "SolarPV_Area(sqm)": 73.839970398399998, "Rooftop_Area(sqm)": 303.82062102399999 }, "geometry": { "type": "Polygon", "coordinates": [ [ [ 67.061967682835387, 24.806042108704407 ], [ 67.062038042300614, 24.805991319567507 ], [ 67.062055768785456, 24.806011781464129 ], [ 67.062015770899009, 24.806040629906914 ], [ 67.062099403372756, 24.806062142310378 ], [ 67.062171406842282, 24.806149771852549 ], [ 67.062049034249142, 24.806242012271898 ], [ 67.061976939973064, 24.806154281792381 ], [ 67.061971318372827, 24.806078075443235 ], [ 67.061988226895082, 24.806065845275995 ], [ 67.061967682835387, 24.806042108704407 ] ] ] } },
{ "type": "Feature", "id": 747, "properties": { "FID": 747, "class": "Defence_SpatialJoin", "SolarPV_Area(sqm)": 96.4613063197, "Rooftop_Area(sqm)": 593.00704129899998 }, "geometry": { "type": "Polygon", "coordinates": [ [ [ 67.066165124551375, 24.802738415999574 ], [ 67.066248484935869, 24.802676127152399 ], [ 67.066295937814218, 24.802728896665172 ], [ 67.066340299057359, 24.802695706716751 ], [ 67.06626066650341, 24.802606985356963 ], [ 67.066373742068791, 24.802517606913046 ], [ 67.066518245499068, 24.80267209060143 ], [ 67.066277356481407, 24.802857104678775 ], [ 67.066165124551375, 24.802738415999574 ] ] ] } },
{ "type": "Feature", "id": 748, "properties": { "FID": 748, "class": "Defence_SpatialJoin", "SolarPV_Area(sqm)": 0.0, "Rooftop_Area(sqm)": 316.37747387600001 }, "geometry": { "type": "Polygon", "coordinates": [ [ [ 67.065154714816543, 24.807706118006124 ], [ 67.065243802526211, 24.80763552642237 ], [ 67.065420430411294, 24.807821409417805 ], [ 67.065363796717165, 24.807866208880576 ], [ 67.065343979472431, 24.807845324180533 ], [ 67.065311526889118, 24.80787103121445 ], [ 67.065154714816543, 24.807706118006124 ] ] ] } },
{ "type": "Feature", "id": 749, "properties": { "FID": 749, "class": "Defence_SpatialJoin", "SolarPV_Area(sqm)": 0.0, "Rooftop_Area(sqm)": 241.322237879 }, "geometry": { "type": "Polygon", "coordinates": [ [ [ 67.062113675683278, 24.801739125017377 ], [ 67.062228670194315, 24.801646642347389 ], [ 67.062328937927049, 24.801750568551039 ], [ 67.062213852849425, 24.801843036589268 ], [ 67.062113675683278, 24.801739125017377 ] ] ] } },
{ "type": "Feature", "id": 750, "properties": { "FID": 750, "class": "Defence_SpatialJoin", "SolarPV_Area(sqm)": 63.692606151699998, "Rooftop_Area(sqm)": 513.20713758600004 }, "geometry": { "type": "Polygon", "coordinates": [ [ [ 67.065080027240157, 24.803868365385515 ], [ 67.065192259432493, 24.803778555499751 ], [ 67.06542134012912, 24.804013397620778 ], [ 67.065318708058953, 24.804096765334112 ], [ 67.065080027240157, 24.803868365385515 ] ] ] } },
{ "type": "Feature", "id": 751, "properties": { "FID": 751, "class": "Defence_SpatialJoin", "SolarPV_Area(sqm)": 0.0, "Rooftop_Area(sqm)": 103.532126502 }, "geometry": { "type": "Polygon", "coordinates": [ [ [ 67.062035406442931, 24.80773769076858 ], [ 67.062133401874448, 24.807661274012535 ], [ 67.06218367246305, 24.807714926876901 ], [ 67.062085676510364, 24.807791428002496 ], [ 67.062035406442931, 24.80773769076858 ] ] ] } },
{ "type": "Feature", "id": 752, "properties": { "FID": 752, "class": "Defence_SpatialJoin", "SolarPV_Area(sqm)": 0.0, "Rooftop_Area(sqm)": 266.07800792500001 }, "geometry": { "type": "Polygon", "coordinates": [ [ [ 67.060534480987656, 24.80694447120181 ], [ 67.060656019993203, 24.806846042707381 ], [ 67.060760742293851, 24.806953850612242 ], [ 67.060639202782397, 24.807052193901988 ], [ 67.060534480987656, 24.80694447120181 ] ] ] } },
{ "type": "Feature", "id": 753, "properties": { "FID": 753, "class": "Defence_SpatialJoin", "SolarPV_Area(sqm)": 0.0, "Rooftop_Area(sqm)": 268.85488602800001 }, "geometry": { "type": "Polygon", "coordinates": [ [ [ 67.066913183601301, 24.808064097347128 ], [ 67.06699927057096, 24.807992849852614 ], [ 67.067149082250523, 24.808143559193034 ], [ 67.067063086694617, 24.808214821525755 ], [ 67.066913183601301, 24.808064097347128 ] ] ] } },
{ "type": "Feature", "id": 754, "properties": { "FID": 754, "class": "Defence_SpatialJoin", "SolarPV_Area(sqm)": 0.0, "Rooftop_Area(sqm)": 264.211302289 }, "geometry": { "type": "Polygon", "coordinates": [ [ [ 67.058843021690876, 24.806192486544997 ], [ 67.059003377164245, 24.806063740850185 ], [ 67.05908210071324, 24.806145480340884 ], [ 67.058921836214409, 24.806274155589943 ], [ 67.058843021690876, 24.806192486544997 ] ] ] } },
{ "type": "Feature", "id": 755, "properties": { "FID": 755, "class": "Defence_SpatialJoin", "SolarPV_Area(sqm)": 0.0, "Rooftop_Area(sqm)": 246.68326444100001 }, "geometry": { "type": "Polygon", "coordinates": [ [ [ 67.064433292970079, 24.800680568228959 ], [ 67.064518289395636, 24.800610681397213 ], [ 67.064657374405613, 24.800751541683031 ], [ 67.064572287415828, 24.800821413887448 ], [ 67.064433292970079, 24.800680568228959 ] ] ] } },
{ "type": "Feature", "id": 756, "properties": { "FID": 756, "class": "Defence_SpatialJoin", "SolarPV_Area(sqm)": 0.0, "Rooftop_Area(sqm)": 281.90645035099999 }, "geometry": { "type": "Polygon", "coordinates": [ [ [ 67.066089218781698, 24.808708163088596 ], [ 67.066170943193626, 24.808644844423451 ], [ 67.066334936157972, 24.808821170710711 ], [ 67.066253211716685, 24.80888448856431 ], [ 67.066089218781698, 24.808708163088596 ] ] ] } },
{ "type": "Feature", "id": 757, "properties": { "FID": 757, "class": "Defence_SpatialJoin", "SolarPV_Area(sqm)": 56.054221494099998, "Rooftop_Area(sqm)": 199.10612243099999 }, "geometry": { "type": "Polygon", "coordinates": [ [ [ 67.064660828016443, 24.800304960164393 ], [ 67.064806367496729, 24.800185687503962 ], [ 67.064879818877188, 24.800260337526716 ], [ 67.064765459864958, 24.800354123218774 ], [ 67.064728370668732, 24.800316440869242 ], [ 67.064697281682356, 24.800341941759314 ], [ 67.064660828016443, 24.800304960164393 ] ] ] } },
{ "type": "Feature", "id": 758, "properties": { "FID": 758, "class": "Defence_SpatialJoin", "SolarPV_Area(sqm)": 0.0, "Rooftop_Area(sqm)": 610.34383419300002 }, "geometry": { "type": "Polygon", "coordinates": [ [ [ 67.05943335489772, 24.807949469566719 ], [ 67.059477625841211, 24.807914817367401 ], [ 67.059488988816597, 24.807926989563345 ], [ 67.059504896354241, 24.807914598604924 ], [ 67.059457444681584, 24.807864219804095 ], [ 67.05952316878178, 24.807812515111493 ], [ 67.059601528164549, 24.807895735783251 ], [ 67.059567712034593, 24.80792216004583 ], [ 67.059608527484045, 24.807965487175263 ], [ 67.059629072237982, 24.807949399428278 ], [ 67.059611618921934, 24.807930861722433 ], [ 67.059624890362542, 24.807920524305242 ], [ 67.059659434425868, 24.807957028382663 ], [ 67.059727975738085, 24.807903128927535 ], [ 67.059807608082096, 24.807987493630158 ], [ 67.059705068360174, 24.808067960251286 ], [ 67.059687341845574, 24.808049036390013 ], [ 67.059655343923524, 24.808074216041337 ], [ 67.059673070003498, 24.80809305462083 ], [ 67.059657343510409, 24.808105474115976 ], [ 67.059639435390878, 24.808086606962284 ], [ 67.059617073166109, 24.808104110794897 ], [ 67.059634980734231, 24.808123063184048 ], [ 67.059613163392598, 24.808140227251926 ], [ 67.05951662312107, 24.8080376688876 ], [ 67.059493442732816, 24.808055894556237 ], [ 67.059452626275529, 24.808012568239615 ], [ 67.059475807146129, 24.807994426967738 ], [ 67.05943335489772, 24.807949469566719 ] ] ] } },
{ "type": "Feature", "id": 759, "properties": { "FID": 759, "class": "Defence_SpatialJoin", "SolarPV_Area(sqm)": 0.0, "Rooftop_Area(sqm)": 244.479160877 }, "geometry": { "type": "Polygon", "coordinates": [ [ [ 67.056419243471382, 24.806771534223422 ], [ 67.05650587442274, 24.806702179062533 ], [ 67.056640685856138, 24.80684244226979 ], [ 67.056554053912436, 24.806911796557547 ], [ 67.056419243471382, 24.806771534223422 ] ] ] } },
{ "type": "Feature", "id": 760, "properties": { "FID": 760, "class": "Defence_SpatialJoin", "SolarPV_Area(sqm)": 107.709234662, "Rooftop_Area(sqm)": 347.80344282800002 }, "geometry": { "type": "Polygon", "coordinates": [ [ [ 67.060855282346722, 24.805966993786296 ], [ 67.061033445095404, 24.805823071995974 ], [ 67.061125811372975, 24.805920144262561 ], [ 67.060947649504811, 24.806064066208904 ], [ 67.060855282346722, 24.805966993786296 ] ] ] } },
{ "type": "Feature", "id": 761, "properties": { "FID": 761, "class": "Defence_SpatialJoin", "SolarPV_Area(sqm)": 0.0, "Rooftop_Area(sqm)": 254.12853363799999 }, "geometry": { "type": "Polygon", "coordinates": [ [ [ 67.059957145788573, 24.807418943458504 ], [ 67.060118864950809, 24.807289817998086 ], [ 67.060193952457979, 24.80736806645216 ], [ 67.060032233222813, 24.807497191989079 ], [ 67.059957145788573, 24.807418943458504 ] ] ] } },
{ "type": "Feature", "id": 762, "properties": { "FID": 762, "class": "Defence_SpatialJoin", "SolarPV_Area(sqm)": 37.718746233300003, "Rooftop_Area(sqm)": 328.43170426900002 }, "geometry": { "type": "Polygon", "coordinates": [ [ [ 67.062856821282907, 24.805820066930501 ], [ 67.062967452963505, 24.805733207500641 ], [ 67.063108809046085, 24.805883324391388 ], [ 67.062998269728695, 24.8059701987283 ], [ 67.062856821282907, 24.805820066930501 ] ] ] } },
{ "type": "Feature", "id": 763, "properties": { "FID": 763, "class": "Defence_SpatialJoin", "SolarPV_Area(sqm)": 98.042823847899996, "Rooftop_Area(sqm)": 1647.0768227599999 }, "geometry": { "type": "Polygon", "coordinates": [ [ [ 67.062943726911783, 24.802638785953182 ], [ 67.062952453542721, 24.802359452971871 ], [ 67.063170716190882, 24.802173023617335 ], [ 67.063251166134577, 24.802175134183731 ], [ 67.063247893601215, 24.802279638748889 ], [ 67.063322071726674, 24.802281593051227 ], [ 67.063320527180309, 24.802332107287953 ], [ 67.063360707125852, 24.8023331987342 ], [ 67.063358615727395, 24.802400119741691 ], [ 67.063318435760294, 24.802399028289472 ], [ 67.063312163423902, 24.802597228130399 ], [ 67.063289164868152, 24.802596684171803 ], [ 67.063288346929284, 24.802622446388877 ], [ 67.063164352295544, 24.802644512415448 ], [ 67.062943726911783, 24.802638785953182 ] ] ] } },
{ "type": "Feature", "id": 764, "properties": { "FID": 764, "class": "Defence_SpatialJoin", "SolarPV_Area(sqm)": 0.0, "Rooftop_Area(sqm)": 253.82346909699999 }, "geometry": { "type": "Polygon", "coordinates": [ [ [ 67.06665610339509, 24.809121960956183 ], [ 67.066748009104174, 24.80904840362949 ], [ 67.066880003003888, 24.809185559616498 ], [ 67.066788097658247, 24.809259202306276 ], [ 67.06665610339509, 24.809121960956183 ] ] ] } },
{ "type": "Feature", "id": 765, "properties": { "FID": 765, "class": "Defence_SpatialJoin", "SolarPV_Area(sqm)": 102.947600184, "Rooftop_Area(sqm)": 305.05981516100002 }, "geometry": { "type": "Polygon", "coordinates": [ [ [ 67.065745703045451, 24.80137471517331 ], [ 67.065836230258284, 24.801299822915567 ], [ 67.065998587008821, 24.801461866051092 ], [ 67.065908059716733, 24.801536758403575 ], [ 67.065745703045451, 24.80137471517331 ] ] ] } },
{ "type": "Feature", "id": 766, "properties": { "FID": 766, "class": "Defence_SpatialJoin", "SolarPV_Area(sqm)": 0.0, "Rooftop_Area(sqm)": 280.50859414299998 }, "geometry": { "type": "Polygon", "coordinates": [ [ [ 67.065724325754402, 24.802280847544999 ], [ 67.065809049375019, 24.802213651434766 ], [ 67.065966951922789, 24.802379592833965 ], [ 67.065882228220303, 24.802446789028092 ], [ 67.065724325754402, 24.802280847544999 ] ] ] } },
{ "type": "Feature", "id": 767, "properties": { "FID": 767, "class": "Defence_SpatialJoin", "SolarPV_Area(sqm)": 0.0, "Rooftop_Area(sqm)": 699.09857474199998 }, "geometry": { "type": "Polygon", "coordinates": [ [ [ 67.063292618787131, 24.804323806920419 ], [ 67.063582333076084, 24.804087362789431 ], [ 67.063697873289911, 24.804205287489403 ], [ 67.063408158810645, 24.804441731833887 ], [ 67.063292618787131, 24.804323806920419 ] ] ] } },
{ "type": "Feature", "id": 768, "properties": { "FID": 768, "class": "Defence_SpatialJoin", "SolarPV_Area(sqm)": 0.0, "Rooftop_Area(sqm)": 97.244485593999997 }, "geometry": { "type": "Polygon", "coordinates": [ [ [ 67.061327713906977, 24.807237434394469 ], [ 67.061422981762746, 24.807163484180034 ], [ 67.06147152494006, 24.807215576619743 ], [ 67.06137625711186, 24.80728952596839 ], [ 67.061327713906977, 24.807237434394469 ] ] ] } },
{ "type": "Feature", "id": 769, "properties": { "FID": 769, "class": "Defence_SpatialJoin", "SolarPV_Area(sqm)": 0.0, "Rooftop_Area(sqm)": 478.39405847 }, "geometry": { "type": "Polygon", "coordinates": [ [ [ 67.06026703936287, 24.80676625320638 ], [ 67.060496118529386, 24.806568165064597 ], [ 67.060596568693313, 24.806665029578827 ], [ 67.06036748904117, 24.806863031692373 ], [ 67.06026703936287, 24.80676625320638 ] ] ] } },
{ "type": "Feature", "id": 770, "properties": { "FID": 770, "class": "Defence_SpatialJoin", "SolarPV_Area(sqm)": 0.0, "Rooftop_Area(sqm)": 269.34325124700001 }, "geometry": { "type": "Polygon", "coordinates": [ [ [ 67.057485185164623, 24.805103128575123 ], [ 67.057651448343947, 24.80496755958546 ], [ 67.057728990250681, 24.805046802348009 ], [ 67.05756272601792, 24.805182371367497 ], [ 67.057485185164623, 24.805103128575123 ] ] ] } },
{ "type": "Feature", "id": 771, "properties": { "FID": 771, "class": "Defence_SpatialJoin", "SolarPV_Area(sqm)": 0.0, "Rooftop_Area(sqm)": 235.61560937900001 }, "geometry": { "type": "Polygon", "coordinates": [ [ [ 67.065749870103971, 24.807220207681631 ], [ 67.065833685191976, 24.8071549193414 ], [ 67.065967406400219, 24.807297993453609 ], [ 67.065883592163217, 24.807363282810144 ], [ 67.065749870103971, 24.807220207681631 ] ] ] } },
{ "type": "Feature", "id": 772, "properties": { "FID": 772, "class": "Defence_SpatialJoin", "SolarPV_Area(sqm)": 0.0, "Rooftop_Area(sqm)": 277.66492930099997 }, "geometry": { "type": "Polygon", "coordinates": [ [ [ 67.06421457648041, 24.802593768500326 ], [ 67.064299209060252, 24.802528268483556 ], [ 67.064456110302913, 24.802697297236644 ], [ 67.064423021362316, 24.802722816839683 ], [ 67.064421385080522, 24.802721100523708 ], [ 67.064369841957401, 24.802760994890715 ], [ 67.06421457648041, 24.802593768500326 ] ] ] } },
{ "type": "Feature", "id": 773, "properties": { "FID": 773, "class": "Defence_SpatialJoin", "SolarPV_Area(sqm)": 0.0, "Rooftop_Area(sqm)": 262.78214225099998 }, "geometry": { "type": "Polygon", "coordinates": [ [ [ 67.060996912357524, 24.805761987268635 ], [ 67.061027637868818, 24.805736686248327 ], [ 67.061005456818691, 24.805714224562387 ], [ 67.061061363751435, 24.805668199825568 ], [ 67.061214538001821, 24.805823298574623 ], [ 67.061127905487737, 24.805894624412442 ], [ 67.060996912357524, 24.805761987268635 ] ] ] } },
{ "type": "Feature", "id": 774, "properties": { "FID": 774, "class": "Defence_SpatialJoin", "SolarPV_Area(sqm)": 36.996410805899998, "Rooftop_Area(sqm)": 113.463045845 }, "geometry": { "type": "Polygon", "coordinates": [ [ [ 67.062136946908865, 24.80784609640644 ], [ 67.06223430586428, 24.80777017601832 ], [ 67.062289757615588, 24.807829364019536 ], [ 67.062192399058645, 24.807905369726932 ], [ 67.062136946908865, 24.80784609640644 ] ] ] } },
{ "type": "Feature", "id": 775, "properties": { "FID": 775, "class": "Defence_SpatialJoin", "SolarPV_Area(sqm)": 0.0, "Rooftop_Area(sqm)": 421.767773256 }, "geometry": { "type": "Polygon", "coordinates": [ [ [ 67.063588969292567, 24.805050293556373 ], [ 67.063694782262232, 24.804969578861641 ], [ 67.063858683758099, 24.805148624376201 ], [ 67.063828230602979, 24.805171833338761 ], [ 67.063863410184965, 24.805210234538031 ], [ 67.06378795973508, 24.805267725688367 ], [ 67.063588969292567, 24.805050293556373 ] ] ] } },
{ "type": "Feature", "id": 776, "properties": { "FID": 776, "class": "Defence_SpatialJoin", "SolarPV_Area(sqm)": 89.032634586900002, "Rooftop_Area(sqm)": 323.62167361000002 }, "geometry": { "type": "Polygon", "coordinates": [ [ [ 67.058993495589164, 24.807453716350192 ], [ 67.059179186748551, 24.807302342270987 ], [ 67.059262908733132, 24.807387367172023 ], [ 67.059077218523299, 24.807538740508445 ], [ 67.058993495589164, 24.807453716350192 ] ] ] } },
{ "type": "Feature", "id": 777, "properties": { "FID": 777, "class": "Defence_SpatialJoin", "SolarPV_Area(sqm)": 0.0, "Rooftop_Area(sqm)": 288.80341430499999 }, "geometry": { "type": "Polygon", "coordinates": [ [ [ 67.057873709365751, 24.806449082233385 ], [ 67.057958341557836, 24.806377608818433 ], [ 67.058122151400994, 24.806539380604889 ], [ 67.05803751913696, 24.806610854109998 ], [ 67.057873709365751, 24.806449082233385 ] ] ] } },
{ "type": "Feature", "id": 778, "properties": { "FID": 778, "class": "Defence_SpatialJoin", "SolarPV_Area(sqm)": 0.0, "Rooftop_Area(sqm)": 365.85481537800001 }, "geometry": { "type": "Polygon", "coordinates": [ [ [ 67.064428566343338, 24.808302006767128 ], [ 67.064529106926599, 24.808219759253017 ], [ 67.064703462464877, 24.808397329344594 ], [ 67.064603103392955, 24.808479520251279 ], [ 67.064428566343338, 24.808302006767128 ] ] ] } },
{ "type": "Feature", "id": 779, "properties": { "FID": 779, "class": "Defence_SpatialJoin", "SolarPV_Area(sqm)": 124.557606647, "Rooftop_Area(sqm)": 394.15386480199999 }, "geometry": { "type": "Polygon", "coordinates": [ [ [ 67.06715099108871, 24.803019126440976 ], [ 67.067250805809977, 24.802936498810805 ], [ 67.067457069244611, 24.803144160133844 ], [ 67.06738489044001, 24.803203977822459 ], [ 67.06736816436883, 24.803187181448106 ], [ 67.067340710323677, 24.803210020975122 ], [ 67.067303166599004, 24.803172180070877 ], [ 67.067344528846306, 24.803137993281698 ], [ 67.067314893722383, 24.803108177191451 ], [ 67.067273622905248, 24.803142379621395 ], [ 67.06715099108871, 24.803019126440976 ] ] ] } },
{ "type": "Feature", "id": 780, "properties": { "FID": 780, "class": "Defence_SpatialJoin", "SolarPV_Area(sqm)": 38.5214772637, "Rooftop_Area(sqm)": 358.89457697900002 }, "geometry": { "type": "Polygon", "coordinates": [ [ [ 67.05675338277203, 24.807350687882902 ], [ 67.056857764378364, 24.807259774698203 ], [ 67.057016846384187, 24.807423606090932 ], [ 67.056912465724281, 24.807514518541012 ], [ 67.05675338277203, 24.807350687882902 ] ] ] } },
{ "type": "Feature", "id": 781, "properties": { "FID": 781, "class": "Defence_SpatialJoin", "SolarPV_Area(sqm)": 0.0, "Rooftop_Area(sqm)": 228.43951595799999 }, "geometry": { "type": "Polygon", "coordinates": [ [ [ 67.064640011382352, 24.808126875757225 ], [ 67.06472573507574, 24.808058905222257 ], [ 67.064870001277981, 24.808210601974199 ], [ 67.064845456185665, 24.808230062557207 ], [ 67.064821366502159, 24.808204729629662 ], [ 67.064760187834352, 24.808253239649922 ], [ 67.064640011382352, 24.808126875757225 ] ] ] } },
{ "type": "Feature", "id": 782, "properties": { "FID": 782, "class": "Defence_SpatialJoin", "SolarPV_Area(sqm)": 0.0, "Rooftop_Area(sqm)": 600.75077064200002 }, "geometry": { "type": "Polygon", "coordinates": [ [ [ 67.059538258868471, 24.809080157247482 ], [ 67.059733430871191, 24.808927029377436 ], [ 67.059882968243642, 24.809085817446181 ], [ 67.059786518323548, 24.809161539330692 ], [ 67.059752702547669, 24.809125664666194 ], [ 67.059713794786418, 24.809156225408334 ], [ 67.059760065888298, 24.809205302633284 ], [ 67.059700340910098, 24.809252162710127 ], [ 67.059538258868471, 24.809080157247482 ] ] ] } },
{ "type": "Feature", "id": 783, "properties": { "FID": 783, "class": "Defence_SpatialJoin", "SolarPV_Area(sqm)": 0.0, "Rooftop_Area(sqm)": 183.924033968 }, "geometry": { "type": "Polygon", "coordinates": [ [ [ 67.059809153703966, 24.804116627636109 ], [ 67.059873696341171, 24.804065842045127 ], [ 67.059891968200873, 24.804085195181557 ], [ 67.059904603253656, 24.804075267030704 ], [ 67.059931420246869, 24.804103688980717 ], [ 67.059949873608687, 24.804089229602248 ], [ 67.060007507468271, 24.804150307027808 ], [ 67.059911875381829, 24.804225480150443 ], [ 67.059809153703966, 24.804116627636109 ] ] ] } },
{ "type": "Feature", "id": 784, "properties": { "FID": 784, "class": "Defence_SpatialJoin", "SolarPV_Area(sqm)": 124.557606647, "Rooftop_Area(sqm)": 460.51802960399999 }, "geometry": { "type": "Polygon", "coordinates": [ [ [ 67.067141088328825, 24.803026778785782 ], [ 67.067250805809977, 24.802936498810805 ], [ 67.067457069244611, 24.803144160133844 ], [ 67.06738489044001, 24.803203977822459 ], [ 67.067368164591556, 24.80319528416398 ], [ 67.067330807552906, 24.80321767333178 ], [ 67.067141088328825, 24.803026778785782 ] ] ] } },
{ "type": "Feature", "id": 785, "properties": { "FID": 785, "class": "Defence_SpatialJoin", "SolarPV_Area(sqm)": 53.441341241899998, "Rooftop_Area(sqm)": 296.25111794399999 }, "geometry": { "type": "Polygon", "coordinates": [ [ [ 67.0572522887866, 24.807870903445487 ], [ 67.057281650956384, 24.807845982946954 ], [ 67.057253378875814, 24.807818266209765 ], [ 67.057310285480526, 24.807770013559168 ], [ 67.057485451361799, 24.807941046771791 ], [ 67.057399183065613, 24.808014134781633 ], [ 67.0572522887866, 24.807870903445487 ] ] ] } },
{ "type": "Feature", "id": 786, "properties": { "FID": 786, "class": "Defence_SpatialJoin", "SolarPV_Area(sqm)": 0.0, "Rooftop_Area(sqm)": 204.61149590799999 }, "geometry": { "type": "Polygon", "coordinates": [ [ [ 67.066813370079089, 24.808704186873307 ], [ 67.066888002778015, 24.808644596215242 ], [ 67.06700617940659, 24.808768074272351 ], [ 67.066967908626552, 24.808798569910476 ], [ 67.066993997774986, 24.808825763039938 ], [ 67.066957544913819, 24.808854757237235 ], [ 67.066813370079089, 24.808704186873307 ] ] ] } },
{ "type": "Feature", "id": 787, "properties": { "FID": 787, "class": "Defence_SpatialJoin", "SolarPV_Area(sqm)": 0.0, "Rooftop_Area(sqm)": 285.91671107399998 }, "geometry": { "type": "Polygon", "coordinates": [ [ [ 67.058198965153991, 24.808284593217085 ], [ 67.058286869842462, 24.808214075479352 ], [ 67.058442225174872, 24.808375595901428 ], [ 67.05835422947311, 24.808446013732169 ], [ 67.058198965153991, 24.808284593217085 ] ] ] } },
{ "type": "Feature", "id": 788, "properties": { "FID": 788, "class": "Defence_SpatialJoin", "SolarPV_Area(sqm)": 119.646322974, "Rooftop_Area(sqm)": 563.441712467 }, "geometry": { "type": "Polygon", "coordinates": [ [ [ 67.063710038016808, 24.805705077865461 ], [ 67.063835229971389, 24.805604966138588 ], [ 67.064043585674114, 24.805834083791996 ], [ 67.063918483504338, 24.805934295618332 ], [ 67.063710038016808, 24.805705077865461 ] ] ] } },
{ "type": "Feature", "id": 789, "properties": { "FID": 789, "class": "Defence_SpatialJoin", "SolarPV_Area(sqm)": 118.827172365, "Rooftop_Area(sqm)": 529.19929934799995 }, "geometry": { "type": "Polygon", "coordinates": [ [ [ 67.064876818960457, 24.810039615132336 ], [ 67.0651214441409, 24.809847356512712 ], [ 67.065227152910708, 24.809954542018847 ], [ 67.064982527580554, 24.810146800802215 ], [ 67.064876818960457, 24.810039615132336 ] ] ] } },
{ "type": "Feature", "id": 790, "properties": { "FID": 790, "class": "Defence_SpatialJoin", "SolarPV_Area(sqm)": 30.982376465400002, "Rooftop_Area(sqm)": 339.18433822100002 }, "geometry": { "type": "Polygon", "coordinates": [ [ [ 67.061609254792984, 24.804335260972124 ], [ 67.061652879376908, 24.804299523160861 ], [ 67.061682696715579, 24.804330907096713 ], [ 67.06174605687832, 24.804280783473768 ], [ 67.061883782645268, 24.804426023896344 ], [ 67.0617767973676, 24.804511800145622 ], [ 67.061609254792984, 24.804335260972124 ] ] ] } },
{ "type": "Feature", "id": 791, "properties": { "FID": 791, "class": "Defence_SpatialJoin", "SolarPV_Area(sqm)": 151.38251119500001, "Rooftop_Area(sqm)": 644.603990641 }, "geometry": { "type": "Polygon", "coordinates": [ [ [ 67.059335905039148, 24.803225069244984 ], [ 67.059426991987081, 24.803158820681965 ], [ 67.059448808648327, 24.803183872914442 ], [ 67.059515350589308, 24.803135374237158 ], [ 67.059669045159424, 24.803310428507974 ], [ 67.05953177933273, 24.803410340222246 ], [ 67.059560348588562, 24.803443956268087 ], [ 67.059503714952029, 24.803485164305592 ], [ 67.059407174176314, 24.803374573131372 ], [ 67.059443445506815, 24.803348200852742 ], [ 67.059335905039148, 24.803225069244984 ] ] ] } },
{ "type": "Feature", "id": 792, "properties": { "FID": 792, "class": "Defence_SpatialJoin", "SolarPV_Area(sqm)": 0.0, "Rooftop_Area(sqm)": 175.71163442400001 }, "geometry": { "type": "Polygon", "coordinates": [ [ [ 67.057659410195939, 24.804962048064645 ], [ 67.057766715137248, 24.804873506737316 ], [ 67.057844710763334, 24.804953249354384 ], [ 67.057737315824994, 24.805041690794742 ], [ 67.057659410195939, 24.804962048064645 ] ] ] } },
{ "type": "Feature", "id": 793, "properties": { "FID": 793, "class": "Defence_SpatialJoin", "SolarPV_Area(sqm)": 0.0, "Rooftop_Area(sqm)": 252.04666920099999 }, "geometry": { "type": "Polygon", "coordinates": [ [ [ 67.065108233430379, 24.807463572772757 ], [ 67.06519395619479, 24.807392780917247 ], [ 67.065336287156256, 24.807533816482525 ], [ 67.065250472843573, 24.807604593660603 ], [ 67.065108233430379, 24.807463572772757 ] ] ] } },
{ "type": "Feature", "id": 794, "properties": { "FID": 794, "class": "Defence_SpatialJoin", "SolarPV_Area(sqm)": 0.0, "Rooftop_Area(sqm)": 714.12973200600004 }, "geometry": { "type": "Polygon", "coordinates": [ [ [ 67.059358587091552, 24.808432996721187 ], [ 67.059590844856473, 24.808243887812989 ], [ 67.059792427233958, 24.808458315195281 ], [ 67.059700289948609, 24.808542265990827 ], [ 67.059618848262716, 24.808429807960511 ], [ 67.059460786960557, 24.808541109744592 ], [ 67.059358587091552, 24.808432996721187 ] ] ] } },
{ "type": "Feature", "id": 795, "properties": { "FID": 795, "class": "Defence_SpatialJoin", "SolarPV_Area(sqm)": 0.0, "Rooftop_Area(sqm)": 107.655229482 }, "geometry": { "type": "Polygon", "coordinates": [ [ [ 67.061606790577471, 24.807800897995833 ], [ 67.061712967124109, 24.807718622554244 ], [ 67.061761147352826, 24.807770399407389 ], [ 67.061654970225675, 24.807852760113942 ], [ 67.061606790577471, 24.807800897995833 ] ] ] } },
{ "type": "Feature", "id": 796, "properties": { "FID": 796, "class": "Defence_SpatialJoin", "SolarPV_Area(sqm)": 0.0, "Rooftop_Area(sqm)": 119.15526687400001 }, "geometry": { "type": "Polygon", "coordinates": [ [ [ 67.061904049457979, 24.807838982404824 ], [ 67.062017679602633, 24.807749275872027 ], [ 67.062067677372895, 24.807802030165742 ], [ 67.061954047250438, 24.807891735839664 ], [ 67.061904049457979, 24.807838982404824 ] ] ] } },
{ "type": "Feature", "id": 797, "properties": { "FID": 797, "class": "Defence_SpatialJoin", "SolarPV_Area(sqm)": 77.675104881300001, "Rooftop_Area(sqm)": 337.20368610200001 }, "geometry": { "type": "Polygon", "coordinates": [ [ [ 67.061325954029471, 24.80463709092767 ], [ 67.061438617615195, 24.804545813307303 ], [ 67.061583749901033, 24.804691546477354 ], [ 67.06147099529133, 24.804782724211133 ], [ 67.061325954029471, 24.80463709092767 ] ] ] } },
{ "type": "Feature", "id": 798, "properties": { "FID": 798, "class": "Defence_SpatialJoin", "SolarPV_Area(sqm)": 0.0, "Rooftop_Area(sqm)": 170.58453609399999 }, "geometry": { "type": "Polygon", "coordinates": [ [ [ 67.057855710734444, 24.807731978439435 ], [ 67.057942070004913, 24.807661297525669 ], [ 67.058036701168263, 24.80775756638262 ], [ 67.05795034179431, 24.807828248243013 ], [ 67.057855710734444, 24.807731978439435 ] ] ] } },
{ "type": "Feature", "id": 799, "properties": { "FID": 799, "class": "Defence_SpatialJoin", "SolarPV_Area(sqm)": 76.668820932399996, "Rooftop_Area(sqm)": 309.15221906800002 }, "geometry": { "type": "Polygon", "coordinates": [ [ [ 67.063765152449065, 24.801776677444821 ], [ 67.063855774186379, 24.801700054190974 ], [ 67.064014451630641, 24.801865906502279 ], [ 67.063923828773198, 24.801942530690088 ], [ 67.063765152449065, 24.801776677444821 ] ] ] } },
{ "type": "Feature", "id": 800, "properties": { "FID": 800, "class": "Defence_SpatialJoin", "SolarPV_Area(sqm)": 0.0, "Rooftop_Area(sqm)": 268.693163626 }, "geometry": { "type": "Polygon", "coordinates": [ [ [ 67.064548288174009, 24.799846013570217 ], [ 67.064700371868511, 24.799733778438682 ], [ 67.064783550444034, 24.799827684818911 ], [ 67.064631557535023, 24.799940020909851 ], [ 67.064548288174009, 24.799846013570217 ] ] ] } },
{ "type": "Feature", "id": 801, "properties": { "FID": 801, "class": "Defence_SpatialJoin", "SolarPV_Area(sqm)": 0.0, "Rooftop_Area(sqm)": 250.27819425199999 }, "geometry": { "type": "Polygon", "coordinates": [ [ [ 67.060100229800113, 24.805184951086972 ], [ 67.060149317786582, 24.80514449406099 ], [ 67.060162681322126, 24.805157928101085 ], [ 67.060185407401192, 24.8051392004717 ], [ 67.060172044411914, 24.805125681200476 ], [ 67.060251131658589, 24.805060574670694 ], [ 67.06026449459641, 24.805074094829585 ], [ 67.060289674613713, 24.805053285019021 ], [ 67.060330490475479, 24.805094560134929 ], [ 67.060346399665505, 24.805081399035753 ], [ 67.06037221576031, 24.805107523763272 ], [ 67.060251949364655, 24.805206500422816 ], [ 67.06022622323934, 24.805180475614883 ], [ 67.060154317616551, 24.805239646428927 ], [ 67.060100229800113, 24.805184951086972 ] ] ] } },
{ "type": "Feature", "id": 802, "properties": { "FID": 802, "class": "Defence_SpatialJoin", "SolarPV_Area(sqm)": 0.0, "Rooftop_Area(sqm)": 383.37785578 }, "geometry": { "type": "Polygon", "coordinates": [ [ [ 67.057858891758514, 24.804333912534634 ], [ 67.057959069122532, 24.804254773718224 ], [ 67.058046790971346, 24.804347364707144 ], [ 67.058075425919114, 24.804324719651571 ], [ 67.058145967394708, 24.804399159008618 ], [ 67.058044609657628, 24.804479132387339 ], [ 67.058059244792929, 24.80449456590938 ], [ 67.058031701135349, 24.804516276629077 ], [ 67.057858891758514, 24.804333912534634 ] ] ] } },
{ "type": "Feature", "id": 803, "properties": { "FID": 803, "class": "Defence_SpatialJoin", "SolarPV_Area(sqm)": 0.0, "Rooftop_Area(sqm)": 241.371871011 }, "geometry": { "type": "Polygon", "coordinates": [ [ [ 67.058715417684184, 24.807867600012926 ], [ 67.058797868014324, 24.807810046463995 ], [ 67.058956652301433, 24.807983805633409 ], [ 67.058917200343004, 24.808011372682444 ], [ 67.058892019439298, 24.807981505795489 ], [ 67.058849203573644, 24.808011435708099 ], [ 67.058715417684184, 24.807867600012926 ] ] ] } },
{ "type": "Feature", "id": 804, "properties": { "FID": 804, "class": "Defence_SpatialJoin", "SolarPV_Area(sqm)": 105.50400587199999, "Rooftop_Area(sqm)": 341.723963201 }, "geometry": { "type": "Polygon", "coordinates": [ [ [ 67.065219202814731, 24.808208346704696 ], [ 67.065317708013254, 24.808117727431391 ], [ 67.065476700357337, 24.808276583957205 ], [ 67.065378286623726, 24.808367217196192 ], [ 67.065219202814731, 24.808208346704696 ] ] ] } },
{ "type": "Feature", "id": 805, "properties": { "FID": 805, "class": "Defence_SpatialJoin", "SolarPV_Area(sqm)": 0.0, "Rooftop_Area(sqm)": 319.357301474 }, "geometry": { "type": "Polygon", "coordinates": [ [ [ 67.058453133289717, 24.810579681148148 ], [ 67.058551582828727, 24.810498217475466 ], [ 67.058707119899324, 24.810654811764532 ], [ 67.058608670276357, 24.810736275535675 ], [ 67.058453133289717, 24.810579681148148 ] ] ] } },
{ "type": "Feature", "id": 806, "properties": { "FID": 806, "class": "Defence_SpatialJoin", "SolarPV_Area(sqm)": 0.0, "Rooftop_Area(sqm)": 250.801844405 }, "geometry": { "type": "Polygon", "coordinates": [ [ [ 67.064725553071185, 24.80275404582186 ], [ 67.064782914075266, 24.802706798064278 ], [ 67.064818730815233, 24.802743078940662 ], [ 67.064843637978569, 24.802722564973092 ], [ 67.064964814620055, 24.802845156749633 ], [ 67.064882545950155, 24.802912833265673 ], [ 67.064725553071185, 24.80275404582186 ] ] ] } },
{ "type": "Feature", "id": 807, "properties": { "FID": 807, "class": "Defence_SpatialJoin", "SolarPV_Area(sqm)": 0.0, "Rooftop_Area(sqm)": 317.68759196399998 }, "geometry": { "type": "Polygon", "coordinates": [ [ [ 67.062326029232082, 24.807556782239523 ], [ 67.062464385583226, 24.807446960660005 ], [ 67.062574016895738, 24.807561884041405 ], [ 67.062435659529612, 24.807671704769387 ], [ 67.062326029232082, 24.807556782239523 ] ] ] } },
{ "type": "Feature", "id": 808, "properties": { "FID": 808, "class": "Defence_SpatialJoin", "SolarPV_Area(sqm)": 0.0, "Rooftop_Area(sqm)": 484.48495063000001 }, "geometry": { "type": "Polygon", "coordinates": [ [ [ 67.059111372028056, 24.805474990391883 ], [ 67.059337632879689, 24.805290208726557 ], [ 67.059440172805992, 24.805394844524038 ], [ 67.059213911391311, 24.805579541052143 ], [ 67.059111372028056, 24.805474990391883 ] ] ] } },
{ "type": "Feature", "id": 809, "properties": { "FID": 809, "class": "Defence_SpatialJoin", "SolarPV_Area(sqm)": 0.0, "Rooftop_Area(sqm)": 198.37018716599999 }, "geometry": { "type": "Polygon", "coordinates": [ [ [ 67.066137398565942, 24.801575676168579 ], [ 67.066246394338748, 24.801486408429181 ], [ 67.066311663661779, 24.801552817589599 ], [ 67.066335935335616, 24.801532884152167 ], [ 67.066353843625706, 24.801551066586192 ], [ 67.066220486062988, 24.801660338407913 ], [ 67.066137398565942, 24.801575676168579 ] ] ] } },
{ "type": "Feature", "id": 810, "properties": { "FID": 810, "class": "Defence_SpatialJoin", "SolarPV_Area(sqm)": 42.960725398000001, "Rooftop_Area(sqm)": 314.44638841599999 }, "geometry": { "type": "Polygon", "coordinates": [ [ [ 67.058414772058399, 24.807761514382719 ], [ 67.058496404139632, 24.807694856179399 ], [ 67.058673849465052, 24.807888685289729 ], [ 67.05859212678935, 24.807955328875519 ], [ 67.058414772058399, 24.807761514382719 ] ] ] } },
{ "type": "Feature", "id": 811, "properties": { "FID": 811, "class": "Defence_SpatialJoin", "SolarPV_Area(sqm)": 0.0, "Rooftop_Area(sqm)": 414.66348062700001 }, "geometry": { "type": "Polygon", "coordinates": [ [ [ 67.061820053540146, 24.806464500994764 ], [ 67.061914685236772, 24.806389507526347 ], [ 67.062130584100913, 24.806616417727323 ], [ 67.062050314440256, 24.806680052175242 ], [ 67.062004771352662, 24.806632204668972 ], [ 67.061990317771262, 24.806643548161077 ], [ 67.061820053540146, 24.806464500994764 ] ] ] } },
{ "type": "Feature", "id": 812, "properties": { "FID": 812, "class": "Defence_SpatialJoin", "SolarPV_Area(sqm)": 41.763241717600003, "Rooftop_Area(sqm)": 280.252633344 }, "geometry": { "type": "Polygon", "coordinates": [ [ [ 67.064661636988447, 24.801379121899952 ], [ 67.064752278830312, 24.801304474404699 ], [ 67.064909272022788, 24.801468133110543 ], [ 67.064856547221666, 24.80151023180003 ], [ 67.064830912014017, 24.801483453346552 ], [ 67.064792994294123, 24.80151608836476 ], [ 67.064661636988447, 24.801379121899952 ] ] ] } },
{ "type": "Feature", "id": 813, "properties": { "FID": 813, "class": "Defence_SpatialJoin", "SolarPV_Area(sqm)": 0.0, "Rooftop_Area(sqm)": 254.19340022899999 }, "geometry": { "type": "Polygon", "coordinates": [ [ [ 67.057338010728131, 24.807765937834905 ], [ 67.057418916253951, 24.807697967084668 ], [ 67.057569726070568, 24.807847559803381 ], [ 67.057488729979355, 24.807915515924257 ], [ 67.057338010728131, 24.807765937834905 ] ] ] } },
{ "type": "Feature", "id": 814, "properties": { "FID": 814, "class": "Defence_SpatialJoin", "SolarPV_Area(sqm)": 0.0, "Rooftop_Area(sqm)": 209.41577606300001 }, "geometry": { "type": "Polygon", "coordinates": [ [ [ 67.061974045556099, 24.801854215888781 ], [ 67.062084767807065, 24.801766770886559 ], [ 67.062194126287338, 24.801882160814344 ], [ 67.062142128073333, 24.801923263179642 ], [ 67.062105857534149, 24.801885028885081 ], [ 67.06204713343547, 24.801931371584441 ], [ 67.061974045556099, 24.801854215888781 ] ] ] } },
{ "type": "Feature", "id": 815, "properties": { "FID": 815, "class": "Defence_SpatialJoin", "SolarPV_Area(sqm)": 156.774420005, "Rooftop_Area(sqm)": 585.61953867800003 }, "geometry": { "type": "Polygon", "coordinates": [ [ [ 67.06510283391097, 24.80616821743817 ], [ 67.065220663850837, 24.80607138936189 ], [ 67.065444554838081, 24.80632451214834 ], [ 67.065326724719725, 24.806421340387335 ], [ 67.06510283391097, 24.80616821743817 ] ] ] } },
{ "type": "Feature", "id": 816, "properties": { "FID": 816, "class": "Defence_SpatialJoin", "SolarPV_Area(sqm)": 0.0, "Rooftop_Area(sqm)": 202.76208645700001 }, "geometry": { "type": "Polygon", "coordinates": [ [ [ 67.064410566778804, 24.800317624362528 ], [ 67.064540106722248, 24.800211071858989 ], [ 67.064628284874303, 24.80030031524209 ], [ 67.064561105611219, 24.800355638951228 ], [ 67.064443929156667, 24.800351458597905 ], [ 67.064410566778804, 24.800317624362528 ] ] ] } },
{ "type": "Feature", "id": 817, "properties": { "FID": 817, "class": "Defence_SpatialJoin", "SolarPV_Area(sqm)": 109.91533596, "Rooftop_Area(sqm)": 306.3898228 }, "geometry": { "type": "Polygon", "coordinates": [ [ [ 67.058087412476908, 24.808375992109468 ], [ 67.058184056192871, 24.808295777270086 ], [ 67.058333139307635, 24.808450732246655 ], [ 67.058236405378793, 24.808531018649148 ], [ 67.058087412476908, 24.808375992109468 ] ] ] } },
{ "type": "Feature", "id": 818, "properties": { "FID": 818, "class": "Defence_SpatialJoin", "SolarPV_Area(sqm)": 0.0, "Rooftop_Area(sqm)": 258.09546784700001 }, "geometry": { "type": "Polygon", "coordinates": [ [ [ 67.066294755260401, 24.808537374696655 ], [ 67.066375116294822, 24.808472127056678 ], [ 67.066528745851159, 24.808629861856819 ], [ 67.066448385725437, 24.808695109627596 ], [ 67.066294755260401, 24.808537374696655 ] ] ] } },
{ "type": "Feature", "id": 819, "properties": { "FID": 819, "class": "Defence_SpatialJoin", "SolarPV_Area(sqm)": 0.0, "Rooftop_Area(sqm)": 212.874595516 }, "geometry": { "type": "Polygon", "coordinates": [ [ [ 67.063970769502916, 24.808954979806831 ], [ 67.064076763849954, 24.808867630856405 ], [ 67.064173032549022, 24.80896493113076 ], [ 67.064067037108202, 24.809052280988762 ], [ 67.063970769502916, 24.808954979806831 ] ] ] } },
{ "type": "Feature", "id": 820, "properties": { "FID": 820, "class": "Defence_SpatialJoin", "SolarPV_Area(sqm)": 62.698555511099997, "Rooftop_Area(sqm)": 247.03909649299999 }, "geometry": { "type": "Polygon", "coordinates": [ [ [ 67.06147569434502, 24.803634941644468 ], [ 67.061564611427741, 24.803563160179124 ], [ 67.061694604955633, 24.803702557777843 ], [ 67.061605687800565, 24.803774339315485 ], [ 67.06147569434502, 24.803634941644468 ] ] ] } },
{ "type": "Feature", "id": 821, "properties": { "FID": 821, "class": "Defence_SpatialJoin", "SolarPV_Area(sqm)": 0.0, "Rooftop_Area(sqm)": 270.19618359899999 }, "geometry": { "type": "Polygon", "coordinates": [ [ [ 67.064625466442422, 24.802836541119198 ], [ 67.064707917402188, 24.802768552293607 ], [ 67.06486490966428, 24.802927425883489 ], [ 67.06478245923428, 24.802995328663759 ], [ 67.064625466442422, 24.802836541119198 ] ] ] } },
{ "type": "Feature", "id": 822, "properties": { "FID": 822, "class": "Defence_SpatialJoin", "SolarPV_Area(sqm)": 0.0, "Rooftop_Area(sqm)": 103.976963377 }, "geometry": { "type": "Polygon", "coordinates": [ [ [ 67.060987458194575, 24.806872288782007 ], [ 67.061085453308522, 24.806796300825795 ], [ 67.061135904727408, 24.806850494868872 ], [ 67.061037909524202, 24.806926483750125 ], [ 67.060987458194575, 24.806872288782007 ] ] ] } },
{ "type": "Feature", "id": 823, "properties": { "FID": 823, "class": "Defence_SpatialJoin", "SolarPV_Area(sqm)": 0.0, "Rooftop_Area(sqm)": 512.611086731 }, "geometry": { "type": "Polygon", "coordinates": [ [ [ 67.063748870025535, 24.808910158183739 ], [ 67.064013131378829, 24.808699529647733 ], [ 67.064105762880146, 24.808796244415554 ], [ 67.063841502792926, 24.809006958443966 ], [ 67.063748870025535, 24.808910158183739 ] ] ] } },
{ "type": "Feature", "id": 824, "properties": { "FID": 824, "class": "Defence_SpatialJoin", "SolarPV_Area(sqm)": 0.0, "Rooftop_Area(sqm)": 99.484632711900005 }, "geometry": { "type": "Polygon", "coordinates": [ [ [ 67.061184357777918, 24.807351831502675 ], [ 67.061279897709383, 24.807275020356503 ], [ 67.061329713950116, 24.807326548994975 ], [ 67.061234173010675, 24.807403360118926 ], [ 67.061184357777918, 24.807351831502675 ] ] ] } },
{ "type": "Feature", "id": 825, "properties": { "FID": 825, "class": "Defence_SpatialJoin", "SolarPV_Area(sqm)": 0.0, "Rooftop_Area(sqm)": 515.47125092600004 }, "geometry": { "type": "Polygon", "coordinates": [ [ [ 67.065905045342305, 24.802711808949518 ], [ 67.066006677618077, 24.802624005550555 ], [ 67.066236759357153, 24.802871101261402 ], [ 67.066135035898384, 24.802958975340797 ], [ 67.065905045342305, 24.802711808949518 ] ] ] } },
{ "type": "Feature", "id": 826, "properties": { "FID": 826, "class": "Defence_SpatialJoin", "SolarPV_Area(sqm)": 0.0, "Rooftop_Area(sqm)": 282.81592136699999 }, "geometry": { "type": "Polygon", "coordinates": [ [ [ 67.066368207266692, 24.80935904129586 ], [ 67.066455112384915, 24.809292541857918 ], [ 67.066609469644447, 24.809460648657534 ], [ 67.066522564436909, 24.809527148177835 ], [ 67.066368207266692, 24.80935904129586 ] ] ] } },
{ "type": "Feature", "id": 827, "properties": { "FID": 827, "class": "Defence_SpatialJoin", "SolarPV_Area(sqm)": 48.1020744777, "Rooftop_Area(sqm)": 321.01712290400002 }, "geometry": { "type": "Polygon", "coordinates": [ [ [ 67.065970588336413, 24.8066972852893 ], [ 67.066135217659621, 24.806568530534818 ], [ 67.066230548581245, 24.806665468789614 ], [ 67.066065919166391, 24.806794223643255 ], [ 67.065970588336413, 24.8066972852893 ] ] ] } },
{ "type": "Feature", "id": 828, "properties": { "FID": 828, "class": "Defence_SpatialJoin", "SolarPV_Area(sqm)": 0.0, "Rooftop_Area(sqm)": 133.686252188 }, "geometry": { "type": "Polygon", "coordinates": [ [ [ 67.061350894094417, 24.807533441099096 ], [ 67.061461343201984, 24.807447923393873 ], [ 67.061518886467994, 24.807509755141187 ], [ 67.061408436714416, 24.807595359013426 ], [ 67.061350894094417, 24.807533441099096 ] ] ] } },
{ "type": "Feature", "id": 829, "properties": { "FID": 829, "class": "Defence_SpatialJoin", "SolarPV_Area(sqm)": 62.056423508199998, "Rooftop_Area(sqm)": 255.788478312 }, "geometry": { "type": "Polygon", "coordinates": [ [ [ 67.057605375634623, 24.807862876026331 ], [ 67.05768800833745, 24.807785099825914 ], [ 67.05782845147624, 24.807931035775475 ], [ 67.057739911350936, 24.808002646520347 ], [ 67.057605375634623, 24.807862876026331 ] ] ] } },
{ "type": "Feature", "id": 830, "properties": { "FID": 830, "class": "Defence_SpatialJoin", "SolarPV_Area(sqm)": 0.0, "Rooftop_Area(sqm)": 272.61535103599999 }, "geometry": { "type": "Polygon", "coordinates": [ [ [ 67.066075037832491, 24.806982209401983 ], [ 67.066161034698425, 24.806918467890835 ], [ 67.066310481826179, 24.807086467490198 ], [ 67.066224395345088, 24.807150194427791 ], [ 67.066075037832491, 24.806982209401983 ] ] ] } },
{ "type": "Feature", "id": 831, "properties": { "FID": 831, "class": "Defence_SpatialJoin", "SolarPV_Area(sqm)": 89.769670100400006, "Rooftop_Area(sqm)": 297.76573447200002 }, "geometry": { "type": "Polygon", "coordinates": [ [ [ 67.056416425444169, 24.808410829095362 ], [ 67.056601141886574, 24.808258928738375 ], [ 67.056678410312571, 24.808337187560412 ], [ 67.056493602251976, 24.808489074141697 ], [ 67.056416425444169, 24.808410829095362 ] ] ] } },
{ "type": "Feature", "id": 832, "properties": { "FID": 832, "class": "Defence_SpatialJoin", "SolarPV_Area(sqm)": 0.0, "Rooftop_Area(sqm)": 280.55010872399998 }, "geometry": { "type": "Polygon", "coordinates": [ [ [ 67.067101720753485, 24.808440768746589 ], [ 67.067191080788675, 24.808368424981282 ], [ 67.067341165038428, 24.808523024254423 ], [ 67.067251714420593, 24.80859535340193 ], [ 67.067101720753485, 24.808440768746589 ] ] ] } },
{ "type": "Feature", "id": 833, "properties": { "FID": 833, "class": "Defence_SpatialJoin", "SolarPV_Area(sqm)": 0.0, "Rooftop_Area(sqm)": 258.29553757899998 }, "geometry": { "type": "Polygon", "coordinates": [ [ [ 67.064558378097502, 24.800202136875612 ], [ 67.064702826510015, 24.800095935666899 ], [ 67.064787004596923, 24.800191370943036 ], [ 67.064642556639896, 24.800297486990711 ], [ 67.064558378097502, 24.800202136875612 ] ] ] } },
{ "type": "Feature", "id": 834, "properties": { "FID": 834, "class": "Defence_SpatialJoin", "SolarPV_Area(sqm)": 56.7180729791, "Rooftop_Area(sqm)": 179.63533724499999 }, "geometry": { "type": "Polygon", "coordinates": [ [ [ 67.063392887152446, 24.801285671789092 ], [ 67.063482609868174, 24.801217060325648 ], [ 67.063576840748468, 24.801321076370829 ], [ 67.063487117975171, 24.801389687885912 ], [ 67.063392887152446, 24.801285671789092 ] ] ] } },
{ "type": "Feature", "id": 835, "properties": { "FID": 835, "class": "Defence_SpatialJoin", "SolarPV_Area(sqm)": 0.0, "Rooftop_Area(sqm)": 362.56966694400001 }, "geometry": { "type": "Polygon", "coordinates": [ [ [ 67.05663886773732, 24.807479489193813 ], [ 67.05676132113264, 24.807380573240206 ], [ 67.05689722287174, 24.807520499790719 ], [ 67.056774769379444, 24.80761941584991 ], [ 67.056754043265414, 24.807598042820938 ], [ 67.056738589129637, 24.807610506126071 ], [ 67.056692500958107, 24.807563082280282 ], [ 67.056707863666446, 24.807550603323982 ], [ 67.05663886773732, 24.807479489193813 ] ] ] } },
{ "type": "Feature", "id": 836, "properties": { "FID": 836, "class": "Defence_SpatialJoin", "SolarPV_Area(sqm)": 0.0, "Rooftop_Area(sqm)": 102.062419639 }, "geometry": { "type": "Polygon", "coordinates": [ [ [ 67.0614613435867, 24.807920000524337 ], [ 67.061555157601873, 24.807845132594512 ], [ 67.061607063661739, 24.80789939083197 ], [ 67.061513250654428, 24.807974257950338 ], [ 67.0614613435867, 24.807920000524337 ] ] ] } },
{ "type": "Feature", "id": 837, "properties": { "FID": 837, "class": "Defence_SpatialJoin", "SolarPV_Area(sqm)": 0.0, "Rooftop_Area(sqm)": 300.06084047799999 }, "geometry": { "type": "Polygon", "coordinates": [ [ [ 67.060140591038831, 24.807580974662361 ], [ 67.060300856192569, 24.807451785690532 ], [ 67.060347944689283, 24.8075003956241 ], [ 67.060363943988591, 24.807487506846876 ], [ 67.060402486900927, 24.807527389845699 ], [ 67.060226132235911, 24.807669539158574 ], [ 67.060140591038831, 24.807580974662361 ] ] ] } },
{ "type": "Feature", "id": 838, "properties": { "FID": 838, "class": "Defence_SpatialJoin", "SolarPV_Area(sqm)": 71.841752471500001, "Rooftop_Area(sqm)": 341.140814406 }, "geometry": { "type": "Polygon", "coordinates": [ [ [ 67.063519201381837, 24.800579134862115 ], [ 67.063559697765825, 24.800547071341942 ], [ 67.063584605798354, 24.800572792441347 ], [ 67.063652329100151, 24.800518070042685 ], [ 67.063735234379863, 24.800603387650625 ], [ 67.06378995930929, 24.800559133538627 ], [ 67.063829412130104, 24.800599589895572 ], [ 67.063666467367156, 24.800730799655582 ], [ 67.063519201381837, 24.800579134862115 ] ] ] } },
{ "type": "Feature", "id": 839, "properties": { "FID": 839, "class": "Defence_SpatialJoin", "SolarPV_Area(sqm)": 150.116139979, "Rooftop_Area(sqm)": 699.72928503200001 }, "geometry": { "type": "Polygon", "coordinates": [ [ [ 67.060388397024013, 24.802844001315581 ], [ 67.060485755365605, 24.802765771398207 ], [ 67.060471029382441, 24.802750493905602 ], [ 67.060534753258352, 24.802699318572003 ], [ 67.060549480226953, 24.802714596111013 ], [ 67.060564479456914, 24.802702571027215 ], [ 67.060785956913278, 24.802931761006963 ], [ 67.060643844227357, 24.803047667080939 ], [ 67.060601812442087, 24.803004643528343 ], [ 67.060582932853293, 24.803018071482057 ], [ 67.060535480470165, 24.8029688053082 ], [ 67.060570115595496, 24.802940972120076 ], [ 67.060480301859542, 24.802847874083241 ], [ 67.060430576442542, 24.802887802842552 ], [ 67.060388397024013, 24.802844001315581 ] ] ] } },
{ "type": "Feature", "id": 840, "properties": { "FID": 840, "class": "Defence_SpatialJoin", "SolarPV_Area(sqm)": 68.393193846599999, "Rooftop_Area(sqm)": 527.15051391600002 }, "geometry": { "type": "Polygon", "coordinates": [ [ [ 67.065212075909685, 24.810203719429044 ], [ 67.065352706014878, 24.810096313240752 ], [ 67.065531096564612, 24.81028976361511 ], [ 67.065390556798704, 24.810397184661909 ], [ 67.065212075909685, 24.810203719429044 ] ] ] } },
{ "type": "Feature", "id": 841, "properties": { "FID": 841, "class": "Defence_SpatialJoin", "SolarPV_Area(sqm)": 163.845790765, "Rooftop_Area(sqm)": 552.59358302400005 }, "geometry": { "type": "Polygon", "coordinates": [ [ [ 67.065015290494173, 24.809712514812887 ], [ 67.065266618845897, 24.809514639855191 ], [ 67.065367410099469, 24.809628576706803 ], [ 67.065116171473719, 24.809826552651803 ], [ 67.065015290494173, 24.809712514812887 ] ] ] } },
{ "type": "Feature", "id": 842, "properties": { "FID": 842, "class": "Defence_SpatialJoin", "SolarPV_Area(sqm)": 0.0, "Rooftop_Area(sqm)": 269.867109642 }, "geometry": { "type": "Polygon", "coordinates": [ [ [ 67.064159214815206, 24.801777748545906 ], [ 67.064240575078117, 24.801713344652185 ], [ 67.064398749596393, 24.80187984382562 ], [ 67.064317389254384, 24.801944247799963 ], [ 67.064159214815206, 24.801777748545906 ] ] ] } },
{ "type": "Feature", "id": 843, "properties": { "FID": 843, "class": "Defence_SpatialJoin", "SolarPV_Area(sqm)": 63.339204779, "Rooftop_Area(sqm)": 361.13751245200001 }, "geometry": { "type": "Polygon", "coordinates": [ [ [ 67.06452374422409, 24.805293400696794 ], [ 67.064671833619315, 24.805181883409404 ], [ 67.064786555316289, 24.805302240179518 ], [ 67.064625284350072, 24.805424281678384 ], [ 67.064580195461716, 24.805377020072168 ], [ 67.064593376921621, 24.805366495969665 ], [ 67.06452374422409, 24.805293400696794 ] ] ] } },
{ "type": "Feature", "id": 844, "properties": { "FID": 844, "class": "Defence_SpatialJoin", "SolarPV_Area(sqm)": 0.0, "Rooftop_Area(sqm)": 154.40210663400001 }, "geometry": { "type": "Polygon", "coordinates": [ [ [ 67.061818689447932, 24.804308555411161 ], [ 67.061909231201867, 24.804237174668287 ], [ 67.061990499695483, 24.804322998510301 ], [ 67.061899958271937, 24.804394465479319 ], [ 67.061818689447932, 24.804308555411161 ] ] ] } },
{ "type": "Feature", "id": 845, "properties": { "FID": 845, "class": "Defence_SpatialJoin", "SolarPV_Area(sqm)": 0.0, "Rooftop_Area(sqm)": 426.77919333 }, "geometry": { "type": "Polygon", "coordinates": [ [ [ 67.063312799718304, 24.800733333822599 ], [ 67.063508245453463, 24.800578349850763 ], [ 67.063612421792286, 24.800687776423018 ], [ 67.063416976912478, 24.800842760574856 ], [ 67.063312799718304, 24.800733333822599 ] ] ] } },
{ "type": "Feature", "id": 846, "properties": { "FID": 846, "class": "Defence_SpatialJoin", "SolarPV_Area(sqm)": 0.0, "Rooftop_Area(sqm)": 289.10190591899999 }, "geometry": { "type": "Polygon", "coordinates": [ [ [ 67.060726834836828, 24.803291148161012 ], [ 67.060736470641118, 24.803283386045905 ], [ 67.060747742945949, 24.803294945628171 ], [ 67.060831867165092, 24.803230643324738 ], [ 67.060981495705377, 24.803384400773417 ], [ 67.060887826528699, 24.803456565271816 ], [ 67.060726834836828, 24.803291148161012 ] ] ] } },
{ "type": "Feature", "id": 847, "properties": { "FID": 847, "class": "Defence_SpatialJoin", "SolarPV_Area(sqm)": 0.0, "Rooftop_Area(sqm)": 100.319322774 }, "geometry": { "type": "Polygon", "coordinates": [ [ [ 67.061181539528874, 24.807080642289282 ], [ 67.061279443283794, 24.807004639456903 ], [ 67.061328168211617, 24.807056931896845 ], [ 67.061230264425959, 24.807132934758787 ], [ 67.061181539528874, 24.807080642289282 ] ] ] } },
{ "type": "Feature", "id": 848, "properties": { "FID": 848, "class": "Defence_SpatialJoin", "SolarPV_Area(sqm)": 0.0, "Rooftop_Area(sqm)": 701.77366186799998 }, "geometry": { "type": "Polygon", "coordinates": [ [ [ 67.065219712582547, 24.806540050065049 ], [ 67.065430248689438, 24.806369639757616 ], [ 67.065467519887775, 24.806408035710877 ], [ 67.065490245411752, 24.806389649055202 ], [ 67.065545970683687, 24.806446999926202 ], [ 67.065499791122477, 24.806484339280875 ], [ 67.065590150568298, 24.806577354235706 ], [ 67.065557060604661, 24.806604069376927 ], [ 67.06559242318437, 24.806640534322302 ], [ 67.065553788293215, 24.806671826036212 ], [ 67.065531425473239, 24.80664882292383 ], [ 67.065462519620311, 24.806704635023696 ], [ 67.065359069941806, 24.806598144331652 ], [ 67.065364251358872, 24.806594023140889 ], [ 67.06532061719922, 24.806549046240804 ], [ 67.065268983245176, 24.806590806245701 ], [ 67.065219712582547, 24.806540050065049 ] ] ] } },
{ "type": "Feature", "id": 849, "properties": { "FID": 849, "class": "Defence_SpatialJoin", "SolarPV_Area(sqm)": 0.0, "Rooftop_Area(sqm)": 103.396325644 }, "geometry": { "type": "Polygon", "coordinates": [ [ [ 67.063500699842436, 24.801187158253118 ], [ 67.063520153882678, 24.801174653488246 ], [ 67.063505791287042, 24.801156016573252 ], [ 67.063565242204504, 24.801117652115433 ], [ 67.063626784730261, 24.801197219845864 ], [ 67.063539516267781, 24.80125349253548 ], [ 67.063525608220587, 24.801235526087638 ], [ 67.063533971681707, 24.801230122646466 ], [ 67.063500699842436, 24.801187158253118 ] ] ] } },
{ "type": "Feature", "id": 850, "properties": { "FID": 850, "class": "Defence_SpatialJoin", "SolarPV_Area(sqm)": 0.0, "Rooftop_Area(sqm)": 272.385596572 }, "geometry": { "type": "Polygon", "coordinates": [ [ [ 67.065771051603178, 24.80951201101097 ], [ 67.065855866102439, 24.809444491237937 ], [ 67.066009132047697, 24.809604817254272 ], [ 67.06592431692485, 24.809672422343116 ], [ 67.065771051603178, 24.80951201101097 ] ] ] } },
{ "type": "Feature", "id": 851, "properties": { "FID": 851, "class": "Defence_SpatialJoin", "SolarPV_Area(sqm)": 62.875502744599999, "Rooftop_Area(sqm)": 282.05802348200001 }, "geometry": { "type": "Polygon", "coordinates": [ [ [ 67.064798549626843, 24.809451339909355 ], [ 67.06495336031567, 24.809327588241974 ], [ 67.065025994209108, 24.809403304125585 ], [ 67.064978996320832, 24.809440853388459 ], [ 67.065008085343848, 24.809471264777002 ], [ 67.064979995495889, 24.80949374288253 ], [ 67.064967018254521, 24.809481845596491 ], [ 67.064887295220458, 24.809545569979271 ], [ 67.064798549626843, 24.809451339909355 ] ] ] } },
{ "type": "Feature", "id": 852, "properties": { "FID": 852, "class": "Defence_SpatialJoin", "SolarPV_Area(sqm)": 0.0, "Rooftop_Area(sqm)": 284.26933786299998 }, "geometry": { "type": "Polygon", "coordinates": [ [ [ 67.0572901954868, 24.804798486949625 ], [ 67.057382281099024, 24.804724796689499 ], [ 67.057529728003303, 24.804878290795731 ], [ 67.057437642309836, 24.804951981141464 ], [ 67.0572901954868, 24.804798486949625 ] ] ] } },
{ "type": "Feature", "id": 853, "properties": { "FID": 853, "class": "Defence_SpatialJoin", "SolarPV_Area(sqm)": 0.0, "Rooftop_Area(sqm)": 131.1319709 }, "geometry": { "type": "Polygon", "coordinates": [ [ [ 67.060788013591974, 24.807212572732372 ], [ 67.060907643893202, 24.807113152664659 ], [ 67.060960186733112, 24.807165889658553 ], [ 67.060840556397736, 24.80726530976677 ], [ 67.060788013591974, 24.807212572732372 ] ] ] } },
{ "type": "Feature", "id": 854, "properties": { "FID": 854, "class": "Defence_SpatialJoin", "SolarPV_Area(sqm)": 0.0, "Rooftop_Area(sqm)": 285.143786148 }, "geometry": { "type": "Polygon", "coordinates": [ [ [ 67.056283796282514, 24.806831308715751 ], [ 67.056334156688095, 24.806789606518439 ], [ 67.05634242875891, 24.806797947434259 ], [ 67.056377245282192, 24.806769035765129 ], [ 67.056532964102146, 24.806925573265637 ], [ 67.05644787814974, 24.806996116696652 ], [ 67.056283796282514, 24.806831308715751 ] ] ] } },
{ "type": "Feature", "id": 855, "properties": { "FID": 855, "class": "Defence_SpatialJoin", "SolarPV_Area(sqm)": 91.811494559300002, "Rooftop_Area(sqm)": 287.99084703199998 }, "geometry": { "type": "Polygon", "coordinates": [ [ [ 67.058014518917588, 24.807550124103237 ], [ 67.058102879525109, 24.807474174887481 ], [ 67.05825487072957, 24.807630196955966 ], [ 67.058166601529379, 24.807706161018817 ], [ 67.058014518917588, 24.807550124103237 ] ] ] } },
{ "type": "Feature", "id": 856, "properties": { "FID": 856, "class": "Defence_SpatialJoin", "SolarPV_Area(sqm)": 0.0, "Rooftop_Area(sqm)": 206.496193256 }, "geometry": { "type": "Polygon", "coordinates": [ [ [ 67.060920097879617, 24.803475183281027 ], [ 67.060995820788676, 24.803416626747339 ], [ 67.061136024392113, 24.803548032949941 ], [ 67.061060300449086, 24.803606589499871 ], [ 67.060920097879617, 24.803475183281027 ] ] ] } },
{ "type": "Feature", "id": 857, "properties": { "FID": 857, "class": "Defence_SpatialJoin", "SolarPV_Area(sqm)": 49.964875083099997, "Rooftop_Area(sqm)": 319.84933289600002 }, "geometry": { "type": "Polygon", "coordinates": [ [ [ 67.065195317249135, 24.808542099702631 ], [ 67.065297981971753, 24.808458956191423 ], [ 67.06544243008544, 24.808615980940818 ], [ 67.065339765268035, 24.808699124544454 ], [ 67.065195317249135, 24.808542099702631 ] ] ] } },
{ "type": "Feature", "id": 858, "properties": { "FID": 858, "class": "Defence_SpatialJoin", "SolarPV_Area(sqm)": 210.922800956, "Rooftop_Area(sqm)": 360.52595368300001 }, "geometry": { "type": "Polygon", "coordinates": [ [ [ 67.063290087575069, 24.805291134721148 ], [ 67.063400264426136, 24.805204286430921 ], [ 67.063556325575107, 24.805369054415142 ], [ 67.063446148617487, 24.805455902812863 ], [ 67.063290087575069, 24.805291134721148 ] ] ] } },
{ "type": "Feature", "id": 859, "properties": { "FID": 859, "class": "Defence_SpatialJoin", "SolarPV_Area(sqm)": 74.217915136100004, "Rooftop_Area(sqm)": 329.45375613800002 }, "geometry": { "type": "Polygon", "coordinates": [ [ [ 67.066412682818253, 24.808122492412465 ], [ 67.066504200823061, 24.808047760244555 ], [ 67.066673231186456, 24.80822646588587 ], [ 67.066581712709535, 24.808301111970405 ], [ 67.066412682818253, 24.808122492412465 ] ] ] } },
{ "type": "Feature", "id": 860, "properties": { "FID": 860, "class": "Defence_SpatialJoin", "SolarPV_Area(sqm)": 0.0, "Rooftop_Area(sqm)": 332.15401150600002 }, "geometry": { "type": "Polygon", "coordinates": [ [ [ 67.061843325192541, 24.803620127510015 ], [ 67.062018134893506, 24.80347549868231 ], [ 67.062109221193012, 24.803567177778792 ], [ 67.061934411838294, 24.80371189199457 ], [ 67.061843325192541, 24.803620127510015 ] ] ] } },
{ "type": "Feature", "id": 861, "properties": { "FID": 861, "class": "Defence_SpatialJoin", "SolarPV_Area(sqm)": 0.0, "Rooftop_Area(sqm)": 269.120791204 }, "geometry": { "type": "Polygon", "coordinates": [ [ [ 67.063530699104447, 24.804757516093094 ], [ 67.063605150071041, 24.804698324762914 ], [ 67.063693418551708, 24.804790831118027 ], [ 67.063707364596596, 24.804778747671737 ], [ 67.063778088751747, 24.804852873449342 ], [ 67.063689691719986, 24.804924147412052 ], [ 67.063530699104447, 24.804757516093094 ] ] ] } },
{ "type": "Feature", "id": 862, "properties": { "FID": 862, "class": "Defence_SpatialJoin", "SolarPV_Area(sqm)": 0.0, "Rooftop_Area(sqm)": 297.54190547000002 }, "geometry": { "type": "Polygon", "coordinates": [ [ [ 67.057813349252569, 24.808256695389662 ], [ 67.057901162577096, 24.808185565438745 ], [ 67.058063244528313, 24.808352273222251 ], [ 67.057975431121193, 24.808423403263561 ], [ 67.057813349252569, 24.808256695389662 ] ] ] } },
{ "type": "Feature", "id": 863, "properties": { "FID": 863, "class": "Defence_SpatialJoin", "SolarPV_Area(sqm)": 0.0, "Rooftop_Area(sqm)": 280.99196572300002 }, "geometry": { "type": "Polygon", "coordinates": [ [ [ 67.063181988148429, 24.800619103343443 ], [ 67.063248257071862, 24.800566795892717 ], [ 67.063283073783083, 24.800603599739784 ], [ 67.06338370532842, 24.800524268382954 ], [ 67.06345006642087, 24.800594442496752 ], [ 67.063283164946426, 24.800726080441176 ], [ 67.063181988148429, 24.800619103343443 ] ] ] } },
{ "type": "Feature", "id": 864, "properties": { "FID": 864, "class": "Defence_SpatialJoin", "SolarPV_Area(sqm)": 92.1872660895, "Rooftop_Area(sqm)": 503.32459699399999 }, "geometry": { "type": "Polygon", "coordinates": [ [ [ 67.064973813905468, 24.804899393956489 ], [ 67.065159783027525, 24.804757972877653 ], [ 67.065292503606443, 24.804895074452116 ], [ 67.06510653531312, 24.80503649573733 ], [ 67.064973813905468, 24.804899393956489 ] ] ] } },
{ "type": "Feature", "id": 865, "properties": { "FID": 865, "class": "Defence_SpatialJoin", "SolarPV_Area(sqm)": 0.0, "Rooftop_Area(sqm)": 310.47585164499998 }, "geometry": { "type": "Polygon", "coordinates": [ [ [ 67.060422849557042, 24.807867978029595 ], [ 67.060606840310911, 24.807721676172335 ], [ 67.060687381885728, 24.807806101615139 ], [ 67.060503391532649, 24.807952319226803 ], [ 67.060422849557042, 24.807867978029595 ] ] ] } },
{ "type": "Feature", "id": 866, "properties": { "FID": 866, "class": "Defence_SpatialJoin", "SolarPV_Area(sqm)": 0.0, "Rooftop_Area(sqm)": 245.17658350900001 }, "geometry": { "type": "Polygon", "coordinates": [ [ [ 67.064889272381606, 24.808774585598297 ], [ 67.064964050078117, 24.80871599739864 ], [ 67.065119134387473, 24.80888285523595 ], [ 67.06504435661644, 24.808941443507535 ], [ 67.064889272381606, 24.808774585598297 ] ] ] } },
{ "type": "Feature", "id": 867, "properties": { "FID": 867, "class": "Defence_SpatialJoin", "SolarPV_Area(sqm)": 0.0, "Rooftop_Area(sqm)": 262.75583588799998 }, "geometry": { "type": "Polygon", "coordinates": [ [ [ 67.061017547760528, 24.804265581970832 ], [ 67.06110336130395, 24.804197883936187 ], [ 67.061249262848065, 24.804352067036 ], [ 67.061163449226953, 24.804419765148907 ], [ 67.061017547760528, 24.804265581970832 ] ] ] } },
{ "type": "Feature", "id": 868, "properties": { "FID": 868, "class": "Defence_SpatialJoin", "SolarPV_Area(sqm)": 0.0, "Rooftop_Area(sqm)": 282.24068396199999 }, "geometry": { "type": "Polygon", "coordinates": [ [ [ 67.066705465411644, 24.808227955701469 ], [ 67.066794279553633, 24.80815851521989 ], [ 67.06694545482155, 24.808319785824477 ], [ 67.066856549110085, 24.808389211634132 ], [ 67.066705465411644, 24.808227955701469 ] ] ] } },
{ "type": "Feature", "id": 869, "properties": { "FID": 869, "class": "Defence_SpatialJoin", "SolarPV_Area(sqm)": 121.66873260200001, "Rooftop_Area(sqm)": 320.63189080799998 }, "geometry": { "type": "Polygon", "coordinates": [ [ [ 67.056263364201556, 24.807879143727089 ], [ 67.056452877633575, 24.807735528798524 ], [ 67.056533418231837, 24.807823288340359 ], [ 67.056343905677323, 24.807966903414744 ], [ 67.056263364201556, 24.807879143727089 ] ] ] } },
{ "type": "Feature", "id": 870, "properties": { "FID": 870, "class": "Defence_SpatialJoin", "SolarPV_Area(sqm)": 0.0, "Rooftop_Area(sqm)": 250.613478904 }, "geometry": { "type": "Polygon", "coordinates": [ [ [ 67.064125762538964, 24.8041184444896 ], [ 67.064192395146591, 24.804065342250997 ], [ 67.064170668762259, 24.804042697949374 ], [ 67.064219394471237, 24.804003803059953 ], [ 67.064340569919196, 24.804130497929112 ], [ 67.064242120699021, 24.804208896854622 ], [ 67.064208848988343, 24.804174051230543 ], [ 67.064191940364452, 24.804187564274557 ], [ 67.064125762538964, 24.8041184444896 ] ] ] } },
{ "type": "Feature", "id": 871, "properties": { "FID": 871, "class": "Defence_SpatialJoin", "SolarPV_Area(sqm)": 0.0, "Rooftop_Area(sqm)": 212.40390381099999 }, "geometry": { "type": "Polygon", "coordinates": [ [ [ 67.055570563469715, 24.807462786101599 ], [ 67.055713736715077, 24.807351872563626 ], [ 67.055759734001143, 24.807401333568297 ], [ 67.055790435334188, 24.807377518896057 ], [ 67.055810616320016, 24.807399231756484 ], [ 67.055636832234057, 24.807533973844205 ], [ 67.055570563469715, 24.807462786101599 ] ] ] } },
{ "type": "Feature", "id": 872, "properties": { "FID": 872, "class": "Defence_SpatialJoin", "SolarPV_Area(sqm)": 133.75904768699999, "Rooftop_Area(sqm)": 305.12082440099999 }, "geometry": { "type": "Polygon", "coordinates": [ [ [ 67.060712471715178, 24.804179067381146 ], [ 67.060795739975305, 24.80410848098116 ], [ 67.060973712544836, 24.80427973870778 ], [ 67.060890444587201, 24.80435041138492 ], [ 67.060712471715178, 24.804179067381146 ] ] ] } },
{ "type": "Feature", "id": 873, "properties": { "FID": 873, "class": "Defence_SpatialJoin", "SolarPV_Area(sqm)": 0.0, "Rooftop_Area(sqm)": 130.90507716499999 }, "geometry": { "type": "Polygon", "coordinates": [ [ [ 67.065267255295637, 24.804572699823105 ], [ 67.065305163448514, 24.804541290308155 ], [ 67.065347615894126, 24.804506340356827 ], [ 67.065375887648983, 24.804534824854191 ], [ 67.065394704022495, 24.804519312425267 ], [ 67.065454611197936, 24.804579644398579 ], [ 67.065435793402543, 24.804595071496141 ], [ 67.065411794174864, 24.804570864605253 ], [ 67.065331525465041, 24.804637324146569 ], [ 67.065267255295637, 24.804572699823105 ] ] ] } },
{ "type": "Feature", "id": 874, "properties": { "FID": 874, "class": "Defence_SpatialJoin", "SolarPV_Area(sqm)": 80.461560689699994, "Rooftop_Area(sqm)": 306.17383066600001 }, "geometry": { "type": "Polygon", "coordinates": [ [ [ 67.064128172346031, 24.799858437331668 ], [ 67.064256574161746, 24.799761494889374 ], [ 67.064376028850106, 24.799884999724934 ], [ 67.064249665329598, 24.799978025764588 ], [ 67.064128172346031, 24.799858437331668 ] ] ] } },
{ "type": "Feature", "id": 875, "properties": { "FID": 875, "class": "Defence_SpatialJoin", "SolarPV_Area(sqm)": 0.0, "Rooftop_Area(sqm)": 313.61945056600001 }, "geometry": { "type": "Polygon", "coordinates": [ [ [ 67.05778044145957, 24.806143233311754 ], [ 67.057946068922945, 24.806007220950729 ], [ 67.058036791867067, 24.806099270714679 ], [ 67.057871073819385, 24.806235268463915 ], [ 67.05778044145957, 24.806143233311754 ] ] ] } },
{ "type": "Feature", "id": 876, "properties": { "FID": 876, "class": "Defence_SpatialJoin", "SolarPV_Area(sqm)": 0.0, "Rooftop_Area(sqm)": 42.731947853500003 }, "geometry": { "type": "Polygon", "coordinates": [ [ [ 67.060527208172374, 24.806130583438744 ], [ 67.060550752173398, 24.806111646366666 ], [ 67.06063756609035, 24.806201441601289 ], [ 67.060614022077289, 24.806220378686305 ], [ 67.060527208172374, 24.806130583438744 ] ] ] } },
{ "type": "Feature", "id": 877, "properties": { "FID": 877, "class": "Defence_SpatialJoin", "SolarPV_Area(sqm)": 129.48333967, "Rooftop_Area(sqm)": 248.62778642399999 }, "geometry": { "type": "Polygon", "coordinates": [ [ [ 67.061592973977724, 24.802716205181532 ], [ 67.061694309348695, 24.80262555524267 ], [ 67.061809575661641, 24.802738222986967 ], [ 67.061708149735736, 24.80282885829806 ], [ 67.061592973977724, 24.802716205181532 ] ] ] } },
{ "type": "Feature", "id": 878, "properties": { "FID": 878, "class": "Defence_SpatialJoin", "SolarPV_Area(sqm)": 0.0, "Rooftop_Area(sqm)": 198.91464401 }, "geometry": { "type": "Polygon", "coordinates": [ [ [ 67.061840325391429, 24.807529432603385 ], [ 67.061938411203556, 24.807453030671898 ], [ 67.062034951669617, 24.807556186361278 ], [ 67.06193695629949, 24.807632603057392 ], [ 67.061840325391429, 24.807529432603385 ] ] ] } },
{ "type": "Feature", "id": 879, "properties": { "FID": 879, "class": "Defence_SpatialJoin", "SolarPV_Area(sqm)": 0.0, "Rooftop_Area(sqm)": 259.38652267600003 }, "geometry": { "type": "Polygon", "coordinates": [ [ [ 67.061384893084053, 24.80650802493415 ], [ 67.061477887906364, 24.806431742634182 ], [ 67.061611518270809, 24.80656754052653 ], [ 67.061518523003414, 24.806643736725906 ], [ 67.061384893084053, 24.80650802493415 ] ] ] } },
{ "type": "Feature", "id": 880, "properties": { "FID": 880, "class": "Defence_SpatialJoin", "SolarPV_Area(sqm)": 0.0, "Rooftop_Area(sqm)": 277.71752091600001 }, "geometry": { "type": "Polygon", "coordinates": [ [ [ 67.060132318900386, 24.808529256928573 ], [ 67.060263312096083, 24.808424576876348 ], [ 67.060364579947631, 24.808530034188678 ], [ 67.060233587103767, 24.808634799609926 ], [ 67.060132318900386, 24.808529256928573 ] ] ] } },
{ "type": "Feature", "id": 881, "properties": { "FID": 881, "class": "Defence_SpatialJoin", "SolarPV_Area(sqm)": 78.443208702500002, "Rooftop_Area(sqm)": 258.28467408699998 }, "geometry": { "type": "Polygon", "coordinates": [ [ [ 67.057682992681649, 24.806043434069878 ], [ 67.057828893797861, 24.805923982059024 ], [ 67.057865074141915, 24.805960835839752 ], [ 67.057833529698456, 24.80598660117683 ], [ 67.057895526495216, 24.806049750611891 ], [ 67.057781169379837, 24.806143351185259 ], [ 67.057682992681649, 24.806043434069878 ] ] ] } },
{ "type": "Feature", "id": 882, "properties": { "FID": 882, "class": "Defence_SpatialJoin", "SolarPV_Area(sqm)": 134.84685886899999, "Rooftop_Area(sqm)": 318.51180609099998 }, "geometry": { "type": "Polygon", "coordinates": [ [ [ 67.062741949207933, 24.807983591439221 ], [ 67.062870548114518, 24.807876909346241 ], [ 67.06298540322976, 24.807999459373772 ], [ 67.062856805213315, 24.808106141612317 ], [ 67.062741949207933, 24.807983591439221 ] ] ] } },
{ "type": "Feature", "id": 883, "properties": { "FID": 883, "class": "Defence_SpatialJoin", "SolarPV_Area(sqm)": 54.182301051899998, "Rooftop_Area(sqm)": 359.55965360499999 }, "geometry": { "type": "Polygon", "coordinates": [ [ [ 67.061336546028102, 24.802805812966753 ], [ 67.061441034517927, 24.802724603707606 ], [ 67.061609427642111, 24.802896357642819 ], [ 67.061504939048461, 24.802977567012821 ], [ 67.061336546028102, 24.802805812966753 ] ] ] } },
{ "type": "Feature", "id": 884, "properties": { "FID": 884, "class": "Defence_SpatialJoin", "SolarPV_Area(sqm)": 0.0, "Rooftop_Area(sqm)": 274.34914081099998 }, "geometry": { "type": "Polygon", "coordinates": [ [ [ 67.065661965614211, 24.807301929996665 ], [ 67.065753507050189, 24.807228912870968 ], [ 67.065896591301382, 24.807378367302057 ], [ 67.06580504978642, 24.807451384510202 ], [ 67.065661965614211, 24.807301929996665 ] ] ] } },
{ "type": "Feature", "id": 885, "properties": { "FID": 885, "class": "Defence_SpatialJoin", "SolarPV_Area(sqm)": 76.4336117398, "Rooftop_Area(sqm)": 256.438249945 }, "geometry": { "type": "Polygon", "coordinates": [ [ [ 67.06444489966718, 24.799760120074037 ], [ 67.06459828559943, 24.799635628238295 ], [ 67.064678645905389, 24.799717458191214 ], [ 67.064525169405357, 24.799841935402583 ], [ 67.06444489966718, 24.799760120074037 ] ] ] } },
{ "type": "Feature", "id": 886, "properties": { "FID": 886, "class": "Defence_SpatialJoin", "SolarPV_Area(sqm)": 0.0, "Rooftop_Area(sqm)": 273.95148618100001 }, "geometry": { "type": "Polygon", "coordinates": [ [ [ 67.060893372040724, 24.80490941984857 ], [ 67.0609767316584, 24.804844488051472 ], [ 67.061132996619492, 24.805011793472062 ], [ 67.061049636975781, 24.805076724455542 ], [ 67.060893372040724, 24.80490941984857 ] ] ] } },
{ "type": "Feature", "id": 887, "properties": { "FID": 887, "class": "Defence_SpatialJoin", "SolarPV_Area(sqm)": 0.0, "Rooftop_Area(sqm)": 419.33276435800002 }, "geometry": { "type": "Polygon", "coordinates": [ [ [ 67.06392504440808, 24.799605437484406 ], [ 67.064029766174144, 24.799522661971114 ], [ 67.064220485170353, 24.799724058828943 ], [ 67.064115762300887, 24.799806834414838 ], [ 67.06392504440808, 24.799605437484406 ] ] ] } },
{ "type": "Feature", "id": 888, "properties": { "FID": 888, "class": "Defence_SpatialJoin", "SolarPV_Area(sqm)": 0.0, "Rooftop_Area(sqm)": 268.97697531799997 }, "geometry": { "type": "Polygon", "coordinates": [ [ [ 67.066402569528151, 24.808459117417453 ], [ 67.066487928797699, 24.808392453655681 ], [ 67.066637922260298, 24.808552336762084 ], [ 67.066552562365359, 24.808619085837652 ], [ 67.066402569528151, 24.808459117417453 ] ] ] } },
{ "type": "Feature", "id": 889, "properties": { "FID": 889, "class": "Defence_SpatialJoin", "SolarPV_Area(sqm)": 0.0, "Rooftop_Area(sqm)": 269.61999255000001 }, "geometry": { "type": "Polygon", "coordinates": [ [ [ 67.057278923271411, 24.806380032309889 ], [ 67.057369645748835, 24.806313729407961 ], [ 67.057509365675713, 24.806472985803946 ], [ 67.057418643105066, 24.806539288781522 ], [ 67.057278923271411, 24.806380032309889 ] ] ] } },
{ "type": "Feature", "id": 890, "properties": { "FID": 890, "class": "Defence_SpatialJoin", "SolarPV_Area(sqm)": 0.0, "Rooftop_Area(sqm)": 250.68751218400001 }, "geometry": { "type": "Polygon", "coordinates": [ [ [ 67.065143806390125, 24.801864778048163 ], [ 67.06523199868829, 24.801795541611256 ], [ 67.065371900804323, 24.801935679690406 ], [ 67.065283618973936, 24.802004900660705 ], [ 67.065143806390125, 24.801864778048163 ] ] ] } },
{ "type": "Feature", "id": 891, "properties": { "FID": 891, "class": "Defence_SpatialJoin", "SolarPV_Area(sqm)": 186.77779257099999, "Rooftop_Area(sqm)": 357.18984423299997 }, "geometry": { "type": "Polygon", "coordinates": [ [ [ 67.06542488151868, 24.808023643313796 ], [ 67.065516607683506, 24.807944333138135 ], [ 67.065698022773134, 24.808137663237375 ], [ 67.065603595071337, 24.808210671521785 ], [ 67.06542488151868, 24.808023643313796 ] ] ] } },
{ "type": "Feature", "id": 892, "properties": { "FID": 892, "class": "Defence_SpatialJoin", "SolarPV_Area(sqm)": 24.444919799499999, "Rooftop_Area(sqm)": 223.80543557499999 }, "geometry": { "type": "Polygon", "coordinates": [ [ [ 67.063840138948009, 24.800821296462551 ], [ 67.063917771183583, 24.800762616281357 ], [ 67.064066128403724, 24.800926250725237 ], [ 67.063984366662211, 24.80099119051588 ], [ 67.0639241879379, 24.80092483246872 ], [ 67.063963315128888, 24.800892164424663 ], [ 67.063925589126981, 24.800850704404681 ], [ 67.06389077291233, 24.800877057076484 ], [ 67.063840138948009, 24.800821296462551 ] ] ] } },
{ "type": "Feature", "id": 893, "properties": { "FID": 893, "class": "Defence_SpatialJoin", "SolarPV_Area(sqm)": 0.0, "Rooftop_Area(sqm)": 166.94849824 }, "geometry": { "type": "Polygon", "coordinates": [ [ [ 67.057563908092433, 24.807038877124761 ], [ 67.057644812630016, 24.806976460680819 ], [ 67.057742807234476, 24.807082245039648 ], [ 67.057661903074944, 24.80714474681751 ], [ 67.057563908092433, 24.807038877124761 ] ] ] } },
{ "type": "Feature", "id": 894, "properties": { "FID": 894, "class": "Defence_SpatialJoin", "SolarPV_Area(sqm)": 0.0, "Rooftop_Area(sqm)": 296.245480396 }, "geometry": { "type": "Polygon", "coordinates": [ [ [ 67.059687705176643, 24.807135714430544 ], [ 67.059874786429717, 24.806987176862844 ], [ 67.059950328245776, 24.807066523948247 ], [ 67.059763247454967, 24.807214976371622 ], [ 67.059687705176643, 24.807135714430544 ] ] ] } },
{ "type": "Feature", "id": 895, "properties": { "FID": 895, "class": "Defence_SpatialJoin", "SolarPV_Area(sqm)": 92.556158451900004, "Rooftop_Area(sqm)": 379.18851588400003 }, "geometry": { "type": "Polygon", "coordinates": [ [ [ 67.067320711777114, 24.802774699006157 ], [ 67.067425707169363, 24.802690854190313 ], [ 67.067598245479942, 24.802870690628151 ], [ 67.067493249978966, 24.802954535558094 ], [ 67.067320711777114, 24.802774699006157 ] ] ] } },
{ "type": "Feature", "id": 896, "properties": { "FID": 896, "class": "Defence_SpatialJoin", "SolarPV_Area(sqm)": 0.0, "Rooftop_Area(sqm)": 227.15110502300001 }, "geometry": { "type": "Polygon", "coordinates": [ [ [ 67.065681328479528, 24.809030166125407 ], [ 67.065761506641124, 24.808967966989655 ], [ 67.065896227351658, 24.809112741845485 ], [ 67.065816049665202, 24.809174855814032 ], [ 67.065681328479528, 24.809030166125407 ] ] ] } },
{ "type": "Feature", "id": 897, "properties": { "FID": 897, "class": "Defence_SpatialJoin", "SolarPV_Area(sqm)": 0.0, "Rooftop_Area(sqm)": 434.48130770500001 }, "geometry": { "type": "Polygon", "coordinates": [ [ [ 67.064731279367336, 24.809929245582612 ], [ 67.064874000974385, 24.809806110577835 ], [ 67.064885545597903, 24.809817286085174 ], [ 67.064908544542092, 24.809797576966098 ], [ 67.064894999751886, 24.809784454787795 ], [ 67.064963905823006, 24.809725055104494 ], [ 67.065061355604712, 24.809819213128293 ], [ 67.064896727311748, 24.809961294564488 ], [ 67.064876909945752, 24.809942204749504 ], [ 67.064807094427152, 24.810002397666167 ], [ 67.064731279367336, 24.809929245582612 ] ] ] } },
{ "type": "Feature", "id": 898, "properties": { "FID": 898, "class": "Defence_SpatialJoin", "SolarPV_Area(sqm)": 0.0, "Rooftop_Area(sqm)": 290.32420862599997 }, "geometry": { "type": "Polygon", "coordinates": [ [ [ 67.058063589642956, 24.807193039721522 ], [ 67.058157221490561, 24.807117377454134 ], [ 67.058304050099082, 24.807271424590468 ], [ 67.058210419148594, 24.807347086996902 ], [ 67.058063589642956, 24.807193039721522 ] ] ] } },
{ "type": "Feature", "id": 899, "properties": { "FID": 899, "class": "Defence_SpatialJoin", "SolarPV_Area(sqm)": 110.583328491, "Rooftop_Area(sqm)": 304.03709692699999 }, "geometry": { "type": "Polygon", "coordinates": [ [ [ 67.059554682324929, 24.804553715893171 ], [ 67.059709704222314, 24.804430385784293 ], [ 67.059802388941876, 24.804529131365467 ], [ 67.059647366897252, 24.804652462458535 ], [ 67.059554682324929, 24.804553715893171 ] ] ] } },
{ "type": "Feature", "id": 900, "properties": { "FID": 900, "class": "Defence_SpatialJoin", "SolarPV_Area(sqm)": 0.0, "Rooftop_Area(sqm)": 294.927687537 }, "geometry": { "type": "Polygon", "coordinates": [ [ [ 67.057740534787001, 24.809820277314383 ], [ 67.057933161363479, 24.809668282860724 ], [ 67.058006157396662, 24.809745341035743 ], [ 67.0578135307331, 24.809897335577343 ], [ 67.057740534787001, 24.809820277314383 ] ] ] } },
{ "type": "Feature", "id": 901, "properties": { "FID": 901, "class": "Defence_SpatialJoin", "SolarPV_Area(sqm)": 66.859255345500003, "Rooftop_Area(sqm)": 220.61403227400001 }, "geometry": { "type": "Polygon", "coordinates": [ [ [ 67.05812842332638, 24.809827351069398 ], [ 67.058235053727486, 24.809740882272163 ], [ 67.058225872325636, 24.809731368246158 ], [ 67.058266052454712, 24.809698792009844 ], [ 67.058323594399397, 24.809757804932705 ], [ 67.058305959085828, 24.809772138894779 ], [ 67.058329867461268, 24.809796674122872 ], [ 67.058200692005812, 24.809901556673708 ], [ 67.05812842332638, 24.809827351069398 ] ] ] } },
{ "type": "Feature", "id": 902, "properties": { "FID": 902, "class": "Defence_SpatialJoin", "SolarPV_Area(sqm)": 66.859255345500003, "Rooftop_Area(sqm)": 264.40463848899998 }, "geometry": { "type": "Polygon", "coordinates": [ [ [ 67.05812842332638, 24.809827351069398 ], [ 67.058235053727486, 24.809740882272163 ], [ 67.058225872325636, 24.809731368246158 ], [ 67.058266052454712, 24.809698792009844 ], [ 67.058323594399397, 24.809757804932705 ], [ 67.058305959085828, 24.809772138894779 ], [ 67.058343953598794, 24.809814435246015 ], [ 67.058214778128516, 24.809919317807566 ], [ 67.05812842332638, 24.809827351069398 ] ] ] } },
{ "type": "Feature", "id": 903, "properties": { "FID": 903, "class": "Defence_SpatialJoin", "SolarPV_Area(sqm)": 159.01797452299999, "Rooftop_Area(sqm)": 384.86079613300001 }, "geometry": { "type": "Polygon", "coordinates": [ [ [ 67.063637870408613, 24.802378900155148 ], [ 67.063837775648921, 24.80221163134614 ], [ 67.063928794143351, 24.8023048135518 ], [ 67.063728798301852, 24.802472067773628 ], [ 67.063637870408613, 24.802378900155148 ] ] ] } },
{ "type": "Feature", "id": 904, "properties": { "FID": 904, "class": "Defence_SpatialJoin", "SolarPV_Area(sqm)": 45.484838144000001, "Rooftop_Area(sqm)": 235.41030014899999 }, "geometry": { "type": "Polygon", "coordinates": [ [ [ 67.065112990269014, 24.80071641470273 ], [ 67.065197622015376, 24.800647750085076 ], [ 67.065330797987471, 24.800784324838531 ], [ 67.065246165196299, 24.800852989475541 ], [ 67.065112990269014, 24.80071641470273 ] ] ] } },
{ "type": "Feature", "id": 905, "properties": { "FID": 905, "class": "Defence_SpatialJoin", "SolarPV_Area(sqm)": 40.009006102699999, "Rooftop_Area(sqm)": 240.18298254300001 }, "geometry": { "type": "Polygon", "coordinates": [ [ [ 67.057422116666245, 24.806920649296444 ], [ 67.057508274523869, 24.806843610741446 ], [ 67.057631039039975, 24.806965544420112 ], [ 67.057541981738893, 24.807053065224665 ], [ 67.057422116666245, 24.806920649296444 ] ] ] } },
{ "type": "Feature", "id": 906, "properties": { "FID": 906, "class": "Defence_SpatialJoin", "SolarPV_Area(sqm)": 0.0, "Rooftop_Area(sqm)": 223.80328794900001 }, "geometry": { "type": "Polygon", "coordinates": [ [ [ 67.066171397423005, 24.804002643697213 ], [ 67.066212941193086, 24.803969255041217 ], [ 67.066192941999603, 24.803948513426437 ], [ 67.066254666625113, 24.803898891608213 ], [ 67.066366298300821, 24.804014561518692 ], [ 67.066263029899289, 24.804097571166114 ], [ 67.066171397423005, 24.804002643697213 ] ] ] } },
{ "type": "Feature", "id": 907, "properties": { "FID": 907, "class": "Defence_SpatialJoin", "SolarPV_Area(sqm)": 0.0, "Rooftop_Area(sqm)": 227.162517485 }, "geometry": { "type": "Polygon", "coordinates": [ [ [ 67.06402776683241, 24.801004505266107 ], [ 67.06410330880648, 24.800937967058147 ], [ 67.064248574695682, 24.801075380067537 ], [ 67.064174032956416, 24.801141053597842 ], [ 67.064136034354789, 24.801105104979804 ], [ 67.064135034070262, 24.801105969730255 ], [ 67.06402776683241, 24.801004505266107 ] ] ] } },
{ "type": "Feature", "id": 908, "properties": { "FID": 908, "class": "Defence_SpatialJoin", "SolarPV_Area(sqm)": 0.0, "Rooftop_Area(sqm)": 352.532944 }, "geometry": { "type": "Polygon", "coordinates": [ [ [ 67.065589059754686, 24.809900670103261 ], [ 67.065691236606696, 24.809819113241993 ], [ 67.065855956840451, 24.809991198881399 ], [ 67.065753779509421, 24.810072669667811 ], [ 67.065589059754686, 24.809900670103261 ] ] ] } },
{ "type": "Feature", "id": 909, "properties": { "FID": 909, "class": "Defence_SpatialJoin", "SolarPV_Area(sqm)": 0.0, "Rooftop_Area(sqm)": 212.689750409 }, "geometry": { "type": "Polygon", "coordinates": [ [ [ 67.062313847900128, 24.806752864287674 ], [ 67.0624400236984, 24.806655693083215 ], [ 67.062520110004414, 24.806742267042242 ], [ 67.062393934139934, 24.806839438308998 ], [ 67.062313847900128, 24.806752864287674 ] ] ] } },
{ "type": "Feature", "id": 910, "properties": { "FID": 910, "class": "Defence_SpatialJoin", "SolarPV_Area(sqm)": 58.646678878800003, "Rooftop_Area(sqm)": 464.99408124500002 }, "geometry": { "type": "Polygon", "coordinates": [ [ [ 67.062810550465429, 24.804603431307466 ], [ 67.062986360611617, 24.804469303483039 ], [ 67.063091719226961, 24.804584305718812 ], [ 67.063044631006676, 24.804620301559424 ], [ 67.063071993422071, 24.804650093084163 ], [ 67.0629432722166, 24.804748395774872 ], [ 67.062810550465429, 24.804603431307466 ] ] ] } },
{ "type": "Feature", "id": 911, "properties": { "FID": 911, "class": "Defence_SpatialJoin", "SolarPV_Area(sqm)": 0.0, "Rooftop_Area(sqm)": 265.61357122499999 }, "geometry": { "type": "Polygon", "coordinates": [ [ [ 67.065310889916944, 24.802603256401653 ], [ 67.065390796070176, 24.802537933269626 ], [ 67.065549970269444, 24.802700149218616 ], [ 67.065470065081399, 24.802765471589673 ], [ 67.065310889916944, 24.802603256401653 ] ] ] } },
{ "type": "Feature", "id": 912, "properties": { "FID": 912, "class": "Defence_SpatialJoin", "SolarPV_Area(sqm)": 0.0, "Rooftop_Area(sqm)": 251.619594573 }, "geometry": { "type": "Polygon", "coordinates": [ [ [ 67.063209805161151, 24.801657667304045 ], [ 67.063293164894617, 24.801591279590198 ], [ 67.063422248929854, 24.801726256188775 ], [ 67.063388796624963, 24.801752999203863 ], [ 67.063413886430254, 24.801779261402512 ], [ 67.063364070350303, 24.801818921827504 ], [ 67.063209805161151, 24.801657667304045 ] ] ] } },
{ "type": "Feature", "id": 913, "properties": { "FID": 913, "class": "Defence_SpatialJoin", "SolarPV_Area(sqm)": 105.74545634499999, "Rooftop_Area(sqm)": 332.29117755200002 }, "geometry": { "type": "Polygon", "coordinates": [ [ [ 67.059532512475087, 24.804230017799494 ], [ 67.059618800239434, 24.804157646832685 ], [ 67.059800073387478, 24.804344321512012 ], [ 67.05971387701409, 24.804416707337911 ], [ 67.059532512475087, 24.804230017799494 ] ] ] } },
{ "type": "Feature", "id": 914, "properties": { "FID": 914, "class": "Defence_SpatialJoin", "SolarPV_Area(sqm)": 0.0, "Rooftop_Area(sqm)": 212.98178714599999 }, "geometry": { "type": "Polygon", "coordinates": [ [ [ 67.060286129928798, 24.806541581664522 ], [ 67.060382306839614, 24.806458464300615 ], [ 67.060489788822977, 24.80656113162954 ], [ 67.060402248111728, 24.806636838401619 ], [ 67.060393942564048, 24.806629720066574 ], [ 67.060385306373078, 24.806637129831774 ], [ 67.060286129928798, 24.806541581664522 ] ] ] } },
{ "type": "Feature", "id": 915, "properties": { "FID": 915, "class": "Defence_SpatialJoin", "SolarPV_Area(sqm)": 0.0, "Rooftop_Area(sqm)": 276.839977299 }, "geometry": { "type": "Polygon", "coordinates": [ [ [ 67.064074128242851, 24.801510132103978 ], [ 67.064157942641813, 24.801443730359843 ], [ 67.064315480298561, 24.801609528688203 ], [ 67.064231666420213, 24.801675844386835 ], [ 67.064074128242851, 24.801510132103978 ] ] ] } },
{ "type": "Feature", "id": 916, "properties": { "FID": 916, "class": "Defence_SpatialJoin", "SolarPV_Area(sqm)": 149.559698819, "Rooftop_Area(sqm)": 311.83603692200001 }, "geometry": { "type": "Polygon", "coordinates": [ [ [ 67.063398331772646, 24.801506950876053 ], [ 67.063502063494724, 24.801428123420827 ], [ 67.063674146367589, 24.801612332010123 ], [ 67.063650511640546, 24.801630743546291 ], [ 67.063607624424321, 24.801590775070711 ], [ 67.06352752672872, 24.80165127720581 ], [ 67.063398331772646, 24.801506950876053 ] ] ] } },
{ "type": "Feature", "id": 917, "properties": { "FID": 917, "class": "Defence_SpatialJoin", "SolarPV_Area(sqm)": 0.0, "Rooftop_Area(sqm)": 251.908574187 }, "geometry": { "type": "Polygon", "coordinates": [ [ [ 67.061075907699063, 24.803973315552405 ], [ 67.061190356920477, 24.803883055145718 ], [ 67.061215446216337, 24.803909490017876 ], [ 67.061200265848882, 24.803921485736065 ], [ 67.061292261044116, 24.80401878102715 ], [ 67.0611929931529, 24.804097044948566 ], [ 67.061075907699063, 24.803973315552405 ] ] ] } },
{ "type": "Feature", "id": 918, "properties": { "FID": 918, "class": "Defence_SpatialJoin", "SolarPV_Area(sqm)": 67.033880373599999, "Rooftop_Area(sqm)": 278.23293081000003 }, "geometry": { "type": "Polygon", "coordinates": [ [ [ 67.064691372372778, 24.801026652659512 ], [ 67.06477755031986, 24.80096028863489 ], [ 67.064930906850364, 24.801126010345111 ], [ 67.064844729252783, 24.801192459737393 ], [ 67.064691372372778, 24.801026652659512 ] ] ] } },
{ "type": "Feature", "id": 919, "properties": { "FID": 919, "class": "Defence_SpatialJoin", "SolarPV_Area(sqm)": 0.0, "Rooftop_Area(sqm)": 256.91620316299998 }, "geometry": { "type": "Polygon", "coordinates": [ [ [ 67.05796086533168, 24.807274620604147 ], [ 67.058049678486526, 24.807207924518082 ], [ 67.05818660231192, 24.807359398942548 ], [ 67.058097788465801, 24.807426181229609 ], [ 67.05796086533168, 24.807274620604147 ] ] ] } },
{ "type": "Feature", "id": 920, "properties": { "FID": 920, "class": "Defence_SpatialJoin", "SolarPV_Area(sqm)": 0.0, "Rooftop_Area(sqm)": 109.528028491 }, "geometry": { "type": "Polygon", "coordinates": [ [ [ 67.061460434700678, 24.807643564051126 ], [ 67.06156670225387, 24.807561217284 ], [ 67.061615699682648, 24.807613895816264 ], [ 67.061509432095775, 24.807696242615602 ], [ 67.061460434700678, 24.807643564051126 ] ] ] } },
{ "type": "Feature", "id": 921, "properties": { "FID": 921, "class": "Defence_SpatialJoin", "SolarPV_Area(sqm)": 0.0, "Rooftop_Area(sqm)": 153.54888352 }, "geometry": { "type": "Polygon", "coordinates": [ [ [ 67.061485070120284, 24.804571759194662 ], [ 67.061565065720089, 24.804505857505742 ], [ 67.061657061126056, 24.80459887972534 ], [ 67.061577065485437, 24.804664781461476 ], [ 67.061485070120284, 24.804571759194662 ] ] ] } },
{ "type": "Feature", "id": 922, "properties": { "FID": 922, "class": "Defence_SpatialJoin", "SolarPV_Area(sqm)": 62.508393070700002, "Rooftop_Area(sqm)": 195.019927542 }, "geometry": { "type": "Polygon", "coordinates": [ [ [ 67.060377306351171, 24.803702536559488 ], [ 67.060472937938542, 24.803626592920491 ], [ 67.060570416156352, 24.803728439090634 ], [ 67.060474875444228, 24.803804482779679 ], [ 67.060377306351171, 24.803702536559488 ] ] ] } },
{ "type": "Feature", "id": 923, "properties": { "FID": 923, "class": "Defence_SpatialJoin", "SolarPV_Area(sqm)": 0.0, "Rooftop_Area(sqm)": 216.245343668 }, "geometry": { "type": "Polygon", "coordinates": [ [ [ 67.061430253848982, 24.808118894570018 ], [ 67.061529431057039, 24.808041815390766 ], [ 67.061633153125868, 24.808152965747645 ], [ 67.061533976774371, 24.808230045937428 ], [ 67.061430253848982, 24.808118894570018 ] ] ] } },
{ "type": "Feature", "id": 924, "properties": { "FID": 924, "class": "Defence_SpatialJoin", "SolarPV_Area(sqm)": 0.0, "Rooftop_Area(sqm)": 228.79618134500001 }, "geometry": { "type": "Polygon", "coordinates": [ [ [ 67.061820053733044, 24.805123294880755 ], [ 67.061907829900093, 24.805052764579333 ], [ 67.062031005348871, 24.8051830304974 ], [ 67.061943229115542, 24.805253560866721 ], [ 67.061820053733044, 24.805123294880755 ] ] ] } },
{ "type": "Feature", "id": 925, "properties": { "FID": 925, "class": "Defence_SpatialJoin", "SolarPV_Area(sqm)": 57.4919192391, "Rooftop_Area(sqm)": 299.49175522199999 }, "geometry": { "type": "Polygon", "coordinates": [ [ [ 67.064795658826711, 24.803035930909797 ], [ 67.064889363605388, 24.802959739078332 ], [ 67.065042265637402, 24.803116500507279 ], [ 67.064948561756296, 24.803192692482217 ], [ 67.064795658826711, 24.803035930909797 ] ] ] } },
{ "type": "Feature", "id": 926, "properties": { "FID": 926, "class": "Defence_SpatialJoin", "SolarPV_Area(sqm)": 78.984923204200001, "Rooftop_Area(sqm)": 424.45054253500001 }, "geometry": { "type": "Polygon", "coordinates": [ [ [ 67.063382239254636, 24.807625636865808 ], [ 67.063496523157468, 24.807532340616408 ], [ 67.063665860208985, 24.807725088638268 ], [ 67.063546918037304, 24.80781325027764 ], [ 67.063382239254636, 24.807625636865808 ] ] ] } },
{ "type": "Feature", "id": 927, "properties": { "FID": 927, "class": "Defence_SpatialJoin", "SolarPV_Area(sqm)": 97.1104480841, "Rooftop_Area(sqm)": 458.07451829600001 }, "geometry": { "type": "Polygon", "coordinates": [ [ [ 67.061876504664866, 24.801747481411073 ], [ 67.062120039171106, 24.801554102200871 ], [ 67.06220997685007, 24.801648163515118 ], [ 67.061966443794176, 24.801841456787432 ], [ 67.061876504664866, 24.801747481411073 ] ] ] } },
{ "type": "Feature", "id": 928, "properties": { "FID": 928, "class": "Defence_SpatialJoin", "SolarPV_Area(sqm)": 0.0, "Rooftop_Area(sqm)": 294.478844627 }, "geometry": { "type": "Polygon", "coordinates": [ [ [ 67.065987042191992, 24.808787327709421 ], [ 67.066076583650869, 24.80871792036087 ], [ 67.066240576515114, 24.808894246743836 ], [ 67.066190760397674, 24.808932880146621 ], [ 67.066173488354707, 24.80891428627087 ], [ 67.066133762922789, 24.808945060303248 ], [ 67.065987042191992, 24.808787327709421 ] ] ] } },
{ "type": "Feature", "id": 929, "properties": { "FID": 929, "class": "Defence_SpatialJoin", "SolarPV_Area(sqm)": 230.15401823100001, "Rooftop_Area(sqm)": 900.33146222100004 }, "geometry": { "type": "Polygon", "coordinates": [ [ [ 67.062159528700107, 24.80155196914173 ], [ 67.062315665215138, 24.80142154238353 ], [ 67.062260395878241, 24.801364863378641 ], [ 67.062353027336854, 24.801289457807929 ], [ 67.062578289839308, 24.801520437628763 ], [ 67.062485657883826, 24.801595757152029 ], [ 67.062444932279831, 24.801554070227009 ], [ 67.062398115716874, 24.801592076578594 ], [ 67.062438841252586, 24.80163376441018 ], [ 67.062393116427927, 24.801670920774214 ], [ 67.062352482323732, 24.801629248582053 ], [ 67.062288886149616, 24.801684511819069 ], [ 67.062159528700107, 24.80155196914173 ] ] ] } },
{ "type": "Feature", "id": 930, "properties": { "FID": 930, "class": "Defence_SpatialJoin", "SolarPV_Area(sqm)": 0.0, "Rooftop_Area(sqm)": 279.84558885500002 }, "geometry": { "type": "Polygon", "coordinates": [ [ [ 67.065761324673616, 24.801163491631332 ], [ 67.065922226278943, 24.801034215564478 ], [ 67.066005314110257, 24.801120416165141 ], [ 67.065844411445838, 24.801249692264165 ], [ 67.065761324673616, 24.801163491631332 ] ] ] } },
{ "type": "Feature", "id": 931, "properties": { "FID": 931, "class": "Defence_SpatialJoin", "SolarPV_Area(sqm)": 0.0, "Rooftop_Area(sqm)": 739.57843617900005 }, "geometry": { "type": "Polygon", "coordinates": [ [ [ 67.062400570941847, 24.803185118627539 ], [ 67.062537655040288, 24.803079617820121 ], [ 67.062619833159133, 24.803168492842559 ], [ 67.062639013949592, 24.80315372274719 ], [ 67.062791642687259, 24.803318901687067 ], [ 67.062635377944574, 24.803439258986479 ], [ 67.062400570941847, 24.803185118627539 ] ] ] } },
{ "type": "Feature", "id": 932, "properties": { "FID": 932, "class": "Defence_SpatialJoin", "SolarPV_Area(sqm)": 19.0790053803, "Rooftop_Area(sqm)": 328.19366221299998 }, "geometry": { "type": "Polygon", "coordinates": [ [ [ 67.064983567327729, 24.808708158542601 ], [ 67.06508380575022, 24.808631641228867 ], [ 67.065244616552661, 24.808803951851534 ], [ 67.065173259437415, 24.808858724433584 ], [ 67.065159623933724, 24.80884396489045 ], [ 67.065130743016454, 24.808865794110961 ], [ 67.064983567327729, 24.808708158542601 ] ] ] } },
{ "type": "Feature", "id": 933, "properties": { "FID": 933, "class": "Defence_SpatialJoin", "SolarPV_Area(sqm)": 0.0, "Rooftop_Area(sqm)": 306.24151243599999 }, "geometry": { "type": "Polygon", "coordinates": [ [ [ 67.058885383822215, 24.80769791117795 ], [ 67.058959016076415, 24.807638423462645 ], [ 67.058976196916689, 24.807656147889887 ], [ 67.058988559325286, 24.807646262773364 ], [ 67.059127916621335, 24.807789992006562 ], [ 67.059078282779851, 24.807830104246499 ], [ 67.05911673541533, 24.807869717046838 ], [ 67.059080372921784, 24.807899063806499 ], [ 67.058885383822215, 24.80769791117795 ] ] ] } },
{ "type": "Feature", "id": 934, "properties": { "FID": 934, "class": "Defence_SpatialJoin", "SolarPV_Area(sqm)": 0.0, "Rooftop_Area(sqm)": 306.048028483 }, "geometry": { "type": "Polygon", "coordinates": [ [ [ 67.06040221414105, 24.805449580464906 ], [ 67.060549298427333, 24.80533219418226 ], [ 67.060639475231227, 24.805426291129965 ], [ 67.060470938681021, 24.805560815530779 ], [ 67.060407941481415, 24.805495027865156 ], [ 67.060429395011994, 24.805477976071227 ], [ 67.06040221414105, 24.805449580464906 ] ] ] } },
{ "type": "Feature", "id": 935, "properties": { "FID": 935, "class": "Defence_SpatialJoin", "SolarPV_Area(sqm)": 103.181455954, "Rooftop_Area(sqm)": 399.68195929000001 }, "geometry": { "type": "Polygon", "coordinates": [ [ [ 67.0633627976122, 24.806074581553428 ], [ 67.063419158577858, 24.806031790376327 ], [ 67.063404523103614, 24.806015672414048 ], [ 67.063453247887651, 24.805978743452894 ], [ 67.063641239240752, 24.806185174152848 ], [ 67.063536153362648, 24.806264894406716 ], [ 67.0633627976122, 24.806074581553428 ] ] ] } },
{ "type": "Feature", "id": 936, "properties": { "FID": 936, "class": "Defence_SpatialJoin", "SolarPV_Area(sqm)": 0.0, "Rooftop_Area(sqm)": 690.71208010299995 }, "geometry": { "type": "Polygon", "coordinates": [ [ [ 67.058196783104137, 24.804099528354786 ], [ 67.058366228802186, 24.803965751744059 ], [ 67.058502039805219, 24.804109079296353 ], [ 67.058406953840006, 24.804184082082823 ], [ 67.058540128699974, 24.804324592492069 ], [ 67.058465677715532, 24.804383437047711 ], [ 67.058196783104137, 24.804099528354786 ] ] ] } },
{ "type": "Feature", "id": 937, "properties": { "FID": 937, "class": "Defence_SpatialJoin", "SolarPV_Area(sqm)": 0.0, "Rooftop_Area(sqm)": 98.513796821499994 }, "geometry": { "type": "Polygon", "coordinates": [ [ [ 67.061133723464295, 24.807029266234981 ], [ 67.061231627189017, 24.806953263431581 ], [ 67.061279443283794, 24.807004639456903 ], [ 67.061181539528874, 24.807080642289282 ], [ 67.061133723464295, 24.807029266234981 ] ] ] } },
{ "type": "Feature", "id": 938, "properties": { "FID": 938, "class": "Defence_SpatialJoin", "SolarPV_Area(sqm)": 111.73348582200001, "Rooftop_Area(sqm)": 315.89528847499997 }, "geometry": { "type": "Polygon", "coordinates": [ [ [ 67.056496693854257, 24.80851324372885 ], [ 67.056679865402501, 24.808370836075056 ], [ 67.056765707669584, 24.808455770023997 ], [ 67.05658253603336, 24.808598177777867 ], [ 67.056496693854257, 24.80851324372885 ] ] ] } },
{ "type": "Feature", "id": 939, "properties": { "FID": 939, "class": "Defence_SpatialJoin", "SolarPV_Area(sqm)": 0.0, "Rooftop_Area(sqm)": 262.07797407300001 }, "geometry": { "type": "Polygon", "coordinates": [ [ [ 67.058238235488361, 24.805922285662135 ], [ 67.058278506281894, 24.805891859054949 ], [ 67.058250871023574, 24.805861511024663 ], [ 67.058390590798822, 24.805756102339767 ], [ 67.058465678339047, 24.805838965308144 ], [ 67.058285687685057, 24.805974800675713 ], [ 67.058238235488361, 24.805922285662135 ] ] ] } },
{ "type": "Feature", "id": 940, "properties": { "FID": 940, "class": "Defence_SpatialJoin", "SolarPV_Area(sqm)": 109.424356069, "Rooftop_Area(sqm)": 420.222512983 }, "geometry": { "type": "Polygon", "coordinates": [ [ [ 67.066586216578472, 24.802670782577525 ], [ 67.066707010212838, 24.802581301448868 ], [ 67.066792461001839, 24.802676685667532 ], [ 67.066771916605745, 24.802691921260831 ], [ 67.066807829092497, 24.802724615043481 ], [ 67.066837186525348, 24.802715256332856 ], [ 67.066856640325767, 24.802737021509422 ], [ 67.066854713426238, 24.802758955181339 ], [ 67.066847913363986, 24.802776808110337 ], [ 67.066832005510605, 24.802788688542474 ], [ 67.066857095029192, 24.802816660068125 ], [ 67.066791006526415, 24.802866007227184 ], [ 67.066728646202307, 24.802796306898617 ], [ 67.066710301649096, 24.802809311096976 ], [ 67.066586216578472, 24.802670782577525 ] ] ] } },
{ "type": "Feature", "id": 941, "properties": { "FID": 941, "class": "Defence_SpatialJoin", "SolarPV_Area(sqm)": 0.0, "Rooftop_Area(sqm)": 700.66032757300002 }, "geometry": { "type": "Polygon", "coordinates": [ [ [ 67.059810063063466, 24.809258483922452 ], [ 67.059997871730346, 24.809111176593635 ], [ 67.060297401632667, 24.809429253221559 ], [ 67.060148590973469, 24.809546014770067 ], [ 67.06010322942511, 24.80949785318526 ], [ 67.060199678930829, 24.809422217237813 ], [ 67.06002968812551, 24.809241672679555 ], [ 67.05995387331015, 24.809301065808928 ], [ 67.059985963029021, 24.809335123247184 ], [ 67.059926330064059, 24.809381912948037 ], [ 67.059810063063466, 24.809258483922452 ] ] ] } },
{ "type": "Feature", "id": 942, "properties": { "FID": 942, "class": "Defence_SpatialJoin", "SolarPV_Area(sqm)": 52.939498349899999, "Rooftop_Area(sqm)": 277.66388910199998 }, "geometry": { "type": "Polygon", "coordinates": [ [ [ 67.062375935363548, 24.804943513238783 ], [ 67.062459386046925, 24.804873638276362 ], [ 67.06261910539466, 24.805032525294031 ], [ 67.062535654640612, 24.805102400342733 ], [ 67.062375935363548, 24.804943513238783 ] ] ] } },
{ "type": "Feature", "id": 943, "properties": { "FID": 943, "class": "Defence_SpatialJoin", "SolarPV_Area(sqm)": 0.0, "Rooftop_Area(sqm)": 295.33735998700001 }, "geometry": { "type": "Polygon", "coordinates": [ [ [ 67.066144399007186, 24.809529789420569 ], [ 67.066234394222022, 24.809457806198235 ], [ 67.066391114943684, 24.809621081544421 ], [ 67.066301118664427, 24.809693064803355 ], [ 67.066144399007186, 24.809529789420569 ] ] ] } },
{ "type": "Feature", "id": 944, "properties": { "FID": 944, "class": "Defence_SpatialJoin", "SolarPV_Area(sqm)": 0.0, "Rooftop_Area(sqm)": 420.928660573 }, "geometry": { "type": "Polygon", "coordinates": [ [ [ 67.063138080703482, 24.808165041294572 ], [ 67.063284346813035, 24.808052306160945 ], [ 67.063414704311157, 24.808193216471619 ], [ 67.063268438134074, 24.808305950828402 ], [ 67.063221894988317, 24.808255634008077 ], [ 67.063206714318312, 24.808267288809738 ], [ 67.063145625824887, 24.808201210574651 ], [ 67.063160715928319, 24.808189541967906 ], [ 67.063138080703482, 24.808165041294572 ] ] ] } },
{ "type": "Feature", "id": 945, "properties": { "FID": 945, "class": "Defence_SpatialJoin", "SolarPV_Area(sqm)": 76.939473820499998, "Rooftop_Area(sqm)": 337.32300685199999 }, "geometry": { "type": "Polygon", "coordinates": [ [ [ 67.064403658104141, 24.803137432559701 ], [ 67.064477473514884, 24.803078821385611 ], [ 67.064486473249161, 24.803088304664893 ], [ 67.064514835464493, 24.803065783506291 ], [ 67.064506289969998, 24.80305671489069 ], [ 67.064569378441973, 24.803006630833924 ], [ 67.064668804574282, 24.80310963873497 ], [ 67.064503448366708, 24.803240756183776 ], [ 67.064403658104141, 24.803137432559701 ] ] ] } },
{ "type": "Feature", "id": 946, "properties": { "FID": 946, "class": "Defence_SpatialJoin", "SolarPV_Area(sqm)": 102.206966374, "Rooftop_Area(sqm)": 355.096220023 }, "geometry": { "type": "Polygon", "coordinates": [ [ [ 67.064884181436312, 24.802941559040878 ], [ 67.06498017792083, 24.802869681698585 ], [ 67.065162169501363, 24.803058734378823 ], [ 67.065066172964976, 24.803130610935071 ], [ 67.064884181436312, 24.802941559040878 ] ] ] } },
{ "type": "Feature", "id": 947, "properties": { "FID": 947, "class": "Defence_SpatialJoin", "SolarPV_Area(sqm)": 0.0, "Rooftop_Area(sqm)": 204.885496902 }, "geometry": { "type": "Polygon", "coordinates": [ [ [ 67.058394317989922, 24.809192967122399 ], [ 67.058498767660666, 24.809110161728785 ], [ 67.058611488353804, 24.809228575303806 ], [ 67.05853631100247, 24.809288155092592 ], [ 67.058468041671645, 24.80921647443726 ], [ 67.058438770272318, 24.809239700155779 ], [ 67.058394317989922, 24.809192967122399 ] ] ] } },
{ "type": "Feature", "id": 948, "properties": { "FID": 948, "class": "Defence_SpatialJoin", "SolarPV_Area(sqm)": 0.0, "Rooftop_Area(sqm)": 263.89429851800003 }, "geometry": { "type": "Polygon", "coordinates": [ [ [ 67.05822069154371, 24.810285151619638 ], [ 67.058385500609731, 24.810153540342249 ], [ 67.058461951290653, 24.810233376763062 ], [ 67.058297141719095, 24.810364902834703 ], [ 67.05822069154371, 24.810285151619638 ] ] ] } },
{ "type": "Feature", "id": 949, "properties": { "FID": 949, "class": "Defence_SpatialJoin", "SolarPV_Area(sqm)": 0.0, "Rooftop_Area(sqm)": 281.846093774 }, "geometry": { "type": "Polygon", "coordinates": [ [ [ 67.058262053039613, 24.807061948017029 ], [ 67.058358865829689, 24.806985943961617 ], [ 67.058497585657918, 24.807133075057237 ], [ 67.058400772783671, 24.807209079196404 ], [ 67.058262053039613, 24.807061948017029 ] ] ] } },
{ "type": "Feature", "id": 950, "properties": { "FID": 950, "class": "Defence_SpatialJoin", "SolarPV_Area(sqm)": 0.0, "Rooftop_Area(sqm)": 303.49966077400001 }, "geometry": { "type": "Polygon", "coordinates": [ [ [ 67.062051678083009, 24.802577417074033 ], [ 67.062216124861436, 24.802446926435088 ], [ 67.062304211892609, 24.802539403661356 ], [ 67.062139764649189, 24.802669808210982 ], [ 67.062051678083009, 24.802577417074033 ] ] ] } },
{ "type": "Feature", "id": 951, "properties": { "FID": 951, "class": "Defence_SpatialJoin", "SolarPV_Area(sqm)": 79.912301786499995, "Rooftop_Area(sqm)": 299.44466439899998 }, "geometry": { "type": "Polygon", "coordinates": [ [ [ 67.066336662611349, 24.80177605659496 ], [ 67.066500019812892, 24.801650850118051 ], [ 67.066586781405832, 24.801745562003802 ], [ 67.066423425146851, 24.8018707677255 ], [ 67.066336662611349, 24.80177605659496 ] ] ] } },
{ "type": "Feature", "id": 952, "properties": { "FID": 952, "class": "Defence_SpatialJoin", "SolarPV_Area(sqm)": 68.994588466600007, "Rooftop_Area(sqm)": 286.45598405499999 }, "geometry": { "type": "Polygon", "coordinates": [ [ [ 67.062535927275562, 24.80451396441897 ], [ 67.062632468378965, 24.804437311182564 ], [ 67.062774007565324, 24.804586004474515 ], [ 67.062677557425005, 24.804662587268009 ], [ 67.062535927275562, 24.80451396441897 ] ] ] } },
{ "type": "Feature", "id": 953, "properties": { "FID": 953, "class": "Defence_SpatialJoin", "SolarPV_Area(sqm)": 0.0, "Rooftop_Area(sqm)": 365.28138754499997 }, "geometry": { "type": "Polygon", "coordinates": [ [ [ 67.057380100142936, 24.809022963495448 ], [ 67.057427552148724, 24.808982329769947 ], [ 67.057409188994413, 24.808964414538067 ], [ 67.057547090667072, 24.808846497038438 ], [ 67.057567361931746, 24.80886625894772 ], [ 67.057554999374275, 24.809083463436554 ], [ 67.057533818392784, 24.809101583734769 ], [ 67.057554635824047, 24.809121860385027 ], [ 67.05751572834312, 24.809155154216047 ], [ 67.057380100142936, 24.809022963495448 ] ] ] } },
{ "type": "Feature", "id": 954, "properties": { "FID": 954, "class": "Defence_SpatialJoin", "SolarPV_Area(sqm)": 0.0, "Rooftop_Area(sqm)": 392.90596957000002 }, "geometry": { "type": "Polygon", "coordinates": [ [ [ 67.061541067441766, 24.806658309020801 ], [ 67.061770601284195, 24.806473622653446 ], [ 67.061852415695256, 24.806558337988111 ], [ 67.061622880704746, 24.806743025316383 ], [ 67.061541067441766, 24.806658309020801 ] ] ] } },
{ "type": "Feature", "id": 955, "properties": { "FID": 955, "class": "Defence_SpatialJoin", "SolarPV_Area(sqm)": 99.830726120199998, "Rooftop_Area(sqm)": 575.686161739 }, "geometry": { "type": "Polygon", "coordinates": [ [ [ 67.056090741395607, 24.80698355851564 ], [ 67.056256460114568, 24.806851410953982 ], [ 67.056422788812924, 24.807024203772606 ], [ 67.056257070300632, 24.807156437687212 ], [ 67.056090741395607, 24.80698355851564 ] ] ] } },
{ "type": "Feature", "id": 956, "properties": { "FID": 956, "class": "Defence_SpatialJoin", "SolarPV_Area(sqm)": 85.786347359299995, "Rooftop_Area(sqm)": 479.31268403199999 }, "geometry": { "type": "Polygon", "coordinates": [ [ [ 67.064448359054936, 24.806730237914621 ], [ 67.064487563379586, 24.806703060598913 ], [ 67.064465564674478, 24.806679688178953 ], [ 67.064540925280383, 24.80662055851726 ], [ 67.064751551453384, 24.806844224374363 ], [ 67.0646369872956, 24.806930532442138 ], [ 67.064448359054936, 24.806730237914621 ] ] ] } },
{ "type": "Feature", "id": 957, "properties": { "FID": 957, "class": "Defence_SpatialJoin", "SolarPV_Area(sqm)": 68.004475173000003, "Rooftop_Area(sqm)": 281.79402693200001 }, "geometry": { "type": "Polygon", "coordinates": [ [ [ 67.066608726108981, 24.808893708044579 ], [ 67.066646558487989, 24.808861047670387 ], [ 67.066621469280477, 24.808834869992459 ], [ 67.066673193713882, 24.808793552400633 ], [ 67.066831641182205, 24.808958900172012 ], [ 67.066741992749925, 24.809032864360937 ], [ 67.066608726108981, 24.808893708044579 ] ] ] } },
{ "type": "Feature", "id": 958, "properties": { "FID": 958, "class": "Defence_SpatialJoin", "SolarPV_Area(sqm)": 0.0, "Rooftop_Area(sqm)": 233.820951807 }, "geometry": { "type": "Polygon", "coordinates": [ [ [ 67.057517728384241, 24.807960270891769 ], [ 67.057618905502977, 24.807878390615386 ], [ 67.057729445084775, 24.807992179808359 ], [ 67.057628267901009, 24.808074060155729 ], [ 67.057517728384241, 24.807960270891769 ] ] ] } },
{ "type": "Feature", "id": 959, "properties": { "FID": 959, "class": "Defence_SpatialJoin", "SolarPV_Area(sqm)": 0.0, "Rooftop_Area(sqm)": 244.922232417 }, "geometry": { "type": "Polygon", "coordinates": [ [ [ 67.060655926586634, 24.803397444750747 ], [ 67.060746285561379, 24.80333013770376 ], [ 67.060869099769903, 24.803477133843167 ], [ 67.060778741197936, 24.803544356616666 ], [ 67.060655926586634, 24.803397444750747 ] ] ] } },
{ "type": "Feature", "id": 960, "properties": { "FID": 960, "class": "Defence_SpatialJoin", "SolarPV_Area(sqm)": 0.0, "Rooftop_Area(sqm)": 379.08640167200002 }, "geometry": { "type": "Polygon", "coordinates": [ [ [ 67.057160384140261, 24.809154182048918 ], [ 67.057321557114207, 24.809026600324586 ], [ 67.057461276671333, 24.80917372235826 ], [ 67.057404643746509, 24.809218600647164 ], [ 67.057362100539621, 24.809173798488107 ], [ 67.057257651861349, 24.809256516798015 ], [ 67.057160384140261, 24.809154182048918 ] ] ] } },
{ "type": "Feature", "id": 961, "properties": { "FID": 961, "class": "Defence_SpatialJoin", "SolarPV_Area(sqm)": 107.291062244, "Rooftop_Area(sqm)": 1115.59955238 }, "geometry": { "type": "Polygon", "coordinates": [ [ [ 67.066341117950714, 24.80235029651239 ], [ 67.066536223466599, 24.802150735990992 ], [ 67.066779535204319, 24.802404835598129 ], [ 67.066584430062747, 24.802604310311061 ], [ 67.066341117950714, 24.80235029651239 ] ] ] } },
{ "type": "Feature", "id": 962, "properties": { "FID": 962, "class": "Defence_SpatialJoin", "SolarPV_Area(sqm)": 79.588516760299996, "Rooftop_Area(sqm)": 502.98898894299998 }, "geometry": { "type": "Polygon", "coordinates": [ [ [ 67.063613877027663, 24.805841827337233 ], [ 67.063670691780601, 24.805794237969256 ], [ 67.063636784907871, 24.805760571667751 ], [ 67.063684055612612, 24.805720844629899 ], [ 67.063704599730656, 24.805741332949651 ], [ 67.063685145794636, 24.805757597257045 ], [ 67.063698508990697, 24.805770860516091 ], [ 67.063717962928095, 24.805754596207027 ], [ 67.063922579050384, 24.805966652984946 ], [ 67.063809940106054, 24.806062437645455 ], [ 67.063613877027663, 24.805841827337233 ] ] ] } },
{ "type": "Feature", "id": 963, "properties": { "FID": 963, "class": "Defence_SpatialJoin", "SolarPV_Area(sqm)": 0.0, "Rooftop_Area(sqm)": 794.38849161400003 }, "geometry": { "type": "Polygon", "coordinates": [ [ [ 67.058588853120042, 24.80864740278702 ], [ 67.058822113898941, 24.808474353165586 ], [ 67.058991377562876, 24.808664351653093 ], [ 67.058954107489214, 24.808692098968404 ], [ 67.058926017586032, 24.808660566147978 ], [ 67.058876384083803, 24.80869743021951 ], [ 67.058904472997142, 24.808728962995986 ], [ 67.058758208415185, 24.808837501557857 ], [ 67.05868857508753, 24.808759277206594 ], [ 67.058718300931872, 24.808737149991845 ], [ 67.058697211158588, 24.808713496911974 ], [ 67.058667485318693, 24.808735624122935 ], [ 67.058588853120042, 24.80864740278702 ] ] ] } },
{ "type": "Feature", "id": 964, "properties": { "FID": 964, "class": "Defence_SpatialJoin", "SolarPV_Area(sqm)": 61.9713837989, "Rooftop_Area(sqm)": 456.74584141399998 }, "geometry": { "type": "Polygon", "coordinates": [ [ [ 67.063787985543428, 24.807782094824454 ], [ 67.063891435512886, 24.807697667795043 ], [ 67.064084932114994, 24.807928017555252 ], [ 67.063981391494053, 24.80801243000078 ], [ 67.063787985543428, 24.807782094824454 ] ] ] } },
{ "type": "Feature", "id": 965, "properties": { "FID": 965, "class": "Defence_SpatialJoin", "SolarPV_Area(sqm)": 0.0, "Rooftop_Area(sqm)": 112.01837326 }, "geometry": { "type": "Polygon", "coordinates": [ [ [ 67.061037909524202, 24.806926483750125 ], [ 67.061135904727408, 24.806850494868872 ], [ 67.061162086152962, 24.806878643195308 ], [ 67.061181357412039, 24.806863717611311 ], [ 67.061204901996348, 24.806888962595231 ], [ 67.061087726001389, 24.80697989179966 ], [ 67.061037909524202, 24.806926483750125 ] ] ] } },
{ "type": "Feature", "id": 966, "properties": { "FID": 966, "class": "Defence_SpatialJoin", "SolarPV_Area(sqm)": 0.0, "Rooftop_Area(sqm)": 285.83205267300002 }, "geometry": { "type": "Polygon", "coordinates": [ [ [ 67.064535652364768, 24.808200645418346 ], [ 67.064614103386845, 24.808135519503658 ], [ 67.064787250396066, 24.808312262989837 ], [ 67.06470888980158, 24.808377403695893 ], [ 67.064535652364768, 24.808200645418346 ] ] ] } },
{ "type": "Feature", "id": 967, "properties": { "FID": 967, "class": "Defence_SpatialJoin", "SolarPV_Area(sqm)": 129.616174457, "Rooftop_Area(sqm)": 440.14004064 }, "geometry": { "type": "Polygon", "coordinates": [ [ [ 67.065000721803045, 24.806252992678566 ], [ 67.065044992562491, 24.806217652660273 ], [ 67.065090899830622, 24.806265729762384 ], [ 67.065129625306611, 24.806234880092251 ], [ 67.06531944088313, 24.806435163573742 ], [ 67.06521762717891, 24.806516353195139 ], [ 67.065051446680869, 24.806340731040805 ], [ 67.065070264456551, 24.806325816525266 ], [ 67.065000721803045, 24.806252992678566 ] ] ] } },
{ "type": "Feature", "id": 968, "properties": { "FID": 968, "class": "Defence_SpatialJoin", "SolarPV_Area(sqm)": 163.413850024, "Rooftop_Area(sqm)": 315.02220993899999 }, "geometry": { "type": "Polygon", "coordinates": [ [ [ 67.063984576910954, 24.799464087679571 ], [ 67.064111398767309, 24.799362241384809 ], [ 67.06422878138163, 24.79948651338746 ], [ 67.064101868557913, 24.799588258891994 ], [ 67.063984576910954, 24.799464087679571 ] ] ] } },
{ "type": "Feature", "id": 969, "properties": { "FID": 969, "class": "Defence_SpatialJoin", "SolarPV_Area(sqm)": 0.0, "Rooftop_Area(sqm)": 268.658179072 }, "geometry": { "type": "Polygon", "coordinates": [ [ [ 67.066568561999574, 24.809192118044646 ], [ 67.06665610339509, 24.809121960956183 ], [ 67.066788097658247, 24.809259202306276 ], [ 67.066757190332538, 24.809283961793842 ], [ 67.066779825826714, 24.80930752240819 ], [ 67.066723191244705, 24.809352834803555 ], [ 67.066568561999574, 24.809192118044646 ] ] ] } },
{ "type": "Feature", "id": 970, "properties": { "FID": 970, "class": "Defence_SpatialJoin", "SolarPV_Area(sqm)": 43.230749051399997, "Rooftop_Area(sqm)": 469.210945272 }, "geometry": { "type": "Polygon", "coordinates": [ [ [ 67.058746663062337, 24.809062787301055 ], [ 67.058780116204275, 24.80903339924021 ], [ 67.05875811690791, 24.809012504930607 ], [ 67.058797206415818, 24.808978299586638 ], [ 67.058748572653087, 24.808932002902754 ], [ 67.0588079191931, 24.808878104616081 ], [ 67.05901018165342, 24.809070260292646 ], [ 67.058878292735216, 24.809187838313402 ], [ 67.058746663062337, 24.809062787301055 ] ] ] } },
{ "type": "Feature", "id": 971, "properties": { "FID": 971, "class": "Defence_SpatialJoin", "SolarPV_Area(sqm)": 0.0, "Rooftop_Area(sqm)": 1364.51565893 }, "geometry": { "type": "Polygon", "coordinates": [ [ [ 67.066526472775962, 24.803489480018392 ], [ 67.066579288645883, 24.803443037202815 ], [ 67.066542380858834, 24.803406922768541 ], [ 67.066644558993744, 24.80331989030736 ], [ 67.06679473369762, 24.803466640361115 ], [ 67.066707101768969, 24.803542512362906 ], [ 67.066730373667212, 24.803565320508071 ], [ 67.066675466190503, 24.803613562550538 ], [ 67.0666973741954, 24.80363486818662 ], [ 67.06664892230971, 24.803676715344078 ], [ 67.066724555044416, 24.803750435004268 ], [ 67.066785189502426, 24.803698670709636 ], [ 67.066786007554867, 24.803647781717167 ], [ 67.066827186906409, 24.803648263265917 ], [ 67.066812461081057, 24.803634011204867 ], [ 67.066829096429629, 24.803619770581111 ], [ 67.066829187611461, 24.803610640615979 ], [ 67.066839732126965, 24.803610715986856 ], [ 67.06688563969098, 24.803571364461622 ], [ 67.066908638440893, 24.80359378644086 ], [ 67.066957182034216, 24.803552209729844 ], [ 67.06708317591125, 24.803674723513712 ], [ 67.0669859990617, 24.8037580319683 ], [ 67.066955090930875, 24.803728011434849 ], [ 67.066877093920837, 24.803794839240016 ], [ 67.066907911101595, 24.803824759800506 ], [ 67.066814460446679, 24.803904907576694 ], [ 67.066809824589669, 24.803900314445944 ], [ 67.06680891489745, 24.803901023395149 ], [ 67.066673012334832, 24.803768110690882 ], [ 67.066542018085755, 24.803644107345526 ], [ 67.066600833795746, 24.803592307998702 ], [ 67.066588288651161, 24.803580116299123 ], [ 67.06660501456733, 24.803565889513226 ], [ 67.066526472775962, 24.803489480018392 ] ] ] } },
{ "type": "Feature", "id": 972, "properties": { "FID": 972, "class": "Defence_SpatialJoin", "SolarPV_Area(sqm)": 0.0, "Rooftop_Area(sqm)": 282.332595717 }, "geometry": { "type": "Polygon", "coordinates": [ [ [ 67.058118060275262, 24.805789766769379 ], [ 67.058298050664703, 24.805653932479913 ], [ 67.058372228288661, 24.805735879876075 ], [ 67.058192329287337, 24.805871729006881 ], [ 67.058118060275262, 24.805789766769379 ] ] ] } },
{ "type": "Feature", "id": 973, "properties": { "FID": 973, "class": "Defence_SpatialJoin", "SolarPV_Area(sqm)": 0.0, "Rooftop_Area(sqm)": 233.88291628299999 }, "geometry": { "type": "Polygon", "coordinates": [ [ [ 67.062590198128959, 24.804767725655967 ], [ 67.062676011608886, 24.804694471047043 ], [ 67.062807005615952, 24.804822236987349 ], [ 67.062721191533612, 24.804895576903341 ], [ 67.062590198128959, 24.804767725655967 ] ] ] } },
{ "type": "Feature", "id": 974, "properties": { "FID": 974, "class": "Defence_SpatialJoin", "SolarPV_Area(sqm)": 0.0, "Rooftop_Area(sqm)": 276.84336290800002 }, "geometry": { "type": "Polygon", "coordinates": [ [ [ 67.05660344897754, 24.806615256859018 ], [ 67.05669471721454, 24.806544086025344 ], [ 67.056834765635898, 24.806701534112712 ], [ 67.056743497739518, 24.806772790309168 ], [ 67.05660344897754, 24.806615256859018 ] ] ] } },
{ "type": "Feature", "id": 975, "properties": { "FID": 975, "class": "Defence_SpatialJoin", "SolarPV_Area(sqm)": 59.466213228400001, "Rooftop_Area(sqm)": 433.68927201100001 }, "geometry": { "type": "Polygon", "coordinates": [ [ [ 67.05892883563935, 24.808763142645752 ], [ 67.059035012197768, 24.808677623417751 ], [ 67.059241365082897, 24.808891034650284 ], [ 67.059197367516632, 24.808926414816632 ], [ 67.059178550322386, 24.808906973092661 ], [ 67.05911637181498, 24.808957026158264 ], [ 67.05892883563935, 24.808763142645752 ] ] ] } },
{ "type": "Feature", "id": 976, "properties": { "FID": 976, "class": "Defence_SpatialJoin", "SolarPV_Area(sqm)": 0.0, "Rooftop_Area(sqm)": 263.01418212599998 }, "geometry": { "type": "Polygon", "coordinates": [ [ [ 67.065931498861303, 24.802116553366801 ], [ 67.066016767655825, 24.802048932050337 ], [ 67.066175397460341, 24.802215587867838 ], [ 67.066090128525801, 24.802283210163591 ], [ 67.066053220770456, 24.802244446268471 ], [ 67.066075038274988, 24.802227279081084 ], [ 67.06602985813447, 24.802179832794987 ], [ 67.066008131629715, 24.802197099070629 ], [ 67.065931498861303, 24.802116553366801 ] ] ] } },
{ "type": "Feature", "id": 977, "properties": { "FID": 977, "class": "Defence_SpatialJoin", "SolarPV_Area(sqm)": 0.0, "Rooftop_Area(sqm)": 260.508505781 }, "geometry": { "type": "Polygon", "coordinates": [ [ [ 67.061014274993056, 24.804837805357938 ], [ 67.061097361683153, 24.804773172121248 ], [ 67.061246536050476, 24.804932753606021 ], [ 67.061163449656462, 24.804997473099604 ], [ 67.061014274993056, 24.804837805357938 ] ] ] } },
{ "type": "Feature", "id": 978, "properties": { "FID": 978, "class": "Defence_SpatialJoin", "SolarPV_Area(sqm)": 97.850882091900004, "Rooftop_Area(sqm)": 318.15166997900002 }, "geometry": { "type": "Polygon", "coordinates": [ [ [ 67.058805952101466, 24.807798767838868 ], [ 67.058897564796098, 24.807726367310995 ], [ 67.059064646898989, 24.807899776304588 ], [ 67.058973124614113, 24.807972191636424 ], [ 67.058805952101466, 24.807798767838868 ] ] ] } },
{ "type": "Feature", "id": 979, "properties": { "FID": 979, "class": "Defence_SpatialJoin", "SolarPV_Area(sqm)": 0.0, "Rooftop_Area(sqm)": 395.09730521500001 }, "geometry": { "type": "Polygon", "coordinates": [ [ [ 67.064251028838683, 24.804233406668097 ], [ 67.064458473675458, 24.804066171904939 ], [ 67.064582831743508, 24.804194747173273 ], [ 67.064457383016247, 24.804295802058487 ], [ 67.064373114127775, 24.804208725938288 ], [ 67.064291117907203, 24.804274905935795 ], [ 67.064251028838683, 24.804233406668097 ] ] ] } },
{ "type": "Feature", "id": 980, "properties": { "FID": 980, "class": "Defence_SpatialJoin", "SolarPV_Area(sqm)": 113.18178367, "Rooftop_Area(sqm)": 374.16923111400001 }, "geometry": { "type": "Polygon", "coordinates": [ [ [ 67.063238636450279, 24.806245818296173 ], [ 67.063364160949192, 24.806153083532287 ], [ 67.063505423618579, 24.806306298809279 ], [ 67.063383429735964, 24.806404145901812 ], [ 67.063238636450279, 24.806245818296173 ] ] ] } },
{ "type": "Feature", "id": 981, "properties": { "FID": 981, "class": "Defence_SpatialJoin", "SolarPV_Area(sqm)": 0.0, "Rooftop_Area(sqm)": 77.322754166600006 }, "geometry": { "type": "Polygon", "coordinates": [ [ [ 67.064626375279829, 24.80460650866112 ], [ 67.064690099597243, 24.804549262437881 ], [ 67.06474855201877, 24.804603549472922 ], [ 67.064684827307559, 24.804660709540602 ], [ 67.064626375279829, 24.80460650866112 ] ] ] } },
{ "type": "Feature", "id": 982, "properties": { "FID": 982, "class": "Defence_SpatialJoin", "SolarPV_Area(sqm)": 53.409153045300002, "Rooftop_Area(sqm)": 324.58484876 }, "geometry": { "type": "Polygon", "coordinates": [ [ [ 67.064255492249188, 24.801704281861106 ], [ 67.064346570432804, 24.801628724598778 ], [ 67.06451038034497, 24.801806130277296 ], [ 67.064419303483703, 24.801881772971736 ], [ 67.064255492249188, 24.801704281861106 ] ] ] } },
{ "type": "Feature", "id": 983, "properties": { "FID": 983, "class": "Defence_SpatialJoin", "SolarPV_Area(sqm)": 57.033088305900002, "Rooftop_Area(sqm)": 218.43957773100001 }, "geometry": { "type": "Polygon", "coordinates": [ [ [ 67.065930771648809, 24.806841366514554 ], [ 67.066018131071061, 24.806774512562729 ], [ 67.066136258948845, 24.806904025710171 ], [ 67.066048899399846, 24.806970880619662 ], [ 67.065930771648809, 24.806841366514554 ] ] ] } },
{ "type": "Feature", "id": 984, "properties": { "FID": 984, "class": "Defence_SpatialJoin", "SolarPV_Area(sqm)": 0.0, "Rooftop_Area(sqm)": 306.25891235400002 }, "geometry": { "type": "Polygon", "coordinates": [ [ [ 67.062616469151067, 24.804385678940445 ], [ 67.062786824442156, 24.804236998772456 ], [ 67.062873275243177, 24.80431972613281 ], [ 67.062703102032884, 24.804468264446488 ], [ 67.062616469151067, 24.804385678940445 ] ] ] } },
{ "type": "Feature", "id": 985, "properties": { "FID": 985, "class": "Defence_SpatialJoin", "SolarPV_Area(sqm)": 0.0, "Rooftop_Area(sqm)": 804.35413518400003 }, "geometry": { "type": "Polygon", "coordinates": [ [ [ 67.058859021372541, 24.808290329627269 ], [ 67.058930926351508, 24.808234922171668 ], [ 67.05898328709786, 24.808291561381221 ], [ 67.059056011123872, 24.808235601673825 ], [ 67.059254909771838, 24.808450630263131 ], [ 67.059037466665558, 24.808618113181936 ], [ 67.058920381393392, 24.808491476372989 ], [ 67.058998286265094, 24.808431395785828 ], [ 67.05901928585358, 24.808454094452795 ], [ 67.059086009363313, 24.808402637305882 ], [ 67.059068555419273, 24.808383757557042 ], [ 67.059016558061245, 24.808423829614142 ], [ 67.058931107904044, 24.808331433425121 ], [ 67.058911199856283, 24.80834668269452 ], [ 67.058859021372541, 24.808290329627269 ] ] ] } },
{ "type": "Feature", "id": 986, "properties": { "FID": 986, "class": "Defence_SpatialJoin", "SolarPV_Area(sqm)": 0.0, "Rooftop_Area(sqm)": 280.61993059899999 }, "geometry": { "type": "Polygon", "coordinates": [ [ [ 67.065673419113395, 24.809596266155737 ], [ 67.065761597392694, 24.809528519457444 ], [ 67.06591268160841, 24.809692339777204 ], [ 67.065824503241288, 24.8097600865575 ], [ 67.065673419113395, 24.809596266155737 ] ] ] } },
{ "type": "Feature", "id": 987, "properties": { "FID": 987, "class": "Defence_SpatialJoin", "SolarPV_Area(sqm)": 65.254966515199996, "Rooftop_Area(sqm)": 372.84954827299998 }, "geometry": { "type": "Polygon", "coordinates": [ [ [ 67.058336321752051, 24.80818991493652 ], [ 67.05846804166319, 24.808078775001789 ], [ 67.058598398406616, 24.808207466436212 ], [ 67.058466677856572, 24.808318691715353 ], [ 67.05841858998906, 24.80827120177679 ], [ 67.058396318505118, 24.808290001726487 ], [ 67.058363501509746, 24.808257621232105 ], [ 67.058385772989922, 24.808238821287162 ], [ 67.058336321752051, 24.80818991493652 ] ] ] } },
{ "type": "Feature", "id": 988, "properties": { "FID": 988, "class": "Defence_SpatialJoin", "SolarPV_Area(sqm)": 0.0, "Rooftop_Area(sqm)": 257.18622092200002 }, "geometry": { "type": "Polygon", "coordinates": [ [ [ 67.061208537751995, 24.804690333461085 ], [ 67.061295443078478, 24.804624520963277 ], [ 67.061435617305747, 24.804778635098071 ], [ 67.061348712876239, 24.804844447722541 ], [ 67.061208537751995, 24.804690333461085 ] ] ] } },
{ "type": "Feature", "id": 989, "properties": { "FID": 989, "class": "Defence_SpatialJoin", "SolarPV_Area(sqm)": 132.00893781600001, "Rooftop_Area(sqm)": 308.03010298700002 }, "geometry": { "type": "Polygon", "coordinates": [ [ [ 67.062118402177575, 24.803893662767411 ], [ 67.062284485621433, 24.803763780302202 ], [ 67.062338119247215, 24.803820879272163 ], [ 67.062355845293538, 24.803807070866938 ], [ 67.062387116333255, 24.803840398195543 ], [ 67.062203398606442, 24.803984190094685 ], [ 67.062118402177575, 24.803893662767411 ] ] ] } },
{ "type": "Feature", "id": 990, "properties": { "FID": 990, "class": "Defence_SpatialJoin", "SolarPV_Area(sqm)": 0.0, "Rooftop_Area(sqm)": 408.91958662899998 }, "geometry": { "type": "Polygon", "coordinates": [ [ [ 67.06495263316684, 24.803968211273261 ], [ 67.065050992887151, 24.803885352647864 ], [ 67.065263710447809, 24.804095508949583 ], [ 67.065203440131512, 24.804146304629874 ], [ 67.065169896257359, 24.804113123881958 ], [ 67.06513180712949, 24.804145273135358 ], [ 67.06495263316684, 24.803968211273261 ] ] ] } },
{ "type": "Feature", "id": 991, "properties": { "FID": 991, "class": "Defence_SpatialJoin", "SolarPV_Area(sqm)": 0.0, "Rooftop_Area(sqm)": 284.03182971400003 }, "geometry": { "type": "Polygon", "coordinates": [ [ [ 67.058616943191154, 24.807064379206054 ], [ 67.058776388998822, 24.806935829532463 ], [ 67.058861566093228, 24.807023823136753 ], [ 67.058702120205837, 24.807152372896343 ], [ 67.058616943191154, 24.807064379206054 ] ] ] } },
{ "type": "Feature", "id": 992, "properties": { "FID": 992, "class": "Defence_SpatialJoin", "SolarPV_Area(sqm)": 102.38316617, "Rooftop_Area(sqm)": 520.10187877600004 }, "geometry": { "type": "Polygon", "coordinates": [ [ [ 67.059111462469573, 24.809434287127896 ], [ 67.059193094460582, 24.809366175607014 ], [ 67.059178095343839, 24.809351195584782 ], [ 67.059231819894364, 24.8093064456104 ], [ 67.059330087556134, 24.809404583100441 ], [ 67.059308361714884, 24.809422615354045 ], [ 67.059421719011553, 24.809535918962229 ], [ 67.059308088784164, 24.809630662237758 ], [ 67.059111462469573, 24.809434287127896 ] ] ] } },
{ "type": "Feature", "id": 993, "properties": { "FID": 993, "class": "Defence_SpatialJoin", "SolarPV_Area(sqm)": 107.45498598, "Rooftop_Area(sqm)": 288.85234955099997 }, "geometry": { "type": "Polygon", "coordinates": [ [ [ 67.064419566874733, 24.802438869505949 ], [ 67.064499563192257, 24.802371682249611 ], [ 67.064675784233344, 24.802541096762607 ], [ 67.064595787301755, 24.802608369345052 ], [ 67.064419566874733, 24.802438869505949 ] ] ] } },
{ "type": "Feature", "id": 994, "properties": { "FID": 994, "class": "Defence_SpatialJoin", "SolarPV_Area(sqm)": 90.984321567799995, "Rooftop_Area(sqm)": 319.90837062100002 }, "geometry": { "type": "Polygon", "coordinates": [ [ [ 67.060023506231886, 24.807857873747558 ], [ 67.060223859652098, 24.807702330832125 ], [ 67.060300052131879, 24.807783608145186 ], [ 67.060099698671678, 24.807939150260932 ], [ 67.060023506231886, 24.807857873747558 ] ] ] } },
{ "type": "Feature", "id": 995, "properties": { "FID": 995, "class": "Defence_SpatialJoin", "SolarPV_Area(sqm)": 0.0, "Rooftop_Area(sqm)": 306.31877275 }, "geometry": { "type": "Polygon", "coordinates": [ [ [ 67.057060571123728, 24.8065482213166 ], [ 67.057161384422386, 24.806470384722619 ], [ 67.057305739813387, 24.806626029777917 ], [ 67.057204836291803, 24.806703937932625 ], [ 67.057060571123728, 24.8065482213166 ] ] ] } },
{ "type": "Feature", "id": 996, "properties": { "FID": 996, "class": "Defence_SpatialJoin", "SolarPV_Area(sqm)": 159.75623188399999, "Rooftop_Area(sqm)": 552.16234452200001 }, "geometry": { "type": "Polygon", "coordinates": [ [ [ 67.06667785647889, 24.803283927999757 ], [ 67.066927637579951, 24.803079371599917 ], [ 67.067043632135579, 24.803195487385601 ], [ 67.066831277920599, 24.80337228084246 ], [ 67.066761917036644, 24.803302819879224 ], [ 67.066724490550456, 24.80333049775783 ], [ 67.06667785647889, 24.803283927999757 ] ] ] } },
{ "type": "Feature", "id": 997, "properties": { "FID": 997, "class": "Defence_SpatialJoin", "SolarPV_Area(sqm)": 62.725762027499997, "Rooftop_Area(sqm)": 310.860707467 }, "geometry": { "type": "Polygon", "coordinates": [ [ [ 67.058523220221872, 24.807129430354667 ], [ 67.058617215156758, 24.807051689676797 ], [ 67.058763753429275, 24.807199311010635 ], [ 67.058747935865838, 24.807212400461836 ], [ 67.058762390003722, 24.807226951064081 ], [ 67.058684212550446, 24.807291602386552 ], [ 67.058523220221872, 24.807129430354667 ] ] ] } },
{ "type": "Feature", "id": 998, "properties": { "FID": 998, "class": "Defence_SpatialJoin", "SolarPV_Area(sqm)": 0.0, "Rooftop_Area(sqm)": 311.41168454500001 }, "geometry": { "type": "Polygon", "coordinates": [ [ [ 67.065355689935245, 24.801346506101719 ], [ 67.065438413528113, 24.801276508176016 ], [ 67.065611244605918, 24.801461506127943 ], [ 67.065528612026895, 24.80153143271842 ], [ 67.065355689935245, 24.801346506101719 ] ] ] } },
{ "type": "Feature", "id": 999, "properties": { "FID": 999, "class": "Defence_SpatialJoin", "SolarPV_Area(sqm)": 102.120615614, "Rooftop_Area(sqm)": 519.40167420199998 }, "geometry": { "type": "Polygon", "coordinates": [ [ [ 67.062387025811304, 24.801269213400754 ], [ 67.062476385383391, 24.801197468051306 ], [ 67.062459385598274, 24.801179772644769 ], [ 67.062478112226955, 24.801164673119157 ], [ 67.062693192500305, 24.801387858194435 ], [ 67.062585016595065, 24.801474689449204 ], [ 67.062562835140838, 24.801451715612597 ], [ 67.062540109576702, 24.801469931362465 ], [ 67.062404661547177, 24.801329399054755 ], [ 67.062427387638593, 24.80131109809086 ], [ 67.062387025811304, 24.801269213400754 ] ] ] } },
{ "type": "Feature", "id": 1000, "properties": { "FID": 1000, "class": "Defence_SpatialJoin", "SolarPV_Area(sqm)": 0.0, "Rooftop_Area(sqm)": 214.36318229599999 }, "geometry": { "type": "Polygon", "coordinates": [ [ [ 67.057484821187288, 24.805845784917974 ], [ 67.05759208841107, 24.805755655995373 ], [ 67.057628814064628, 24.805792084815796 ], [ 67.05768171976554, 24.805747629846859 ], [ 67.057714717800735, 24.805780380787073 ], [ 67.057690810508362, 24.805800455682423 ], [ 67.05769862762476, 24.805808210383997 ], [ 67.057562271381087, 24.805922705633236 ], [ 67.057484821187288, 24.805845784917974 ] ] ] } },
{ "type": "Feature", "id": 1001, "properties": { "FID": 1001, "class": "Defence_SpatialJoin", "SolarPV_Area(sqm)": 0.0, "Rooftop_Area(sqm)": 216.495287572 }, "geometry": { "type": "Polygon", "coordinates": [ [ [ 67.057511728608745, 24.806784603739999 ], [ 67.057541454693009, 24.806762818679015 ], [ 67.057521546226894, 24.806740209627179 ], [ 67.057565271245224, 24.806708119036038 ], [ 67.057711990759671, 24.806874656519071 ], [ 67.057638539955249, 24.806928618411533 ], [ 67.057511728608745, 24.806784603739999 ] ] ] } },
{ "type": "Feature", "id": 1002, "properties": { "FID": 1002, "class": "Defence_SpatialJoin", "SolarPV_Area(sqm)": 120.202628352, "Rooftop_Area(sqm)": 350.24044329899999 }, "geometry": { "type": "Polygon", "coordinates": [ [ [ 67.063954008758913, 24.808597473338256 ], [ 67.064030402592763, 24.808537973953381 ], [ 67.064016585504888, 24.808523611210777 ], [ 67.064079946493507, 24.808473060504827 ], [ 67.064151579000523, 24.8085478462887 ], [ 67.064173032454832, 24.808530707772224 ], [ 67.064220963791158, 24.808582355905539 ], [ 67.064059664472637, 24.808709444626153 ], [ 67.063954008758913, 24.808597473338256 ] ] ] } },
{ "type": "Feature", "id": 1003, "properties": { "FID": 1003, "class": "Defence_SpatialJoin", "SolarPV_Area(sqm)": 40.808403231100002, "Rooftop_Area(sqm)": 497.43828052399999 }, "geometry": { "type": "Polygon", "coordinates": [ [ [ 67.057002393364584, 24.808627675580841 ], [ 67.057059753621104, 24.808583426848273 ], [ 67.057073662173849, 24.808598402589784 ], [ 67.057195018897687, 24.808504736477047 ], [ 67.057326227319621, 24.808640257669783 ], [ 67.057147510249251, 24.808778171772484 ], [ 67.057002393364584, 24.808627675580841 ] ] ] } },
{ "type": "Feature", "id": 1004, "properties": { "FID": 1004, "class": "Defence_SpatialJoin", "SolarPV_Area(sqm)": 49.030438157799999, "Rooftop_Area(sqm)": 332.13109783200002 }, "geometry": { "type": "Polygon", "coordinates": [ [ [ 67.058283597494281, 24.80763150926586 ], [ 67.058107161542836, 24.807452083864217 ], [ 67.058197623054042, 24.807375080076543 ], [ 67.058369572595964, 24.807555253805599 ], [ 67.058283597494281, 24.80763150926586 ] ] ] } },
{ "type": "Feature", "id": 1005, "properties": { "FID": 1005, "class": "Defence_SpatialJoin", "SolarPV_Area(sqm)": 96.341525105200006, "Rooftop_Area(sqm)": 1081.7288863000001 }, "geometry": { "type": "Polygon", "coordinates": [ [ [ 67.060746639821943, 24.809037060411246 ], [ 67.060544309701413, 24.809190503051163 ], [ 67.060289898335739, 24.808913237502903 ], [ 67.060492228168414, 24.808759794283805 ], [ 67.060746639821943, 24.809037060411246 ] ] ] } },
{ "type": "Feature", "id": 1006, "properties": { "FID": 1006, "class": "Defence_SpatialJoin", "SolarPV_Area(sqm)": 0.0, "Rooftop_Area(sqm)": 246.79900815299999 }, "geometry": { "type": "Polygon", "coordinates": [ [ [ 67.062276339808349, 24.808375134362301 ], [ 67.062387073528768, 24.808269383524834 ], [ 67.062478496933892, 24.808378091540629 ], [ 67.062367763146113, 24.808483842442062 ], [ 67.062276339808349, 24.808375134362301 ] ] ] } },
{ "type": "Feature", "id": 1007, "properties": { "FID": 1007, "class": "Defence_SpatialJoin", "SolarPV_Area(sqm)": 108.67820936299999, "Rooftop_Area(sqm)": 471.90390097900001 }, "geometry": { "type": "Polygon", "coordinates": [ [ [ 67.061539306641563, 24.80217178341265 ], [ 67.0614295832696, 24.802056434600416 ], [ 67.06163496137313, 24.801893960734244 ], [ 67.061748201558615, 24.801998759497366 ], [ 67.061539306641563, 24.80217178341265 ] ] ] } },
{ "type": "Feature", "id": 1008, "properties": { "FID": 1008, "class": "Defence_SpatialJoin", "SolarPV_Area(sqm)": 0.0, "Rooftop_Area(sqm)": 411.37859118 }, "geometry": { "type": "Polygon", "coordinates": [ [ [ 67.061648544940411, 24.806541960221452 ], [ 67.061418512853209, 24.806292116562645 ], [ 67.061496885428625, 24.806219958125741 ], [ 67.061726917619865, 24.806469801668172 ], [ 67.061648544940411, 24.806541960221452 ] ] ] } },
{ "type": "Feature", "id": 1009, "properties": { "FID": 1009, "class": "Defence_SpatialJoin", "SolarPV_Area(sqm)": 69.066909692899998, "Rooftop_Area(sqm)": 647.69484637799997 }, "geometry": { "type": "Polygon", "coordinates": [ [ [ 67.063227785672154, 24.804239588119263 ], [ 67.0631111663902, 24.80409174291788 ], [ 67.063348673675904, 24.803904398213966 ], [ 67.063465293131159, 24.804052244148416 ], [ 67.063227785672154, 24.804239588119263 ] ] ] } },
{ "type": "Feature", "id": 1010, "properties": { "FID": 1010, "class": "Defence_SpatialJoin", "SolarPV_Area(sqm)": 0.0, "Rooftop_Area(sqm)": 268.55271265699997 }, "geometry": { "type": "Polygon", "coordinates": [ [ [ 67.066067723077069, 24.806135118291795 ], [ 67.066158980164928, 24.806045369464609 ], [ 67.066288370460228, 24.80617693476438 ], [ 67.066197113316974, 24.806266683670934 ], [ 67.066067723077069, 24.806135118291795 ] ] ] } },
{ "type": "Feature", "id": 1011, "properties": { "FID": 1011, "class": "Defence_SpatialJoin", "SolarPV_Area(sqm)": 88.993988417099999, "Rooftop_Area(sqm)": 488.53296315199998 }, "geometry": { "type": "Polygon", "coordinates": [ [ [ 67.065956509013361, 24.805970521882486 ], [ 67.066133581459411, 24.80580628043823 ], [ 67.066254561415434, 24.805936712913361 ], [ 67.066077489885629, 24.806100953654436 ], [ 67.065956509013361, 24.805970521882486 ] ] ] } },
{ "type": "Feature", "id": 1012, "properties": { "FID": 1012, "class": "Defence_SpatialJoin", "SolarPV_Area(sqm)": 125.352487088, "Rooftop_Area(sqm)": 528.89390592799998 }, "geometry": { "type": "Polygon", "coordinates": [ [ [ 67.06561752925019, 24.805715175223252 ], [ 67.065706825382819, 24.805628268530693 ], [ 67.06596718568872, 24.805895786471197 ], [ 67.065877889443058, 24.805982693319059 ], [ 67.06561752925019, 24.805715175223252 ] ] ] } },
{ "type": "Feature", "id": 1013, "properties": { "FID": 1013, "class": "Defence_SpatialJoin", "SolarPV_Area(sqm)": 108.092921945, "Rooftop_Area(sqm)": 392.12494689699997 }, "geometry": { "type": "Polygon", "coordinates": [ [ [ 67.066014340473373, 24.805868205486412 ], [ 67.065865109861122, 24.805725826975056 ], [ 67.065980531048524, 24.805604851347756 ], [ 67.066129761780971, 24.805747228844485 ], [ 67.066014340473373, 24.805868205486412 ] ] ] } },
{ "type": "Feature", "id": 1014, "properties": { "FID": 1014, "class": "Defence_SpatialJoin", "SolarPV_Area(sqm)": 106.89675705099999, "Rooftop_Area(sqm)": 617.333514648 }, "geometry": { "type": "Polygon", "coordinates": [ [ [ 67.066556173810014, 24.805917139291701 ], [ 67.066290944973844, 24.805683738615972 ], [ 67.066392466793488, 24.805568372382947 ], [ 67.066657695635087, 24.80580177375645 ], [ 67.066556173810014, 24.805917139291701 ] ] ] } },
{ "type": "Feature", "id": 1015, "properties": { "FID": 1015, "class": "Defence_SpatialJoin", "SolarPV_Area(sqm)": 196.16336930200001, "Rooftop_Area(sqm)": 508.7643439 }, "geometry": { "type": "Polygon", "coordinates": [ [ [ 67.066288370416899, 24.805657343741192 ], [ 67.06604143388391, 24.805428171691045 ], [ 67.066131782091787, 24.805330819966741 ], [ 67.066378718696186, 24.80555999185874 ], [ 67.066288370416899, 24.805657343741192 ] ] ] } },
{ "type": "Feature", "id": 1016, "properties": { "FID": 1016, "class": "Defence_SpatialJoin", "SolarPV_Area(sqm)": 56.039643812599998, "Rooftop_Area(sqm)": 782.07076827900005 }, "geometry": { "type": "Polygon", "coordinates": [ [ [ 67.066650483412062, 24.805724072157446 ], [ 67.066490603462881, 24.805560215702624 ], [ 67.066705644864015, 24.805350394161415 ], [ 67.066865523998956, 24.805514250333964 ], [ 67.066650483412062, 24.805724072157446 ] ] ] } },
{ "type": "Feature", "id": 1017, "properties": { "FID": 1017, "class": "Defence_SpatialJoin", "SolarPV_Area(sqm)": 0.0, "Rooftop_Area(sqm)": 310.60805502599999 }, "geometry": { "type": "Polygon", "coordinates": [ [ [ 67.06618249486381, 24.806030132856105 ], [ 67.066288052643372, 24.805921026890903 ], [ 67.066417378991019, 24.806046147252786 ], [ 67.066311821215777, 24.80615525241803 ], [ 67.06618249486381, 24.806030132856105 ] ] ] } },
{ "type": "Feature", "id": 1018, "properties": { "FID": 1018, "class": "Defence_SpatialJoin", "SolarPV_Area(sqm)": 0.0, "Rooftop_Area(sqm)": 304.398380256 }, "geometry": { "type": "Polygon", "coordinates": [ [ [ 67.066351539958561, 24.805918028742308 ], [ 67.066180810878279, 24.805759191571283 ], [ 67.066259010645553, 24.805675137742721 ], [ 67.066429739711793, 24.805833975713707 ], [ 67.066351539958561, 24.805918028742308 ] ] ] } },
{ "type": "Feature", "id": 1019, "properties": { "FID": 1019, "class": "Defence_SpatialJoin", "SolarPV_Area(sqm)": 0.0, "Rooftop_Area(sqm)": 123.02024838200001 }, "geometry": { "type": "Polygon", "coordinates": [ [ [ 67.066144237757371, 24.805712505991032 ], [ 67.06602501672954, 24.805593284788586 ], [ 67.066070392008186, 24.805547909053203 ], [ 67.066189613059933, 24.805667130218922 ], [ 67.066144237757371, 24.805712505991032 ] ] ] } },
{ "type": "Feature", "id": 1020, "properties": { "FID": 1020, "class": "Defence_SpatialJoin", "SolarPV_Area(sqm)": 0.0, "Rooftop_Area(sqm)": 1011.46602827 }, "geometry": { "type": "Polygon", "coordinates": [ [ [ 67.066170038882277, 24.805249856843488 ], [ 67.066374578106704, 24.805055318066163 ], [ 67.066591761863279, 24.805283665383811 ], [ 67.066387223386144, 24.805478204506059 ], [ 67.066170038882277, 24.805249856843488 ] ] ] } },
{ "type": "Feature", "id": 1021, "properties": { "FID": 1021, "class": "Defence_SpatialJoin", "SolarPV_Area(sqm)": 0.0, "Rooftop_Area(sqm)": 288.78852418899999 }, "geometry": { "type": "Polygon", "coordinates": [ [ [ 67.067131816211599, 24.8054740637936 ], [ 67.066997344082694, 24.805340452751434 ], [ 67.067091779735506, 24.805245407805742 ], [ 67.067226251919209, 24.805379018761371 ], [ 67.067131816211599, 24.8054740637936 ] ] ] } },
{ "type": "Feature", "id": 1022, "properties": { "FID": 1022, "class": "Defence_SpatialJoin", "SolarPV_Area(sqm)": 108.707003285, "Rooftop_Area(sqm)": 1019.059359 }, "geometry": { "type": "Polygon", "coordinates": [ [ [ 67.066707424822624, 24.805286334423322 ], [ 67.066488312463775, 24.805039723248516 ], [ 67.066691409487362, 24.804859274048301 ], [ 67.066910521148912, 24.805105884889901 ], [ 67.066707424822624, 24.805286334423322 ] ] ] } },
{ "type": "Feature", "id": 1023, "properties": { "FID": 1023, "class": "Defence_SpatialJoin", "SolarPV_Area(sqm)": 0.0, "Rooftop_Area(sqm)": 1291.5908685700001 }, "geometry": { "type": "Polygon", "coordinates": [ [ [ 67.067582009975951, 24.805124407163941 ], [ 67.067249651479813, 24.804766751511814 ], [ 67.067420082241952, 24.804608374948266 ], [ 67.067752440998902, 24.804966031127048 ], [ 67.067582009975951, 24.805124407163941 ] ] ] } },
{ "type": "Feature", "id": 1024, "properties": { "FID": 1024, "class": "Defence_SpatialJoin", "SolarPV_Area(sqm)": 0.0, "Rooftop_Area(sqm)": 479.88312445600002 }, "geometry": { "type": "Polygon", "coordinates": [ [ [ 67.068079357412358, 24.80471869956892 ], [ 67.06784965977026, 24.804479393776646 ], [ 67.067941453138786, 24.804391285693974 ], [ 67.068171150888148, 24.804630591346577 ], [ 67.068079357412358, 24.80471869956892 ] ] ] } },
{ "type": "Feature", "id": 1025, "properties": { "FID": 1025, "class": "Defence_SpatialJoin", "SolarPV_Area(sqm)": 0.0, "Rooftop_Area(sqm)": 475.11731012500002 }, "geometry": { "type": "Polygon", "coordinates": [ [ [ 67.067804437481684, 24.804429543754747 ], [ 67.06757533701024, 24.804200442869504 ], [ 67.067666532506905, 24.804109247938637 ], [ 67.067895632090767, 24.80433834862977 ], [ 67.067804437481684, 24.804429543754747 ] ] ] } },
{ "type": "Feature", "id": 1026, "properties": { "FID": 1026, "class": "Defence_SpatialJoin", "SolarPV_Area(sqm)": 0.0, "Rooftop_Area(sqm)": 449.24981448599999 }, "geometry": { "type": "Polygon", "coordinates": [ [ [ 67.06821281432282, 24.804600367669465 ], [ 67.067964452616408, 24.804370052767652 ], [ 67.068043769412853, 24.804284520652036 ], [ 67.068292131182062, 24.804514835414146 ], [ 67.06821281432282, 24.804600367669465 ] ] ] } },
{ "type": "Feature", "id": 1027, "properties": { "FID": 1027, "class": "Defence_SpatialJoin", "SolarPV_Area(sqm)": 0.0, "Rooftop_Area(sqm)": 967.87388011099995 }, "geometry": { "type": "Polygon", "coordinates": [ [ [ 67.068111387811271, 24.804257829648705 ], [ 67.068303112073863, 24.804066920501683 ], [ 67.068525102385408, 24.804289859322278 ], [ 67.068333377931822, 24.804480768757468 ], [ 67.068111387811271, 24.804257829648705 ] ] ] } },
{ "type": "Feature", "id": 1028, "properties": { "FID": 1028, "class": "Defence_SpatialJoin", "SolarPV_Area(sqm)": 110.81146339599999, "Rooftop_Area(sqm)": 338.42251376899998 }, "geometry": { "type": "Polygon", "coordinates": [ [ [ 67.066331966662489, 24.806458972421872 ], [ 67.066429529253256, 24.806371900676503 ], [ 67.066581085208114, 24.806541715952008 ], [ 67.066483522467209, 24.806628788685437 ], [ 67.066331966662489, 24.806458972421872 ] ] ] } },
{ "type": "Feature", "id": 1029, "properties": { "FID": 1029, "class": "Defence_SpatialJoin", "SolarPV_Area(sqm)": 0.0, "Rooftop_Area(sqm)": 283.97243309300001 }, "geometry": { "type": "Polygon", "coordinates": [ [ [ 67.066519695698574, 24.806632466803588 ], [ 67.066594270264375, 24.806559148309411 ], [ 67.066761696476775, 24.806729444339467 ], [ 67.066687121852368, 24.806802762917574 ], [ 67.066519695698574, 24.806632466803588 ] ] ] } },
{ "type": "Feature", "id": 1030, "properties": { "FID": 1030, "class": "Defence_SpatialJoin", "SolarPV_Area(sqm)": 47.583143935400003, "Rooftop_Area(sqm)": 265.24075194300002 }, "geometry": { "type": "Polygon", "coordinates": [ [ [ 67.066608666887518, 24.806535488328841 ], [ 67.066446766037345, 24.806371901607172 ], [ 67.066518805842975, 24.806300604554959 ], [ 67.066680705766743, 24.806464191145647 ], [ 67.066608666887518, 24.806535488328841 ] ] ] } },
{ "type": "Feature", "id": 1031, "properties": { "FID": 1031, "class": "Defence_SpatialJoin", "SolarPV_Area(sqm)": 86.544134337399996, "Rooftop_Area(sqm)": 262.13514398299998 }, "geometry": { "type": "Polygon", "coordinates": [ [ [ 67.066689629918457, 24.806458083324486 ], [ 67.06656352717502, 24.806330321426291 ], [ 67.066654931157473, 24.806240104403734 ], [ 67.066781033954314, 24.806367866224278 ], [ 67.066689629918457, 24.806458083324486 ] ] ] } },
{ "type": "Feature", "id": 1032, "properties": { "FID": 1032, "class": "Defence_SpatialJoin", "SolarPV_Area(sqm)": 0.0, "Rooftop_Area(sqm)": 239.02079129000001 }, "geometry": { "type": "Polygon", "coordinates": [ [ [ 67.066791057428844, 24.806710760901201 ], [ 67.066634826043028, 24.806558020796761 ], [ 67.066702086358575, 24.806489223012619 ], [ 67.066858317786952, 24.806641963044779 ], [ 67.066791057428844, 24.806710760901201 ] ] ] } },
{ "type": "Feature", "id": 1033, "properties": { "FID": 1033, "class": "Defence_SpatialJoin", "SolarPV_Area(sqm)": 0.0, "Rooftop_Area(sqm)": 265.15107253799999 }, "geometry": { "type": "Polygon", "coordinates": [ [ [ 67.066880027864386, 24.80662178975367 ], [ 67.066727439945936, 24.806482994918191 ], [ 67.066803512758412, 24.806399362201859 ], [ 67.0669561007102, 24.806538156954112 ], [ 67.066880027864386, 24.80662178975367 ] ] ] } },
{ "type": "Feature", "id": 1034, "properties": { "FID": 1034, "class": "Defence_SpatialJoin", "SolarPV_Area(sqm)": 32.016832618199999, "Rooftop_Area(sqm)": 274.09304713699999 }, "geometry": { "type": "Polygon", "coordinates": [ [ [ 67.06702060276757, 24.806209711683817 ], [ 67.066868110779438, 24.806055591860552 ], [ 67.066947147923386, 24.805977390067181 ], [ 67.067099638986946, 24.806131509756845 ], [ 67.06702060276757, 24.806209711683817 ] ] ] } },
{ "type": "Feature", "id": 1035, "properties": { "FID": 1035, "class": "Defence_SpatialJoin", "SolarPV_Area(sqm)": 0.0, "Rooftop_Area(sqm)": 282.33804192100001 }, "geometry": { "type": "Polygon", "coordinates": [ [ [ 67.067232424648395, 24.806388507410741 ], [ 67.067052842998621, 24.80621340233068 ], [ 67.067121958080406, 24.806142520518964 ], [ 67.067301539722635, 24.806317626407974 ], [ 67.067232424648395, 24.806388507410741 ] ] ] } },
{ "type": "Feature", "id": 1036, "properties": { "FID": 1036, "class": "Defence_SpatialJoin", "SolarPV_Area(sqm)": 0.0, "Rooftop_Area(sqm)": 230.82771075299999 }, "geometry": { "type": "Polygon", "coordinates": [ [ [ 67.067123096925727, 24.806116897305259 ], [ 67.066975726388918, 24.805961969416952 ], [ 67.067044518048647, 24.805896533496529 ], [ 67.067191888638547, 24.806051461318059 ], [ 67.067123096925727, 24.806116897305259 ] ] ] } },
{ "type": "Feature", "id": 1037, "properties": { "FID": 1037, "class": "Defence_SpatialJoin", "SolarPV_Area(sqm)": 0.0, "Rooftop_Area(sqm)": 314.833068293 }, "geometry": { "type": "Polygon", "coordinates": [ [ [ 67.067145873632782, 24.806116327704302 ], [ 67.067217239821844, 24.806045821753195 ], [ 67.067411220972573, 24.806242168138109 ], [ 67.067339854719606, 24.806312674182543 ], [ 67.067145873632782, 24.806116327704302 ] ] ] } },
{ "type": "Feature", "id": 1038, "properties": { "FID": 1038, "class": "Defence_SpatialJoin", "SolarPV_Area(sqm)": 0.0, "Rooftop_Area(sqm)": 296.46714728500001 }, "geometry": { "type": "Polygon", "coordinates": [ [ [ 67.0674288730538, 24.806227933289296 ], [ 67.067256065176366, 24.80605308672915 ], [ 67.067331502923395, 24.805978529438637 ], [ 67.067504309938272, 24.806153374964158 ], [ 67.0674288730538, 24.806227933289296 ] ] ] } },
{ "type": "Feature", "id": 1039, "properties": { "FID": 1039, "class": "Defence_SpatialJoin", "SolarPV_Area(sqm)": 0.0, "Rooftop_Area(sqm)": 264.59803226600002 }, "geometry": { "type": "Polygon", "coordinates": [ [ [ 67.067227299463141, 24.806032624037268 ], [ 67.067067410729251, 24.805874411945499 ], [ 67.067140179560013, 24.805800871903582 ], [ 67.067300068343314, 24.805959083915873 ], [ 67.067227299463141, 24.806032624037268 ] ] ] } },
{ "type": "Feature", "id": 1040, "properties": { "FID": 1040, "class": "Defence_SpatialJoin", "SolarPV_Area(sqm)": 0.0, "Rooftop_Area(sqm)": 286.26941573599998 }, "geometry": { "type": "Polygon", "coordinates": [ [ [ 67.06732580869739, 24.805954613906881 ], [ 67.067165895875121, 24.805781840359376 ], [ 67.067244381979833, 24.805709195917817 ], [ 67.067404294873427, 24.805881969384028 ], [ 67.06732580869739, 24.805954613906881 ] ] ] } },
{ "type": "Feature", "id": 1041, "properties": { "FID": 1041, "class": "Defence_SpatialJoin", "SolarPV_Area(sqm)": 0.0, "Rooftop_Area(sqm)": 298.361004622 }, "geometry": { "type": "Polygon", "coordinates": [ [ [ 67.067534783767158, 24.806148215143573 ], [ 67.067362091611741, 24.805967246691601 ], [ 67.067437983370681, 24.805894825390315 ], [ 67.067610675593997, 24.806075793755802 ], [ 67.067534783767158, 24.806148215143573 ] ] ] } },
{ "type": "Feature", "id": 1042, "properties": { "FID": 1042, "class": "Defence_SpatialJoin", "SolarPV_Area(sqm)": 0.0, "Rooftop_Area(sqm)": 269.83668749399999 }, "geometry": { "type": "Polygon", "coordinates": [ [ [ 67.067429442596008, 24.805876604323448 ], [ 67.067261589352029, 24.805695301735131 ], [ 67.067332072089528, 24.80563004741434 ], [ 67.067499925400639, 24.805811349926014 ], [ 67.067429442596008, 24.805876604323448 ] ] ] } },
{ "type": "Feature", "id": 1043, "properties": { "FID": 1043, "class": "Defence_SpatialJoin", "SolarPV_Area(sqm)": 74.432189093700003, "Rooftop_Area(sqm)": 353.03339319100002 }, "geometry": { "type": "Polygon", "coordinates": [ [ [ 67.067510867963918, 24.805805996853682 ], [ 67.067340340106441, 24.805622990857124 ], [ 67.0674311503751, 24.805538371528357 ], [ 67.067601679298761, 24.805721377476473 ], [ 67.067510867963918, 24.805805996853682 ] ] ] } },
{ "type": "Feature", "id": 1044, "properties": { "FID": 1044, "class": "Defence_SpatialJoin", "SolarPV_Area(sqm)": 0.0, "Rooftop_Area(sqm)": 259.54710563700002 }, "geometry": { "type": "Polygon", "coordinates": [ [ [ 67.067640694825869, 24.806053122585656 ], [ 67.067458980043924, 24.805881503175609 ], [ 67.067521687487769, 24.805815106849714 ], [ 67.067703402252135, 24.805986727074234 ], [ 67.067640694825869, 24.806053122585656 ] ] ] } },
{ "type": "Feature", "id": 1045, "properties": { "FID": 1045, "class": "Defence_SpatialJoin", "SolarPV_Area(sqm)": 0.0, "Rooftop_Area(sqm)": 263.14690296700002 }, "geometry": { "type": "Polygon", "coordinates": [ [ [ 67.067727815454475, 24.805963155389239 ], [ 67.067560330201601, 24.805805035580182 ], [ 67.067629307120001, 24.805731973187275 ], [ 67.067796792470332, 24.805890092020785 ], [ 67.067727815454475, 24.805963155389239 ] ] ] } },
{ "type": "Feature", "id": 1046, "properties": { "FID": 1046, "class": "Defence_SpatialJoin", "SolarPV_Area(sqm)": 46.056102721599999, "Rooftop_Area(sqm)": 545.11782122299996 }, "geometry": { "type": "Polygon", "coordinates": [ [ [ 67.067642972351791, 24.805715459475309 ], [ 67.067477557455021, 24.805550044799613 ], [ 67.067622473693589, 24.805405128925869 ], [ 67.067787888696259, 24.805570543438865 ], [ 67.067642972351791, 24.805715459475309 ] ] ] } },
{ "type": "Feature", "id": 1047, "properties": { "FID": 1047, "class": "Defence_SpatialJoin", "SolarPV_Area(sqm)": 0.0, "Rooftop_Area(sqm)": 275.10253000500001 }, "geometry": { "type": "Polygon", "coordinates": [ [ [ 67.067834865559391, 24.805894825210146 ], [ 67.067668295098287, 24.805725322763166 ], [ 67.067740912056038, 24.8056539632544 ], [ 67.067907481594105, 24.80582346556783 ], [ 67.067834865559391, 24.805894825210146 ] ] ] } },
{ "type": "Feature", "id": 1048, "properties": { "FID": 1048, "class": "Defence_SpatialJoin", "SolarPV_Area(sqm)": 0.0, "Rooftop_Area(sqm)": 269.637836392 }, "geometry": { "type": "Polygon", "coordinates": [ [ [ 67.067948179055392, 24.805807135108779 ], [ 67.067771463573621, 24.805656538647099 ], [ 67.06783771228919, 24.805578799905831 ], [ 67.068014427734738, 24.805729397174925 ], [ 67.067948179055392, 24.805807135108779 ] ] ] } },
{ "type": "Feature", "id": 1049, "properties": { "FID": 1049, "class": "Defence_SpatialJoin", "SolarPV_Area(sqm)": 0.0, "Rooftop_Area(sqm)": 318.56290596299999 }, "geometry": { "type": "Polygon", "coordinates": [ [ [ 67.067841128549759, 24.805550899144205 ], [ 67.067670721516606, 24.805386803294709 ], [ 67.067752869609521, 24.805301495278076 ], [ 67.067923276695922, 24.805465591030426 ], [ 67.067841128549759, 24.805550899144205 ] ] ] } },
{ "type": "Feature", "id": 1050, "properties": { "FID": 1050, "class": "Defence_SpatialJoin", "SolarPV_Area(sqm)": 0.0, "Rooftop_Area(sqm)": 249.94644004400001 }, "geometry": { "type": "Polygon", "coordinates": [ [ [ 67.068023911072061, 24.805716598537447 ], [ 67.067866955858605, 24.805570892578849 ], [ 67.067936790807423, 24.805495666099393 ], [ 67.068093746055993, 24.8056413719803 ], [ 67.068023911072061, 24.805716598537447 ] ] ] } },
{ "type": "Feature", "id": 1051, "properties": { "FID": 1051, "class": "Defence_SpatialJoin", "SolarPV_Area(sqm)": 0.0, "Rooftop_Area(sqm)": 239.37196345699999 }, "geometry": { "type": "Polygon", "coordinates": [ [ [ 67.067945331920058, 24.805461500444558 ], [ 67.067777392054012, 24.805301868645763 ], [ 67.067839989614953, 24.805236012815985 ], [ 67.06800793049868, 24.805395644593581 ], [ 67.067945331920058, 24.805461500444558 ] ] ] } },
{ "type": "Feature", "id": 1052, "properties": { "FID": 1052, "class": "Defence_SpatialJoin", "SolarPV_Area(sqm)": 50.905781123200001, "Rooftop_Area(sqm)": 296.724327039 }, "geometry": { "type": "Polygon", "coordinates": [ [ [ 67.068027327337333, 24.805388615499734 ], [ 67.067859487079204, 24.805237729055062 ], [ 67.067936790738955, 24.80515173965879 ], [ 67.068104631031844, 24.805302626009819 ], [ 67.068027327337333, 24.805388615499734 ] ] ] } },
{ "type": "Feature", "id": 1053, "properties": { "FID": 1053, "class": "Defence_SpatialJoin", "SolarPV_Area(sqm)": 0.0, "Rooftop_Area(sqm)": 271.925790737 }, "geometry": { "type": "Polygon", "coordinates": [ [ [ 67.068121173952576, 24.805635100807333 ], [ 67.06796480437248, 24.805488985526381 ], [ 67.068041100669177, 24.805407335642645 ], [ 67.068197470288766, 24.805553450839337 ], [ 67.068121173952576, 24.805635100807333 ] ] ] } },
{ "type": "Feature", "id": 1054, "properties": { "FID": 1054, "class": "Defence_SpatialJoin", "SolarPV_Area(sqm)": 57.104378189899997, "Rooftop_Area(sqm)": 292.90963479499999 }, "geometry": { "type": "Polygon", "coordinates": [ [ [ 67.068218104393125, 24.805558346537758 ], [ 67.06805371663468, 24.805408539264466 ], [ 67.068131735522002, 24.805322928077725 ], [ 67.068296122337713, 24.805472735206891 ], [ 67.068218104393125, 24.805558346537758 ] ] ] } },
{ "type": "Feature", "id": 1055, "properties": { "FID": 1055, "class": "Defence_SpatialJoin", "SolarPV_Area(sqm)": 60.617804528599997, "Rooftop_Area(sqm)": 282.93969192200001 }, "geometry": { "type": "Polygon", "coordinates": [ [ [ 67.06832050797432, 24.80547635107267 ], [ 67.068163778713341, 24.805338429022953 ], [ 67.068242521120766, 24.805248949500978 ], [ 67.068399249430556, 24.805386871408281 ], [ 67.06832050797432, 24.80547635107267 ] ] ] } },
{ "type": "Feature", "id": 1056, "properties": { "FID": 1056, "class": "Defence_SpatialJoin", "SolarPV_Area(sqm)": 112.228027729, "Rooftop_Area(sqm)": 467.59487957499999 }, "geometry": { "type": "Polygon", "coordinates": [ [ [ 67.068425462631879, 24.805384151417726 ], [ 67.068286652836065, 24.80525709325115 ], [ 67.06843420865448, 24.805095890937146 ], [ 67.068573017531278, 24.805222948905111 ], [ 67.068425462631879, 24.805384151417726 ] ] ] } },
{ "type": "Feature", "id": 1057, "properties": { "FID": 1057, "class": "Defence_SpatialJoin", "SolarPV_Area(sqm)": 0.0, "Rooftop_Area(sqm)": 252.072776057 }, "geometry": { "type": "Polygon", "coordinates": [ [ [ 67.068361004035893, 24.805136934002213 ], [ 67.068217636332918, 24.804993029610859 ], [ 67.068294952694956, 24.804916001362578 ], [ 67.068438320390271, 24.805059906573312 ], [ 67.068361004035893, 24.805136934002213 ] ] ] } },
{ "type": "Feature", "id": 1058, "properties": { "FID": 1058, "class": "Defence_SpatialJoin", "SolarPV_Area(sqm)": 155.486167435, "Rooftop_Area(sqm)": 405.86979069 }, "geometry": { "type": "Polygon", "coordinates": [ [ [ 67.068572257581891, 24.805024190643085 ], [ 67.068372512955165, 24.804832522203249 ], [ 67.068461791307925, 24.804739483278475 ], [ 67.068661535021533, 24.804931151542021 ], [ 67.068572257581891, 24.805024190643085 ] ] ] } },
{ "type": "Feature", "id": 1059, "properties": { "FID": 1059, "class": "Defence_SpatialJoin", "SolarPV_Area(sqm)": 0.0, "Rooftop_Area(sqm)": 342.60190002100001 }, "geometry": { "type": "Polygon", "coordinates": [ [ [ 67.068696959050243, 24.804928528923806 ], [ 67.0685018689462, 24.804731780482101 ], [ 67.068579090729727, 24.804655210087411 ], [ 67.068774180902409, 24.804851958427363 ], [ 67.068696959050243, 24.804928528923806 ] ] ] } },
{ "type": "Feature", "id": 1060, "properties": { "FID": 1060, "class": "Defence_SpatialJoin", "SolarPV_Area(sqm)": 0.0, "Rooftop_Area(sqm)": 357.38456847999998 }, "geometry": { "type": "Polygon", "coordinates": [ [ [ 67.068810272295252, 24.804831728123819 ], [ 67.068610376866744, 24.804634779984831 ], [ 67.068688987402538, 24.804554992435005 ], [ 67.068888883876596, 24.80475194051867 ], [ 67.068810272295252, 24.804831728123819 ] ] ] } },
{ "type": "Feature", "id": 1061, "properties": { "FID": 1061, "class": "Defence_SpatialJoin", "SolarPV_Area(sqm)": 156.004847184, "Rooftop_Area(sqm)": 396.00969370199999 }, "geometry": { "type": "Polygon", "coordinates": [ [ [ 67.068905365314237, 24.804694499628621 ], [ 67.068758481662442, 24.804554731476543 ], [ 67.068876893702765, 24.804430290916734 ], [ 67.0690237774173, 24.804570058947277 ], [ 67.068905365314237, 24.804694499628621 ] ] ] } },
{ "type": "Feature", "id": 1062, "properties": { "FID": 1062, "class": "Defence_SpatialJoin", "SolarPV_Area(sqm)": 217.11258457400001, "Rooftop_Area(sqm)": 843.67987466 }, "geometry": { "type": "Polygon", "coordinates": [ [ [ 67.068917465327388, 24.805161775315039 ], [ 67.068719902394989, 24.804966703569651 ], [ 67.068907677592094, 24.804776530706196 ], [ 67.069105240680713, 24.80497160219787 ], [ 67.068917465327388, 24.805161775315039 ] ] ] } },
{ "type": "Feature", "id": 1063, "properties": { "FID": 1063, "class": "Defence_SpatialJoin", "SolarPV_Area(sqm)": 119.989283801, "Rooftop_Area(sqm)": 829.90391809300002 }, "geometry": { "type": "Polygon", "coordinates": [ [ [ 67.069134553957994, 24.804946465184621 ], [ 67.068952209474375, 24.804765019454248 ], [ 67.069152348073544, 24.804563890187971 ], [ 67.069334692715444, 24.804745335669892 ], [ 67.069134553957994, 24.804946465184621 ] ] ] } },
{ "type": "Feature", "id": 1064, "properties": { "FID": 1064, "class": "Defence_SpatialJoin", "SolarPV_Area(sqm)": 0.0, "Rooftop_Area(sqm)": 1246.66654969 }, "geometry": { "type": "Polygon", "coordinates": [ [ [ 67.069195944067701, 24.805002516814906 ], [ 67.069465214042069, 24.804750152162203 ], [ 67.069668380425711, 24.804966928534846 ], [ 67.069399111189, 24.805219292702468 ], [ 67.069195944067701, 24.805002516814906 ] ] ] } },
{ "type": "Feature", "id": 1065, "properties": { "FID": 1065, "class": "Defence_SpatialJoin", "SolarPV_Area(sqm)": 0.0, "Rooftop_Area(sqm)": 615.00824731600005 }, "geometry": { "type": "Polygon", "coordinates": [ [ [ 67.069401467244063, 24.805242738436185 ], [ 67.069632415322289, 24.805024053535952 ], [ 67.069749344504089, 24.805147539796209 ], [ 67.069518396282561, 24.805366224873836 ], [ 67.069401467244063, 24.805242738436185 ] ] ] } },
{ "type": "Feature", "id": 1066, "properties": { "FID": 1066, "class": "Defence_SpatialJoin", "SolarPV_Area(sqm)": 0.0, "Rooftop_Area(sqm)": 550.37086048499998 }, "geometry": { "type": "Polygon", "coordinates": [ [ [ 67.069037575869345, 24.80535217337232 ], [ 67.069258655399992, 24.805150705606202 ], [ 67.069367658197365, 24.805270320102565 ], [ 67.06914657858097, 24.805471787128795 ], [ 67.069037575869345, 24.80535217337232 ] ] ] } },
{ "type": "Feature", "id": 1067, "properties": { "FID": 1067, "class": "Defence_SpatialJoin", "SolarPV_Area(sqm)": 0.0, "Rooftop_Area(sqm)": 318.44340911500001 }, "geometry": { "type": "Polygon", "coordinates": [ [ [ 67.06681507984878, 24.806903827857745 ], [ 67.066970974859316, 24.806757013818501 ], [ 67.067060639555095, 24.806852224932758 ], [ 67.066904744469113, 24.806999039063534 ], [ 67.06681507984878, 24.806903827857745 ] ] ] } },
{ "type": "Feature", "id": 1068, "properties": { "FID": 1068, "class": "Defence_SpatialJoin", "SolarPV_Area(sqm)": 56.4115078512, "Rooftop_Area(sqm)": 245.36457495799999 }, "geometry": { "type": "Polygon", "coordinates": [ [ [ 67.066946756485777, 24.807011483244789 ], [ 67.067099804623396, 24.80687033836092 ], [ 67.067170073998909, 24.806946534541936 ], [ 67.067017025856828, 24.807087678600851 ], [ 67.066946756485777, 24.807011483244789 ] ] ] } },
{ "type": "Feature", "id": 1069, "properties": { "FID": 1069, "class": "Defence_SpatialJoin", "SolarPV_Area(sqm)": 0.0, "Rooftop_Area(sqm)": 244.45591155400001 }, "geometry": { "type": "Polygon", "coordinates": [ [ [ 67.067180608065556, 24.806939701264032 ], [ 67.067007482445462, 24.806764883082185 ], [ 67.067069572513816, 24.806703394014729 ], [ 67.067242698183108, 24.806878212124015 ], [ 67.067180608065556, 24.806939701264032 ] ] ] } },
{ "type": "Feature", "id": 1070, "properties": { "FID": 1070, "class": "Defence_SpatialJoin", "SolarPV_Area(sqm)": 61.799151909400003, "Rooftop_Area(sqm)": 292.87960242700001 }, "geometry": { "type": "Polygon", "coordinates": [ [ [ 67.067273991688538, 24.806883898551398 ], [ 67.06712121192075, 24.806719872859261 ], [ 67.067205092482723, 24.806641328126592 ], [ 67.067357872378921, 24.806805352840819 ], [ 67.067273991688538, 24.806883898551398 ] ] ] } },
{ "type": "Feature", "id": 1071, "properties": { "FID": 1071, "class": "Defence_SpatialJoin", "SolarPV_Area(sqm)": 0.0, "Rooftop_Area(sqm)": 214.989298451 }, "geometry": { "type": "Polygon", "coordinates": [ [ [ 67.067141888109106, 24.807173730664864 ], [ 67.067052913155308, 24.807090051635814 ], [ 67.067158970625172, 24.80697728295759 ], [ 67.067247944688575, 24.807060960973509 ], [ 67.067141888109106, 24.807173730664864 ] ] ] } },
{ "type": "Feature", "id": 1072, "properties": { "FID": 1072, "class": "Defence_SpatialJoin", "SolarPV_Area(sqm)": 0.0, "Rooftop_Area(sqm)": 235.888114919 }, "geometry": { "type": "Polygon", "coordinates": [ [ [ 67.067135624687367, 24.807197076248897 ], [ 67.067264484333279, 24.807080243490425 ], [ 67.067344598990431, 24.807168605746632 ], [ 67.067215739282403, 24.807285438571132 ], [ 67.067135624687367, 24.807197076248897 ] ] ] } },
{ "type": "Feature", "id": 1073, "properties": { "FID": 1073, "class": "Defence_SpatialJoin", "SolarPV_Area(sqm)": 0.0, "Rooftop_Area(sqm)": 254.66065321799999 }, "geometry": { "type": "Polygon", "coordinates": [ [ [ 67.067366237077366, 24.807127038218656 ], [ 67.06720507532026, 24.806966944144648 ], [ 67.067274561829862, 24.806896994907138 ], [ 67.067435722598006, 24.80705708974698 ], [ 67.067366237077366, 24.807127038218656 ] ] ] } },
{ "type": "Feature", "id": 1074, "properties": { "FID": 1074, "class": "Defence_SpatialJoin", "SolarPV_Area(sqm)": 48.401455913699998, "Rooftop_Area(sqm)": 236.30863924 }, "geometry": { "type": "Polygon", "coordinates": [ [ [ 67.067452787799425, 24.80702966881007 ], [ 67.067305023429441, 24.806883003035416 ], [ 67.067375347308456, 24.806812152444611 ], [ 67.067523111723105, 24.806958818148388 ], [ 67.067452787799425, 24.80702966881007 ] ] ] } },
{ "type": "Feature", "id": 1075, "properties": { "FID": 1075, "class": "Defence_SpatialJoin", "SolarPV_Area(sqm)": 82.751250780899994, "Rooftop_Area(sqm)": 280.02702604400002 }, "geometry": { "type": "Polygon", "coordinates": [ [ [ 67.067481828599611, 24.806692006088969 ], [ 67.067344106598938, 24.806547890363078 ], [ 67.06743342821953, 24.806462532041269 ], [ 67.067571149303717, 24.806606647633608 ], [ 67.067481828599611, 24.806692006088969 ] ] ] } },
{ "type": "Feature", "id": 1076, "properties": { "FID": 1076, "class": "Defence_SpatialJoin", "SolarPV_Area(sqm)": 102.37455562300001, "Rooftop_Area(sqm)": 268.674170463 }, "geometry": { "type": "Polygon", "coordinates": [ [ [ 67.067689664424918, 24.806533708707388 ], [ 67.06754601090941, 24.806383240884593 ], [ 67.067628168225539, 24.806304803996415 ], [ 67.067771821802097, 24.806455271741285 ], [ 67.067689664424918, 24.806533708707388 ] ] ] } },
{ "type": "Feature", "id": 1077, "properties": { "FID": 1077, "class": "Defence_SpatialJoin", "SolarPV_Area(sqm)": 44.252168378999997, "Rooftop_Area(sqm)": 270.8412136 }, "geometry": { "type": "Polygon", "coordinates": [ [ [ 67.067785326248412, 24.80644374139202 ], [ 67.067647616995046, 24.80630263148413 ], [ 67.067734079013832, 24.80621825295972 ], [ 67.067871788324553, 24.806359362787926 ], [ 67.067785326248412, 24.80644374139202 ] ] ] } },
{ "type": "Feature", "id": 1078, "properties": { "FID": 1078, "class": "Defence_SpatialJoin", "SolarPV_Area(sqm)": 43.678861380299999, "Rooftop_Area(sqm)": 268.75333166600001 }, "geometry": { "type": "Polygon", "coordinates": [ [ [ 67.067905472314436, 24.806361745444409 ], [ 67.0677562461251, 24.806210299238639 ], [ 67.067835435042184, 24.806132271007709 ], [ 67.067984661286573, 24.806283717133962 ], [ 67.067905472314436, 24.806361745444409 ] ] ] } },
{ "type": "Feature", "id": 1079, "properties": { "FID": 1079, "class": "Defence_SpatialJoin", "SolarPV_Area(sqm)": 49.1055495385, "Rooftop_Area(sqm)": 266.78268691400001 }, "geometry": { "type": "Polygon", "coordinates": [ [ [ 67.068003411769155, 24.806274055289041 ], [ 67.067854964283683, 24.806120229257065 ], [ 67.067933943690576, 24.806044011713716 ], [ 67.068082391234654, 24.806197837667781 ], [ 67.068003411769155, 24.806274055289041 ] ] ] } },
{ "type": "Feature", "id": 1080, "properties": { "FID": 1080, "class": "Defence_SpatialJoin", "SolarPV_Area(sqm)": 0.0, "Rooftop_Area(sqm)": 309.27419345099997 }, "geometry": { "type": "Polygon", "coordinates": [ [ [ 67.068330256258264, 24.806038317484155 ], [ 67.06815718719659, 24.80587047549718 ], [ 67.068235733600844, 24.805789483202922 ], [ 67.068408801678572, 24.805957325938103 ], [ 67.068330256258264, 24.806038317484155 ] ] ] } },
{ "type": "Feature", "id": 1081, "properties": { "FID": 1081, "class": "Defence_SpatialJoin", "SolarPV_Area(sqm)": 97.631617526599996, "Rooftop_Area(sqm)": 366.24373658600001 }, "geometry": { "type": "Polygon", "coordinates": [ [ [ 67.068519871199143, 24.805896533332586 ], [ 67.068342565406866, 24.80571580432456 ], [ 67.068432750504158, 24.805626062007214 ], [ 67.068610056370787, 24.805806790907457 ], [ 67.068519871199143, 24.805896533332586 ] ] ] } },
{ "type": "Feature", "id": 1082, "properties": { "FID": 1082, "class": "Defence_SpatialJoin", "SolarPV_Area(sqm)": 0.0, "Rooftop_Area(sqm)": 249.14414803 }, "geometry": { "type": "Polygon", "coordinates": [ [ [ 67.068422501045887, 24.805950058311144 ], [ 67.068265360394278, 24.80579177490694 ], [ 67.068335380910284, 24.805722862221394 ], [ 67.068492521612342, 24.805881145551414 ], [ 67.068422501045887, 24.805950058311144 ] ] ] } },
{ "type": "Feature", "id": 1083, "properties": { "FID": 1083, "class": "Defence_SpatialJoin", "SolarPV_Area(sqm)": 0.0, "Rooftop_Area(sqm)": 265.13304458499999 }, "geometry": { "type": "Polygon", "coordinates": [ [ [ 67.068628629511579, 24.805797455165049 ], [ 67.06846911515423, 24.805628207884155 ], [ 67.06854207794342, 24.805559440385711 ], [ 67.068701593343363, 24.80572868764267 ], [ 67.068628629511579, 24.805797455165049 ] ] ] } },
{ "type": "Feature", "id": 1084, "properties": { "FID": 1084, "class": "Defence_SpatialJoin", "SolarPV_Area(sqm)": 0.0, "Rooftop_Area(sqm)": 222.89659694299999 }, "geometry": { "type": "Polygon", "coordinates": [ [ [ 67.068731124116425, 24.805712042940073 ], [ 67.068584246224361, 24.805555162775139 ], [ 67.068650836933131, 24.805492818844286 ], [ 67.068797713899002, 24.805649698893127 ], [ 67.068731124116425, 24.805712042940073 ] ] ] } },
{ "type": "Feature", "id": 1085, "properties": { "FID": 1085, "class": "Defence_SpatialJoin", "SolarPV_Area(sqm)": 0.0, "Rooftop_Area(sqm)": 270.82238081600002 }, "geometry": { "type": "Polygon", "coordinates": [ [ [ 67.068826216426274, 24.805633464212818 ], [ 67.068670424145495, 24.805461536524675 ], [ 67.068746497676642, 24.805392601884854 ], [ 67.068902290028859, 24.805564529497243 ], [ 67.068826216426274, 24.805633464212818 ] ] ] } },
{ "type": "Feature", "id": 1086, "properties": { "FID": 1086, "class": "Defence_SpatialJoin", "SolarPV_Area(sqm)": 0.0, "Rooftop_Area(sqm)": 308.13600355599999 }, "geometry": { "type": "Polygon", "coordinates": [ [ [ 67.068212387005815, 24.806484169158775 ], [ 67.0680335545822, 24.806306457321039 ], [ 67.068109323580302, 24.806230210175169 ], [ 67.06828815600511, 24.806407922815016 ], [ 67.068212387005815, 24.806484169158775 ] ] ] } },
{ "type": "Feature", "id": 1087, "properties": { "FID": 1087, "class": "Defence_SpatialJoin", "SolarPV_Area(sqm)": 0.0, "Rooftop_Area(sqm)": 274.01518058400001 }, "geometry": { "type": "Polygon", "coordinates": [ [ [ 67.06831032697437, 24.806392493854737 ], [ 67.068139551500494, 24.806220584558908 ], [ 67.068210110059582, 24.806150492653497 ], [ 67.068380884608061, 24.806322401815553 ], [ 67.06831032697437, 24.806392493854737 ] ] ] } },
{ "type": "Feature", "id": 1088, "properties": { "FID": 1088, "class": "Defence_SpatialJoin", "SolarPV_Area(sqm)": 0.0, "Rooftop_Area(sqm)": 268.08642446099998 }, "geometry": { "type": "Polygon", "coordinates": [ [ [ 67.068402571450065, 24.806308789591306 ], [ 67.068241645305903, 24.806144005356188 ], [ 67.068314881397555, 24.806072482919546 ], [ 67.06847580857827, 24.806237267128072 ], [ 67.068402571450065, 24.806308789591306 ] ] ] } },
{ "type": "Feature", "id": 1089, "properties": { "FID": 1089, "class": "Defence_SpatialJoin", "SolarPV_Area(sqm)": 0.0, "Rooftop_Area(sqm)": 278.33717798200001 }, "geometry": { "type": "Polygon", "coordinates": [ [ [ 67.068501650254504, 24.806226794386685 ], [ 67.068342691073639, 24.806062816169732 ], [ 67.068419654547412, 24.805988209459347 ], [ 67.068578612808608, 24.806152187542505 ], [ 67.068501650254504, 24.806226794386685 ] ] ] } },
{ "type": "Feature", "id": 1090, "properties": { "FID": 1090, "class": "Defence_SpatialJoin", "SolarPV_Area(sqm)": 66.081184536699993, "Rooftop_Area(sqm)": 275.57735885599999 }, "geometry": { "type": "Polygon", "coordinates": [ [ [ 67.068706638901929, 24.806072482547069 ], [ 67.06854743866532, 24.805907137338725 ], [ 67.068623504125696, 24.80583389793642 ], [ 67.068782705403194, 24.805999243116666 ], [ 67.068706638901929, 24.806072482547069 ] ] ] } },
{ "type": "Feature", "id": 1091, "properties": { "FID": 1091, "class": "Defence_SpatialJoin", "SolarPV_Area(sqm)": 94.207010355400001, "Rooftop_Area(sqm)": 312.213008479 }, "geometry": { "type": "Polygon", "coordinates": [ [ [ 67.068792051583856, 24.805991625607167 ], [ 67.06863771113747, 24.805829834557002 ], [ 67.068726568566504, 24.805745069685699 ], [ 67.068880909084044, 24.805906860645354 ], [ 67.068792051583856, 24.805991625607167 ] ] ] } },
{ "type": "Feature", "id": 1092, "properties": { "FID": 1092, "class": "Defence_SpatialJoin", "SolarPV_Area(sqm)": 0.0, "Rooftop_Area(sqm)": 254.52412684399999 }, "geometry": { "type": "Polygon", "coordinates": [ [ [ 67.068838743112039, 24.805821371232035 ], [ 67.068756512895561, 24.805732945366159 ], [ 67.068892267887065, 24.805606701911771 ], [ 67.068974498223383, 24.805695126810672 ], [ 67.068838743112039, 24.805821371232035 ] ] ] } },
{ "type": "Feature", "id": 1093, "properties": { "FID": 1093, "class": "Defence_SpatialJoin", "SolarPV_Area(sqm)": 140.37481457800001, "Rooftop_Area(sqm)": 281.51588174300002 }, "geometry": { "type": "Polygon", "coordinates": [ [ [ 67.067303601769837, 24.807379288880473 ], [ 67.067436274740047, 24.807258004106036 ], [ 67.067534214822388, 24.807361637360962 ], [ 67.067399833050544, 24.807475519922058 ], [ 67.067303601769837, 24.807379288880473 ] ] ] } },
{ "type": "Feature", "id": 1094, "properties": { "FID": 1094, "class": "Defence_SpatialJoin", "SolarPV_Area(sqm)": 110.96827998800001, "Rooftop_Area(sqm)": 268.17208295699999 }, "geometry": { "type": "Polygon", "coordinates": [ [ [ 67.067404957677283, 24.807494880731895 ], [ 67.067550727379171, 24.807366192987953 ], [ 67.067635570657117, 24.807461284837792 ], [ 67.067481258567966, 24.807580862098249 ], [ 67.067404957677283, 24.807494880731895 ] ] ] } },
{ "type": "Feature", "id": 1095, "properties": { "FID": 1095, "class": "Defence_SpatialJoin", "SolarPV_Area(sqm)": 73.786974551499995, "Rooftop_Area(sqm)": 340.16142638899998 }, "geometry": { "type": "Polygon", "coordinates": [ [ [ 67.067480689545334, 24.8076030693075 ], [ 67.067642973073177, 24.807472103548982 ], [ 67.06773578755525, 24.807582000657984 ], [ 67.067573504040809, 24.807712396595793 ], [ 67.067480689545334, 24.8076030693075 ] ] ] } },
{ "type": "Feature", "id": 1096, "properties": { "FID": 1096, "class": "Defence_SpatialJoin", "SolarPV_Area(sqm)": 74.830719628599994, "Rooftop_Area(sqm)": 311.58122066700003 }, "geometry": { "type": "Polygon", "coordinates": [ [ [ 67.067834295872004, 24.807628123017871 ], [ 67.067669734969385, 24.807479506452861 ], [ 67.06775970302786, 24.807386691893203 ], [ 67.06792084739395, 24.807557516197562 ], [ 67.067834295872004, 24.807628123017871 ] ] ] } },
{ "type": "Feature", "id": 1097, "properties": { "FID": 1097, "class": "Defence_SpatialJoin", "SolarPV_Area(sqm)": 78.600401446899994, "Rooftop_Area(sqm)": 282.93948348700002 }, "geometry": { "type": "Polygon", "coordinates": [ [ [ 67.067762549223275, 24.807358790336249 ], [ 67.067597988553786, 24.807193090607992 ], [ 67.067673151960719, 24.807119066961761 ], [ 67.067841698110612, 24.807289891356632 ], [ 67.067762549223275, 24.807358790336249 ] ] ] } },
{ "type": "Feature", "id": 1098, "properties": { "FID": 1098, "class": "Defence_SpatialJoin", "SolarPV_Area(sqm)": 0.0, "Rooftop_Area(sqm)": 242.28693515399999 }, "geometry": { "type": "Polygon", "coordinates": [ [ [ 67.067939068169778, 24.807536447505047 ], [ 67.067781340352099, 24.807374164050849 ], [ 67.067850808763424, 24.807305265429743 ], [ 67.068005690172924, 24.80747893709 ], [ 67.067939068169778, 24.807536447505047 ] ] ] } },
{ "type": "Feature", "id": 1099, "properties": { "FID": 1099, "class": "Defence_SpatialJoin", "SolarPV_Area(sqm)": 65.874143182699996, "Rooftop_Area(sqm)": 348.13935215100003 }, "geometry": { "type": "Polygon", "coordinates": [ [ [ 67.068009675571474, 24.807459576877907 ], [ 67.067858781022551, 24.807300709690654 ], [ 67.067961275294024, 24.807217575303572 ], [ 67.068128114054701, 24.807382136183083 ], [ 67.068009675571474, 24.807459576877907 ] ] ] } },
{ "type": "Feature", "id": 1100, "properties": { "FID": 1100, "class": "Defence_SpatialJoin", "SolarPV_Area(sqm)": 0.0, "Rooftop_Area(sqm)": 308.66724795300001 }, "geometry": { "type": "Polygon", "coordinates": [ [ [ 67.068168542480521, 24.807391246569335 ], [ 67.067991454205398, 24.807205618113692 ], [ 67.06807629729434, 24.807135579630778 ], [ 67.068246552261002, 24.807324056432108 ], [ 67.068168542480521, 24.807391246569335 ] ] ] } },
{ "type": "Feature", "id": 1101, "properties": { "FID": 1101, "class": "Defence_SpatialJoin", "SolarPV_Area(sqm)": 0.0, "Rooftop_Area(sqm)": 295.86418534299997 }, "geometry": { "type": "Polygon", "coordinates": [ [ [ 67.067974941384932, 24.807183980225602 ], [ 67.067820060915281, 24.807018849367456 ], [ 67.067899778562406, 24.806939131568821 ], [ 67.068063200626597, 24.807118497612226 ], [ 67.067974941384932, 24.807183980225602 ] ] ] } },
{ "type": "Feature", "id": 1102, "properties": { "FID": 1102, "class": "Defence_SpatialJoin", "SolarPV_Area(sqm)": 0.0, "Rooftop_Area(sqm)": 288.59847085400003 }, "geometry": { "type": "Polygon", "coordinates": [ [ [ 67.068076296940461, 24.807100276070404 ], [ 67.067911166944526, 24.80692034142649 ], [ 67.067986899246279, 24.806853150133996 ], [ 67.068159431536785, 24.807038779492537 ], [ 67.068076296940461, 24.807100276070404 ] ] ] } },
{ "type": "Feature", "id": 1103, "properties": { "FID": 1103, "class": "Defence_SpatialJoin", "SolarPV_Area(sqm)": 0.0, "Rooftop_Area(sqm)": 304.647315478 }, "geometry": { "type": "Polygon", "coordinates": [ [ [ 67.068175375396308, 24.80702682193046 ], [ 67.068006828446542, 24.806846886350122 ], [ 67.068087685489232, 24.80677343189523 ], [ 67.068258510265892, 24.806963047411671 ], [ 67.068175375396308, 24.80702682193046 ] ] ] } },
{ "type": "Feature", "id": 1104, "properties": { "FID": 1104, "class": "Defence_SpatialJoin", "SolarPV_Area(sqm)": 0.0, "Rooftop_Area(sqm)": 301.972554898 }, "geometry": { "type": "Polygon", "coordinates": [ [ [ 67.068289258425736, 24.80694482628137 ], [ 67.068125836656435, 24.806774571113948 ], [ 67.068211248408502, 24.806699408429818 ], [ 67.068374670199091, 24.806876496247863 ], [ 67.068289258425736, 24.80694482628137 ] ] ] } },
{ "type": "Feature", "id": 1105, "properties": { "FID": 1105, "class": "Defence_SpatialJoin", "SolarPV_Area(sqm)": 0.0, "Rooftop_Area(sqm)": 334.71258380699999 }, "geometry": { "type": "Polygon", "coordinates": [ [ [ 67.068597002667133, 24.806717544800449 ], [ 67.068698485368344, 24.806641085264935 ], [ 67.068855574258592, 24.806810686074726 ], [ 67.068761042619485, 24.80689131666794 ], [ 67.068597002667133, 24.806717544800449 ] ] ] } },
{ "type": "Feature", "id": 1106, "properties": { "FID": 1106, "class": "Defence_SpatialJoin", "SolarPV_Area(sqm)": 0.0, "Rooftop_Area(sqm)": 286.45725252099999 }, "geometry": { "type": "Polygon", "coordinates": [ [ [ 67.068887548487709, 24.806800955146276 ], [ 67.068706826210757, 24.806621622635408 ], [ 67.068781895172805, 24.806549334353949 ], [ 67.068958447434866, 24.806743958645871 ], [ 67.068887548487709, 24.806800955146276 ] ] ] } },
{ "type": "Feature", "id": 1107, "properties": { "FID": 1107, "class": "Defence_SpatialJoin", "SolarPV_Area(sqm)": 0.0, "Rooftop_Area(sqm)": 292.59027233 }, "geometry": { "type": "Polygon", "coordinates": [ [ [ 67.068806286272988, 24.806526875098587 ], [ 67.068620657893277, 24.80633498312708 ], [ 67.068701514509939, 24.806266083938599 ], [ 67.068872907924245, 24.806471641971296 ], [ 67.068806286272988, 24.806526875098587 ] ] ] } },
{ "type": "Feature", "id": 1108, "properties": { "FID": 1108, "class": "Defence_SpatialJoin", "SolarPV_Area(sqm)": 0.0, "Rooftop_Area(sqm)": 301.36022628900002 }, "geometry": { "type": "Polygon", "coordinates": [ [ [ 67.06880856413818, 24.806549082579696 ], [ 67.068882205883767, 24.806478903513398 ], [ 67.06906195417622, 24.80666752065051 ], [ 67.068988312361753, 24.806737699804099 ], [ 67.06880856413818, 24.806549082579696 ] ] ] } },
{ "type": "Feature", "id": 1109, "properties": { "FID": 1109, "class": "Defence_SpatialJoin", "SolarPV_Area(sqm)": 0.0, "Rooftop_Area(sqm)": 369.43037428600002 }, "geometry": { "type": "Polygon", "coordinates": [ [ [ 67.068703222870184, 24.80624387644572 ], [ 67.068784143723988, 24.806167846307741 ], [ 67.068984513935604, 24.80638110544707 ], [ 67.068903592013754, 24.806457135638777 ], [ 67.068703222870184, 24.80624387644572 ] ] ] } },
{ "type": "Feature", "id": 1110, "properties": { "FID": 1110, "class": "Defence_SpatialJoin", "SolarPV_Area(sqm)": 49.538410328600001, "Rooftop_Area(sqm)": 335.121821017 }, "geometry": { "type": "Polygon", "coordinates": [ [ [ 67.068901379413859, 24.806480753151327 ], [ 67.068981381751925, 24.806400749981535 ], [ 67.069165587670099, 24.806584955728958 ], [ 67.069085584286981, 24.806664958946509 ], [ 67.068901379413859, 24.806480753151327 ] ] ] } },
{ "type": "Feature", "id": 1111, "properties": { "FID": 1111, "class": "Defence_SpatialJoin", "SolarPV_Area(sqm)": 0.0, "Rooftop_Area(sqm)": 319.69424230800001 }, "geometry": { "type": "Polygon", "coordinates": [ [ [ 67.069010706203926, 24.806390216157737 ], [ 67.06908643189638, 24.80631546761833 ], [ 67.069272067446462, 24.806503529829786 ], [ 67.069196341688951, 24.806578278463885 ], [ 67.069010706203926, 24.806390216157737 ] ] ] } },
{ "type": "Feature", "id": 1112, "properties": { "FID": 1112, "class": "Defence_SpatialJoin", "SolarPV_Area(sqm)": 51.7324543947, "Rooftop_Area(sqm)": 261.643199412 }, "geometry": { "type": "Polygon", "coordinates": [ [ [ 67.06894123839507, 24.806131132841347 ], [ 67.06901280878445, 24.806058745648414 ], [ 67.069173558883932, 24.806217683296591 ], [ 67.069101988445851, 24.806290070568153 ], [ 67.06894123839507, 24.806131132841347 ] ] ] } },
{ "type": "Feature", "id": 1113, "properties": { "FID": 1113, "class": "Defence_SpatialJoin", "SolarPV_Area(sqm)": 0.0, "Rooftop_Area(sqm)": 254.73920720199999 }, "geometry": { "type": "Polygon", "coordinates": [ [ [ 67.069124020259565, 24.806311636619562 ], [ 67.069197809977666, 24.806244531125653 ], [ 67.069348939193745, 24.806410715244454 ], [ 67.06927514842917, 24.806477820757529 ], [ 67.069124020259565, 24.806311636619562 ] ] ] } },
{ "type": "Feature", "id": 1114, "properties": { "FID": 1114, "class": "Defence_SpatialJoin", "SolarPV_Area(sqm)": 0.0, "Rooftop_Area(sqm)": 228.14724771300001 }, "geometry": { "type": "Polygon", "coordinates": [ [ [ 67.069058537249575, 24.806053692161054 ], [ 67.06912724929731, 24.805986830039409 ], [ 67.069273206390648, 24.80613682622073 ], [ 67.069204495274079, 24.806203688461661 ], [ 67.069058537249575, 24.806053692161054 ] ] ] } },
{ "type": "Feature", "id": 1115, "properties": { "FID": 1115, "class": "Defence_SpatialJoin", "SolarPV_Area(sqm)": 44.006832085100001, "Rooftop_Area(sqm)": 296.72172925799998 }, "geometry": { "type": "Polygon", "coordinates": [ [ [ 67.069211140474962, 24.806233626770521 ], [ 67.069292596158135, 24.806156273169922 ], [ 67.069452571818246, 24.806324733168623 ], [ 67.069371117046458, 24.806402086907255 ], [ 67.069211140474962, 24.806233626770521 ] ] ] } },
{ "type": "Feature", "id": 1116, "properties": { "FID": 1116, "class": "Defence_SpatialJoin", "SolarPV_Area(sqm)": 0.0, "Rooftop_Area(sqm)": 288.78404863600002 }, "geometry": { "type": "Polygon", "coordinates": [ [ [ 67.06932787045973, 24.806145937339924 ], [ 67.069399815442225, 24.806077294571246 ], [ 67.069576134966709, 24.806262097732809 ], [ 67.069504190955669, 24.806330739743036 ], [ 67.06932787045973, 24.806145937339924 ] ] ] } },
{ "type": "Feature", "id": 1117, "properties": { "FID": 1117, "class": "Defence_SpatialJoin", "SolarPV_Area(sqm)": 47.554236083600003, "Rooftop_Area(sqm)": 496.78037763100002 }, "geometry": { "type": "Polygon", "coordinates": [ [ [ 67.069372996782008, 24.805717843770132 ], [ 67.069603800656935, 24.805513744930188 ], [ 67.069697740821738, 24.805619976190584 ], [ 67.069466936807459, 24.805824075166978 ], [ 67.069372996782008, 24.805717843770132 ] ] ] } },
{ "type": "Feature", "id": 1118, "properties": { "FID": 1118, "class": "Defence_SpatialJoin", "SolarPV_Area(sqm)": 108.284878033, "Rooftop_Area(sqm)": 397.47455994199998 }, "geometry": { "type": "Polygon", "coordinates": [ [ [ 67.069556276678753, 24.805916249307117 ], [ 67.069483058402966, 24.805829099729781 ], [ 67.069718204584973, 24.805631541884296 ], [ 67.069791422928688, 24.805718692251293 ], [ 67.069556276678753, 24.805916249307117 ] ] ] } },
{ "type": "Feature", "id": 1119, "properties": { "FID": 1119, "class": "Defence_SpatialJoin", "SolarPV_Area(sqm)": 106.818933969, "Rooftop_Area(sqm)": 369.99145596699998 }, "geometry": { "type": "Polygon", "coordinates": [ [ [ 67.069721763031922, 24.806000772427051 ], [ 67.069633162830996, 24.805896153426136 ], [ 67.069814292920185, 24.805742755815988 ], [ 67.069902893235678, 24.805847374718724 ], [ 67.069721763031922, 24.806000772427051 ] ] ] } },
{ "type": "Feature", "id": 1120, "properties": { "FID": 1120, "class": "Defence_SpatialJoin", "SolarPV_Area(sqm)": 86.174623045499999, "Rooftop_Area(sqm)": 502.76895123899999 }, "geometry": { "type": "Polygon", "coordinates": [ [ [ 67.069746675451071, 24.80616447845345 ], [ 67.069663724556804, 24.806062385763678 ], [ 67.069924617052095, 24.805850411245721 ], [ 67.070007567135818, 24.805952503754483 ], [ 67.069746675451071, 24.80616447845345 ] ] ] } },
{ "type": "Feature", "id": 1121, "properties": { "FID": 1121, "class": "Defence_SpatialJoin", "SolarPV_Area(sqm)": 0.0, "Rooftop_Area(sqm)": 365.40238705000002 }, "geometry": { "type": "Polygon", "coordinates": [ [ [ 67.069905932656667, 24.806255229045188 ], [ 67.069831619148516, 24.806167072453551 ], [ 67.070044728032187, 24.805987426703897 ], [ 67.070119042634531, 24.806075583251211 ], [ 67.069905932656667, 24.806255229045188 ] ] ] } },
{ "type": "Feature", "id": 1122, "properties": { "FID": 1122, "class": "Defence_SpatialJoin", "SolarPV_Area(sqm)": 86.763239855999998, "Rooftop_Area(sqm)": 452.49237940699999 }, "geometry": { "type": "Polygon", "coordinates": [ [ [ 67.070012698650203, 24.806361104303154 ], [ 67.069926939889143, 24.806248466014658 ], [ 67.070150603075064, 24.806078176992884 ], [ 67.070236362007179, 24.806190815172428 ], [ 67.070012698650203, 24.806361104303154 ] ] ] } },
{ "type": "Feature", "id": 1123, "properties": { "FID": 1123, "class": "Defence_SpatialJoin", "SolarPV_Area(sqm)": 47.150413060699996, "Rooftop_Area(sqm)": 534.86410267099996 }, "geometry": { "type": "Polygon", "coordinates": [ [ [ 67.070103448833194, 24.806348648809177 ], [ 67.070299768553042, 24.806550718454783 ], [ 67.070181742874823, 24.806665385253115 ], [ 67.069978590843533, 24.806453066647869 ], [ 67.070103448833194, 24.806348648809177 ] ] ] } },
{ "type": "Feature", "id": 1124, "properties": { "FID": 1124, "class": "Defence_SpatialJoin", "SolarPV_Area(sqm)": 0.0, "Rooftop_Area(sqm)": 407.24363633500002 }, "geometry": { "type": "Polygon", "coordinates": [ [ [ 67.070145265640932, 24.806330854345493 ], [ 67.070267103480433, 24.806214093259776 ], [ 67.070413958035203, 24.806367332537679 ], [ 67.070292120104241, 24.806484093741812 ], [ 67.070145265640932, 24.806330854345493 ] ] ] } },
{ "type": "Feature", "id": 1125, "properties": { "FID": 1125, "class": "Defence_SpatialJoin", "SolarPV_Area(sqm)": 0.0, "Rooftop_Area(sqm)": 621.46702926199998 }, "geometry": { "type": "Polygon", "coordinates": [ [ [ 67.069641689222152, 24.805472283636174 ], [ 67.069772254092982, 24.805340516283152 ], [ 67.069981558438315, 24.805547909795941 ], [ 67.069850993450871, 24.805679677335458 ], [ 67.069641689222152, 24.805472283636174 ] ] ] } },
{ "type": "Feature", "id": 1126, "properties": { "FID": 1126, "class": "Defence_SpatialJoin", "SolarPV_Area(sqm)": 0.0, "Rooftop_Area(sqm)": 445.71278274600002 }, "geometry": { "type": "Polygon", "coordinates": [ [ [ 67.070095441167823, 24.805951837968017 ], [ 67.070297352638534, 24.80575580710822 ], [ 67.070394383640334, 24.805855748940974 ], [ 67.070192472073657, 24.806051779931451 ], [ 67.070095441167823, 24.805951837968017 ] ] ] } },
{ "type": "Feature", "id": 1127, "properties": { "FID": 1127, "class": "Defence_SpatialJoin", "SolarPV_Area(sqm)": 0.0, "Rooftop_Area(sqm)": 439.41612003099999 }, "geometry": { "type": "Polygon", "coordinates": [ [ [ 67.070295626073786, 24.806146684073145 ], [ 67.070209603409026, 24.806044276063435 ], [ 67.070430862479981, 24.805858418301913 ], [ 67.070516885225928, 24.805960827090267 ], [ 67.070295626073786, 24.806146684073145 ] ] ] } },
{ "type": "Feature", "id": 1128, "properties": { "FID": 1128, "class": "Defence_SpatialJoin", "SolarPV_Area(sqm)": 100.60818188899999, "Rooftop_Area(sqm)": 660.86817965800003 }, "geometry": { "type": "Polygon", "coordinates": [ [ [ 67.070341001237566, 24.806184052014149 ], [ 67.070527307251581, 24.80602223711951 ], [ 67.070681760640724, 24.806200066787245 ], [ 67.070495454433271, 24.806361881860884 ], [ 67.070341001237566, 24.806184052014149 ] ] ] } },
{ "type": "Feature", "id": 1129, "properties": { "FID": 1129, "class": "Defence_SpatialJoin", "SolarPV_Area(sqm)": 113.29593744100001, "Rooftop_Area(sqm)": 272.85641027399998 }, "geometry": { "type": "Polygon", "coordinates": [ [ [ 67.067847961713596, 24.807987993375566 ], [ 67.067772673221725, 24.807894135735257 ], [ 67.067928249157049, 24.807769338397772 ], [ 67.068003538723062, 24.807863196021305 ], [ 67.067847961713596, 24.807987993375566 ] ] ] } },
{ "type": "Feature", "id": 1130, "properties": { "FID": 1130, "class": "Defence_SpatialJoin", "SolarPV_Area(sqm)": 0.0, "Rooftop_Area(sqm)": 263.96421409599998 }, "geometry": { "type": "Polygon", "coordinates": [ [ [ 67.067921985799217, 24.808092765450926 ], [ 67.067851075011362, 24.808013058225676 ], [ 67.068013661625116, 24.807868416738717 ], [ 67.06808457150602, 24.807948123838834 ], [ 67.067921985799217, 24.808092765450926 ] ] ] } },
{ "type": "Feature", "id": 1131, "properties": { "FID": 1131, "class": "Defence_SpatialJoin", "SolarPV_Area(sqm)": 114.176807181, "Rooftop_Area(sqm)": 373.45625863700002 }, "geometry": { "type": "Polygon", "coordinates": [ [ [ 67.067937360113561, 24.808107570902802 ], [ 67.068109893101592, 24.807957244846051 ], [ 67.068215804102806, 24.808065433569492 ], [ 67.068035868656864, 24.808204371121914 ], [ 67.067937360113561, 24.808107570902802 ] ] ] } },
{ "type": "Feature", "id": 1132, "properties": { "FID": 1132, "class": "Defence_SpatialJoin", "SolarPV_Area(sqm)": 86.138273960700005, "Rooftop_Area(sqm)": 237.84111775599999 }, "geometry": { "type": "Polygon", "coordinates": [ [ [ 67.068146334721348, 24.808285796937664 ], [ 67.068079467173007, 24.80819630817555 ], [ 67.068229469884528, 24.80808422431339 ], [ 67.068296337468212, 24.808173713913764 ], [ 67.068146334721348, 24.808285796937664 ] ] ] } },
{ "type": "Feature", "id": 1133, "properties": { "FID": 1133, "class": "Defence_SpatialJoin", "SolarPV_Area(sqm)": 50.475110848500002, "Rooftop_Area(sqm)": 323.82535145600002 }, "geometry": { "type": "Polygon", "coordinates": [ [ [ 67.068033022072612, 24.80768677347843 ], [ 67.06820069591214, 24.807871327044154 ], [ 67.068116156133399, 24.807948134571294 ], [ 67.067948482436009, 24.80776358002036 ], [ 67.068033022072612, 24.80768677347843 ] ] ] } },
{ "type": "Feature", "id": 1134, "properties": { "FID": 1134, "class": "Defence_SpatialJoin", "SolarPV_Area(sqm)": 78.416431886300003, "Rooftop_Area(sqm)": 248.991311056 }, "geometry": { "type": "Polygon", "coordinates": [ [ [ 67.06822377523126, 24.807881513087768 ], [ 67.068352146049946, 24.808019018341323 ], [ 67.068267051053041, 24.808098460138389 ], [ 67.068138680294865, 24.807960954813673 ], [ 67.06822377523126, 24.807881513087768 ] ] ] } },
{ "type": "Feature", "id": 1135, "properties": { "FID": 1135, "class": "Defence_SpatialJoin", "SolarPV_Area(sqm)": 53.221272368500003, "Rooftop_Area(sqm)": 352.29025824299998 }, "geometry": { "type": "Polygon", "coordinates": [ [ [ 67.068137794059211, 24.80760306946749 ], [ 67.068307935620879, 24.807779554950432 ], [ 67.068216942635061, 24.807867277462833 ], [ 67.068046801151041, 24.807690791877064 ], [ 67.068137794059211, 24.80760306946749 ] ] ] } },
{ "type": "Feature", "id": 1136, "properties": { "FID": 1136, "class": "Defence_SpatialJoin", "SolarPV_Area(sqm)": 0.0, "Rooftop_Area(sqm)": 225.03237218699999 }, "geometry": { "type": "Polygon", "coordinates": [ [ [ 67.068329117749158, 24.807809766400045 ], [ 67.068468085035576, 24.807949767556913 ], [ 67.068396877751979, 24.808020450379672 ], [ 67.06825790953053, 24.807880449103617 ], [ 67.068329117749158, 24.807809766400045 ] ] ] } },
{ "type": "Feature", "id": 1137, "properties": { "FID": 1137, "class": "Defence_SpatialJoin", "SolarPV_Area(sqm)": 0.0, "Rooftop_Area(sqm)": 300.179425224 }, "geometry": { "type": "Polygon", "coordinates": [ [ [ 67.068346200120885, 24.80742825878523 ], [ 67.068519228354845, 24.807608451309008 ], [ 67.068442999903922, 24.807681648543262 ], [ 67.068269971736967, 24.807501455932094 ], [ 67.068346200120885, 24.80742825878523 ] ] ] } },
{ "type": "Feature", "id": 1138, "properties": { "FID": 1138, "class": "Defence_SpatialJoin", "SolarPV_Area(sqm)": 135.036297706, "Rooftop_Area(sqm)": 326.81196392200002 }, "geometry": { "type": "Polygon", "coordinates": [ [ [ 67.06855232816406, 24.807636664472973 ], [ 67.068710003844004, 24.807787410664538 ], [ 67.068618949426977, 24.807882651343675 ], [ 67.068461272762718, 24.807731905894208 ], [ 67.06855232816406, 24.807636664472973 ] ] ] } },
{ "type": "Feature", "id": 1139, "properties": { "FID": 1139, "class": "Defence_SpatialJoin", "SolarPV_Area(sqm)": 0.0, "Rooftop_Area(sqm)": 279.666798669 }, "geometry": { "type": "Polygon", "coordinates": [ [ [ 67.068451541636605, 24.807353095946443 ], [ 67.06862374435849, 24.807526420530941 ], [ 67.06855232734614, 24.807597375015678 ], [ 67.068380124679891, 24.807424050348011 ], [ 67.068451541636605, 24.807353095946443 ] ] ] } },
{ "type": "Feature", "id": 1140, "properties": { "FID": 1140, "class": "Defence_SpatialJoin", "SolarPV_Area(sqm)": 0.0, "Rooftop_Area(sqm)": 253.30822837900001 }, "geometry": { "type": "Polygon", "coordinates": [ [ [ 67.068649697723188, 24.807558654627773 ], [ 67.068807435902301, 24.807715319543814 ], [ 67.068736817695424, 24.807786420855138 ], [ 67.068579080544225, 24.807629755915464 ], [ 67.068649697723188, 24.807558654627773 ] ] ] } },
{ "type": "Feature", "id": 1141, "properties": { "FID": 1141, "class": "Defence_SpatialJoin", "SolarPV_Area(sqm)": 0.0, "Rooftop_Area(sqm)": 264.39991897800002 }, "geometry": { "type": "Polygon", "coordinates": [ [ [ 67.068573965843015, 24.807283058348435 ], [ 67.068724173603641, 24.807440445121859 ], [ 67.068646851044775, 24.807514240204988 ], [ 67.068496643344304, 24.807356853354889 ], [ 67.068573965843015, 24.807283058348435 ] ] ] } },
{ "type": "Feature", "id": 1142, "properties": { "FID": 1142, "class": "Defence_SpatialJoin", "SolarPV_Area(sqm)": 0.0, "Rooftop_Area(sqm)": 240.89303966400001 }, "geometry": { "type": "Polygon", "coordinates": [ [ [ 67.068749345086601, 24.807469826478279 ], [ 67.068890776650591, 24.807618412388553 ], [ 67.068815966836368, 24.807689620384448 ], [ 67.068674535327631, 24.807541034404466 ], [ 67.068749345086601, 24.807469826478279 ] ] ] } },
{ "type": "Feature", "id": 1143, "properties": { "FID": 1143, "class": "Defence_SpatialJoin", "SolarPV_Area(sqm)": 0.0, "Rooftop_Area(sqm)": 277.67662716699999 }, "geometry": { "type": "Polygon", "coordinates": [ [ [ 67.068665072311575, 24.807199923331726 ], [ 67.068825075595669, 24.807356604889598 ], [ 67.068748776271548, 24.807434522164471 ], [ 67.068588772057268, 24.807277840470412 ], [ 67.068665072311575, 24.807199923331726 ] ] ] } },
{ "type": "Feature", "id": 1144, "properties": { "FID": 1144, "class": "Defence_SpatialJoin", "SolarPV_Area(sqm)": 0.0, "Rooftop_Area(sqm)": 293.21939192999997 }, "geometry": { "type": "Polygon", "coordinates": [ [ [ 67.068844437337773, 24.80738384441316 ], [ 67.069018642521641, 24.807553119119305 ], [ 67.068944654403225, 24.807629262481047 ], [ 67.068770449270261, 24.80745998768591 ], [ 67.068844437337773, 24.80738384441316 ] ] ] } },
{ "type": "Feature", "id": 1145, "properties": { "FID": 1145, "class": "Defence_SpatialJoin", "SolarPV_Area(sqm)": 0.0, "Rooftop_Area(sqm)": 275.976838047 }, "geometry": { "type": "Polygon", "coordinates": [ [ [ 67.068773830054354, 24.807120205410577 ], [ 67.068933466980624, 24.807272214609366 ], [ 67.068857533670268, 24.807351957285313 ], [ 67.068697897767805, 24.807199948054141 ], [ 67.068773830054354, 24.807120205410577 ] ] ] } },
{ "type": "Feature", "id": 1146, "properties": { "FID": 1146, "class": "Defence_SpatialJoin", "SolarPV_Area(sqm)": 0.0, "Rooftop_Area(sqm)": 283.40165191099999 }, "geometry": { "type": "Polygon", "coordinates": [ [ [ 67.068954334283418, 24.807301279214023 ], [ 67.069118498554033, 24.807462641402029 ], [ 67.069042593800191, 24.807539864592421 ], [ 67.068878429638403, 24.807378501424523 ], [ 67.068954334283418, 24.807301279214023 ] ] ] } },
{ "type": "Feature", "id": 1147, "properties": { "FID": 1147, "class": "Defence_SpatialJoin", "SolarPV_Area(sqm)": 0.0, "Rooftop_Area(sqm)": 308.308773137 }, "geometry": { "type": "Polygon", "coordinates": [ [ [ 67.068865505577662, 24.807017141739973 ], [ 67.069037236802615, 24.807193826998795 ], [ 67.068958320210129, 24.807270531356185 ], [ 67.068786589051342, 24.807093846006907 ], [ 67.068865505577662, 24.807017141739973 ] ] ] } },
{ "type": "Feature", "id": 1148, "properties": { "FID": 1148, "class": "Defence_SpatialJoin", "SolarPV_Area(sqm)": 0.0, "Rooftop_Area(sqm)": 265.70744509399998 }, "geometry": { "type": "Polygon", "coordinates": [ [ [ 67.0690488568506, 24.807222130731216 ], [ 67.069215248594418, 24.807395756784903 ], [ 67.069145088777574, 24.807462993017673 ], [ 67.068978697036172, 24.807289367781202 ], [ 67.0690488568506, 24.807222130731216 ] ] ] } },
{ "type": "Feature", "id": 1149, "properties": { "FID": 1149, "class": "Defence_SpatialJoin", "SolarPV_Area(sqm)": 71.356822753900005, "Rooftop_Area(sqm)": 362.92027839899998 }, "geometry": { "type": "Polygon", "coordinates": [ [ [ 67.068958889886829, 24.806920910362123 ], [ 67.069141323403329, 24.8071139761952 ], [ 67.069053981623753, 24.807196507387992 ], [ 67.068871549172314, 24.807003441502637 ], [ 67.068958889886829, 24.806920910362123 ] ] ] } },
{ "type": "Feature", "id": 1150, "properties": { "FID": 1150, "class": "Defence_SpatialJoin", "SolarPV_Area(sqm)": 81.422189666899996, "Rooftop_Area(sqm)": 308.71089126800001 }, "geometry": { "type": "Polygon", "coordinates": [ [ [ 67.069151920985746, 24.807130455406543 ], [ 67.069307729467681, 24.8072978049134 ], [ 67.06922082053859, 24.807378719546584 ], [ 67.06906501213227, 24.807211369951688 ], [ 67.069151920985746, 24.807130455406543 ] ] ] } },
{ "type": "Feature", "id": 1151, "properties": { "FID": 1151, "class": "Defence_SpatialJoin", "SolarPV_Area(sqm)": 0.0, "Rooftop_Area(sqm)": 297.186087095 }, "geometry": { "type": "Polygon", "coordinates": [ [ [ 67.069060815079837, 24.806855997313409 ], [ 67.069239348762267, 24.807037321036319 ], [ 67.069166157222583, 24.807109386620368 ], [ 67.068987622563938, 24.806928063651732 ], [ 67.069060815079837, 24.806855997313409 ] ] ] } },
{ "type": "Feature", "id": 1152, "properties": { "FID": 1152, "class": "Defence_SpatialJoin", "SolarPV_Area(sqm)": 49.672592644700003, "Rooftop_Area(sqm)": 282.20434311600002 }, "geometry": { "type": "Polygon", "coordinates": [ [ [ 67.069262388099304, 24.807059278319858 ], [ 67.069412529303264, 24.807197665110358 ], [ 67.069330148276464, 24.807287044416888 ], [ 67.069180006130736, 24.807148657486081 ], [ 67.069262388099304, 24.807059278319858 ] ] ] } },
{ "type": "Feature", "id": 1153, "properties": { "FID": 1153, "class": "Defence_SpatialJoin", "SolarPV_Area(sqm)": 0.0, "Rooftop_Area(sqm)": 278.70149376000001 }, "geometry": { "type": "Polygon", "coordinates": [ [ [ 67.069188364211769, 24.806787097682857 ], [ 67.069345459344987, 24.806950949904063 ], [ 67.069267513053603, 24.80702568237642 ], [ 67.069110416945676, 24.806861830916326 ], [ 67.069188364211769, 24.806787097682857 ] ] ] } },
{ "type": "Feature", "id": 1154, "properties": { "FID": 1154, "class": "Defence_SpatialJoin", "SolarPV_Area(sqm)": 54.256066348700003, "Rooftop_Area(sqm)": 238.569388551 }, "geometry": { "type": "Polygon", "coordinates": [ [ [ 67.069359188085926, 24.806969880329127 ], [ 67.069499833645366, 24.807110525627952 ], [ 67.069425240403916, 24.80718511846505 ], [ 67.069284594890817, 24.807044473095004 ], [ 67.069359188085926, 24.806969880329127 ] ] ] } },
{ "type": "Feature", "id": 1155, "properties": { "FID": 1155, "class": "Defence_SpatialJoin", "SolarPV_Area(sqm)": 135.93475742800001, "Rooftop_Area(sqm)": 290.412640082 }, "geometry": { "type": "Polygon", "coordinates": [ [ [ 67.06946794642829, 24.806882190097255 ], [ 67.069610268136273, 24.807038012790862 ], [ 67.069520902240427, 24.807119635763428 ], [ 67.069378580550165, 24.806963813882572 ], [ 67.06946794642829, 24.806882190097255 ] ] ] } },
{ "type": "Feature", "id": 1156, "properties": { "FID": 1156, "class": "Defence_SpatialJoin", "SolarPV_Area(sqm)": 0.0, "Rooftop_Area(sqm)": 287.796247005 }, "geometry": { "type": "Polygon", "coordinates": [ [ [ 67.069285734157134, 24.806705102280961 ], [ 67.069443762913394, 24.806869715938284 ], [ 67.069363743150603, 24.806946534066906 ], [ 67.069205714458619, 24.806781920325825 ], [ 67.069285734157134, 24.806705102280961 ] ] ] } },
{ "type": "Feature", "id": 1157, "properties": { "FID": 1157, "class": "Defence_SpatialJoin", "SolarPV_Area(sqm)": 149.25025222900001, "Rooftop_Area(sqm)": 316.628443301 }, "geometry": { "type": "Polygon", "coordinates": [ [ [ 67.069376840072991, 24.806619120608786 ], [ 67.06955195347355, 24.806801238870676 ], [ 67.069472501652939, 24.806877635035697 ], [ 67.069297388322724, 24.806695516681557 ], [ 67.069376840072991, 24.806619120608786 ] ] ] } },
{ "type": "Feature", "id": 1158, "properties": { "FID": 1158, "class": "Defence_SpatialJoin", "SolarPV_Area(sqm)": 63.640469425399999, "Rooftop_Area(sqm)": 382.06909937799998 }, "geometry": { "type": "Polygon", "coordinates": [ [ [ 67.069478765301312, 24.806523459331281 ], [ 67.069661206126057, 24.806717986083402 ], [ 67.069569302006599, 24.806804180267001 ], [ 67.069386861273458, 24.806609653405371 ], [ 67.069478765301312, 24.806523459331281 ] ] ] } },
{ "type": "Feature", "id": 1159, "properties": { "FID": 1159, "class": "Defence_SpatialJoin", "SolarPV_Area(sqm)": 0.0, "Rooftop_Area(sqm)": 320.78411096100001 }, "geometry": { "type": "Polygon", "coordinates": [ [ [ 67.069579597071723, 24.806439527533218 ], [ 67.069755998999682, 24.806626663179429 ], [ 67.069676170433596, 24.80670191392122 ], [ 67.069499768638693, 24.806514777288275 ], [ 67.069579597071723, 24.806439527533218 ] ] ] } },
{ "type": "Feature", "id": 1160, "properties": { "FID": 1160, "class": "Defence_SpatialJoin", "SolarPV_Area(sqm)": 124.867789309, "Rooftop_Area(sqm)": 306.92834185300001 }, "geometry": { "type": "Polygon", "coordinates": [ [ [ 67.069765818556647, 24.806820716669545 ], [ 67.069682629279228, 24.806725643181 ], [ 67.069843441063185, 24.806584933161261 ], [ 67.069926630428895, 24.806680006566179 ], [ 67.069765818556647, 24.806820716669545 ] ] ] } },
{ "type": "Feature", "id": 1161, "properties": { "FID": 1161, "class": "Defence_SpatialJoin", "SolarPV_Area(sqm)": 0.0, "Rooftop_Area(sqm)": 294.13494106600001 }, "geometry": { "type": "Polygon", "coordinates": [ [ [ 67.069714798843492, 24.806385592328173 ], [ 67.069861167530547, 24.806544780892473 ], [ 67.069773106730651, 24.806625748554243 ], [ 67.069626739098126, 24.80646655995908 ], [ 67.069714798843492, 24.806385592328173 ] ] ] } },
{ "type": "Feature", "id": 1162, "properties": { "FID": 1162, "class": "Defence_SpatialJoin", "SolarPV_Area(sqm)": 0.0, "Rooftop_Area(sqm)": 289.00170211800003 }, "geometry": { "type": "Polygon", "coordinates": [ [ [ 67.069877332426159, 24.806907084885804 ], [ 67.069802428619042, 24.806815720412128 ], [ 67.069968803299844, 24.806679318911094 ], [ 67.070043708125311, 24.806770684256922 ], [ 67.069877332426159, 24.806907084885804 ] ] ] } },
{ "type": "Feature", "id": 1163, "properties": { "FID": 1163, "class": "Defence_SpatialJoin", "SolarPV_Area(sqm)": 0.0, "Rooftop_Area(sqm)": 156.31136657100001 }, "geometry": { "type": "Polygon", "coordinates": [ [ [ 67.062550697526191, 24.808299783646625 ], [ 67.062473406812487, 24.808210159185737 ], [ 67.062561373825176, 24.808134297075192 ], [ 67.062638664585407, 24.80822392149398 ], [ 67.062550697526191, 24.808299783646625 ] ] ] } },
{ "type": "Feature", "id": 1164, "properties": { "FID": 1164, "class": "Defence_SpatialJoin", "SolarPV_Area(sqm)": 0.0, "Rooftop_Area(sqm)": 309.15293316600003 }, "geometry": { "type": "Polygon", "coordinates": [ [ [ 67.06270461768456, 24.808463490157216 ], [ 67.062565286988672, 24.80831922810842 ], [ 67.062662800884851, 24.808225047965397 ], [ 67.062802131648539, 24.808369309923851 ], [ 67.06270461768456, 24.808463490157216 ] ] ] } },
{ "type": "Feature", "id": 1165, "properties": { "FID": 1165, "class": "Defence_SpatialJoin", "SolarPV_Area(sqm)": 0.0, "Rooftop_Area(sqm)": 155.831697144 }, "geometry": { "type": "Polygon", "coordinates": [ [ [ 67.062789140376722, 24.808549792278463 ], [ 67.062721766360056, 24.808466249394325 ], [ 67.062821169511921, 24.808386085805388 ], [ 67.062888542601925, 24.808469628597567 ], [ 67.062789140376722, 24.808549792278463 ] ] ] } },
{ "type": "Feature", "id": 1166, "properties": { "FID": 1166, "class": "Defence_SpatialJoin", "SolarPV_Area(sqm)": 0.0, "Rooftop_Area(sqm)": 186.08498587099999 }, "geometry": { "type": "Polygon", "coordinates": [ [ [ 67.062951067108997, 24.808719726776761 ], [ 67.062871812578379, 24.808624313664623 ], [ 67.062973310417732, 24.808540004978543 ], [ 67.063052564951064, 24.808635418936522 ], [ 67.062951067108997, 24.808719726776761 ] ] ] } },
{ "type": "Feature", "id": 1167, "properties": { "FID": 1167, "class": "Defence_SpatialJoin", "SolarPV_Area(sqm)": 0.0, "Rooftop_Area(sqm)": 151.154881512 }, "geometry": { "type": "Polygon", "coordinates": [ [ [ 67.063149721455716, 24.808929804884578 ], [ 67.063080251281832, 24.808845684338184 ], [ 67.063174206624765, 24.808768091743076 ], [ 67.063243677827955, 24.808852212302543 ], [ 67.063149721455716, 24.808929804884578 ] ] ] } },
{ "type": "Feature", "id": 1168, "properties": { "FID": 1168, "class": "Defence_SpatialJoin", "SolarPV_Area(sqm)": 0.0, "Rooftop_Area(sqm)": 141.26150293399999 }, "geometry": { "type": "Polygon", "coordinates": [ [ [ 67.06322659263401, 24.809006106676062 ], [ 67.063167616852596, 24.808929076771665 ], [ 67.063269298756921, 24.808851226272751 ], [ 67.063328275571223, 24.808928256195287 ], [ 67.06322659263401, 24.809006106676062 ] ] ] } },
{ "type": "Feature", "id": 1169, "properties": { "FID": 1169, "class": "Defence_SpatialJoin", "SolarPV_Area(sqm)": 0.0, "Rooftop_Area(sqm)": 172.966442771 }, "geometry": { "type": "Polygon", "coordinates": [ [ [ 67.063309157737066, 24.809104046142764 ], [ 67.063236399273904, 24.809020262513826 ], [ 67.063339905897479, 24.808930374268453 ], [ 67.063412665391255, 24.809014157902872 ], [ 67.063309157737066, 24.809104046142764 ] ] ] } },
{ "type": "Feature", "id": 1170, "properties": { "FID": 1170, "class": "Defence_SpatialJoin", "SolarPV_Area(sqm)": 0.0, "Rooftop_Area(sqm)": 152.676638153 }, "geometry": { "type": "Polygon", "coordinates": [ [ [ 67.063390014495042, 24.809194583305072 ], [ 67.063320415587143, 24.809107465455629 ], [ 67.063414499660965, 24.809032300151888 ], [ 67.063484099601936, 24.809119418015165 ], [ 67.063390014495042, 24.809194583305072 ] ] ] } },
{ "type": "Feature", "id": 1171, "properties": { "FID": 1171, "class": "Defence_SpatialJoin", "SolarPV_Area(sqm)": 0.0, "Rooftop_Area(sqm)": 128.778522334 }, "geometry": { "type": "Polygon", "coordinates": [ [ [ 67.063475996872327, 24.809262912580728 ], [ 67.063417936897721, 24.809190030521027 ], [ 67.06351300833964, 24.80911429590677 ], [ 67.063571067379343, 24.80918717788175 ], [ 67.063475996872327, 24.809262912580728 ] ] ] } },
{ "type": "Feature", "id": 1172, "properties": { "FID": 1172, "class": "Defence_SpatialJoin", "SolarPV_Area(sqm)": 0.0, "Rooftop_Area(sqm)": 155.28673890100001 }, "geometry": { "type": "Polygon", "coordinates": [ [ [ 67.063553437146496, 24.809361990998681 ], [ 67.063485265668035, 24.809276992124293 ], [ 67.063583046397653, 24.80919856871893 ], [ 67.06365121792976, 24.809283567554026 ], [ 67.063553437146496, 24.809361990998681 ] ] ] } },
{ "type": "Feature", "id": 1173, "properties": { "FID": 1173, "class": "Defence_SpatialJoin", "SolarPV_Area(sqm)": 0.0, "Rooftop_Area(sqm)": 128.71974789500001 }, "geometry": { "type": "Polygon", "coordinates": [ [ [ 67.062438523295626, 24.808545450038071 ], [ 67.062385562345412, 24.808480211243591 ], [ 67.062488631657658, 24.80839341641714 ], [ 67.062541591612558, 24.808458656020946 ], [ 67.062438523295626, 24.808545450038071 ] ] ] } },
{ "type": "Feature", "id": 1174, "properties": { "FID": 1174, "class": "Defence_SpatialJoin", "SolarPV_Area(sqm)": 130.72573764500001, "Rooftop_Area(sqm)": 203.61839344800001 }, "geometry": { "type": "Polygon", "coordinates": [ [ [ 67.062439775829844, 24.808555745756379 ], [ 67.06255186219208, 24.808452732611578 ], [ 67.062631463080237, 24.80853934636529 ], [ 67.062519377703509, 24.808642358725521 ], [ 67.062439775829844, 24.808555745756379 ] ] ] } },
{ "type": "Feature", "id": 1175, "properties": { "FID": 1175, "class": "Defence_SpatialJoin", "SolarPV_Area(sqm)": 0.0, "Rooftop_Area(sqm)": 178.11383690299999 }, "geometry": { "type": "Polygon", "coordinates": [ [ [ 67.06253999228602, 24.808643571797571 ], [ 67.062641390792379, 24.808546534198584 ], [ 67.062718560630316, 24.808627172673372 ], [ 67.062617162083725, 24.808724210324101 ], [ 67.06253999228602, 24.808643571797571 ] ] ] } },
{ "type": "Feature", "id": 1176, "properties": { "FID": 1176, "class": "Defence_SpatialJoin", "SolarPV_Area(sqm)": 0.0, "Rooftop_Area(sqm)": 192.813777278 }, "geometry": { "type": "Polygon", "coordinates": [ [ [ 67.062128921315306, 24.808486868797246 ], [ 67.062226390425636, 24.80839298012749 ], [ 67.062313319769203, 24.808483224462837 ], [ 67.0622158505589, 24.808577114083302 ], [ 67.062128921315306, 24.808486868797246 ] ] ] } },
{ "type": "Feature", "id": 1177, "properties": { "FID": 1177, "class": "Defence_SpatialJoin", "SolarPV_Area(sqm)": 0.0, "Rooftop_Area(sqm)": 154.448923659 }, "geometry": { "type": "Polygon", "coordinates": [ [ [ 67.062222213838226, 24.808586357130668 ], [ 67.062315951212369, 24.808494542479078 ], [ 67.06238839163963, 24.808568500601815 ], [ 67.062294654290497, 24.808660314404523 ], [ 67.062222213838226, 24.808586357130668 ] ] ] } },
{ "type": "Feature", "id": 1178, "properties": { "FID": 1178, "class": "Defence_SpatialJoin", "SolarPV_Area(sqm)": 0.0, "Rooftop_Area(sqm)": 165.868599184 }, "geometry": { "type": "Polygon", "coordinates": [ [ [ 67.062299836781065, 24.808675276993878 ], [ 67.062395979853349, 24.8085786527121 ], [ 67.062471845480303, 24.808654139985372 ], [ 67.062375701396419, 24.808750764264495 ], [ 67.062299836781065, 24.808675276993878 ] ] ] } },
{ "type": "Feature", "id": 1179, "properties": { "FID": 1179, "class": "Defence_SpatialJoin", "SolarPV_Area(sqm)": 0.0, "Rooftop_Area(sqm)": 186.96678064 }, "geometry": { "type": "Polygon", "coordinates": [ [ [ 67.062506100792362, 24.808881176811067 ], [ 67.062601464786155, 24.808790188382911 ], [ 67.062687585374007, 24.808880448650985 ], [ 67.062592221280269, 24.8089714380278 ], [ 67.062506100792362, 24.808881176811067 ] ] ] } },
{ "type": "Feature", "id": 1180, "properties": { "FID": 1180, "class": "Defence_SpatialJoin", "SolarPV_Area(sqm)": 0.0, "Rooftop_Area(sqm)": 212.94430147599999 }, "geometry": { "type": "Polygon", "coordinates": [ [ [ 67.062654057887102, 24.808752899294856 ], [ 67.062753079285613, 24.808663034059361 ], [ 67.062847202943786, 24.808766747964267 ], [ 67.062748181489283, 24.808856613259401 ], [ 67.062654057887102, 24.808752899294856 ] ] ] } },
{ "type": "Feature", "id": 1181, "properties": { "FID": 1181, "class": "Defence_SpatialJoin", "SolarPV_Area(sqm)": 0.0, "Rooftop_Area(sqm)": 159.78706040599999 }, "geometry": { "type": "Polygon", "coordinates": [ [ [ 67.062756096898781, 24.808869515727878 ], [ 67.062861062123503, 24.808781249465802 ], [ 67.062927012088238, 24.808859675920289 ], [ 67.062822046813281, 24.80894794222452 ], [ 67.062756096898781, 24.808869515727878 ] ] ] } },
{ "type": "Feature", "id": 1182, "properties": { "FID": 1182, "class": "Defence_SpatialJoin", "SolarPV_Area(sqm)": 0.0, "Rooftop_Area(sqm)": 144.13308441699999 }, "geometry": { "type": "Polygon", "coordinates": [ [ [ 67.062909155651226, 24.809024031569322 ], [ 67.062842078903856, 24.8089500826907 ], [ 67.062936122673293, 24.808864778288424 ], [ 67.063003200381203, 24.808938728073475 ], [ 67.062909155651226, 24.809024031569322 ] ] ] } },
{ "type": "Feature", "id": 1183, "properties": { "FID": 1183, "class": "Defence_SpatialJoin", "SolarPV_Area(sqm)": 0.0, "Rooftop_Area(sqm)": 171.72272894299999 }, "geometry": { "type": "Polygon", "coordinates": [ [ [ 67.062995888994465, 24.80911951112223 ], [ 67.062917059051074, 24.809026506208493 ], [ 67.063011558660435, 24.808946409178034 ], [ 67.063090388599605, 24.809039414940607 ], [ 67.062995888994465, 24.80911951112223 ] ] ] } },
{ "type": "Feature", "id": 1184, "properties": { "FID": 1184, "class": "Defence_SpatialJoin", "SolarPV_Area(sqm)": 0.0, "Rooftop_Area(sqm)": 157.12801563100001 }, "geometry": { "type": "Polygon", "coordinates": [ [ [ 67.062668634423034, 24.80906011009867 ], [ 67.062763755940395, 24.80897043602231 ], [ 67.062836270611754, 24.809047355267367 ], [ 67.06274114905726, 24.809137029388918 ], [ 67.062668634423034, 24.80906011009867 ] ] ] } },
{ "type": "Feature", "id": 1185, "properties": { "FID": 1185, "class": "Defence_SpatialJoin", "SolarPV_Area(sqm)": 0.0, "Rooftop_Area(sqm)": 199.77349125000001 }, "geometry": { "type": "Polygon", "coordinates": [ [ [ 67.062751723606723, 24.809146843755293 ], [ 67.062850467201045, 24.809050733198845 ], [ 67.062939402804645, 24.809142105840568 ], [ 67.062840660204898, 24.809238215613579 ], [ 67.062751723606723, 24.809146843755293 ] ] ] } },
{ "type": "Feature", "id": 1186, "properties": { "FID": 1186, "class": "Defence_SpatialJoin", "SolarPV_Area(sqm)": 0.0, "Rooftop_Area(sqm)": 185.832724356 }, "geometry": { "type": "Polygon", "coordinates": [ [ [ 67.062879272604803, 24.809279858347423 ], [ 67.062970462332856, 24.809185577306401 ], [ 67.063060027709241, 24.809272205237512 ], [ 67.062968837892214, 24.809366487229521 ], [ 67.062879272604803, 24.809279858347423 ] ] ] } },
{ "type": "Feature", "id": 1187, "properties": { "FID": 1187, "class": "Defence_SpatialJoin", "SolarPV_Area(sqm)": 0.0, "Rooftop_Area(sqm)": 178.616816102 }, "geometry": { "type": "Polygon", "coordinates": [ [ [ 67.062977667083118, 24.809368049185593 ], [ 67.063070931450525, 24.80927608672334 ], [ 67.063155142751839, 24.809361489923909 ], [ 67.063061878347924, 24.80945345243904 ], [ 67.062977667083118, 24.809368049185593 ] ] ] } },
{ "type": "Feature", "id": 1188, "properties": { "FID": 1188, "class": "Defence_SpatialJoin", "SolarPV_Area(sqm)": 0.0, "Rooftop_Area(sqm)": 198.19978935399999 }, "geometry": { "type": "Polygon", "coordinates": [ [ [ 67.063215272428465, 24.809336344231777 ], [ 67.06330923784445, 24.809247325128279 ], [ 67.063401858649712, 24.809345090730567 ], [ 67.063307893130244, 24.809434110785698 ], [ 67.063215272428465, 24.809336344231777 ] ] ] } },
{ "type": "Feature", "id": 1189, "properties": { "FID": 1189, "class": "Defence_SpatialJoin", "SolarPV_Area(sqm)": 0.0, "Rooftop_Area(sqm)": 179.619169857 }, "geometry": { "type": "Polygon", "coordinates": [ [ [ 67.063137650695296, 24.809538600680977 ], [ 67.063240155129819, 24.809448433808917 ], [ 67.063316583168984, 24.809535320455357 ], [ 67.063214078683416, 24.809625487376572 ], [ 67.063137650695296, 24.809538600680977 ] ] ] } },
{ "type": "Feature", "id": 1190, "properties": { "FID": 1190, "class": "Defence_SpatialJoin", "SolarPV_Area(sqm)": 0.0, "Rooftop_Area(sqm)": 169.01027762800001 }, "geometry": { "type": "Polygon", "coordinates": [ [ [ 67.062945302385074, 24.809693959597134 ], [ 67.063035956853113, 24.809607804686149 ], [ 67.063117834936222, 24.809693959316945 ], [ 67.063027179449236, 24.809780114224456 ], [ 67.062945302385074, 24.809693959597134 ] ] ] } },
{ "type": "Feature", "id": 1191, "properties": { "FID": 1191, "class": "Defence_SpatialJoin", "SolarPV_Area(sqm)": 0.0, "Rooftop_Area(sqm)": 177.59626929300001 }, "geometry": { "type": "Polygon", "coordinates": [ [ [ 67.062866152946512, 24.809597728951875 ], [ 67.062964158528032, 24.80950258415675 ], [ 67.063043810991843, 24.809584632348034 ], [ 67.062945805429365, 24.809679776300801 ], [ 67.062866152946512, 24.809597728951875 ] ] ] } },
{ "type": "Feature", "id": 1192, "properties": { "FID": 1192, "class": "Defence_SpatialJoin", "SolarPV_Area(sqm)": 0.0, "Rooftop_Area(sqm)": 167.466137804 }, "geometry": { "type": "Polygon", "coordinates": [ [ [ 67.062775047173332, 24.809518580074222 ], [ 67.062702057158077, 24.809445024331406 ], [ 67.062802948736007, 24.809344908132928 ], [ 67.062875938727416, 24.809418464720402 ], [ 67.062775047173332, 24.809518580074222 ] ] ] } },
{ "type": "Feature", "id": 1193, "properties": { "FID": 1193, "class": "Defence_SpatialJoin", "SolarPV_Area(sqm)": 0.0, "Rooftop_Area(sqm)": 168.98483010499999 }, "geometry": { "type": "Polygon", "coordinates": [ [ [ 67.062780172027729, 24.809519149034482 ], [ 67.062884130454677, 24.809422040741644 ], [ 67.062958626735522, 24.809495416572211 ], [ 67.062854667292669, 24.809592524864481 ], [ 67.062780172027729, 24.809519149034482 ] ] ] } },
{ "type": "Feature", "id": 1194, "properties": { "FID": 1194, "class": "Defence_SpatialJoin", "SolarPV_Area(sqm)": 0.0, "Rooftop_Area(sqm)": 141.170336585 }, "geometry": { "type": "Polygon", "coordinates": [ [ [ 67.062695329439975, 24.809428043306543 ], [ 67.062635457294547, 24.809361718311976 ], [ 67.062738604832134, 24.809268607373035 ], [ 67.062798476092595, 24.809334931381464 ], [ 67.062695329439975, 24.809428043306543 ] ] ] } },
{ "type": "Feature", "id": 1195, "properties": { "FID": 1195, "class": "Defence_SpatialJoin", "SolarPV_Area(sqm)": 0.0, "Rooftop_Area(sqm)": 138.50034195200001 }, "geometry": { "type": "Polygon", "coordinates": [ [ [ 67.06261959684754, 24.809348325123228 ], [ 67.06255267465464, 24.809277166617306 ], [ 67.06264351259999, 24.809191736160241 ], [ 67.062710434883186, 24.809262893731955 ], [ 67.06261959684754, 24.809348325123228 ] ] ] } },
{ "type": "Feature", "id": 1196, "properties": { "FID": 1196, "class": "Defence_SpatialJoin", "SolarPV_Area(sqm)": 0.0, "Rooftop_Area(sqm)": 163.523861044 }, "geometry": { "type": "Polygon", "coordinates": [ [ [ 67.062013739834597, 24.808727094064306 ], [ 67.061939828240071, 24.808644460043979 ], [ 67.06203651609718, 24.808557977293241 ], [ 67.062110427736314, 24.80864061126827 ], [ 67.062013739834597, 24.808727094064306 ] ] ] } },
{ "type": "Feature", "id": 1197, "properties": { "FID": 1197, "class": "Defence_SpatialJoin", "SolarPV_Area(sqm)": 0.0, "Rooftop_Area(sqm)": 144.458899621 }, "geometry": { "type": "Polygon", "coordinates": [ [ [ 67.062098012820428, 24.808810228479292 ], [ 67.062030411153927, 24.808733526496106 ], [ 67.062123636409581, 24.808651361526227 ], [ 67.062191238116952, 24.808728063469829 ], [ 67.062098012820428, 24.808810228479292 ] ] ] } },
{ "type": "Feature", "id": 1198, "properties": { "FID": 1198, "class": "Defence_SpatialJoin", "SolarPV_Area(sqm)": 0.0, "Rooftop_Area(sqm)": 173.866951019 }, "geometry": { "type": "Polygon", "coordinates": [ [ [ 67.062185702851679, 24.808912153257651 ], [ 67.062109967671674, 24.808831963612164 ], [ 67.062210757580885, 24.808736773273274 ], [ 67.062286491764482, 24.808816963710793 ], [ 67.062185702851679, 24.808912153257651 ] ] ] } },
{ "type": "Feature", "id": 1199, "properties": { "FID": 1199, "class": "Defence_SpatialJoin", "SolarPV_Area(sqm)": 0.0, "Rooftop_Area(sqm)": 140.96611001100001 }, "geometry": { "type": "Polygon", "coordinates": [ [ [ 67.062258587602955, 24.808981052659465 ], [ 67.062199005615696, 24.808911726569374 ], [ 67.062301863837973, 24.808823324935162 ], [ 67.062361445924864, 24.808892650092954 ], [ 67.062258587602955, 24.808981052659465 ] ] ] } },
{ "type": "Feature", "id": 1200, "properties": { "FID": 1200, "class": "Defence_SpatialJoin", "SolarPV_Area(sqm)": 0.0, "Rooftop_Area(sqm)": 147.832195872 }, "geometry": { "type": "Polygon", "coordinates": [ [ [ 67.062266309475817, 24.808987953987106 ], [ 67.062370153478682, 24.808893317055091 ], [ 67.062432487332856, 24.808961714846063 ], [ 67.062328642311613, 24.809056351767271 ], [ 67.062266309475817, 24.808987953987106 ] ] ] } },
{ "type": "Feature", "id": 1201, "properties": { "FID": 1201, "class": "Defence_SpatialJoin", "SolarPV_Area(sqm)": 0.0, "Rooftop_Area(sqm)": 181.954853646 }, "geometry": { "type": "Polygon", "coordinates": [ [ [ 67.062342110065259, 24.809067034181801 ], [ 67.062445225340397, 24.808972905755159 ], [ 67.062522500686569, 24.809057559141621 ], [ 67.062419384384384, 24.80915168756712 ], [ 67.062342110065259, 24.809067034181801 ] ] ] } },
{ "type": "Feature", "id": 1202, "properties": { "FID": 1202, "class": "Defence_SpatialJoin", "SolarPV_Area(sqm)": 279.16458966900001, "Rooftop_Area(sqm)": 450.11414815799998 }, "geometry": { "type": "Polygon", "coordinates": [ [ [ 67.063749196338648, 24.80971745242714 ], [ 67.063563988783343, 24.809526008667042 ], [ 67.063670804104859, 24.809422672785711 ], [ 67.063856011758261, 24.809614116414124 ], [ 67.063749196338648, 24.80971745242714 ] ] ] } },
{ "type": "Feature", "id": 1203, "properties": { "FID": 1203, "class": "Defence_SpatialJoin", "SolarPV_Area(sqm)": 60.671230449, "Rooftop_Area(sqm)": 263.07854585299998 }, "geometry": { "type": "Polygon", "coordinates": [ [ [ 67.063643594594353, 24.809805562365025 ], [ 67.063518451991825, 24.809669101014325 ], [ 67.063610553162306, 24.809584639317848 ], [ 67.063735694794815, 24.80972110143642 ], [ 67.063643594594353, 24.809805562365025 ] ] ] } },
{ "type": "Feature", "id": 1204, "properties": { "FID": 1204, "class": "Defence_SpatialJoin", "SolarPV_Area(sqm)": 0.0, "Rooftop_Area(sqm)": 291.168488739 }, "geometry": { "type": "Polygon", "coordinates": [ [ [ 67.063879418007289, 24.809591766337409 ], [ 67.063734323939769, 24.809437480765506 ], [ 67.063822405934204, 24.809354646841658 ], [ 67.063967499091106, 24.809508932277623 ], [ 67.063879418007289, 24.809591766337409 ] ] ] } },
{ "type": "Feature", "id": 1205, "properties": { "FID": 1205, "class": "Defence_SpatialJoin", "SolarPV_Area(sqm)": 0.0, "Rooftop_Area(sqm)": 269.556728346 }, "geometry": { "type": "Polygon", "coordinates": [ [ [ 67.063788068348117, 24.809699959777049 ], [ 67.06394969410546, 24.809555118498043 ], [ 67.064022596498504, 24.809636469300948 ], [ 67.063860970667974, 24.809781310654749 ], [ 67.063788068348117, 24.809699959777049 ] ] ] } },
{ "type": "Feature", "id": 1206, "properties": { "FID": 1206, "class": "Defence_SpatialJoin", "SolarPV_Area(sqm)": 0.0, "Rooftop_Area(sqm)": 151.618289261 }, "geometry": { "type": "Polygon", "coordinates": [ [ [ 67.063766040801994, 24.809727170735453 ], [ 67.063851311010467, 24.809809458452538 ], [ 67.063773168014862, 24.809890432996482 ], [ 67.063687897831983, 24.809808145233209 ], [ 67.063766040801994, 24.809727170735453 ] ] ] } },
{ "type": "Feature", "id": 1207, "properties": { "FID": 1207, "class": "Defence_SpatialJoin", "SolarPV_Area(sqm)": 0.0, "Rooftop_Area(sqm)": 400.65237800400001 }, "geometry": { "type": "Polygon", "coordinates": [ [ [ 67.063922824616284, 24.809952627948118 ], [ 67.06384614055024, 24.809850287154632 ], [ 67.064066651234882, 24.809685059202796 ], [ 67.064143335399024, 24.809787400795791 ], [ 67.063922824616284, 24.809952627948118 ] ] ] } },
{ "type": "Feature", "id": 1208, "properties": { "FID": 1208, "class": "Defence_SpatialJoin", "SolarPV_Area(sqm)": 107.310031447, "Rooftop_Area(sqm)": 414.59666751899999 }, "geometry": { "type": "Polygon", "coordinates": [ [ [ 67.063991499322753, 24.810137270308704 ], [ 67.063902325998441, 24.810028826457501 ], [ 67.064102932327856, 24.809863870273265 ], [ 67.064192104751399, 24.809972314859305 ], [ 67.063991499322753, 24.810137270308704 ] ] ] } },
{ "type": "Feature", "id": 1209, "properties": { "FID": 1209, "class": "Defence_SpatialJoin", "SolarPV_Area(sqm)": 91.297963181499995, "Rooftop_Area(sqm)": 404.51408322600003 }, "geometry": { "type": "Polygon", "coordinates": [ [ [ 67.064102931809273, 24.810249351058385 ], [ 67.064016957435825, 24.810137617272435 ], [ 67.064216956967996, 24.809983726175908 ], [ 67.064302931491781, 24.810095459863412 ], [ 67.064102931809273, 24.810249351058385 ] ] ] } },
{ "type": "Feature", "id": 1210, "properties": { "FID": 1210, "class": "Defence_SpatialJoin", "SolarPV_Area(sqm)": 106.832033118, "Rooftop_Area(sqm)": 456.49771010900002 }, "geometry": { "type": "Polygon", "coordinates": [ [ [ 67.064222787198204, 24.810362080744955 ], [ 67.064138532575484, 24.810247506670944 ], [ 67.064365966021427, 24.81008025789944 ], [ 67.064450220826416, 24.810194831867403 ], [ 67.064222787198204, 24.810362080744955 ] ] ] } },
{ "type": "Feature", "id": 1211, "properties": { "FID": 1211, "class": "Defence_SpatialJoin", "SolarPV_Area(sqm)": 0.0, "Rooftop_Area(sqm)": 364.07244104900002 }, "geometry": { "type": "Polygon", "coordinates": [ [ [ 67.064338107844918, 24.810466386596566 ], [ 67.064255445179754, 24.81036633930124 ], [ 67.064445653924309, 24.810209184150263 ], [ 67.064528315728253, 24.810309231298643 ], [ 67.064338107844918, 24.810466386596566 ] ] ] } },
{ "type": "Feature", "id": 1212, "properties": { "FID": 1212, "class": "Defence_SpatialJoin", "SolarPV_Area(sqm)": 79.481024683699999, "Rooftop_Area(sqm)": 423.10560877 }, "geometry": { "type": "Polygon", "coordinates": [ [ [ 67.064443062054494, 24.810612157385535 ], [ 67.064361524394286, 24.810514959625731 ], [ 67.064586241178972, 24.810326448091367 ], [ 67.064667779030245, 24.810423644845319 ], [ 67.064443062054494, 24.810612157385535 ] ] ] } },
{ "type": "Feature", "id": 1213, "properties": { "FID": 1213, "class": "Defence_SpatialJoin", "SolarPV_Area(sqm)": 24.3851706371, "Rooftop_Area(sqm)": 366.75425923199998 }, "geometry": { "type": "Polygon", "coordinates": [ [ [ 67.064608916464124, 24.810652972957033 ], [ 67.064530549983445, 24.810548484515198 ], [ 67.064728123841334, 24.810400304162155 ], [ 67.064806490464079, 24.810504792516987 ], [ 67.064608916464124, 24.810652972957033 ] ] ] } },
{ "type": "Feature", "id": 1214, "properties": { "FID": 1214, "class": "Defence_SpatialJoin", "SolarPV_Area(sqm)": 0.0, "Rooftop_Area(sqm)": 284.75494510099998 }, "geometry": { "type": "Polygon", "coordinates": [ [ [ 67.064897865348655, 24.81084474128259 ], [ 67.064809815595154, 24.810725711504691 ], [ 67.064945807677702, 24.810625114449103 ], [ 67.065033857486554, 24.810744145054887 ], [ 67.064897865348655, 24.81084474128259 ] ] ] } },
{ "type": "Feature", "id": 1215, "properties": { "FID": 1215, "class": "Defence_SpatialJoin", "SolarPV_Area(sqm)": 0.0, "Rooftop_Area(sqm)": 269.68516076999998 }, "geometry": { "type": "Polygon", "coordinates": [ [ [ 67.064582353377148, 24.810741730621157 ], [ 67.064669522834762, 24.810660642527058 ], [ 67.064805220045102, 24.810806517166434 ], [ 67.064718050521265, 24.810887605337413 ], [ 67.064582353377148, 24.810741730621157 ] ] ] } },
{ "type": "Feature", "id": 1216, "properties": { "FID": 1216, "class": "Defence_SpatialJoin", "SolarPV_Area(sqm)": 70.787549497900002, "Rooftop_Area(sqm)": 318.32204341800002 }, "geometry": { "type": "Polygon", "coordinates": [ [ [ 67.064451640452873, 24.811214622239671 ], [ 67.064370986925979, 24.811109701009638 ], [ 67.06453871316576, 24.81098076748782 ], [ 67.064619366811129, 24.811085688640468 ], [ 67.064451640452873, 24.811214622239671 ] ] ] } },
{ "type": "Feature", "id": 1217, "properties": { "FID": 1217, "class": "Defence_SpatialJoin", "SolarPV_Area(sqm)": 91.516053393099995, "Rooftop_Area(sqm)": 359.92048727600002 }, "geometry": { "type": "Polygon", "coordinates": [ [ [ 67.064357517991382, 24.81109893876253 ], [ 67.064263809083315, 24.810985458278292 ], [ 67.064429664060896, 24.810848499092018 ], [ 67.064523373086473, 24.810961979482752 ], [ 67.064357517991382, 24.81109893876253 ] ] ] } },
{ "type": "Feature", "id": 1218, "properties": { "FID": 1218, "class": "Defence_SpatialJoin", "SolarPV_Area(sqm)": 39.321772945900001, "Rooftop_Area(sqm)": 471.556190383 }, "geometry": { "type": "Polygon", "coordinates": [ [ [ 67.064258420175889, 24.810934743339434 ], [ 67.064177685747154, 24.810831150547425 ], [ 67.064426762222851, 24.810637035601001 ], [ 67.064507495900457, 24.810740627330073 ], [ 67.064258420175889, 24.810934743339434 ] ] ] } },
{ "type": "Feature", "id": 1219, "properties": { "FID": 1219, "class": "Defence_SpatialJoin", "SolarPV_Area(sqm)": 87.297706784200003, "Rooftop_Area(sqm)": 369.00950954400003 }, "geometry": { "type": "Polygon", "coordinates": [ [ [ 67.064065614784226, 24.810668132781743 ], [ 67.063985036888923, 24.810572120552706 ], [ 67.064183371306001, 24.810405669005323 ], [ 67.064263949317876, 24.810501681137172 ], [ 67.064065614784226, 24.810668132781743 ] ] ] } },
{ "type": "Feature", "id": 1220, "properties": { "FID": 1220, "class": "Defence_SpatialJoin", "SolarPV_Area(sqm)": 0.0, "Rooftop_Area(sqm)": 354.733494861 }, "geometry": { "type": "Polygon", "coordinates": [ [ [ 67.063967761188124, 24.810555351758477 ], [ 67.06389238656746, 24.810458442510722 ], [ 67.064092980396794, 24.810302424945629 ], [ 67.064168355089578, 24.810399335000596 ], [ 67.063967761188124, 24.810555351758477 ] ] ] } },
{ "type": "Feature", "id": 1221, "properties": { "FID": 1221, "class": "Defence_SpatialJoin", "SolarPV_Area(sqm)": 0.0, "Rooftop_Area(sqm)": 377.00778570599999 }, "geometry": { "type": "Polygon", "coordinates": [ [ [ 67.063827614111204, 24.810452108254296 ], [ 67.063753964126036, 24.810361646284896 ], [ 67.063974395422875, 24.810182180906242 ], [ 67.064048045591946, 24.81027264188446 ], [ 67.063827614111204, 24.810452108254296 ] ] ] } },
{ "type": "Feature", "id": 1222, "properties": { "FID": 1222, "class": "Defence_SpatialJoin", "SolarPV_Area(sqm)": 214.154192685, "Rooftop_Area(sqm)": 464.127431167 }, "geometry": { "type": "Polygon", "coordinates": [ [ [ 67.06372519929586, 24.810355083391471 ], [ 67.063636292635053, 24.810245151206441 ], [ 67.063860785099479, 24.810063595370995 ], [ 67.063949691975438, 24.81017352654322 ], [ 67.06372519929586, 24.810355083391471 ] ] ] } },
{ "type": "Feature", "id": 1223, "properties": { "FID": 1223, "class": "Defence_SpatialJoin", "SolarPV_Area(sqm)": 29.1902694873, "Rooftop_Area(sqm)": 445.88987171299999 }, "geometry": { "type": "Polygon", "coordinates": [ [ [ 67.063640199232267, 24.810208302780424 ], [ 67.063540154746306, 24.810097605311054 ], [ 67.063735150724739, 24.809921375489914 ], [ 67.063835195386517, 24.810032071940352 ], [ 67.063640199232267, 24.810208302780424 ] ] ] } },
{ "type": "Feature", "id": 1224, "properties": { "FID": 1224, "class": "Defence_SpatialJoin", "SolarPV_Area(sqm)": 28.789586748400001, "Rooftop_Area(sqm)": 372.09128044300002 }, "geometry": { "type": "Polygon", "coordinates": [ [ [ 67.063521613502658, 24.810079350855521 ], [ 67.063441054057023, 24.80997901260919 ], [ 67.063639369987726, 24.809819789283491 ], [ 67.06371992950433, 24.809920128330013 ], [ 67.063521613502658, 24.810079350855521 ] ] ] } },
{ "type": "Feature", "id": 1225, "properties": { "FID": 1225, "class": "Defence_SpatialJoin", "SolarPV_Area(sqm)": 47.991167625499997, "Rooftop_Area(sqm)": 362.76214046400003 }, "geometry": { "type": "Polygon", "coordinates": [ [ [ 67.06375761921241, 24.811772487953938 ], [ 67.063683645748426, 24.811674547566849 ], [ 67.063891079900458, 24.811517875502485 ], [ 67.063965052523471, 24.811615815750574 ], [ 67.06375761921241, 24.811772487953938 ] ] ] } },
{ "type": "Feature", "id": 1226, "properties": { "FID": 1226, "class": "Defence_SpatialJoin", "SolarPV_Area(sqm)": 31.971837325799999, "Rooftop_Area(sqm)": 303.25188863900001 }, "geometry": { "type": "Polygon", "coordinates": [ [ [ 67.063670156783061, 24.811664941965184 ], [ 67.063599571558413, 24.811589281730953 ], [ 67.063807504928249, 24.811434300411751 ], [ 67.063878089269778, 24.811509960503631 ], [ 67.063670156783061, 24.811664941965184 ] ] ] } },
{ "type": "Feature", "id": 1227, "properties": { "FID": 1227, "class": "Defence_SpatialJoin", "SolarPV_Area(sqm)": 88.070864403200005, "Rooftop_Area(sqm)": 320.19639107099999 }, "geometry": { "type": "Polygon", "coordinates": [ [ [ 67.063610552768807, 24.811574239898967 ], [ 67.063536313123421, 24.811477233932113 ], [ 67.063719394835701, 24.81133712108436 ], [ 67.063793633621216, 24.811434126921377 ], [ 67.063610552768807, 24.811574239898967 ] ] ] } },
{ "type": "Feature", "id": 1228, "properties": { "FID": 1228, "class": "Defence_SpatialJoin", "SolarPV_Area(sqm)": 0.0, "Rooftop_Area(sqm)": 253.02163273 }, "geometry": { "type": "Polygon", "coordinates": [ [ [ 67.063514020747249, 24.811468638196839 ], [ 67.063449926129564, 24.811389241791712 ], [ 67.063619623430853, 24.811252250254409 ], [ 67.06368371715493, 24.811331646542779 ], [ 67.063514020747249, 24.811468638196839 ] ] ] } },
{ "type": "Feature", "id": 1229, "properties": { "FID": 1229, "class": "Defence_SpatialJoin", "SolarPV_Area(sqm)": 0.0, "Rooftop_Area(sqm)": 257.49714780900001 }, "geometry": { "type": "Polygon", "coordinates": [ [ [ 67.063427206831093, 24.81137469703333 ], [ 67.063362816656209, 24.811292288961301 ], [ 67.063533456273618, 24.811158957600313 ], [ 67.06359784659908, 24.811241364714295 ], [ 67.063427206831093, 24.81137469703333 ] ] ] } },
{ "type": "Feature", "id": 1230, "properties": { "FID": 1230, "class": "Defence_SpatialJoin", "SolarPV_Area(sqm)": 0.0, "Rooftop_Area(sqm)": 294.45601612799999 }, "geometry": { "type": "Polygon", "coordinates": [ [ [ 67.0633222517273, 24.811295009625979 ], [ 67.063253727558262, 24.811206991257809 ], [ 67.063436924680104, 24.811064368319347 ], [ 67.06350544895642, 24.811152386615024 ], [ 67.0633222517273, 24.811295009625979 ] ] ] } },
{ "type": "Feature", "id": 1231, "properties": { "FID": 1231, "class": "Defence_SpatialJoin", "SolarPV_Area(sqm)": 0.0, "Rooftop_Area(sqm)": 289.83704328200002 }, "geometry": { "type": "Polygon", "coordinates": [ [ [ 67.063243860253081, 24.811195237452317 ], [ 67.063172414933248, 24.811105375766562 ], [ 67.063346223134815, 24.810967188707714 ], [ 67.063417668499056, 24.81105705121513 ], [ 67.063243860253081, 24.811195237452317 ] ] ] } },
{ "type": "Feature", "id": 1232, "properties": { "FID": 1232, "class": "Defence_SpatialJoin", "SolarPV_Area(sqm)": 0.0, "Rooftop_Area(sqm)": 262.92041647299999 }, "geometry": { "type": "Polygon", "coordinates": [ [ [ 67.063158341093839, 24.811097410054753 ], [ 67.063095758169837, 24.811021036321957 ], [ 67.063276900907525, 24.810872600227572 ], [ 67.063339484955989, 24.810948973050412 ], [ 67.063158341093839, 24.811097410054753 ] ] ] } },
{ "type": "Feature", "id": 1233, "properties": { "FID": 1233, "class": "Defence_SpatialJoin", "SolarPV_Area(sqm)": 53.128550901200001, "Rooftop_Area(sqm)": 274.96365511900001 }, "geometry": { "type": "Polygon", "coordinates": [ [ [ 67.063076710536535, 24.811006708251231 ], [ 67.063008236019797, 24.810925574539137 ], [ 67.063182312465159, 24.810778659413582 ], [ 67.063250787125043, 24.810859792158464 ], [ 67.063076710536535, 24.811006708251231 ] ] ] } },
{ "type": "Feature", "id": 1234, "properties": { "FID": 1234, "class": "Defence_SpatialJoin", "SolarPV_Area(sqm)": 0.0, "Rooftop_Area(sqm)": 272.97128604800002 }, "geometry": { "type": "Polygon", "coordinates": [ [ [ 67.062980825420084, 24.810912120075599 ], [ 67.062911397812599, 24.810826574476799 ], [ 67.063080597511799, 24.810689253616324 ], [ 67.06315002526884, 24.810774798250851 ], [ 67.062980825420084, 24.810912120075599 ] ] ] } },
{ "type": "Feature", "id": 1235, "properties": { "FID": 1235, "class": "Defence_SpatialJoin", "SolarPV_Area(sqm)": 0.0, "Rooftop_Area(sqm)": 252.218822305 }, "geometry": { "type": "Polygon", "coordinates": [ [ [ 67.062889476771446, 24.810819474900203 ], [ 67.062824349025618, 24.81074126533878 ], [ 67.062991839997849, 24.810601791762096 ], [ 67.063056966844698, 24.810680001205203 ], [ 67.062889476771446, 24.810819474900203 ] ] ] } },
{ "type": "Feature", "id": 1236, "properties": { "FID": 1236, "class": "Defence_SpatialJoin", "SolarPV_Area(sqm)": 0.0, "Rooftop_Area(sqm)": 301.082868147 }, "geometry": { "type": "Polygon", "coordinates": [ [ [ 67.062780635342932, 24.810743026129636 ], [ 67.062714113742771, 24.810659810326293 ], [ 67.062908265188383, 24.810504611166103 ], [ 67.062974785855914, 24.810587827735567 ], [ 67.062780635342932, 24.810743026129636 ] ] ] } },
{ "type": "Feature", "id": 1237, "properties": { "FID": 1237, "class": "Defence_SpatialJoin", "SolarPV_Area(sqm)": 0.0, "Rooftop_Area(sqm)": 301.32180883400002 }, "geometry": { "type": "Polygon", "coordinates": [ [ [ 67.062708721167681, 24.810647142186287 ], [ 67.062635870937669, 24.810562149690682 ], [ 67.062815619268605, 24.810408078763395 ], [ 67.062888470569504, 24.810493071230564 ], [ 67.062708721167681, 24.810647142186287 ] ] ] } },
{ "type": "Feature", "id": 1238, "properties": { "FID": 1238, "class": "Defence_SpatialJoin", "SolarPV_Area(sqm)": 0.0, "Rooftop_Area(sqm)": 294.01181911600003 }, "geometry": { "type": "Polygon", "coordinates": [ [ [ 67.062613485013458, 24.81054607446697 ], [ 67.062544815655755, 24.810453355157918 ], [ 67.062724918365063, 24.810319969153483 ], [ 67.062793587838911, 24.810412688393694 ], [ 67.062613485013458, 24.81054607446697 ] ] ] } },
{ "type": "Feature", "id": 1239, "properties": { "FID": 1239, "class": "Defence_SpatialJoin", "SolarPV_Area(sqm)": 0.0, "Rooftop_Area(sqm)": 251.244399077 }, "geometry": { "type": "Polygon", "coordinates": [ [ [ 67.062547403090264, 24.810439176387163 ], [ 67.06247924295262, 24.810354145342639 ], [ 67.062637456263161, 24.810227324183966 ], [ 67.062705615507738, 24.810312355112579 ], [ 67.062547403090264, 24.810439176387163 ] ] ] } },
{ "type": "Feature", "id": 1240, "properties": { "FID": 1240, "class": "Defence_SpatialJoin", "SolarPV_Area(sqm)": 0.0, "Rooftop_Area(sqm)": 239.60369575000001 }, "geometry": { "type": "Polygon", "coordinates": [ [ [ 67.062450222330099, 24.810345883937405 ], [ 67.062387122161027, 24.810262942344011 ], [ 67.062548050197563, 24.810140509654381 ], [ 67.062611151437352, 24.810223451242457 ], [ 67.062450222330099, 24.810345883937405 ] ] ] } },
{ "type": "Feature", "id": 1241, "properties": { "FID": 1241, "class": "Defence_SpatialJoin", "SolarPV_Area(sqm)": 0.0, "Rooftop_Area(sqm)": 253.08076935599999 }, "geometry": { "type": "Polygon", "coordinates": [ [ [ 67.062344619974652, 24.81026295657816 ], [ 67.062281771530749, 24.810181044377661 ], [ 67.062452813686235, 24.810049808066676 ], [ 67.062515663204621, 24.810131720258095 ], [ 67.062344619974652, 24.81026295657816 ] ] ] } },
{ "type": "Feature", "id": 1242, "properties": { "FID": 1242, "class": "Defence_SpatialJoin", "SolarPV_Area(sqm)": 0.0, "Rooftop_Area(sqm)": 311.11753737700002 }, "geometry": { "type": "Polygon", "coordinates": [ [ [ 67.062259749641257, 24.810177437811536 ], [ 67.062186190056053, 24.810086186740087 ], [ 67.062367943341656, 24.809939670902104 ], [ 67.062441502975986, 24.810030922788894 ], [ 67.062259749641257, 24.810177437811536 ] ] ] } },
{ "type": "Feature", "id": 1243, "properties": { "FID": 1243, "class": "Defence_SpatialJoin", "SolarPV_Area(sqm)": 0.0, "Rooftop_Area(sqm)": 316.566571737 }, "geometry": { "type": "Polygon", "coordinates": [ [ [ 67.062158034790215, 24.810096454657625 ], [ 67.062084783423316, 24.810011333801111 ], [ 67.062272706869081, 24.809849617252461 ], [ 67.062345957293402, 24.809934738865959 ], [ 67.062158034790215, 24.810096454657625 ] ] ] } },
{ "type": "Feature", "id": 1244, "properties": { "FID": 1244, "class": "Defence_SpatialJoin", "SolarPV_Area(sqm)": 0.0, "Rooftop_Area(sqm)": 284.90429458199998 }, "geometry": { "type": "Polygon", "coordinates": [ [ [ 67.061940999283991, 24.809867757501554 ], [ 67.061877948034805, 24.809790288687861 ], [ 67.062072516214499, 24.80963193391014 ], [ 67.062135566579457, 24.809709402598418 ], [ 67.061940999283991, 24.809867757501554 ] ] ] } },
{ "type": "Feature", "id": 1245, "properties": { "FID": 1245, "class": "Defence_SpatialJoin", "SolarPV_Area(sqm)": 0.0, "Rooftop_Area(sqm)": 278.15032954600002 }, "geometry": { "type": "Polygon", "coordinates": [ [ [ 67.061855480599561, 24.80977381683352 ], [ 67.061792902903079, 24.809693548859862 ], [ 67.061982462700527, 24.809545767618843 ], [ 67.062045039518196, 24.809626035471599 ], [ 67.061855480599561, 24.80977381683352 ] ] ] } },
{ "type": "Feature", "id": 1246, "properties": { "FID": 1246, "class": "Defence_SpatialJoin", "SolarPV_Area(sqm)": 0.0, "Rooftop_Area(sqm)": 322.41781977199997 }, "geometry": { "type": "Polygon", "coordinates": [ [ [ 67.061764131468152, 24.809687002328001 ], [ 67.061692410189551, 24.809598774278687 ], [ 67.061885930052185, 24.809441461395988 ], [ 67.0619576514394, 24.809529689362705 ], [ 67.061764131468152, 24.809687002328001 ] ] ] } },
{ "type": "Feature", "id": 1247, "properties": { "FID": 1247, "class": "Defence_SpatialJoin", "SolarPV_Area(sqm)": 0.0, "Rooftop_Area(sqm)": 319.731965774 }, "geometry": { "type": "Polygon", "coordinates": [ [ [ 67.061670838517273, 24.809586582864814 ], [ 67.061602918702974, 24.809496116632154 ], [ 67.06180170789446, 24.809346872011737 ], [ 67.061869626795172, 24.809437339010593 ], [ 67.061670838517273, 24.809586582864814 ] ] ] } },
{ "type": "Feature", "id": 1248, "properties": { "FID": 1248, "class": "Defence_SpatialJoin", "SolarPV_Area(sqm)": 52.859222814799999, "Rooftop_Area(sqm)": 305.946626665 }, "geometry": { "type": "Polygon", "coordinates": [ [ [ 67.061580136991935, 24.809490698639014 ], [ 67.061511966406059, 24.80940067941188 ], [ 67.061701936285459, 24.809256819167889 ], [ 67.06177010600814, 24.80934683826943 ], [ 67.061580136991935, 24.809490698639014 ] ] ] } },
{ "type": "Feature", "id": 1249, "properties": { "FID": 1249, "class": "Defence_SpatialJoin", "SolarPV_Area(sqm)": 0.0, "Rooftop_Area(sqm)": 322.46939955300002 }, "geometry": { "type": "Polygon", "coordinates": [ [ [ 67.061492026630873, 24.809397405651932 ], [ 67.061421804300423, 24.809305096790901 ], [ 67.061616417305629, 24.809157047405481 ], [ 67.061686640738159, 24.809249356241271 ], [ 67.061492026630873, 24.809397405651932 ] ] ] } },
{ "type": "Feature", "id": 1250, "properties": { "FID": 1250, "class": "Defence_SpatialJoin", "SolarPV_Area(sqm)": 44.756054331599998, "Rooftop_Area(sqm)": 346.35855922600001 }, "geometry": { "type": "Polygon", "coordinates": [ [ [ 67.06389691049155, 24.81150232704967 ], [ 67.063823934196932, 24.811402145076542 ], [ 67.064022596894972, 24.811257432963693 ], [ 67.064095572349913, 24.81135761480483 ], [ 67.06389691049155, 24.81150232704967 ] ] ] } },
{ "type": "Feature", "id": 1251, "properties": { "FID": 1251, "class": "Defence_SpatialJoin", "SolarPV_Area(sqm)": 0.0, "Rooftop_Area(sqm)": 289.94999333099997 }, "geometry": { "type": "Polygon", "coordinates": [ [ [ 67.06381203939236, 24.811396724416895 ], [ 67.063741722061295, 24.811308063867195 ], [ 67.063918289845091, 24.811168027359678 ], [ 67.063988607278418, 24.811256687836742 ], [ 67.06381203939236, 24.811396724416895 ] ] ] } },
{ "type": "Feature", "id": 1252, "properties": { "FID": 1252, "class": "Defence_SpatialJoin", "SolarPV_Area(sqm)": 0.0, "Rooftop_Area(sqm)": 255.98167386899999 }, "geometry": { "type": "Polygon", "coordinates": [ [ [ 67.063708380989056, 24.811308614296859 ], [ 67.063649481481193, 24.811230792281258 ], [ 67.063833419435895, 24.811091579344588 ], [ 67.063892319041514, 24.811169401298915 ], [ 67.063708380989056, 24.811308614296859 ] ] ] } },
{ "type": "Feature", "id": 1253, "properties": { "FID": 1253, "class": "Defence_SpatialJoin", "SolarPV_Area(sqm)": 50.956066466300001, "Rooftop_Area(sqm)": 336.577344783 }, "geometry": { "type": "Polygon", "coordinates": [ [ [ 67.063546414062216, 24.811145999416087 ], [ 67.063734749342629, 24.810995602478673 ], [ 67.06381139133093, 24.811091578812899 ], [ 67.063623056913258, 24.811241975887494 ], [ 67.063546414062216, 24.811145999416087 ] ] ] } },
{ "type": "Feature", "id": 1254, "properties": { "FID": 1254, "class": "Defence_SpatialJoin", "SolarPV_Area(sqm)": 55.054676420299998, "Rooftop_Area(sqm)": 321.06004545799999 }, "geometry": { "type": "Polygon", "coordinates": [ [ [ 67.063463486520746, 24.811034567079709 ], [ 67.063631063665198, 24.810896770244824 ], [ 67.063721985834206, 24.810990511486782 ], [ 67.063554408602073, 24.811128308418741 ], [ 67.063463486520746, 24.811034567079709 ] ] ] } },
{ "type": "Feature", "id": 1255, "properties": { "FID": 1255, "class": "Defence_SpatialJoin", "SolarPV_Area(sqm)": 0.0, "Rooftop_Area(sqm)": 253.69655448200001 }, "geometry": { "type": "Polygon", "coordinates": [ [ [ 67.063453120786022, 24.811017074061013 ], [ 67.063392881302434, 24.810936291383243 ], [ 67.06357038478825, 24.81080392595068 ], [ 67.063630625350953, 24.810884708620947 ], [ 67.063453120786022, 24.811017074061013 ] ] ] } },
{ "type": "Feature", "id": 1256, "properties": { "FID": 1256, "class": "Defence_SpatialJoin", "SolarPV_Area(sqm)": 0.0, "Rooftop_Area(sqm)": 263.514108325 }, "geometry": { "type": "Polygon", "coordinates": [ [ [ 67.06336825099423, 24.810928964622143 ], [ 67.063300128591166, 24.810848838871774 ], [ 67.063468022482297, 24.810706097730201 ], [ 67.063536143986383, 24.810786223358079 ], [ 67.06336825099423, 24.810928964622143 ] ] ] } },
{ "type": "Feature", "id": 1257, "properties": { "FID": 1257, "class": "Defence_SpatialJoin", "SolarPV_Area(sqm)": 0.0, "Rooftop_Area(sqm)": 254.085886397 }, "geometry": { "type": "Polygon", "coordinates": [ [ [ 67.063275605710658, 24.810834375505198 ], [ 67.06320812899456, 24.81075684927902 ], [ 67.063372137247086, 24.810614100890088 ], [ 67.06343961403725, 24.810691627047333 ], [ 67.063275605710658, 24.810834375505198 ] ] ] } },
{ "type": "Feature", "id": 1258, "properties": { "FID": 1258, "class": "Defence_SpatialJoin", "SolarPV_Area(sqm)": 0.0, "Rooftop_Area(sqm)": 273.18992897700002 }, "geometry": { "type": "Polygon", "coordinates": [ [ [ 67.063188143081547, 24.810741082685546 ], [ 67.063120197335394, 24.810658618461201 ], [ 67.063293745522685, 24.810515624809444 ], [ 67.063361691358438, 24.810598088962962 ], [ 67.063188143081547, 24.810741082685546 ] ] ] } },
{ "type": "Feature", "id": 1259, "properties": { "FID": 1259, "class": "Defence_SpatialJoin", "SolarPV_Area(sqm)": 0.0, "Rooftop_Area(sqm)": 298.82340282899997 }, "geometry": { "type": "Polygon", "coordinates": [ [ [ 67.063103921177799, 24.810651676769996 ], [ 67.063035805460856, 24.810570316354259 ], [ 67.063225719982213, 24.810411318339408 ], [ 67.063293835794042, 24.810492678676592 ], [ 67.063103921177799, 24.810651676769996 ] ] ] } },
{ "type": "Feature", "id": 1260, "properties": { "FID": 1260, "class": "Defence_SpatialJoin", "SolarPV_Area(sqm)": 0.0, "Rooftop_Area(sqm)": 286.31709314099999 }, "geometry": { "type": "Polygon", "coordinates": [ [ [ 67.06300285360031, 24.810561623420142 ], [ 67.062939013615249, 24.810483787846284 ], [ 67.063132427057113, 24.810325151819885 ], [ 67.063196267079604, 24.810402988214253 ], [ 67.06300285360031, 24.810561623420142 ] ] ] } },
{ "type": "Feature", "id": 1261, "properties": { "FID": 1261, "class": "Defence_SpatialJoin", "SolarPV_Area(sqm)": 0.0, "Rooftop_Area(sqm)": 291.33446630700001 }, "geometry": { "type": "Polygon", "coordinates": [ [ [ 67.06291992660897, 24.810467682412504 ], [ 67.062855784905125, 24.810393389307642 ], [ 67.063053387064045, 24.810222788984614 ], [ 67.063117528854434, 24.810297082010912 ], [ 67.06291992660897, 24.810467682412504 ] ] ] } },
{ "type": "Feature", "id": 1262, "properties": { "FID": 1262, "class": "Defence_SpatialJoin", "SolarPV_Area(sqm)": 0.0, "Rooftop_Area(sqm)": 296.93949819300002 }, "geometry": { "type": "Polygon", "coordinates": [ [ [ 67.062822098836406, 24.810378924785809 ], [ 67.062757860447235, 24.810302598139877 ], [ 67.062958150360402, 24.810134030726761 ], [ 67.06302238878547, 24.810210358188751 ], [ 67.062822098836406, 24.810378924785809 ] ] ] } },
{ "type": "Feature", "id": 1263, "properties": { "FID": 1263, "class": "Defence_SpatialJoin", "SolarPV_Area(sqm)": 0.0, "Rooftop_Area(sqm)": 277.61688434600001 }, "geometry": { "type": "Polygon", "coordinates": [ [ [ 67.062720383427319, 24.810289519728055 ], [ 67.062657014399775, 24.810212517895341 ], [ 67.062846069546694, 24.810056935248419 ], [ 67.062909437742903, 24.810133936062456 ], [ 67.062720383427319, 24.810289519728055 ] ] ] } },
{ "type": "Feature", "id": 1264, "properties": { "FID": 1264, "class": "Defence_SpatialJoin", "SolarPV_Area(sqm)": 75.159922679499999, "Rooftop_Area(sqm)": 268.30323910099997 }, "geometry": { "type": "Polygon", "coordinates": [ [ [ 67.062617372038673, 24.810214366860453 ], [ 67.062548151665538, 24.810133297360895 ], [ 67.062716496471324, 24.809989557113624 ], [ 67.062785716926143, 24.810070626541489 ], [ 67.062617372038673, 24.810214366860453 ] ] ] } },
{ "type": "Feature", "id": 1265, "properties": { "FID": 1265, "class": "Defence_SpatialJoin", "SolarPV_Area(sqm)": 0.0, "Rooftop_Area(sqm)": 298.990005758 }, "geometry": { "type": "Polygon", "coordinates": [ [ [ 67.062551937372916, 24.810090624064433 ], [ 67.062478342542619, 24.810009935724761 ], [ 67.062656244352084, 24.809847673495334 ], [ 67.062729839259944, 24.809928361750952 ], [ 67.062551937372916, 24.810090624064433 ] ] ] } },
{ "type": "Feature", "id": 1266, "properties": { "FID": 1266, "class": "Defence_SpatialJoin", "SolarPV_Area(sqm)": 0.0, "Rooftop_Area(sqm)": 271.84079435799998 }, "geometry": { "type": "Polygon", "coordinates": [ [ [ 67.062455405615026, 24.809986965184024 ], [ 67.06238956519239, 24.809903608034706 ], [ 67.062566191268999, 24.809764098566404 ], [ 67.062632031730885, 24.809847456542343 ], [ 67.062455405615026, 24.809986965184024 ] ] ] } },
{ "type": "Feature", "id": 1267, "properties": { "FID": 1267, "class": "Defence_SpatialJoin", "SolarPV_Area(sqm)": 0.0, "Rooftop_Area(sqm)": 236.02327886200001 }, "geometry": { "type": "Polygon", "coordinates": [ [ [ 67.062371182355719, 24.809890432816733 ], [ 67.062305224601658, 24.809811100962985 ], [ 67.062459940697266, 24.809682467756534 ], [ 67.06252589852734, 24.809761799548614 ], [ 67.062371182355719, 24.809890432816733 ] ] ] } },
{ "type": "Feature", "id": 1268, "properties": { "FID": 1268, "class": "Defence_SpatialJoin", "SolarPV_Area(sqm)": 0.0, "Rooftop_Area(sqm)": 287.50665619500001 }, "geometry": { "type": "Polygon", "coordinates": [ [ [ 67.062280481643654, 24.809803619072667 ], [ 67.062202262323197, 24.809708380201645 ], [ 67.062360816557714, 24.809578160667922 ], [ 67.062439035973071, 24.809673399464614 ], [ 67.062280481643654, 24.809803619072667 ] ] ] } },
{ "type": "Feature", "id": 1269, "properties": { "FID": 1269, "class": "Defence_SpatialJoin", "SolarPV_Area(sqm)": 85.334950042499997, "Rooftop_Area(sqm)": 382.37360521800002 }, "geometry": { "type": "Polygon", "coordinates": [ [ [ 67.062167752790486, 24.809718100554047 ], [ 67.062085674065685, 24.809627541526474 ], [ 67.062289551622044, 24.809442756702722 ], [ 67.062371629467748, 24.80953331557097 ], [ 67.062167752790486, 24.809718100554047 ] ] ] } },
{ "type": "Feature", "id": 1270, "properties": { "FID": 1270, "class": "Defence_SpatialJoin", "SolarPV_Area(sqm)": 0.0, "Rooftop_Area(sqm)": 266.887511722 }, "geometry": { "type": "Polygon", "coordinates": [ [ [ 67.06207445988916, 24.809600188084026 ], [ 67.062013955158406, 24.809526127635888 ], [ 67.062204032758757, 24.809370843623132 ], [ 67.062264537521187, 24.809444904897038 ], [ 67.06207445988916, 24.809600188084026 ] ] ] } },
{ "type": "Feature", "id": 1271, "properties": { "FID": 1271, "class": "Defence_SpatialJoin", "SolarPV_Area(sqm)": 96.1417511641, "Rooftop_Area(sqm)": 293.366812536 }, "geometry": { "type": "Polygon", "coordinates": [ [ [ 67.06197209678686, 24.809529570544829 ], [ 67.061905855007424, 24.80944547295713 ], [ 67.06209519122298, 24.809296338664637 ], [ 67.062161432127226, 24.809380436126997 ], [ 67.06197209678686, 24.809529570544829 ] ] ] } },
{ "type": "Feature", "id": 1272, "properties": { "FID": 1272, "class": "Defence_SpatialJoin", "SolarPV_Area(sqm)": 0.0, "Rooftop_Area(sqm)": 297.84194042799999 }, "geometry": { "type": "Polygon", "coordinates": [ [ [ 67.061911845039248, 24.809411011115738 ], [ 67.061834515924772, 24.809323259982879 ], [ 67.062002546733098, 24.809175187672466 ], [ 67.062079874951976, 24.809262938671388 ], [ 67.061911845039248, 24.809411011115738 ] ] ] } },
{ "type": "Feature", "id": 1273, "properties": { "FID": 1273, "class": "Defence_SpatialJoin", "SolarPV_Area(sqm)": 0.0, "Rooftop_Area(sqm)": 309.14807394899998 }, "geometry": { "type": "Polygon", "coordinates": [ [ [ 67.061809481892936, 24.809322253218667 ], [ 67.061731624025697, 24.80923104895318 ], [ 67.061904070571401, 24.809083838158045 ], [ 67.061981928475461, 24.809175043235385 ], [ 67.061809481892936, 24.809322253218667 ] ] ] } },
{ "type": "Feature", "id": 1274, "properties": { "FID": 1274, "class": "Defence_SpatialJoin", "SolarPV_Area(sqm)": 0.0, "Rooftop_Area(sqm)": 983.76301237899997 }, "geometry": { "type": "Polygon", "coordinates": [ [ [ 67.061703231363794, 24.809213411600478 ], [ 67.061477138350156, 24.808950336377428 ], [ 67.061666303091485, 24.808787763247523 ], [ 67.061892396400296, 24.809050838206346 ], [ 67.061703231363794, 24.809213411600478 ] ] ] } },
{ "type": "Feature", "id": 1275, "properties": { "FID": 1275, "class": "Defence_SpatialJoin", "SolarPV_Area(sqm)": 81.833647656599993, "Rooftop_Area(sqm)": 492.47394363400002 }, "geometry": { "type": "Polygon", "coordinates": [ [ [ 67.06006995850224, 24.811123972392696 ], [ 67.059966643659365, 24.810998359484572 ], [ 67.060172320725812, 24.810829192556948 ], [ 67.060275635730832, 24.810954805337577 ], [ 67.06006995850224, 24.811123972392696 ] ] ] } },
{ "type": "Feature", "id": 1276, "properties": { "FID": 1276, "class": "Defence_SpatialJoin", "SolarPV_Area(sqm)": 0.0, "Rooftop_Area(sqm)": 505.63244956699998 }, "geometry": { "type": "Polygon", "coordinates": [ [ [ 67.059897625804894, 24.810989216339259 ], [ 67.059796540158132, 24.810860801104777 ], [ 67.060010353950659, 24.810692492734979 ], [ 67.060111438798216, 24.810820907791346 ], [ 67.059897625804894, 24.810989216339259 ] ] ] } },
{ "type": "Feature", "id": 1277, "properties": { "FID": 1277, "class": "Defence_SpatialJoin", "SolarPV_Area(sqm)": 0.0, "Rooftop_Area(sqm)": 648.73182450499996 }, "geometry": { "type": "Polygon", "coordinates": [ [ [ 67.059755742335312, 24.810842149676166 ], [ 67.059626042974074, 24.810696345090111 ], [ 67.059844500461978, 24.810502019761781 ], [ 67.059974198965449, 24.810647825010889 ], [ 67.059755742335312, 24.810842149676166 ] ] ] } },
{ "type": "Feature", "id": 1278, "properties": { "FID": 1278, "class": "Defence_SpatialJoin", "SolarPV_Area(sqm)": 158.916601482, "Rooftop_Area(sqm)": 1066.8629313700001 }, "geometry": { "type": "Polygon", "coordinates": [ [ [ 67.060009058802592, 24.810620579674943 ], [ 67.059812269117131, 24.810362205133337 ], [ 67.06004210032745, 24.810187155843266 ], [ 67.060238889378951, 24.810445530969965 ], [ 67.060009058802592, 24.810620579674943 ] ] ] } },
{ "type": "Feature", "id": 1279, "properties": { "FID": 1279, "class": "Defence_SpatialJoin", "SolarPV_Area(sqm)": 237.101575594, "Rooftop_Area(sqm)": 1513.0910761299999 }, "geometry": { "type": "Polygon", "coordinates": [ [ [ 67.060532819279231, 24.810706948481016 ], [ 67.06028480732067, 24.810457924673877 ], [ 67.060560151166271, 24.81020687601476 ], [ 67.060816260766273, 24.810472096493822 ], [ 67.060532819279231, 24.810706948481016 ] ] ] } },
{ "type": "Feature", "id": 1280, "properties": { "FID": 1280, "class": "Defence_SpatialJoin", "SolarPV_Area(sqm)": 0.0, "Rooftop_Area(sqm)": 558.680720855 }, "geometry": { "type": "Polygon", "coordinates": [ [ [ 67.060421466655811, 24.810287859552531 ], [ 67.060187079621699, 24.810055466419421 ], [ 67.060291892944605, 24.809949753345848 ], [ 67.060526280141275, 24.810182145416878 ], [ 67.060421466655811, 24.810287859552531 ] ] ] } },
{ "type": "Feature", "id": 1281, "properties": { "FID": 1281, "class": "Defence_SpatialJoin", "SolarPV_Area(sqm)": 85.493121180100005, "Rooftop_Area(sqm)": 440.07412792100001 }, "geometry": { "type": "Polygon", "coordinates": [ [ [ 67.060785892163466, 24.810408321515638 ], [ 67.060603095588547, 24.810223517485898 ], [ 67.060708957673782, 24.810118806054955 ], [ 67.060891753300439, 24.810303610796243 ], [ 67.060785892163466, 24.810408321515638 ] ] ] } },
{ "type": "Feature", "id": 1282, "properties": { "FID": 1282, "class": "Defence_SpatialJoin", "SolarPV_Area(sqm)": 42.372147703499998, "Rooftop_Area(sqm)": 383.35130731100003 }, "geometry": { "type": "Polygon", "coordinates": [ [ [ 67.060920526438963, 24.810322277450247 ], [ 67.060746896751311, 24.810132247974614 ], [ 67.060843592544259, 24.810043896426887 ], [ 67.061017223368196, 24.810233924952538 ], [ 67.060920526438963, 24.810322277450247 ] ] ] } },
{ "type": "Feature", "id": 1283, "properties": { "FID": 1283, "class": "Defence_SpatialJoin", "SolarPV_Area(sqm)": 151.07080562799999, "Rooftop_Area(sqm)": 558.02716941000006 }, "geometry": { "type": "Polygon", "coordinates": [ [ [ 67.061285356754297, 24.809924122243501 ], [ 67.06150664207938, 24.809744861160407 ], [ 67.061615121375254, 24.809878771651874 ], [ 67.061393835918324, 24.810058031983026 ], [ 67.061285356754297, 24.809924122243501 ] ] ] } },
{ "type": "Feature", "id": 1284, "properties": { "FID": 1284, "class": "Defence_SpatialJoin", "SolarPV_Area(sqm)": 164.94214173, "Rooftop_Area(sqm)": 522.03652961700004 }, "geometry": { "type": "Polygon", "coordinates": [ [ [ 67.061263329258637, 24.809931248447615 ], [ 67.061127277474597, 24.809779000062509 ], [ 67.061352087667345, 24.809578161310831 ], [ 67.061424000696562, 24.809672749536848 ], [ 67.061297018939484, 24.809768633949407 ], [ 67.061367636424592, 24.809840547675154 ], [ 67.061263329258637, 24.809931248447615 ] ] ] } },
{ "type": "Feature", "id": 1285, "properties": { "FID": 1285, "class": "Defence_SpatialJoin", "SolarPV_Area(sqm)": 0.0, "Rooftop_Area(sqm)": 954.83853205699995 }, "geometry": { "type": "Polygon", "coordinates": [ [ [ 67.061105776124208, 24.809732110484347 ], [ 67.060912371461271, 24.809500676161324 ], [ 67.061126022249226, 24.809322131495531 ], [ 67.061319427159148, 24.809553566462412 ], [ 67.061105776124208, 24.809732110484347 ] ] ] } },
{ "type": "Feature", "id": 1286, "properties": { "FID": 1286, "class": "Defence_SpatialJoin", "SolarPV_Area(sqm)": 0.0, "Rooftop_Area(sqm)": 386.18209894900002 }, "geometry": { "type": "Polygon", "coordinates": [ [ [ 67.060265614275437, 24.811368218074833 ], [ 67.060176567732512, 24.81125735769827 ], [ 67.060362794126746, 24.811107775937543 ], [ 67.060451840802756, 24.811218636216235 ], [ 67.060265614275437, 24.811368218074833 ] ] ] } },
{ "type": "Feature", "id": 1287, "properties": { "FID": 1287, "class": "Defence_SpatialJoin", "SolarPV_Area(sqm)": 0.0, "Rooftop_Area(sqm)": 243.47061802100001 }, "geometry": { "type": "Polygon", "coordinates": [ [ [ 67.060413327541085, 24.811449201618338 ], [ 67.060332257002244, 24.811356870847792 ], [ 67.060463213664406, 24.811241884088655 ], [ 67.060544284272794, 24.811334214792698 ], [ 67.060413327541085, 24.811449201618338 ] ] ] } },
{ "type": "Feature", "id": 1288, "properties": { "FID": 1288, "class": "Defence_SpatialJoin", "SolarPV_Area(sqm)": 88.677336605400001, "Rooftop_Area(sqm)": 280.37449368300003 }, "geometry": { "type": "Polygon", "coordinates": [ [ [ 67.060521521571943, 24.811559339172256 ], [ 67.060432344596734, 24.811454509388881 ], [ 67.060568815864485, 24.811338416137971 ], [ 67.060657992868386, 24.81144324674111 ], [ 67.060521521571943, 24.811559339172256 ] ] ] } },
{ "type": "Feature", "id": 1289, "properties": { "FID": 1289, "class": "Defence_SpatialJoin", "SolarPV_Area(sqm)": 0.0, "Rooftop_Area(sqm)": 219.42057318799999 }, "geometry": { "type": "Polygon", "coordinates": [ [ [ 67.060598617330626, 24.811651984387801 ], [ 67.060530566360256, 24.811567875620788 ], [ 67.060669235187234, 24.81145568084251 ], [ 67.060737286289537, 24.811539788659097 ], [ 67.060598617330626, 24.811651984387801 ] ] ] } },
{ "type": "Feature", "id": 1290, "properties": { "FID": 1290, "class": "Defence_SpatialJoin", "SolarPV_Area(sqm)": 50.899063797499998, "Rooftop_Area(sqm)": 359.99666895199999 }, "geometry": { "type": "Polygon", "coordinates": [ [ [ 67.060666643519781, 24.811249010673613 ], [ 67.060835386309478, 24.811429943612943 ], [ 67.060741796963768, 24.811517227739927 ], [ 67.060573054261894, 24.81133629469781 ], [ 67.060666643519781, 24.811249010673613 ] ] ] } },
{ "type": "Feature", "id": 1291, "properties": { "FID": 1291, "class": "Defence_SpatialJoin", "SolarPV_Area(sqm)": 0.0, "Rooftop_Area(sqm)": 225.62104327200001 }, "geometry": { "type": "Polygon", "coordinates": [ [ [ 67.060765120074365, 24.811180337022439 ], [ 67.060898467580103, 24.811311203987238 ], [ 67.060824075284117, 24.81138700611319 ], [ 67.060690727819178, 24.811256139080292 ], [ 67.060765120074365, 24.811180337022439 ] ] ] } },
{ "type": "Feature", "id": 1292, "properties": { "FID": 1292, "class": "Defence_SpatialJoin", "SolarPV_Area(sqm)": 0.0, "Rooftop_Area(sqm)": 261.8323439 }, "geometry": { "type": "Polygon", "coordinates": [ [ [ 67.060761880272139, 24.811153773871752 ], [ 67.060682521950937, 24.811228293776828 ], [ 67.060537718368238, 24.811074086410386 ], [ 67.060617076569457, 24.81099956747487 ], [ 67.060761880272139, 24.811153773871752 ] ] ] } },
{ "type": "Feature", "id": 1293, "properties": { "FID": 1293, "class": "Defence_SpatialJoin", "SolarPV_Area(sqm)": 0.0, "Rooftop_Area(sqm)": 288.74348187099997 }, "geometry": { "type": "Polygon", "coordinates": [ [ [ 67.060858412900274, 24.811081861323011 ], [ 67.060779435686555, 24.811153843784631 ], [ 67.060619349265338, 24.810978201845682 ], [ 67.060698326404008, 24.810906219465195 ], [ 67.060858412900274, 24.811081861323011 ] ] ] } },
{ "type": "Feature", "id": 1294, "properties": { "FID": 1294, "class": "Defence_SpatialJoin", "SolarPV_Area(sqm)": 0.0, "Rooftop_Area(sqm)": 301.25758045399999 }, "geometry": { "type": "Polygon", "coordinates": [ [ [ 67.061034632130074, 24.811269094482036 ], [ 67.060952535039107, 24.811344876432589 ], [ 67.060791681883586, 24.811170618856156 ], [ 67.060873778898895, 24.811094836991014 ], [ 67.061034632130074, 24.811269094482036 ] ] ] } },
{ "type": "Feature", "id": 1295, "properties": { "FID": 1295, "class": "Defence_SpatialJoin", "SolarPV_Area(sqm)": 0.0, "Rooftop_Area(sqm)": 270.344975052 }, "geometry": { "type": "Polygon", "coordinates": [ [ [ 67.061130516496164, 24.811187463081101 ], [ 67.061056769209955, 24.811256046225392 ], [ 67.060895988508818, 24.811083156830783 ], [ 67.0609697367085, 24.811014573815893 ], [ 67.061130516496164, 24.811187463081101 ] ] ] } },
{ "type": "Feature", "id": 1296, "properties": { "FID": 1296, "class": "Defence_SpatialJoin", "SolarPV_Area(sqm)": 0.0, "Rooftop_Area(sqm)": 289.50163816600002 }, "geometry": { "type": "Polygon", "coordinates": [ [ [ 67.06095170547529, 24.811002172890102 ], [ 67.060878075738728, 24.81107130072327 ], [ 67.060705515964983, 24.810887501143366 ], [ 67.060779145632267, 24.810818373393264 ], [ 67.06095170547529, 24.811002172890102 ] ] ] } },
{ "type": "Feature", "id": 1297, "properties": { "FID": 1297, "class": "Defence_SpatialJoin", "SolarPV_Area(sqm)": 0.0, "Rooftop_Area(sqm)": 243.589224659 }, "geometry": { "type": "Polygon", "coordinates": [ [ [ 67.061214740033904, 24.811091579277189 ], [ 67.061138161155981, 24.81116075705237 ], [ 67.060998999772394, 24.811006708736272 ], [ 67.061075578642843, 24.810937530134638 ], [ 67.061214740033904, 24.811091579277189 ] ] ] } },
{ "type": "Feature", "id": 1298, "properties": { "FID": 1298, "class": "Defence_SpatialJoin", "SolarPV_Area(sqm)": 0.0, "Rooftop_Area(sqm)": 380.54700280399999 }, "geometry": { "type": "Polygon", "coordinates": [ [ [ 67.061133755758249, 24.810862233926603 ], [ 67.061004372898381, 24.810973133973704 ], [ 67.060876553172463, 24.810824010223584 ], [ 67.061005935917464, 24.810713110278499 ], [ 67.061133755758249, 24.810862233926603 ] ] ] } },
{ "type": "Feature", "id": 1299, "properties": { "FID": 1299, "class": "Defence_SpatialJoin", "SolarPV_Area(sqm)": 0.0, "Rooftop_Area(sqm)": 300.57585086 }, "geometry": { "type": "Polygon", "coordinates": [ [ [ 67.061332003174016, 24.811009948038915 ], [ 67.06125346645338, 24.811088805868248 ], [ 67.061085166366752, 24.810921189918027 ], [ 67.061163704009772, 24.810842332231005 ], [ 67.061332003174016, 24.811009948038915 ] ] ] } },
{ "type": "Feature", "id": 1300, "properties": { "FID": 1300, "class": "Defence_SpatialJoin", "SolarPV_Area(sqm)": 103.25949708900001, "Rooftop_Area(sqm)": 401.62268713700001 }, "geometry": { "type": "Polygon", "coordinates": [ [ [ 67.061267865000076, 24.810763758081507 ], [ 67.061175562770956, 24.810849446527488 ], [ 67.060984746538438, 24.81064390303078 ], [ 67.061077048668309, 24.810558214699121 ], [ 67.061267865000076, 24.810763758081507 ] ] ] } },
{ "type": "Feature", "id": 1301, "properties": { "FID": 1301, "class": "Defence_SpatialJoin", "SolarPV_Area(sqm)": 0.0, "Rooftop_Area(sqm)": 265.067566086 }, "geometry": { "type": "Polygon", "coordinates": [ [ [ 67.061438254315917, 24.81094645662634 ], [ 67.061362084850302, 24.811016675092105 ], [ 67.061209556957877, 24.810851220171163 ], [ 67.061285725376749, 24.810781001728138 ], [ 67.061438254315917, 24.81094645662634 ] ] ] } },
{ "type": "Feature", "id": 1302, "properties": { "FID": 1302, "class": "Defence_SpatialJoin", "SolarPV_Area(sqm)": 0.0, "Rooftop_Area(sqm)": 291.78983871499997 }, "geometry": { "type": "Polygon", "coordinates": [ [ [ 67.061365045275352, 24.810688605594336 ], [ 67.061293270632689, 24.810755338652051 ], [ 67.061114967753866, 24.810563567217564 ], [ 67.061186742324736, 24.810496834242969 ], [ 67.061365045275352, 24.810688605594336 ] ] ] } },
{ "type": "Feature", "id": 1303, "properties": { "FID": 1303, "class": "Defence_SpatialJoin", "SolarPV_Area(sqm)": 0.0, "Rooftop_Area(sqm)": 252.059313175 }, "geometry": { "type": "Polygon", "coordinates": [ [ [ 67.061533489996734, 24.810875839345119 ], [ 67.061459757020458, 24.810940801222905 ], [ 67.061310624042378, 24.810771532963372 ], [ 67.061384357984565, 24.810706570312519 ], [ 67.061533489996734, 24.810875839345119 ] ] ] } },
{ "type": "Feature", "id": 1304, "properties": { "FID": 1304, "class": "Defence_SpatialJoin", "SolarPV_Area(sqm)": 101.664525656, "Rooftop_Area(sqm)": 344.37963225 }, "geometry": { "type": "Polygon", "coordinates": [ [ [ 67.061553573964829, 24.81086806453548 ], [ 67.061379945338672, 24.810693788453658 ], [ 67.061477125893248, 24.810609565740787 ], [ 67.061641684582966, 24.810786433892485 ], [ 67.061553573964829, 24.81086806453548 ] ] ] } },
{ "type": "Feature", "id": 1305, "properties": { "FID": 1305, "class": "Defence_SpatialJoin", "SolarPV_Area(sqm)": 0.0, "Rooftop_Area(sqm)": 317.51942986300003 }, "geometry": { "type": "Polygon", "coordinates": [ [ [ 67.061457690342536, 24.810603086970286 ], [ 67.061376706064465, 24.810665282234563 ], [ 67.06120307766912, 24.81048647099249 ], [ 67.061282765904124, 24.810402896343582 ], [ 67.061457690342536, 24.810603086970286 ] ] ] } },
{ "type": "Feature", "id": 1306, "properties": { "FID": 1306, "class": "Defence_SpatialJoin", "SolarPV_Area(sqm)": 0.0, "Rooftop_Area(sqm)": 378.662660851 }, "geometry": { "type": "Polygon", "coordinates": [ [ [ 67.061563939980445, 24.81051562485591 ], [ 67.061483346404046, 24.81058704942647 ], [ 67.061278230730963, 24.810355601743638 ], [ 67.061358824201633, 24.810284177277289 ], [ 67.061563939980445, 24.81051562485591 ] ] ] } },
{ "type": "Feature", "id": 1307, "properties": { "FID": 1307, "class": "Defence_SpatialJoin", "SolarPV_Area(sqm)": 0.0, "Rooftop_Area(sqm)": 328.06129634600001 }, "geometry": { "type": "Polygon", "coordinates": [ [ [ 67.061659824394667, 24.810441767984027 ], [ 67.061586009668844, 24.810508333043437 ], [ 67.061391606952711, 24.810292758302758 ], [ 67.061465422570777, 24.810226193387148 ], [ 67.061659824394667, 24.810441767984027 ] ] ] } },
{ "type": "Feature", "id": 1308, "properties": { "FID": 1308, "class": "Defence_SpatialJoin", "SolarPV_Area(sqm)": 71.336024436399995, "Rooftop_Area(sqm)": 303.16417840899999 }, "geometry": { "type": "Polygon", "coordinates": [ [ [ 67.061847706006702, 24.810635480204777 ], [ 67.061760589102036, 24.810712780699347 ], [ 67.061608643207762, 24.810541539658544 ], [ 67.061695759048106, 24.810464239195117 ], [ 67.061847706006702, 24.810635480204777 ] ] ] } },
{ "type": "Feature", "id": 1309, "properties": { "FID": 1309, "class": "Defence_SpatialJoin", "SolarPV_Area(sqm)": 0.0, "Rooftop_Area(sqm)": 273.76689104600001 }, "geometry": { "type": "Polygon", "coordinates": [ [ [ 67.0619461813329, 24.810540243915053 ], [ 67.061867208837825, 24.810616032812511 ], [ 67.061714893496983, 24.810457316519102 ], [ 67.061793865873454, 24.810381528595741 ], [ 67.0619461813329, 24.810540243915053 ] ] ] } },
{ "type": "Feature", "id": 1310, "properties": { "FID": 1310, "class": "Defence_SpatialJoin", "SolarPV_Area(sqm)": 0.0, "Rooftop_Area(sqm)": 330.48778621600002 }, "geometry": { "type": "Polygon", "coordinates": [ [ [ 67.061757651974062, 24.810353658386621 ], [ 67.061677035977254, 24.810428764354732 ], [ 67.061497209865934, 24.810235746162675 ], [ 67.061577825839237, 24.810160639394415 ], [ 67.061757651974062, 24.810353658386621 ] ] ] } },
{ "type": "Feature", "id": 1311, "properties": { "FID": 1311, "class": "Defence_SpatialJoin", "SolarPV_Area(sqm)": 0.0, "Rooftop_Area(sqm)": 299.029782786 }, "geometry": { "type": "Polygon", "coordinates": [ [ [ 67.060910656435652, 24.811736647237421 ], [ 67.060768305928292, 24.811874618303822 ], [ 67.060675973232108, 24.811779355181532 ], [ 67.060818324654619, 24.811641384255072 ], [ 67.060910656435652, 24.811736647237421 ] ] ] } },
{ "type": "Feature", "id": 1312, "properties": { "FID": 1312, "class": "Defence_SpatialJoin", "SolarPV_Area(sqm)": 73.162962256699998, "Rooftop_Area(sqm)": 255.373160654 }, "geometry": { "type": "Polygon", "coordinates": [ [ [ 67.0608459736535, 24.811975892070087 ], [ 67.060774702042167, 24.811890494811053 ], [ 67.060929729473386, 24.811761110597516 ], [ 67.061001001166332, 24.8118465077896 ], [ 67.0608459736535, 24.811975892070087 ] ] ] } },
{ "type": "Feature", "id": 1313, "properties": { "FID": 1313, "class": "Defence_SpatialJoin", "SolarPV_Area(sqm)": 0.0, "Rooftop_Area(sqm)": 235.35182584200001 }, "geometry": { "type": "Polygon", "coordinates": [ [ [ 67.060972022338063, 24.81205508699799 ], [ 67.060898954817077, 24.81196628924241 ], [ 67.061037949464932, 24.811851916247178 ], [ 67.061111018043306, 24.811940713994161 ], [ 67.060972022338063, 24.81205508699799 ] ] ] } },
{ "type": "Feature", "id": 1314, "properties": { "FID": 1314, "class": "Defence_SpatialJoin", "SolarPV_Area(sqm)": 0.0, "Rooftop_Area(sqm)": 179.839395903 }, "geometry": { "type": "Polygon", "coordinates": [ [ [ 67.061080657443654, 24.812136355574445 ], [ 67.061018216486644, 24.812057801457495 ], [ 67.061141608516522, 24.811959720989833 ], [ 67.061204048556732, 24.812038275009296 ], [ 67.061080657443654, 24.812136355574445 ] ] ] } },
{ "type": "Feature", "id": 1315, "properties": { "FID": 1315, "class": "Defence_SpatialJoin", "SolarPV_Area(sqm)": 51.413785191800002, "Rooftop_Area(sqm)": 362.85541708599999 }, "geometry": { "type": "Polygon", "coordinates": [ [ [ 67.061031729887574, 24.811820818597106 ], [ 67.060853325911154, 24.811620462890076 ], [ 67.060942168720572, 24.811541354457233 ], [ 67.061120572854506, 24.81174170916962 ], [ 67.061031729887574, 24.811820818597106 ] ] ] } },
{ "type": "Feature", "id": 1316, "properties": { "FID": 1316, "class": "Defence_SpatialJoin", "SolarPV_Area(sqm)": 0.0, "Rooftop_Area(sqm)": 283.768115749 }, "geometry": { "type": "Polygon", "coordinates": [ [ [ 67.061149900950497, 24.811728354862016 ], [ 67.060991972073793, 24.811556480252793 ], [ 67.061070705345458, 24.811484134641795 ], [ 67.061228634236969, 24.811656010065263 ], [ 67.061149900950497, 24.811728354862016 ] ] ] } },
{ "type": "Feature", "id": 1317, "properties": { "FID": 1317, "class": "Defence_SpatialJoin", "SolarPV_Area(sqm)": 0.0, "Rooftop_Area(sqm)": 278.15807428099998 }, "geometry": { "type": "Polygon", "coordinates": [ [ [ 67.061065315817999, 24.811833257053628 ], [ 67.06113374472865, 24.81176663810956 ], [ 67.061312437604712, 24.811950184489817 ], [ 67.06124400857729, 24.812016804410039 ], [ 67.061065315817999, 24.811833257053628 ] ] ] } },
{ "type": "Feature", "id": 1318, "properties": { "FID": 1318, "class": "Defence_SpatialJoin", "SolarPV_Area(sqm)": 0.0, "Rooftop_Area(sqm)": 260.93327874900001 }, "geometry": { "type": "Polygon", "coordinates": [ [ [ 67.061171047373008, 24.811747013529136 ], [ 67.061239495850359, 24.811681498588776 ], [ 67.061406974817316, 24.811856476933212 ], [ 67.061338526281091, 24.81192199194939 ], [ 67.061171047373008, 24.811747013529136 ] ] ] } },
{ "type": "Feature", "id": 1319, "properties": { "FID": 1319, "class": "Defence_SpatialJoin", "SolarPV_Area(sqm)": 0.0, "Rooftop_Area(sqm)": 266.94608947500001 }, "geometry": { "type": "Polygon", "coordinates": [ [ [ 67.061343535670062, 24.811584890834631 ], [ 67.061274792452451, 24.811647750551387 ], [ 67.061104706278599, 24.811461744406731 ], [ 67.061173448447462, 24.811398884712794 ], [ 67.061343535670062, 24.811584890834631 ] ] ] } },
{ "type": "Feature", "id": 1320, "properties": { "FID": 1320, "class": "Defence_SpatialJoin", "SolarPV_Area(sqm)": 0.0, "Rooftop_Area(sqm)": 265.11982332000002 }, "geometry": { "type": "Polygon", "coordinates": [ [ [ 67.061513536144162, 24.81177064720935 ], [ 67.061437942569356, 24.811840216984933 ], [ 67.061284243012324, 24.811673208574685 ], [ 67.061359836520012, 24.811603638874086 ], [ 67.061513536144162, 24.81177064720935 ] ] ] } },
{ "type": "Feature", "id": 1321, "properties": { "FID": 1321, "class": "Defence_SpatialJoin", "SolarPV_Area(sqm)": 0.0, "Rooftop_Area(sqm)": 290.38954152299999 }, "geometry": { "type": "Polygon", "coordinates": [ [ [ 67.061616365200152, 24.811678183838133 ], [ 67.061531195148234, 24.811754794632801 ], [ 67.061382096843403, 24.811589037299154 ], [ 67.061467266817203, 24.811512426585296 ], [ 67.061616365200152, 24.811678183838133 ] ] ] } },
{ "type": "Feature", "id": 1322, "properties": { "FID": 1322, "class": "Defence_SpatialJoin", "SolarPV_Area(sqm)": 0.0, "Rooftop_Area(sqm)": 288.83718404799998 }, "geometry": { "type": "Polygon", "coordinates": [ [ [ 67.061439549278973, 24.811501031360681 ], [ 67.061363568459768, 24.811569711653732 ], [ 67.061197247534395, 24.811385710712582 ], [ 67.061273228276846, 24.811317030500213 ], [ 67.061439549278973, 24.811501031360681 ] ] ] } },
{ "type": "Feature", "id": 1323, "properties": { "FID": 1323, "class": "Defence_SpatialJoin", "SolarPV_Area(sqm)": 0.0, "Rooftop_Area(sqm)": 252.859980318 }, "geometry": { "type": "Polygon", "coordinates": [ [ [ 67.061536081610711, 24.811414217110471 ], [ 67.061462178047094, 24.811484378914397 ], [ 67.061311919697388, 24.811326106714379 ], [ 67.061385823202485, 24.811255944983515 ], [ 67.061536081610711, 24.811414217110471 ] ] ] } },
{ "type": "Feature", "id": 1324, "properties": { "FID": 1324, "class": "Defence_SpatialJoin", "SolarPV_Area(sqm)": 0.0, "Rooftop_Area(sqm)": 297.81925625399998 }, "geometry": { "type": "Polygon", "coordinates": [ [ [ 67.061636501108481, 24.811329346164712 ], [ 67.061556279396683, 24.811398380760753 ], [ 67.061394846620743, 24.811210786368942 ], [ 67.061475068186084, 24.811141752747435 ], [ 67.061636501108481, 24.811329346164712 ] ] ] } },
{ "type": "Feature", "id": 1325, "properties": { "FID": 1325, "class": "Defence_SpatialJoin", "SolarPV_Area(sqm)": 0.0, "Rooftop_Area(sqm)": 265.10487376700002 }, "geometry": { "type": "Polygon", "coordinates": [ [ [ 67.061729793887594, 24.811243179912356 ], [ 67.061659279029612, 24.811312605610919 ], [ 67.061493970891206, 24.811144703715584 ], [ 67.061564485694689, 24.811075278095458 ], [ 67.061729793887594, 24.811243179912356 ] ] ] } },
{ "type": "Feature", "id": 1326, "properties": { "FID": 1326, "class": "Defence_SpatialJoin", "SolarPV_Area(sqm)": 0.0, "Rooftop_Area(sqm)": 308.07928761900001 }, "geometry": { "type": "Polygon", "coordinates": [ [ [ 67.06183993203571, 24.811174506322711 ], [ 67.061765073225899, 24.811243606732507 ], [ 67.061584671432584, 24.811048172066023 ], [ 67.061659530165031, 24.810979071743571 ], [ 67.06183993203571, 24.811174506322711 ] ] ] } },
{ "type": "Feature", "id": 1327, "properties": { "FID": 1327, "class": "Defence_SpatialJoin", "SolarPV_Area(sqm)": 0.0, "Rooftop_Area(sqm)": 304.65161743300001 }, "geometry": { "type": "Polygon", "coordinates": [ [ [ 67.061939055145956, 24.811089634956648 ], [ 67.061857904240696, 24.811163643466227 ], [ 67.061693513973665, 24.810983385553183 ], [ 67.06177466479987, 24.810909377129246 ], [ 67.061939055145956, 24.811089634956648 ] ] ] } },
{ "type": "Feature", "id": 1328, "properties": { "FID": 1328, "class": "Defence_SpatialJoin", "SolarPV_Area(sqm)": 0.0, "Rooftop_Area(sqm)": 290.11679926 }, "geometry": { "type": "Polygon", "coordinates": [ [ [ 67.062035587616094, 24.811011243306773 ], [ 67.061965120105, 24.811078969179853 ], [ 67.061784214841197, 24.810890739924819 ], [ 67.061854682287674, 24.810823014136282 ], [ 67.062035587616094, 24.811011243306773 ] ] ] } },
{ "type": "Feature", "id": 1329, "properties": { "FID": 1329, "class": "Defence_SpatialJoin", "SolarPV_Area(sqm)": 0.0, "Rooftop_Area(sqm)": 253.103123745 }, "geometry": { "type": "Polygon", "coordinates": [ [ [ 67.062139246023293, 24.810951639921665 ], [ 67.062070458568357, 24.811012364434148 ], [ 67.061909901473797, 24.810830488652371 ], [ 67.061978688914749, 24.810769763314894 ], [ 67.062139246023293, 24.810951639921665 ] ] ] } },
{ "type": "Feature", "id": 1330, "properties": { "FID": 1330, "class": "Defence_SpatialJoin", "SolarPV_Area(sqm)": 121.778855838, "Rooftop_Area(sqm)": 370.52386331299999 }, "geometry": { "type": "Polygon", "coordinates": [ [ [ 67.062253270423085, 24.810864825857884 ], [ 67.062165575472662, 24.810949731687998 ], [ 67.061979870550232, 24.810757927352363 ], [ 67.062067566457344, 24.810673020788606 ], [ 67.062253270423085, 24.810864825857884 ] ] ] } },
{ "type": "Feature", "id": 1331, "properties": { "FID": 1331, "class": "Defence_SpatialJoin", "SolarPV_Area(sqm)": 117.918018663, "Rooftop_Area(sqm)": 277.48711235799999 }, "geometry": { "type": "Polygon", "coordinates": [ [ [ 67.062169696317, 24.810761814777603 ], [ 67.062085005570395, 24.810666023673686 ], [ 67.062228004399088, 24.810539595863833 ], [ 67.062312694243644, 24.810635386839177 ], [ 67.062169696317, 24.810761814777603 ] ] ] } },
{ "type": "Feature", "id": 1332, "properties": { "FID": 1332, "class": "Defence_SpatialJoin", "SolarPV_Area(sqm)": 0.0, "Rooftop_Area(sqm)": 243.57059328299999 }, "geometry": { "type": "Polygon", "coordinates": [ [ [ 67.062270115036426, 24.810836318855479 ], [ 67.062200303413931, 24.810752186718993 ], [ 67.06235109918029, 24.810627058347787 ], [ 67.062420910824216, 24.810711191315171 ], [ 67.062270115036426, 24.810836318855479 ] ] ] } },
{ "type": "Feature", "id": 1333, "properties": { "FID": 1333, "class": "Defence_SpatialJoin", "SolarPV_Area(sqm)": 0.0, "Rooftop_Area(sqm)": 214.88309020099999 }, "geometry": { "type": "Polygon", "coordinates": [ [ [ 67.062371831097565, 24.810942569509617 ], [ 67.062299563855888, 24.810861645850117 ], [ 67.062429490683911, 24.810745618199363 ], [ 67.062501757984464, 24.810826541799386 ], [ 67.062371831097565, 24.810942569509617 ] ] ] } },
{ "type": "Feature", "id": 1334, "properties": { "FID": 1334, "class": "Defence_SpatialJoin", "SolarPV_Area(sqm)": 68.678761575600006, "Rooftop_Area(sqm)": 284.22629503399997 }, "geometry": { "type": "Polygon", "coordinates": [ [ [ 67.062458645085755, 24.811049467430006 ], [ 67.062379291472439, 24.810952845859568 ], [ 67.062533797426312, 24.810825953520034 ], [ 67.062613151133434, 24.810922575017006 ], [ 67.062458645085755, 24.811049467430006 ] ] ] } },
{ "type": "Feature", "id": 1335, "properties": { "FID": 1335, "class": "Defence_SpatialJoin", "SolarPV_Area(sqm)": 0.0, "Rooftop_Area(sqm)": 250.80604562400001 }, "geometry": { "type": "Polygon", "coordinates": [ [ [ 67.062264284707609, 24.810880374573092 ], [ 67.062417758292838, 24.811037684979436 ], [ 67.062345916117096, 24.811107775273239 ], [ 67.062192441605092, 24.810950464740785 ], [ 67.062264284707609, 24.810880374573092 ] ] ] } },
{ "type": "Feature", "id": 1336, "properties": { "FID": 1336, "class": "Defence_SpatialJoin", "SolarPV_Area(sqm)": 50.776467440499999, "Rooftop_Area(sqm)": 297.11819440900001 }, "geometry": { "type": "Polygon", "coordinates": [ [ [ 67.0621638650546, 24.810965245198101 ], [ 67.062313821280128, 24.811112140816316 ], [ 67.062226708011735, 24.811201068917534 ], [ 67.06207675189691, 24.811054172315107 ], [ 67.0621638650546, 24.810965245198101 ] ] ] } },
{ "type": "Feature", "id": 1337, "properties": { "FID": 1337, "class": "Defence_SpatialJoin", "SolarPV_Area(sqm)": 105.19972565, "Rooftop_Area(sqm)": 294.712931121 }, "geometry": { "type": "Polygon", "coordinates": [ [ [ 67.06219755434023, 24.811197181025616 ], [ 67.06211436460508, 24.81127357406276 ], [ 67.061959139633657, 24.811104536391611 ], [ 67.06204232929376, 24.811028143437717 ], [ 67.06219755434023, 24.811197181025616 ] ] ] } },
{ "type": "Feature", "id": 1338, "properties": { "FID": 1338, "class": "Defence_SpatialJoin", "SolarPV_Area(sqm)": 0.0, "Rooftop_Area(sqm)": 209.67404577900001 }, "geometry": { "type": "Polygon", "coordinates": [ [ [ 67.062095191043994, 24.8112826998446 ], [ 67.062034314169082, 24.811334879871211 ], [ 67.061884634601654, 24.811160252494311 ], [ 67.061945511413271, 24.811108072523897 ], [ 67.062095191043994, 24.8112826998446 ] ] ] } },
{ "type": "Feature", "id": 1339, "properties": { "FID": 1339, "class": "Defence_SpatialJoin", "SolarPV_Area(sqm)": 0.0, "Rooftop_Area(sqm)": 260.8801857 }, "geometry": { "type": "Polygon", "coordinates": [ [ [ 67.062021982706753, 24.811360443540359 ], [ 67.061953388447975, 24.811427965169859 ], [ 67.061786158596675, 24.811258080591553 ], [ 67.061854751821841, 24.81119055898689 ], [ 67.062021982706753, 24.811360443540359 ] ] ] } },
{ "type": "Feature", "id": 1340, "properties": { "FID": 1340, "class": "Defence_SpatialJoin", "SolarPV_Area(sqm)": 0.0, "Rooftop_Area(sqm)": 249.68349564299999 }, "geometry": { "type": "Polygon", "coordinates": [ [ [ 67.061907957654967, 24.811433652945805 ], [ 67.061835004782367, 24.811495860045376 ], [ 67.06168638727496, 24.811321571916789 ], [ 67.061759339148722, 24.811259363937072 ], [ 67.061907957654967, 24.811433652945805 ] ] ] } },
{ "type": "Feature", "id": 1341, "properties": { "FID": 1341, "class": "Defence_SpatialJoin", "SolarPV_Area(sqm)": 0.0, "Rooftop_Area(sqm)": 255.22145885800001 }, "geometry": { "type": "Polygon", "coordinates": [ [ [ 67.062651061510152, 24.811233461656908 ], [ 67.062571044059084, 24.811136362215244 ], [ 67.06270872191368, 24.81102290497153 ], [ 67.062788739391124, 24.811120005241456 ], [ 67.062651061510152, 24.811233461656908 ] ] ] } },
{ "type": "Feature", "id": 1342, "properties": { "FID": 1342, "class": "Defence_SpatialJoin", "SolarPV_Area(sqm)": 0.0, "Rooftop_Area(sqm)": 245.265818876 }, "geometry": { "type": "Polygon", "coordinates": [ [ [ 67.062750185081512, 24.811345543011598 ], [ 67.062673449973303, 24.811247198145526 ], [ 67.062809789314642, 24.811140817036197 ], [ 67.062886524511867, 24.81123916184178 ], [ 67.062750185081512, 24.811345543011598 ] ] ] } },
{ "type": "Feature", "id": 1343, "properties": { "FID": 1343, "class": "Defence_SpatialJoin", "SolarPV_Area(sqm)": 0.0, "Rooftop_Area(sqm)": 355.118290613 }, "geometry": { "type": "Polygon", "coordinates": [ [ [ 67.062955558738224, 24.811515283793533 ], [ 67.062824377120577, 24.811367704849062 ], [ 67.06294260171947, 24.811262616101182 ], [ 67.063073783378215, 24.811410195842139 ], [ 67.062955558738224, 24.811515283793533 ] ] ] } },
{ "type": "Feature", "id": 1344, "properties": { "FID": 1344, "class": "Defence_SpatialJoin", "SolarPV_Area(sqm)": 0.0, "Rooftop_Area(sqm)": 297.84585511300003 }, "geometry": { "type": "Polygon", "coordinates": [ [ [ 67.062649117800987, 24.811423287317556 ], [ 67.062484740849968, 24.811247597206957 ], [ 67.062564247087181, 24.811173210553353 ], [ 67.062728624110179, 24.811348900578725 ], [ 67.062649117800987, 24.811423287317556 ] ] ] } },
{ "type": "Feature", "id": 1345, "properties": { "FID": 1345, "class": "Defence_SpatialJoin", "SolarPV_Area(sqm)": 0.0, "Rooftop_Area(sqm)": 299.00700154700002 }, "geometry": { "type": "Polygon", "coordinates": [ [ [ 67.062686046133166, 24.811450497306168 ], [ 67.062772369592054, 24.811368811744313 ], [ 67.062924461208837, 24.811529537552982 ], [ 67.062838137680075, 24.811611223201069 ], [ 67.062686046133166, 24.811450497306168 ] ] ] } },
{ "type": "Feature", "id": 1346, "properties": { "FID": 1346, "class": "Defence_SpatialJoin", "SolarPV_Area(sqm)": 0.0, "Rooftop_Area(sqm)": 285.37987834799998 }, "geometry": { "type": "Polygon", "coordinates": [ [ [ 67.062745650172502, 24.811688912384074 ], [ 67.062581228005058, 24.811527664269956 ], [ 67.062657540106898, 24.811449849959732 ], [ 67.062821962325827, 24.811611097987669 ], [ 67.062745650172502, 24.811688912384074 ] ] ] } },
{ "type": "Feature", "id": 1347, "properties": { "FID": 1347, "class": "Defence_SpatialJoin", "SolarPV_Area(sqm)": 0.0, "Rooftop_Area(sqm)": 297.66311671400001 }, "geometry": { "type": "Polygon", "coordinates": [ [ [ 67.062649765389452, 24.811783501314412 ], [ 67.062471416355621, 24.811605784143545 ], [ 67.062544810968745, 24.811532128390702 ], [ 67.06272316005969, 24.811709845472507 ], [ 67.062649765389452, 24.811783501314412 ] ] ] } },
{ "type": "Feature", "id": 1348, "properties": { "FID": 1348, "class": "Defence_SpatialJoin", "SolarPV_Area(sqm)": 58.983171755800001, "Rooftop_Area(sqm)": 366.57179982500003 }, "geometry": { "type": "Polygon", "coordinates": [ [ [ 67.062448279055388, 24.81160274623435 ], [ 67.062262282264314, 24.811396885860749 ], [ 67.062348507145686, 24.811318980100189 ], [ 67.06253450397692, 24.811524841265896 ], [ 67.062448279055388, 24.81160274623435 ] ] ] } },
{ "type": "Feature", "id": 1349, "properties": { "FID": 1349, "class": "Defence_SpatialJoin", "SolarPV_Area(sqm)": 113.308019534, "Rooftop_Area(sqm)": 360.61900817600002 }, "geometry": { "type": "Polygon", "coordinates": [ [ [ 67.062331014921554, 24.811692151628055 ], [ 67.062160395081762, 24.811498871468412 ], [ 67.062252623062747, 24.811417455878168 ], [ 67.062423242946878, 24.811610736833295 ], [ 67.062331014921554, 24.811692151628055 ] ] ] } },
{ "type": "Feature", "id": 1350, "properties": { "FID": 1350, "class": "Defence_SpatialJoin", "SolarPV_Area(sqm)": 0.0, "Rooftop_Area(sqm)": 213.471542169 }, "geometry": { "type": "Polygon", "coordinates": [ [ [ 67.062509825921481, 24.811829499745198 ], [ 67.062381154969302, 24.811699668898569 ], [ 67.062454109985765, 24.811627365604604 ], [ 67.062582780980804, 24.811757196387834 ], [ 67.062509825921481, 24.811829499745198 ] ] ] } },
{ "type": "Feature", "id": 1351, "properties": { "FID": 1351, "class": "Defence_SpatialJoin", "SolarPV_Area(sqm)": 0.0, "Rooftop_Area(sqm)": 281.10905368599998 }, "geometry": { "type": "Polygon", "coordinates": [ [ [ 67.062423659573568, 24.81193056693251 ], [ 67.062264087037633, 24.811759876387374 ], [ 67.062341380653081, 24.811687617315606 ], [ 67.062500954237066, 24.811858307832679 ], [ 67.062423659573568, 24.81193056693251 ] ] ] } },
{ "type": "Feature", "id": 1352, "properties": { "FID": 1352, "class": "Defence_SpatialJoin", "SolarPV_Area(sqm)": 0.0, "Rooftop_Area(sqm)": 219.5432616 }, "geometry": { "type": "Polygon", "coordinates": [ [ [ 67.062244201083033, 24.811743333268204 ], [ 67.062088908301646, 24.811576095035939 ], [ 67.062150907783362, 24.811518523536538 ], [ 67.062306200618949, 24.811685761706279 ], [ 67.062244201083033, 24.811743333268204 ] ] ] } },
{ "type": "Feature", "id": 1353, "properties": { "FID": 1353, "class": "Defence_SpatialJoin", "SolarPV_Area(sqm)": 29.7893074154, "Rooftop_Area(sqm)": 272.42170982 }, "geometry": { "type": "Polygon", "coordinates": [ [ [ 67.062293438434892, 24.812007662945131 ], [ 67.062153849304551, 24.811866292060724 ], [ 67.06223966580707, 24.811781557970978 ], [ 67.062379254992877, 24.81192292877466 ], [ 67.062293438434892, 24.812007662945131 ] ] ] } },
{ "type": "Feature", "id": 1354, "properties": { "FID": 1354, "class": "Defence_SpatialJoin", "SolarPV_Area(sqm)": 0.0, "Rooftop_Area(sqm)": 286.01956057299998 }, "geometry": { "type": "Polygon", "coordinates": [ [ [ 67.062137950216652, 24.811828851728663 ], [ 67.061987866097525, 24.811662319699394 ], [ 67.062071220588194, 24.811587197484318 ], [ 67.062221304726535, 24.811753730328324 ], [ 67.062137950216652, 24.811828851728663 ] ] ] } },
{ "type": "Feature", "id": 1355, "properties": { "FID": 1355, "class": "Defence_SpatialJoin", "SolarPV_Area(sqm)": 50.835478482299997, "Rooftop_Area(sqm)": 382.66203739899998 }, "geometry": { "type": "Polygon", "coordinates": [ [ [ 67.062015503526908, 24.811937045605351 ], [ 67.061837891497987, 24.811765654147191 ], [ 67.061932576457011, 24.811667532944188 ], [ 67.062110188493165, 24.811838925180179 ], [ 67.062015503526908, 24.811937045605351 ] ] ] } },
{ "type": "Feature", "id": 1356, "properties": { "FID": 1356, "class": "Defence_SpatialJoin", "SolarPV_Area(sqm)": 0.0, "Rooftop_Area(sqm)": 442.04385858199998 }, "geometry": { "type": "Polygon", "coordinates": [ [ [ 67.06210037416237, 24.812133349676145 ], [ 67.061972451676127, 24.812001588444485 ], [ 67.062124345649892, 24.811854118542065 ], [ 67.06225226823139, 24.811985879644084 ], [ 67.06210037416237, 24.812133349676145 ] ] ] } },
{ "type": "Feature", "id": 1357, "properties": { "FID": 1357, "class": "Defence_SpatialJoin", "SolarPV_Area(sqm)": 0.0, "Rooftop_Area(sqm)": 209.84130191899999 }, "geometry": { "type": "Polygon", "coordinates": [ [ [ 67.061978575190608, 24.812230529811771 ], [ 67.061849035098192, 24.812102298108179 ], [ 67.061920267515987, 24.81203033846484 ], [ 67.062049807590313, 24.812158570999831 ], [ 67.061978575190608, 24.812230529811771 ] ] ] } },
{ "type": "Feature", "id": 1358, "properties": { "FID": 1358, "class": "Defence_SpatialJoin", "SolarPV_Area(sqm)": 63.100552170699999, "Rooftop_Area(sqm)": 295.76501018 }, "geometry": { "type": "Polygon", "coordinates": [ [ [ 67.061816608614379, 24.812085407301595 ], [ 67.061666949750588, 24.811914808657335 ], [ 67.061753117452895, 24.811839217683278 ], [ 67.06190277640134, 24.812009816246782 ], [ 67.061816608614379, 24.812085407301595 ] ] ] } },
{ "type": "Feature", "id": 1359, "properties": { "FID": 1359, "class": "Defence_SpatialJoin", "SolarPV_Area(sqm)": 45.369070109500001, "Rooftop_Area(sqm)": 282.96472851599998 }, "geometry": { "type": "Polygon", "coordinates": [ [ [ 67.061713597813679, 24.812161207940004 ], [ 67.061559644899731, 24.811984996619671 ], [ 67.061639740771554, 24.81191501837759 ], [ 67.061793693767271, 24.812091229620901 ], [ 67.061713597813679, 24.812161207940004 ] ] ] } },
{ "type": "Feature", "id": 1360, "properties": { "FID": 1360, "class": "Defence_SpatialJoin", "SolarPV_Area(sqm)": 0.0, "Rooftop_Area(sqm)": 248.95147704300001 }, "geometry": { "type": "Polygon", "coordinates": [ [ [ 67.061909901433481, 24.812341962729757 ], [ 67.061757299111264, 24.812180167521724 ], [ 67.061828917513154, 24.812112618237869 ], [ 67.061981519894132, 24.812274413374247 ], [ 67.061909901433481, 24.812341962729757 ] ] ] } },
{ "type": "Feature", "id": 1361, "properties": { "FID": 1361, "class": "Defence_SpatialJoin", "SolarPV_Area(sqm)": 0.0, "Rooftop_Area(sqm)": 225.09837123700001 }, "geometry": { "type": "Polygon", "coordinates": [ [ [ 67.061801707076143, 24.812413227887479 ], [ 67.061662605345148, 24.812267082740671 ], [ 67.061733681677552, 24.812199431870912 ], [ 67.061872783402876, 24.812345577846983 ], [ 67.061801707076143, 24.812413227887479 ] ] ] } },
{ "type": "Feature", "id": 1362, "properties": { "FID": 1362, "class": "Defence_SpatialJoin", "SolarPV_Area(sqm)": 116.576872561, "Rooftop_Area(sqm)": 271.26487013100001 }, "geometry": { "type": "Polygon", "coordinates": [ [ [ 67.061505631911217, 24.812325766400029 ], [ 67.061366276181246, 24.812183482898245 ], [ 67.061451858952523, 24.812099660462763 ], [ 67.061591214739252, 24.812241943884587 ], [ 67.061505631911217, 24.812325766400029 ] ] ] } },
{ "type": "Feature", "id": 1363, "properties": { "FID": 1363, "class": "Defence_SpatialJoin", "SolarPV_Area(sqm)": 0.0, "Rooftop_Area(sqm)": 310.91964165500002 }, "geometry": { "type": "Polygon", "coordinates": [ [ [ 67.061483604909853, 24.812335484568024 ], [ 67.061318290025028, 24.812474905847278 ], [ 67.061236767350067, 24.812378243153827 ], [ 67.061402082195045, 24.81223882106238 ], [ 67.061483604909853, 24.812335484568024 ] ] ] } },
{ "type": "Feature", "id": 1364, "properties": { "FID": 1364, "class": "Defence_SpatialJoin", "SolarPV_Area(sqm)": 94.055477732, "Rooftop_Area(sqm)": 301.71876347800003 }, "geometry": { "type": "Polygon", "coordinates": [ [ [ 67.061444732615172, 24.812574546893405 ], [ 67.061360305543431, 24.812461023014091 ], [ 67.061510815156481, 24.812349089297481 ], [ 67.061595242346684, 24.812462613105851 ], [ 67.061444732615172, 24.812574546893405 ] ] ] } },
{ "type": "Feature", "id": 1365, "properties": { "FID": 1365, "class": "Defence_SpatialJoin", "SolarPV_Area(sqm)": 0.0, "Rooftop_Area(sqm)": 200.16029110599999 }, "geometry": { "type": "Polygon", "coordinates": [ [ [ 67.06155681385691, 24.812654882858141 ], [ 67.061494620452024, 24.812573809307079 ], [ 67.061631318468386, 24.812468945064307 ], [ 67.061693511948064, 24.812550018566796 ], [ 67.06155681385691, 24.812654882858141 ] ] ] } },
{ "type": "Feature", "id": 1366, "properties": { "FID": 1366, "class": "Defence_SpatialJoin", "SolarPV_Area(sqm)": 0.0, "Rooftop_Area(sqm)": 242.02062355000001 }, "geometry": { "type": "Polygon", "coordinates": [ [ [ 67.061836044227519, 24.812952254283648 ], [ 67.061749640892558, 24.81285773454314 ], [ 67.061872324927322, 24.812745584129729 ], [ 67.061958728382038, 24.812840102907643 ], [ 67.061836044227519, 24.812952254283648 ] ] ] } },
{ "type": "Feature", "id": 1367, "properties": { "FID": 1367, "class": "Defence_SpatialJoin", "SolarPV_Area(sqm)": 0.0, "Rooftop_Area(sqm)": 295.920428964 }, "geometry": { "type": "Polygon", "coordinates": [ [ [ 67.061914436515082, 24.81307210977586 ], [ 67.061832430856256, 24.812972921903167 ], [ 67.061988292913583, 24.812844060435381 ], [ 67.062070297746203, 24.812943247284352 ], [ 67.061914436515082, 24.81307210977586 ] ] ] } },
{ "type": "Feature", "id": 1368, "properties": { "FID": 1368, "class": "Defence_SpatialJoin", "SolarPV_Area(sqm)": 0.0, "Rooftop_Area(sqm)": 288.005882138 }, "geometry": { "type": "Polygon", "coordinates": [ [ [ 67.062013560238753, 24.813173824782528 ], [ 67.061932378897595, 24.813079982508501 ], [ 67.062086769340098, 24.812946422892178 ], [ 67.062167949786428, 24.813040265036097 ], [ 67.062013560238753, 24.813173824782528 ] ] ] } },
{ "type": "Feature", "id": 1369, "properties": { "FID": 1369, "class": "Defence_SpatialJoin", "SolarPV_Area(sqm)": 47.115333749000001, "Rooftop_Area(sqm)": 280.49610216899998 }, "geometry": { "type": "Polygon", "coordinates": [ [ [ 67.062092599629082, 24.812770202875242 ], [ 67.062246144009706, 24.812923747289837 ], [ 67.062165809229811, 24.813004083689933 ], [ 67.062012263923762, 24.812850539139237 ], [ 67.062092599629082, 24.812770202875242 ] ] ] } },
{ "type": "Feature", "id": 1370, "properties": { "FID": 1370, "class": "Defence_SpatialJoin", "SolarPV_Area(sqm)": 0.0, "Rooftop_Area(sqm)": 261.322377808 }, "geometry": { "type": "Polygon", "coordinates": [ [ [ 67.06193063338975, 24.812582321567163 ], [ 67.062077491963407, 24.81273532586777 ], [ 67.061999306788323, 24.81281037133996 ], [ 67.061852447293163, 24.812657366910926 ], [ 67.06193063338975, 24.812582321567163 ] ] ] } },
{ "type": "Feature", "id": 1371, "properties": { "FID": 1371, "class": "Defence_SpatialJoin", "SolarPV_Area(sqm)": 31.1720383826, "Rooftop_Area(sqm)": 297.30239829300001 }, "geometry": { "type": "Polygon", "coordinates": [ [ [ 67.062194315113331, 24.812674966532708 ], [ 67.062359950496429, 24.812849660967128 ], [ 67.062281129437778, 24.812924395320351 ], [ 67.062115493086409, 24.812749701642172 ], [ 67.062194315113331, 24.812674966532708 ] ] ] } },
{ "type": "Feature", "id": 1372, "properties": { "FID": 1372, "class": "Defence_SpatialJoin", "SolarPV_Area(sqm)": 0.0, "Rooftop_Area(sqm)": 281.88262274200002 }, "geometry": { "type": "Polygon", "coordinates": [ [ [ 67.062010320732355, 24.812489028467557 ], [ 67.062174074799415, 24.81265917899238 ], [ 67.062098431030819, 24.81273197920752 ], [ 67.061934677026287, 24.812561828600494 ], [ 67.062010320732355, 24.812489028467557 ] ] ] } },
{ "type": "Feature", "id": 1373, "properties": { "FID": 1373, "class": "Defence_SpatialJoin", "SolarPV_Area(sqm)": 76.752373788499995, "Rooftop_Area(sqm)": 300.206291599 }, "geometry": { "type": "Polygon", "coordinates": [ [ [ 67.062297973313093, 24.812588152798643 ], [ 67.062447831717506, 24.812753685518015 ], [ 67.06236016907863, 24.812833046413452 ], [ 67.062210311733608, 24.812667513662483 ], [ 67.062297973313093, 24.812588152798643 ] ] ] } },
{ "type": "Feature", "id": 1374, "properties": { "FID": 1374, "class": "Defence_SpatialJoin", "SolarPV_Area(sqm)": 0.0, "Rooftop_Area(sqm)": 302.39410826599999 }, "geometry": { "type": "Polygon", "coordinates": [ [ [ 67.062283072675839, 24.812578434871952 ], [ 67.062196436425282, 24.812655407490517 ], [ 67.062044010152889, 24.812483846244174 ], [ 67.062130646376858, 24.812406872814556 ], [ 67.062283072675839, 24.812578434871952 ] ] ] } },
{ "type": "Feature", "id": 1375, "properties": { "FID": 1375, "class": "Defence_SpatialJoin", "SolarPV_Area(sqm)": 84.953117268300005, "Rooftop_Area(sqm)": 382.40408746899999 }, "geometry": { "type": "Polygon", "coordinates": [ [ [ 67.062579795768244, 24.81269181088328 ], [ 67.062479767533119, 24.812780427042576 ], [ 67.062312875120824, 24.812592039715565 ], [ 67.062412903191714, 24.812503424555924 ], [ 67.062579795768244, 24.81269181088328 ] ] ] } },
{ "type": "Feature", "id": 1376, "properties": { "FID": 1376, "class": "Defence_SpatialJoin", "SolarPV_Area(sqm)": 0.0, "Rooftop_Area(sqm)": 258.69865594200002 }, "geometry": { "type": "Polygon", "coordinates": [ [ [ 67.062384140300793, 24.812498099070559 ], [ 67.062311739495215, 24.812567038374684 ], [ 67.06215479542648, 24.812402214913138 ], [ 67.062227196230069, 24.812333274789506 ], [ 67.062384140300793, 24.812498099070559 ] ] ] } },
{ "type": "Feature", "id": 1377, "properties": { "FID": 1377, "class": "Defence_SpatialJoin", "SolarPV_Area(sqm)": 75.349106261499998, "Rooftop_Area(sqm)": 307.394642643 }, "geometry": { "type": "Polygon", "coordinates": [ [ [ 67.062402279953616, 24.812505225675942 ], [ 67.06224457795318, 24.812346992568344 ], [ 67.062328423139263, 24.812259684155777 ], [ 67.062486126232812, 24.812417916330489 ], [ 67.062402279953616, 24.812505225675942 ] ] ] } },
{ "type": "Feature", "id": 1378, "properties": { "FID": 1378, "class": "Defence_SpatialJoin", "SolarPV_Area(sqm)": 0.0, "Rooftop_Area(sqm)": 295.69940045099997 }, "geometry": { "type": "Polygon", "coordinates": [ [ [ 67.062591457312578, 24.812342610578863 ], [ 67.062515873807939, 24.812411272339659 ], [ 67.062344620114445, 24.812222755425545 ], [ 67.062420203541535, 24.81215409374764 ], [ 67.062591457312578, 24.812342610578863 ] ] ] } },
{ "type": "Feature", "id": 1379, "properties": { "FID": 1379, "class": "Defence_SpatialJoin", "SolarPV_Area(sqm)": 0.0, "Rooftop_Area(sqm)": 309.51188709000002 }, "geometry": { "type": "Polygon", "coordinates": [ [ [ 67.062697060303165, 24.812260331293196 ], [ 67.062622049655246, 24.812329676209234 ], [ 67.062441152393845, 24.812133997455398 ], [ 67.062516162907002, 24.812064653521652 ], [ 67.062697060303165, 24.812260331293196 ] ] ] } },
{ "type": "Feature", "id": 1380, "properties": { "FID": 1380, "class": "Defence_SpatialJoin", "SolarPV_Area(sqm)": 0.0, "Rooftop_Area(sqm)": 233.38720112600001 }, "geometry": { "type": "Polygon", "coordinates": [ [ [ 67.062777395771789, 24.812191657529539 ], [ 67.062713319722221, 24.812247811624541 ], [ 67.062554528844203, 24.812066619123094 ], [ 67.062618604826838, 24.812010465091767 ], [ 67.062777395771789, 24.812191657529539 ] ] ] } },
{ "type": "Feature", "id": 1381, "properties": { "FID": 1381, "class": "Defence_SpatialJoin", "SolarPV_Area(sqm)": 146.69041751, "Rooftop_Area(sqm)": 279.62055991699998 }, "geometry": { "type": "Polygon", "coordinates": [ [ [ 67.062803310541852, 24.812198783782716 ], [ 67.062679420475291, 24.812063467067578 ], [ 67.062778043333594, 24.811972678117314 ], [ 67.062901933414111, 24.812107995648141 ], [ 67.062803310541852, 24.812198783782716 ] ] ] } },
{ "type": "Feature", "id": 1382, "properties": { "FID": 1382, "class": "Defence_SpatialJoin", "SolarPV_Area(sqm)": 46.905600564399997, "Rooftop_Area(sqm)": 295.372719598 }, "geometry": { "type": "Polygon", "coordinates": [ [ [ 67.062912515053057, 24.812109404424785 ], [ 67.062774031837776, 24.811945261467219 ], [ 67.062866490587552, 24.811867257533123 ], [ 67.063004972915138, 24.812031400360208 ], [ 67.062912515053057, 24.812109404424785 ] ] ] } },
{ "type": "Feature", "id": 1383, "properties": { "FID": 1383, "class": "Defence_SpatialJoin", "SolarPV_Area(sqm)": 44.720799718899997, "Rooftop_Area(sqm)": 261.45065960099998 }, "geometry": { "type": "Polygon", "coordinates": [ [ [ 67.063019490342072, 24.812016525906394 ], [ 67.06288407792124, 24.811875068980125 ], [ 67.062968905514836, 24.811793867073117 ], [ 67.063104316957322, 24.811935324765489 ], [ 67.063019490342072, 24.812016525906394 ] ] ] } },
{ "type": "Feature", "id": 1384, "properties": { "FID": 1384, "class": "Defence_SpatialJoin", "SolarPV_Area(sqm)": 0.0, "Rooftop_Area(sqm)": 213.85792351000001 }, "geometry": { "type": "Polygon", "coordinates": [ [ [ 67.063133100272097, 24.811918257576565 ], [ 67.062996336844833, 24.811780402980681 ], [ 67.063065100450217, 24.81171218438817 ], [ 67.06320186392027, 24.811850038920515 ], [ 67.063133100272097, 24.811918257576565 ] ] ] } },
{ "type": "Feature", "id": 1385, "properties": { "FID": 1385, "class": "Defence_SpatialJoin", "SolarPV_Area(sqm)": 82.882842636800007, "Rooftop_Area(sqm)": 333.938695962 }, "geometry": { "type": "Polygon", "coordinates": [ [ [ 67.063228466750999, 24.811858135236605 ], [ 67.063141719098695, 24.811754954937363 ], [ 67.06330849080075, 24.811614744505135 ], [ 67.063395238500803, 24.811717925610726 ], [ 67.063228466750999, 24.811858135236605 ] ] ] } },
{ "type": "Feature", "id": 1386, "properties": { "FID": 1386, "class": "Defence_SpatialJoin", "SolarPV_Area(sqm)": 0.0, "Rooftop_Area(sqm)": 244.38709128599999 }, "geometry": { "type": "Polygon", "coordinates": [ [ [ 67.063337930090711, 24.811946452516693 ], [ 67.063262855105904, 24.81186886056452 ], [ 67.063405930067944, 24.811730427975228 ], [ 67.063481005048686, 24.81180802075033 ], [ 67.063337930090711, 24.811946452516693 ] ] ] } },
{ "type": "Feature", "id": 1387, "properties": { "FID": 1387, "class": "Defence_SpatialJoin", "SolarPV_Area(sqm)": 66.557692355300006, "Rooftop_Area(sqm)": 307.03652442700002 }, "geometry": { "type": "Polygon", "coordinates": [ [ [ 67.063417539871452, 24.812064209374036 ], [ 67.063337052280559, 24.811970761191215 ], [ 67.063502954861718, 24.811827867265613 ], [ 67.063583442544257, 24.811921315365815 ], [ 67.063417539871452, 24.812064209374036 ] ] ] } },
{ "type": "Feature", "id": 1388, "properties": { "FID": 1388, "class": "Defence_SpatialJoin", "SolarPV_Area(sqm)": 0.0, "Rooftop_Area(sqm)": 271.49708241899998 }, "geometry": { "type": "Polygon", "coordinates": [ [ [ 67.063381466878027, 24.812036428595253 ], [ 67.063299356219744, 24.812110788795895 ], [ 67.06315466200374, 24.811951013741634 ], [ 67.063236772590244, 24.81187665361691 ], [ 67.063381466878027, 24.812036428595253 ] ] ] } },
{ "type": "Feature", "id": 1389, "properties": { "FID": 1389, "class": "Defence_SpatialJoin", "SolarPV_Area(sqm)": 86.689173454900001, "Rooftop_Area(sqm)": 319.83100787400002 }, "geometry": { "type": "Polygon", "coordinates": [ [ [ 67.063278222917248, 24.812110233708545 ], [ 67.06318727651653, 24.812197486685076 ], [ 67.063032758716716, 24.8120364285062 ], [ 67.06312370504584, 24.811949175622733 ], [ 67.063278222917248, 24.812110233708545 ] ] ] } },
{ "type": "Feature", "id": 1390, "properties": { "FID": 1390, "class": "Defence_SpatialJoin", "SolarPV_Area(sqm)": 67.764293047300001, "Rooftop_Area(sqm)": 250.61663675 }, "geometry": { "type": "Polygon", "coordinates": [ [ [ 67.063174149147059, 24.812207258592132 ], [ 67.06310246578532, 24.812272408871273 ], [ 67.062949417442098, 24.812104013911814 ], [ 67.063021100738197, 24.812038863702945 ], [ 67.063174149147059, 24.812207258592132 ] ] ] } },
{ "type": "Feature", "id": 1391, "properties": { "FID": 1391, "class": "Defence_SpatialJoin", "SolarPV_Area(sqm)": 0.0, "Rooftop_Area(sqm)": 276.34163691200001 }, "geometry": { "type": "Polygon", "coordinates": [ [ [ 67.063083344074499, 24.812278990424112 ], [ 67.063004984764007, 24.81235178085964 ], [ 67.062850319270339, 24.812185282917035 ], [ 67.062928678512648, 24.812112492560203 ], [ 67.063083344074499, 24.812278990424112 ] ] ] } },
{ "type": "Feature", "id": 1392, "properties": { "FID": 1392, "class": "Defence_SpatialJoin", "SolarPV_Area(sqm)": 146.51183876499999, "Rooftop_Area(sqm)": 345.37981250500002 }, "geometry": { "type": "Polygon", "coordinates": [ [ [ 67.062981758771073, 24.812363575789025 ], [ 67.062884256755126, 24.812454746017448 ], [ 67.06272883108781, 24.812288526862304 ], [ 67.062826333020155, 24.812197356732693 ], [ 67.062981758771073, 24.812363575789025 ] ] ] } },
{ "type": "Feature", "id": 1393, "properties": { "FID": 1393, "class": "Defence_SpatialJoin", "SolarPV_Area(sqm)": 112.070457551, "Rooftop_Area(sqm)": 309.53806389699997 }, "geometry": { "type": "Polygon", "coordinates": [ [ [ 67.062866904957374, 24.812466404995504 ], [ 67.062785124879255, 24.812539249513591 ], [ 67.062619782742942, 24.812353624359613 ], [ 67.06270156169839, 24.812280780769139 ], [ 67.062866904957374, 24.812466404995504 ] ] ] } },
{ "type": "Feature", "id": 1394, "properties": { "FID": 1394, "class": "Defence_SpatialJoin", "SolarPV_Area(sqm)": 0.0, "Rooftop_Area(sqm)": 259.492628701 }, "geometry": { "type": "Polygon", "coordinates": [ [ [ 67.062764490289297, 24.81253979528331 ], [ 67.062692752902208, 24.812603542293481 ], [ 67.062534781794483, 24.812425770763149 ], [ 67.062606519052252, 24.812362024718976 ], [ 67.062764490289297, 24.81253979528331 ] ] ] } },
{ "type": "Feature", "id": 1395, "properties": { "FID": 1395, "class": "Defence_SpatialJoin", "SolarPV_Area(sqm)": 87.997645028799994, "Rooftop_Area(sqm)": 315.32412456700001 }, "geometry": { "type": "Polygon", "coordinates": [ [ [ 67.062675343058956, 24.812605722308405 ], [ 67.062582592681821, 24.812688615272442 ], [ 67.06243402596327, 24.812522380708501 ], [ 67.062526776254174, 24.812439487831778 ], [ 67.062675343058956, 24.812605722308405 ] ] ] } },
{ "type": "Feature", "id": 1396, "properties": { "FID": 1396, "class": "Defence_SpatialJoin", "SolarPV_Area(sqm)": 0.0, "Rooftop_Area(sqm)": 411.09749587300001 }, "geometry": { "type": "Polygon", "coordinates": [ [ [ 67.059054102261712, 24.81119199811528 ], [ 67.058957767770323, 24.811080786420249 ], [ 67.059143507944057, 24.810919894455296 ], [ 67.059239842499267, 24.811031106933626 ], [ 67.059054102261712, 24.81119199811528 ] ] ] } },
{ "type": "Feature", "id": 1397, "properties": { "FID": 1397, "class": "Defence_SpatialJoin", "SolarPV_Area(sqm)": 38.956897919100001, "Rooftop_Area(sqm)": 293.787013645 }, "geometry": { "type": "Polygon", "coordinates": [ [ [ 67.059167478926412, 24.811273629667795 ], [ 67.059093269703908, 24.811178361322384 ], [ 67.059262067613773, 24.811046876050025 ], [ 67.059336276885887, 24.811142145217524 ], [ 67.059167478926412, 24.811273629667795 ] ] ] } },
{ "type": "Feature", "id": 1398, "properties": { "FID": 1398, "class": "Defence_SpatialJoin", "SolarPV_Area(sqm)": 0.0, "Rooftop_Area(sqm)": 268.49996701100002 }, "geometry": { "type": "Polygon", "coordinates": [ [ [ 67.059273729225055, 24.811356556928079 ], [ 67.059201532257063, 24.811270203268865 ], [ 67.059362486548153, 24.811135634125701 ], [ 67.059434684581618, 24.811221987766778 ], [ 67.059273729225055, 24.811356556928079 ] ] ] } },
{ "type": "Feature", "id": 1399, "properties": { "FID": 1399, "class": "Defence_SpatialJoin", "SolarPV_Area(sqm)": 0.0, "Rooftop_Area(sqm)": 265.52577258899998 }, "geometry": { "type": "Polygon", "coordinates": [ [ [ 67.059357951949579, 24.81145892005674 ], [ 67.059282664983058, 24.811375745394265 ], [ 67.059436992001096, 24.811236053678194 ], [ 67.059512279095287, 24.811319227372014 ], [ 67.059357951949579, 24.81145892005674 ] ] ] } },
{ "type": "Feature", "id": 1400, "properties": { "FID": 1400, "class": "Defence_SpatialJoin", "SolarPV_Area(sqm)": 0.0, "Rooftop_Area(sqm)": 286.73733112500003 }, "geometry": { "type": "Polygon", "coordinates": [ [ [ 67.059434400552348, 24.811559339363431 ], [ 67.059360968204643, 24.811472466495374 ], [ 67.05953028443453, 24.811329346532315 ], [ 67.059603716871479, 24.811416219324389 ], [ 67.059434400552348, 24.811559339363431 ] ] ] } },
{ "type": "Feature", "id": 1401, "properties": { "FID": 1401, "class": "Defence_SpatialJoin", "SolarPV_Area(sqm)": 0.0, "Rooftop_Area(sqm)": 392.03416341600001 }, "geometry": { "type": "Polygon", "coordinates": [ [ [ 67.059676702702504, 24.811851527333427 ], [ 67.059592897149869, 24.811743219104891 ], [ 67.059792023338673, 24.811589140913068 ], [ 67.05987582903569, 24.811697449045681 ], [ 67.059676702702504, 24.811851527333427 ] ] ] } },
{ "type": "Feature", "id": 1402, "properties": { "FID": 1402, "class": "Defence_SpatialJoin", "SolarPV_Area(sqm)": 0.0, "Rooftop_Area(sqm)": 358.36011127 }, "geometry": { "type": "Polygon", "coordinates": [ [ [ 67.059767404087395, 24.811959073121049 ], [ 67.059692822511551, 24.811864446466917 ], [ 67.059898273477927, 24.811702518176965 ], [ 67.059972855181599, 24.81179714474186 ], [ 67.059767404087395, 24.811959073121049 ] ] ] } },
{ "type": "Feature", "id": 1403, "properties": { "FID": 1403, "class": "Defence_SpatialJoin", "SolarPV_Area(sqm)": 0.0, "Rooftop_Area(sqm)": 314.313481755 }, "geometry": { "type": "Polygon", "coordinates": [ [ [ 67.059851626912987, 24.812045239876099 ], [ 67.059784028816495, 24.811955487303852 ], [ 67.059980551992481, 24.811807472411797 ], [ 67.060048151189918, 24.811897224961552 ], [ 67.059851626912987, 24.812045239876099 ] ] ] } },
{ "type": "Feature", "id": 1404, "properties": { "FID": 1404, "class": "Defence_SpatialJoin", "SolarPV_Area(sqm)": 0.0, "Rooftop_Area(sqm)": 334.574134071 }, "geometry": { "type": "Polygon", "coordinates": [ [ [ 67.059946215239478, 24.812135940803596 ], [ 67.059875828128369, 24.812041990627534 ], [ 67.060076436787128, 24.811891695245034 ], [ 67.060146824028124, 24.811985645341856 ], [ 67.059946215239478, 24.812135940803596 ] ] ] } },
{ "type": "Feature", "id": 1405, "properties": { "FID": 1405, "class": "Defence_SpatialJoin", "SolarPV_Area(sqm)": 0.0, "Rooftop_Area(sqm)": 349.70244213400002 }, "geometry": { "type": "Polygon", "coordinates": [ [ [ 67.060050521638345, 24.812247374362666 ], [ 67.059970116565708, 24.81214112457349 ], [ 67.060154180493853, 24.812001832546013 ], [ 67.060234586680053, 24.812108082303862 ], [ 67.060050521638345, 24.812247374362666 ] ] ] } },
{ "type": "Feature", "id": 1406, "properties": { "FID": 1406, "class": "Defence_SpatialJoin", "SolarPV_Area(sqm)": 75.017427291000004, "Rooftop_Area(sqm)": 345.55719804500001 }, "geometry": { "type": "Polygon", "coordinates": [ [ [ 67.060217024138296, 24.812440438410206 ], [ 67.060150518872675, 24.812350903152389 ], [ 67.060369272949018, 24.812188418572209 ], [ 67.060435777370614, 24.812277953696544 ], [ 67.060217024138296, 24.812440438410206 ] ] ] } },
{ "type": "Feature", "id": 1407, "properties": { "FID": 1407, "class": "Defence_SpatialJoin", "SolarPV_Area(sqm)": 0.0, "Rooftop_Area(sqm)": 346.34438858200002 }, "geometry": { "type": "Polygon", "coordinates": [ [ [ 67.060320034794955, 24.812539562556488 ], [ 67.060243800679146, 24.812452477383335 ], [ 67.060441833552076, 24.812279119988993 ], [ 67.060518067824873, 24.812366204173298 ], [ 67.060320034794955, 24.812539562556488 ] ] ] } },
{ "type": "Feature", "id": 1408, "properties": { "FID": 1408, "class": "Defence_SpatialJoin", "SolarPV_Area(sqm)": 0.0, "Rooftop_Area(sqm)": 365.31373522899997 }, "geometry": { "type": "Polygon", "coordinates": [ [ [ 67.060568167966053, 24.812653587283833 ], [ 67.060429247618004, 24.812510771617696 ], [ 67.060544844591192, 24.812398327351165 ], [ 67.060683765017501, 24.812541142910039 ], [ 67.060568167966053, 24.812653587283833 ] ] ] } },
{ "type": "Feature", "id": 1409, "properties": { "FID": 1409, "class": "Defence_SpatialJoin", "SolarPV_Area(sqm)": 107.334944408, "Rooftop_Area(sqm)": 325.719800486 }, "geometry": { "type": "Polygon", "coordinates": [ [ [ 67.060607040538173, 24.812795470187396 ], [ 67.060530703122907, 24.812692126753408 ], [ 67.060710051385001, 24.812559646343111 ], [ 67.060786387949506, 24.812662989648704 ], [ 67.060607040538173, 24.812795470187396 ] ] ] } },
{ "type": "Feature", "id": 1410, "properties": { "FID": 1410, "class": "Defence_SpatialJoin", "SolarPV_Area(sqm)": 151.583745099, "Rooftop_Area(sqm)": 669.17227632200002 }, "geometry": { "type": "Polygon", "coordinates": [ [ [ 67.060916477433494, 24.813051418013632 ], [ 67.060690632036966, 24.812793684773663 ], [ 67.060826384103891, 24.812688005365196 ], [ 67.061052228738475, 24.812945738366952 ], [ 67.060916477433494, 24.813051418013632 ] ] ] } },
{ "type": "Feature", "id": 1411, "properties": { "FID": 1411, "class": "Defence_SpatialJoin", "SolarPV_Area(sqm)": 43.9167443646, "Rooftop_Area(sqm)": 332.81300144699998 }, "geometry": { "type": "Polygon", "coordinates": [ [ [ 67.060962030781738, 24.813186053307483 ], [ 67.060891062221316, 24.813094158074424 ], [ 67.061090591999701, 24.812940065635832 ], [ 67.06116156068309, 24.813031960787594 ], [ 67.060962030781738, 24.813186053307483 ] ] ] } },
{ "type": "Feature", "id": 1412, "properties": { "FID": 1412, "class": "Defence_SpatialJoin", "SolarPV_Area(sqm)": 117.102567178, "Rooftop_Area(sqm)": 388.546692243 }, "geometry": { "type": "Polygon", "coordinates": [ [ [ 67.061143231294736, 24.81337130217349 ], [ 67.061057743939728, 24.813259284860038 ], [ 67.06125053410355, 24.813112155782605 ], [ 67.061336021604987, 24.813224173002283 ], [ 67.061143231294736, 24.81337130217349 ] ] ] } },
{ "type": "Feature", "id": 1413, "properties": { "FID": 1413, "class": "Defence_SpatialJoin", "SolarPV_Area(sqm)": 0.0, "Rooftop_Area(sqm)": 312.20239002800002 }, "geometry": { "type": "Polygon", "coordinates": [ [ [ 67.061252559309764, 24.813450261829978 ], [ 67.061183005365521, 24.813351681361159 ], [ 67.061368972239976, 24.813220470983907 ], [ 67.061438526316479, 24.81331905138342 ], [ 67.061252559309764, 24.813450261829978 ] ] ] } },
{ "type": "Feature", "id": 1414, "properties": { "FID": 1414, "class": "Defence_SpatialJoin", "SolarPV_Area(sqm)": 0.0, "Rooftop_Area(sqm)": 415.72949840199999 }, "geometry": { "type": "Polygon", "coordinates": [ [ [ 67.061435783882999, 24.813590969742087 ], [ 67.061315839215595, 24.813434852119791 ], [ 67.061463115615112, 24.81332170037426 ], [ 67.061583060380087, 24.81347781878997 ], [ 67.061435783882999, 24.813590969742087 ] ] ] } },
{ "type": "Feature", "id": 1415, "properties": { "FID": 1415, "class": "Defence_SpatialJoin", "SolarPV_Area(sqm)": 0.0, "Rooftop_Area(sqm)": 450.355739449 }, "geometry": { "type": "Polygon", "coordinates": [ [ [ 67.061598763407176, 24.813424953822782 ], [ 67.061484457353814, 24.813295973709359 ], [ 67.061656463741386, 24.813143537070022 ], [ 67.0617707699205, 24.813272517059509 ], [ 67.061598763407176, 24.813424953822782 ] ] ] } },
{ "type": "Feature", "id": 1416, "properties": { "FID": 1416, "class": "Defence_SpatialJoin", "SolarPV_Area(sqm)": 0.0, "Rooftop_Area(sqm)": 299.23090324700001 }, "geometry": { "type": "Polygon", "coordinates": [ [ [ 67.061468177148441, 24.81328930709903 ], [ 67.061388702296853, 24.813200249671002 ], [ 67.061553209668986, 24.813053442880815 ], [ 67.06163268466004, 24.813142499331633 ], [ 67.061468177148441, 24.81328930709903 ] ] ] } },
{ "type": "Feature", "id": 1417, "properties": { "FID": 1417, "class": "Defence_SpatialJoin", "SolarPV_Area(sqm)": 32.912239320499999, "Rooftop_Area(sqm)": 342.428648888 }, "geometry": { "type": "Polygon", "coordinates": [ [ [ 67.061377303373888, 24.813194686556315 ], [ 67.061293433974427, 24.813104926755376 ], [ 67.061472569759161, 24.812937546344177 ], [ 67.061556439184372, 24.813027306941631 ], [ 67.061377303373888, 24.813194686556315 ] ] ] } },
{ "type": "Feature", "id": 1418, "properties": { "FID": 1418, "class": "Defence_SpatialJoin", "SolarPV_Area(sqm)": 0.0, "Rooftop_Area(sqm)": 200.076914292 }, "geometry": { "type": "Polygon", "coordinates": [ [ [ 67.061279117984597, 24.813079252779037 ], [ 67.061217254829216, 24.812995974528466 ], [ 67.061353420545643, 24.812894823027342 ], [ 67.061415283837079, 24.81297810033648 ], [ 67.061279117984597, 24.813079252779037 ] ] ] } },
{ "type": "Feature", "id": 1419, "properties": { "FID": 1419, "class": "Defence_SpatialJoin", "SolarPV_Area(sqm)": 38.137745244999998, "Rooftop_Area(sqm)": 214.649401283 }, "geometry": { "type": "Polygon", "coordinates": [ [ [ 67.06118889342099, 24.813006807300297 ], [ 67.061120604925605, 24.812927721759547 ], [ 67.061257357690877, 24.812809639845405 ], [ 67.061325646192628, 24.81288872622271 ], [ 67.06118889342099, 24.813006807300297 ] ] ] } },
{ "type": "Feature", "id": 1420, "properties": { "FID": 1420, "class": "Defence_SpatialJoin", "SolarPV_Area(sqm)": 44.621271250100001, "Rooftop_Area(sqm)": 291.87440123800002 }, "geometry": { "type": "Polygon", "coordinates": [ [ [ 67.061094953747769, 24.812907560516265 ], [ 67.061023329108139, 24.81282026859725 ], [ 67.061200038972473, 24.812677222100078 ], [ 67.061271662729922, 24.812764513891196 ], [ 67.061094953747769, 24.812907560516265 ] ] ] } },
{ "type": "Feature", "id": 1421, "properties": { "FID": 1421, "class": "Defence_SpatialJoin", "SolarPV_Area(sqm)": 45.335151849600003, "Rooftop_Area(sqm)": 223.292019985 }, "geometry": { "type": "Polygon", "coordinates": [ [ [ 67.061008709544595, 24.812816274567624 ], [ 67.060936767785705, 24.812733239584336 ], [ 67.061071866301717, 24.812616187755332 ], [ 67.061143809106341, 24.812699222730593 ], [ 67.061008709544595, 24.812816274567624 ] ] ] } },
{ "type": "Feature", "id": 1422, "properties": { "FID": 1422, "class": "Defence_SpatialJoin", "SolarPV_Area(sqm)": 0.0, "Rooftop_Area(sqm)": 328.23676588900003 }, "geometry": { "type": "Polygon", "coordinates": [ [ [ 67.060916627604456, 24.812725784253217 ], [ 67.060842216289586, 24.812639783016152 ], [ 67.061034184275172, 24.812473686384859 ], [ 67.061108595687045, 24.81255968753327 ], [ 67.060916627604456, 24.812725784253217 ] ] ] } },
{ "type": "Feature", "id": 1423, "properties": { "FID": 1423, "class": "Defence_SpatialJoin", "SolarPV_Area(sqm)": 0.0, "Rooftop_Area(sqm)": 230.34617899700001 }, "geometry": { "type": "Polygon", "coordinates": [ [ [ 67.060819768780661, 24.812625741518438 ], [ 67.060755225321998, 24.812548662627073 ], [ 67.060909728211982, 24.812419286467172 ], [ 67.06097427174376, 24.812496365297978 ], [ 67.060819768780661, 24.812625741518438 ] ] ] } },
{ "type": "Feature", "id": 1424, "properties": { "FID": 1424, "class": "Defence_SpatialJoin", "SolarPV_Area(sqm)": 93.471021871399998, "Rooftop_Area(sqm)": 342.40378344300001 }, "geometry": { "type": "Polygon", "coordinates": [ [ [ 67.060726094539945, 24.81254533475084 ], [ 67.060631148840869, 24.812434799167534 ], [ 67.060787924850885, 24.8123001362368 ], [ 67.06088286961554, 24.812410672570259 ], [ 67.060726094539945, 24.81254533475084 ] ] ] } },
{ "type": "Feature", "id": 1425, "properties": { "FID": 1425, "class": "Defence_SpatialJoin", "SolarPV_Area(sqm)": 0.0, "Rooftop_Area(sqm)": 286.60403524399999 }, "geometry": { "type": "Polygon", "coordinates": [ [ [ 67.060628290187211, 24.812424941787771 ], [ 67.060547350622329, 24.812334407581549 ], [ 67.060702095087805, 24.812196063261833 ], [ 67.060783034731017, 24.812286597388663 ], [ 67.060628290187211, 24.812424941787771 ] ] ] } },
{ "type": "Feature", "id": 1426, "properties": { "FID": 1426, "class": "Defence_SpatialJoin", "SolarPV_Area(sqm)": 38.8993866068, "Rooftop_Area(sqm)": 253.89002949 }, "geometry": { "type": "Polygon", "coordinates": [ [ [ 67.060534168178677, 24.81232169748974 ], [ 67.060457635141361, 24.812238398266803 ], [ 67.060602997382276, 24.812104843586276 ], [ 67.060679530426825, 24.8121881436319 ], [ 67.060534168178677, 24.81232169748974 ] ] ] } },
{ "type": "Feature", "id": 1427, "properties": { "FID": 1427, "class": "Defence_SpatialJoin", "SolarPV_Area(sqm)": 0.0, "Rooftop_Area(sqm)": 255.023134763 }, "geometry": { "type": "Polygon", "coordinates": [ [ [ 67.060448753113988, 24.812223014501424 ], [ 67.06037332654445, 24.812142795351491 ], [ 67.060521729274214, 24.812003258003404 ], [ 67.060597155904489, 24.812083477080108 ], [ 67.060448753113988, 24.812223014501424 ] ] ] } },
{ "type": "Feature", "id": 1428, "properties": { "FID": 1428, "class": "Defence_SpatialJoin", "SolarPV_Area(sqm)": 113.638978287, "Rooftop_Area(sqm)": 346.31424804599999 }, "geometry": { "type": "Polygon", "coordinates": [ [ [ 67.060126970747589, 24.812346497556817 ], [ 67.060053199502605, 24.812258240746264 ], [ 67.060272326409873, 24.812107512822713 ], [ 67.060346096806526, 24.812195769487662 ], [ 67.060126970747589, 24.812346497556817 ] ] ] } },
{ "type": "Feature", "id": 1429, "properties": { "FID": 1429, "class": "Defence_SpatialJoin", "SolarPV_Area(sqm)": 131.86907725, "Rooftop_Area(sqm)": 297.34026443800002 }, "geometry": { "type": "Polygon", "coordinates": [ [ [ 67.060327264704966, 24.812160819086746 ], [ 67.060245551224867, 24.812072530273955 ], [ 67.060408948406078, 24.811929038267493 ], [ 67.060490661965602, 24.812017326995051 ], [ 67.060327264704966, 24.812160819086746 ] ] ] } },
{ "type": "Feature", "id": 1430, "properties": { "FID": 1430, "class": "Defence_SpatialJoin", "SolarPV_Area(sqm)": 91.997066680299994, "Rooftop_Area(sqm)": 214.47134294700001 }, "geometry": { "type": "Polygon", "coordinates": [ [ [ 67.060312337791203, 24.811859793785064 ], [ 67.060384484626752, 24.811938574927822 ], [ 67.060260509281093, 24.812051770567823 ], [ 67.060179240511573, 24.811970916149789 ], [ 67.060312337791203, 24.811859793785064 ] ] ] } },
{ "type": "Feature", "id": 1431, "properties": { "FID": 1431, "class": "Defence_SpatialJoin", "SolarPV_Area(sqm)": 0.0, "Rooftop_Area(sqm)": 370.69327335100002 }, "geometry": { "type": "Polygon", "coordinates": [ [ [ 67.060165557168702, 24.811956404026649 ], [ 67.060076411313887, 24.811873891993987 ], [ 67.060284557307426, 24.811686890906635 ], [ 67.060363752909069, 24.811771062034889 ], [ 67.060165557168702, 24.811956404026649 ] ] ] } },
{ "type": "Feature", "id": 1432, "properties": { "FID": 1432, "class": "Defence_SpatialJoin", "SolarPV_Area(sqm)": 0.0, "Rooftop_Area(sqm)": 306.92761589600002 }, "geometry": { "type": "Polygon", "coordinates": [ [ [ 67.060063971481199, 24.811853574862884 ], [ 67.05999431355832, 24.811776037685455 ], [ 67.060185045076139, 24.81160811071873 ], [ 67.060258435694749, 24.811686476368198 ], [ 67.060063971481199, 24.811853574862884 ] ] ] } },
{ "type": "Feature", "id": 1433, "properties": { "FID": 1433, "class": "Defence_SpatialJoin", "SolarPV_Area(sqm)": 39.102471758299998, "Rooftop_Area(sqm)": 304.782782795 }, "geometry": { "type": "Polygon", "coordinates": [ [ [ 67.059985605737737, 24.811771891823966 ], [ 67.059897703514551, 24.811685232418071 ], [ 67.060058167089139, 24.811533890703213 ], [ 67.060141923541011, 24.811623037178563 ], [ 67.059985605737737, 24.811771891823966 ] ] ] } },
{ "type": "Feature", "id": 1434, "properties": { "FID": 1434, "class": "Defence_SpatialJoin", "SolarPV_Area(sqm)": 0.0, "Rooftop_Area(sqm)": 286.15067070100002 }, "geometry": { "type": "Polygon", "coordinates": [ [ [ 67.059896458894357, 24.811662842440512 ], [ 67.059820995915899, 24.811592769215107 ], [ 67.060007166607136, 24.811425671321068 ], [ 67.060075996682258, 24.811501134979896 ], [ 67.059896458894357, 24.811662842440512 ] ] ] } },
{ "type": "Feature", "id": 1435, "properties": { "FID": 1435, "class": "Defence_SpatialJoin", "SolarPV_Area(sqm)": 0.0, "Rooftop_Area(sqm)": 309.620919792 }, "geometry": { "type": "Polygon", "coordinates": [ [ [ 67.059812287892811, 24.811581159738878 ], [ 67.059726873430336, 24.811496988228672 ], [ 67.059900605477793, 24.811346890482611 ], [ 67.059984362238552, 24.811430646639522 ], [ 67.059812287892811, 24.811581159738878 ] ] ] } },
{ "type": "Feature", "id": 1436, "properties": { "FID": 1436, "class": "Defence_SpatialJoin", "SolarPV_Area(sqm)": 0.0, "Rooftop_Area(sqm)": 350.70604721799998 }, "geometry": { "type": "Polygon", "coordinates": [ [ [ 67.059713190964814, 24.811494086169301 ], [ 67.059631506996126, 24.811412817201305 ], [ 67.059827215388054, 24.81122789052462 ], [ 67.059906410457131, 24.811312060854188 ], [ 67.059713190964814, 24.811494086169301 ] ] ] } },
{ "type": "Feature", "id": 1437, "properties": { "FID": 1437, "class": "Defence_SpatialJoin", "SolarPV_Area(sqm)": 130.86573718599999, "Rooftop_Area(sqm)": 361.60501300599998 }, "geometry": { "type": "Polygon", "coordinates": [ [ [ 67.059617410039635, 24.811405354341769 ], [ 67.059535311732375, 24.811319109915441 ], [ 67.059737239800242, 24.811140816999114 ], [ 67.059817264391796, 24.811227475560255 ], [ 67.059617410039635, 24.811405354341769 ] ] ] } },
{ "type": "Feature", "id": 1438, "properties": { "FID": 1438, "class": "Defence_SpatialJoin", "SolarPV_Area(sqm)": 0.0, "Rooftop_Area(sqm)": 392.89254358900001 }, "geometry": { "type": "Polygon", "coordinates": [ [ [ 67.059521629256608, 24.811307085672286 ], [ 67.0594420193856, 24.811224987782008 ], [ 67.059678775744558, 24.811029694823954 ], [ 67.059753409875853, 24.811115109567755 ], [ 67.059521629256608, 24.811307085672286 ] ] ] } },
{ "type": "Feature", "id": 1439, "properties": { "FID": 1439, "class": "Defence_SpatialJoin", "SolarPV_Area(sqm)": 0.0, "Rooftop_Area(sqm)": 288.828305796 }, "geometry": { "type": "Polygon", "coordinates": [ [ [ 67.059458604322103, 24.81119098814192 ], [ 67.059387286902719, 24.811117182810293 ], [ 67.059585068604321, 24.810953816527206 ], [ 67.05965058096271, 24.811025133392157 ], [ 67.059458604322103, 24.81119098814192 ] ] ] } },
{ "type": "Feature", "id": 1440, "properties": { "FID": 1440, "class": "Defence_SpatialJoin", "SolarPV_Area(sqm)": 0.0, "Rooftop_Area(sqm)": 292.45407505999998 }, "geometry": { "type": "Polygon", "coordinates": [ [ [ 67.059372774694666, 24.811113451086154 ], [ 67.059299384589664, 24.811029694825642 ], [ 67.059483897564107, 24.810875864684732 ], [ 67.059553141097169, 24.810950085082801 ], [ 67.059372774694666, 24.811113451086154 ] ] ] } },
{ "type": "Feature", "id": 1441, "properties": { "FID": 1441, "class": "Defence_SpatialJoin", "SolarPV_Area(sqm)": 43.284101096500002, "Rooftop_Area(sqm)": 249.07009628500001 }, "geometry": { "type": "Polygon", "coordinates": [ [ [ 67.059290263002907, 24.811024719082525 ], [ 67.059159653224611, 24.810897840394198 ], [ 67.059257921195112, 24.810815328091227 ], [ 67.059376506679541, 24.810947182591228 ], [ 67.059290263002907, 24.811024719082525 ] ] ] } },
{ "type": "Feature", "id": 1442, "properties": { "FID": 1442, "class": "Defence_SpatialJoin", "SolarPV_Area(sqm)": 0.0, "Rooftop_Area(sqm)": 325.96447930099998 }, "geometry": { "type": "Polygon", "coordinates": [ [ [ 67.059391433843032, 24.810921889862723 ], [ 67.059238018790268, 24.810761840098213 ], [ 67.059340433846089, 24.810672279552062 ], [ 67.059483482395052, 24.810838962518787 ], [ 67.059391433843032, 24.810921889862723 ] ] ] } },
{ "type": "Feature", "id": 1443, "properties": { "FID": 1443, "class": "Defence_SpatialJoin", "SolarPV_Area(sqm)": 0.0, "Rooftop_Area(sqm)": 325.95253020600001 }, "geometry": { "type": "Polygon", "coordinates": [ [ [ 67.061986349208013, 24.813839184621518 ], [ 67.061905387128263, 24.81374451030381 ], [ 67.06208029000976, 24.81359493834595 ], [ 67.062161252245772, 24.813689611681994 ], [ 67.061986349208013, 24.813839184621518 ] ] ] } },
{ "type": "Feature", "id": 1444, "properties": { "FID": 1444, "class": "Defence_SpatialJoin", "SolarPV_Area(sqm)": 0.0, "Rooftop_Area(sqm)": 322.43517690700003 }, "geometry": { "type": "Polygon", "coordinates": [ [ [ 67.062076402674478, 24.813931828834697 ], [ 67.062004662327439, 24.813846813305926 ], [ 67.062199498085207, 24.81368240038379 ], [ 67.062271238532915, 24.813767415827243 ], [ 67.062076402674478, 24.813931828834697 ] ] ] } },
{ "type": "Feature", "id": 1445, "properties": { "FID": 1445, "class": "Defence_SpatialJoin", "SolarPV_Area(sqm)": 0.0, "Rooftop_Area(sqm)": 312.42162335299997 }, "geometry": { "type": "Polygon", "coordinates": [ [ [ 67.06216904793834, 24.814017347973671 ], [ 67.062099649450232, 24.813944038922301 ], [ 67.062297325671068, 24.813756904748907 ], [ 67.062366725212058, 24.813830213762497 ], [ 67.06216904793834, 24.814017347973671 ] ] ] } },
{ "type": "Feature", "id": 1446, "properties": { "FID": 1446, "class": "Defence_SpatialJoin", "SolarPV_Area(sqm)": 0.0, "Rooftop_Area(sqm)": 343.65332481600001 }, "geometry": { "type": "Polygon", "coordinates": [ [ [ 67.062268171356905, 24.814106105750586 ], [ 67.062184643449569, 24.814010985719321 ], [ 67.062364056171774, 24.813853437675402 ], [ 67.062447584234576, 24.813948556718305 ], [ 67.062268171356905, 24.814106105750586 ] ] ] } },
{ "type": "Feature", "id": 1447, "properties": { "FID": 1447, "class": "Defence_SpatialJoin", "SolarPV_Area(sqm)": 0.0, "Rooftop_Area(sqm)": 286.1493798 }, "geometry": { "type": "Polygon", "coordinates": [ [ [ 67.062428843195619, 24.814297550260417 ], [ 67.062360714214634, 24.814199989457215 ], [ 67.062534121053375, 24.814078894688134 ], [ 67.062602250157269, 24.814176455428527 ], [ 67.062428843195619, 24.814297550260417 ] ] ] } },
{ "type": "Feature", "id": 1448, "properties": { "FID": 1448, "class": "Defence_SpatialJoin", "SolarPV_Area(sqm)": 51.193011259499997, "Rooftop_Area(sqm)": 314.22610049799999 }, "geometry": { "type": "Polygon", "coordinates": [ [ [ 67.062519544272973, 24.814403476959789 ], [ 67.062447527917413, 24.814315227449026 ], [ 67.062635512555303, 24.81416182207693 ], [ 67.06270752901591, 24.814250071506898 ], [ 67.062519544272973, 24.814403476959789 ] ] ] } },
{ "type": "Feature", "id": 1449, "properties": { "FID": 1449, "class": "Defence_SpatialJoin", "SolarPV_Area(sqm)": 0.0, "Rooftop_Area(sqm)": 264.59144409499999 }, "geometry": { "type": "Polygon", "coordinates": [ [ [ 67.062617372660171, 24.814485755475733 ], [ 67.062550596782771, 24.814400413782764 ], [ 67.062719735476421, 24.81426807219415 ], [ 67.062786510412053, 24.814353414663781 ], [ 67.062617372660171, 24.814485755475733 ] ] ] } },
{ "type": "Feature", "id": 1450, "properties": { "FID": 1450, "class": "Defence_SpatialJoin", "SolarPV_Area(sqm)": 0.0, "Rooftop_Area(sqm)": 294.905608239 }, "geometry": { "type": "Polygon", "coordinates": [ [ [ 67.062798127778052, 24.814675580864233 ], [ 67.062717687307213, 24.814570330625639 ], [ 67.062883645348236, 24.814465024085994 ], [ 67.062964085946007, 24.814570274252002 ], [ 67.062798127778052, 24.814675580864233 ] ] ] } },
{ "type": "Feature", "id": 1451, "properties": { "FID": 1451, "class": "Defence_SpatialJoin", "SolarPV_Area(sqm)": 0.0, "Rooftop_Area(sqm)": 463.14168501699999 }, "geometry": { "type": "Polygon", "coordinates": [ [ [ 67.062820802345655, 24.814695016628477 ], [ 67.06297564325665, 24.814578400932614 ], [ 67.063118821776143, 24.814714452885482 ], [ 67.062956207152254, 24.814850505410153 ], [ 67.062820802345655, 24.814695016628477 ] ] ] } },
{ "type": "Feature", "id": 1452, "properties": { "FID": 1452, "class": "Defence_SpatialJoin", "SolarPV_Area(sqm)": 0.0, "Rooftop_Area(sqm)": 304.51778852400003 }, "geometry": { "type": "Polygon", "coordinates": [ [ [ 67.063066344323772, 24.814965825784004 ], [ 67.062983817846614, 24.814875221842936 ], [ 67.063145383717412, 24.814728057826365 ], [ 67.063227911253833, 24.81481866173424 ], [ 67.063066344323772, 24.814965825784004 ] ] ] } },
{ "type": "Feature", "id": 1453, "properties": { "FID": 1453, "class": "Defence_SpatialJoin", "SolarPV_Area(sqm)": 0.0, "Rooftop_Area(sqm)": 288.365181038 }, "geometry": { "type": "Polygon", "coordinates": [ [ [ 67.063141497059803, 24.815063005890241 ], [ 67.063067227684229, 24.81497102014611 ], [ 67.063234141854522, 24.814836251699628 ], [ 67.063308411328464, 24.81492823737031 ], [ 67.063141497059803, 24.815063005890241 ] ] ] } },
{ "type": "Feature", "id": 1454, "properties": { "FID": 1454, "class": "Defence_SpatialJoin", "SolarPV_Area(sqm)": 0.0, "Rooftop_Area(sqm)": 202.83071846499999 }, "geometry": { "type": "Polygon", "coordinates": [ [ [ 67.063239972657087, 24.815144636638912 ], [ 67.063181368311376, 24.8150717535665 ], [ 67.063330026488217, 24.814952220693979 ], [ 67.063388630903688, 24.815025103714934 ], [ 67.063239972657087, 24.815144636638912 ] ] ] } },
{ "type": "Feature", "id": 1455, "properties": { "FID": 1455, "class": "Defence_SpatialJoin", "SolarPV_Area(sqm)": 0.0, "Rooftop_Area(sqm)": 266.81240150399998 }, "geometry": { "type": "Polygon", "coordinates": [ [ [ 67.063322899841779, 24.81523663419307 ], [ 67.063260132001787, 24.815161418738125 ], [ 67.063444051333292, 24.81500793703951 ], [ 67.063506819258563, 24.815083152424517 ], [ 67.063322899841779, 24.81523663419307 ] ] ] } },
{ "type": "Feature", "id": 1456, "properties": { "FID": 1456, "class": "Defence_SpatialJoin", "SolarPV_Area(sqm)": 111.04026532, "Rooftop_Area(sqm)": 285.11239648100002 }, "geometry": { "type": "Polygon", "coordinates": [ [ [ 67.063425262389345, 24.815338349484151 ], [ 67.063348136592637, 24.815238916341766 ], [ 67.063505598602902, 24.81511677863891 ], [ 67.063582724561499, 24.815216210816931 ], [ 67.063425262389345, 24.815338349484151 ] ] ] } },
{ "type": "Feature", "id": 1457, "properties": { "FID": 1457, "class": "Defence_SpatialJoin", "SolarPV_Area(sqm)": 91.676751250799995, "Rooftop_Area(sqm)": 278.00644548700001 }, "geometry": { "type": "Polygon", "coordinates": [ [ [ 67.06349264138457, 24.81544330405789 ], [ 67.063427251963333, 24.815353790495895 ], [ 67.06360537024554, 24.815223676741461 ], [ 67.063670758856247, 24.815313189292517 ], [ 67.06349264138457, 24.81544330405789 ] ] ] } },
{ "type": "Feature", "id": 1458, "properties": { "FID": 1458, "class": "Defence_SpatialJoin", "SolarPV_Area(sqm)": 0.0, "Rooftop_Area(sqm)": 228.80526173000001 }, "geometry": { "type": "Polygon", "coordinates": [ [ [ 67.063608609309583, 24.815527526574815 ], [ 67.063540385034926, 24.815440892509688 ], [ 67.06368376209727, 24.815327983535731 ], [ 67.063751986453639, 24.815414617543894 ], [ 67.063608609309583, 24.815527526574815 ] ] ] } },
{ "type": "Feature", "id": 1459, "properties": { "FID": 1459, "class": "Defence_SpatialJoin", "SolarPV_Area(sqm)": 0.0, "Rooftop_Area(sqm)": 216.57615280100001 }, "geometry": { "type": "Polygon", "coordinates": [ [ [ 67.063694127447462, 24.815621467280234 ], [ 67.063633389642746, 24.815538524207657 ], [ 67.063782885175684, 24.815429050860629 ], [ 67.063843624047436, 24.815511993935456 ], [ 67.063694127447462, 24.815621467280234 ] ] ] } },
{ "type": "Feature", "id": 1460, "properties": { "FID": 1460, "class": "Defence_SpatialJoin", "SolarPV_Area(sqm)": 0.0, "Rooftop_Area(sqm)": 266.987005055 }, "geometry": { "type": "Polygon", "coordinates": [ [ [ 67.063479036297636, 24.815798334607845 ], [ 67.06341307851082, 24.815714172079748 ], [ 67.063585934386253, 24.815578708287767 ], [ 67.063651891289268, 24.815662870697388 ], [ 67.063479036297636, 24.815798334607845 ] ] ] } },
{ "type": "Feature", "id": 1461, "properties": { "FID": 1461, "class": "Defence_SpatialJoin", "SolarPV_Area(sqm)": 141.01706192200001, "Rooftop_Area(sqm)": 345.94617759699997 }, "geometry": { "type": "Polygon", "coordinates": [ [ [ 67.063399995875159, 24.815708929294647 ], [ 67.063320270284947, 24.815604399429947 ], [ 67.063504302255268, 24.81546403541352 ], [ 67.06358402895593, 24.815568565247087 ], [ 67.063399995875159, 24.815708929294647 ] ] ] } },
{ "type": "Feature", "id": 1462, "properties": { "FID": 1462, "class": "Defence_SpatialJoin", "SolarPV_Area(sqm)": 58.317550816699999, "Rooftop_Area(sqm)": 244.62455108399999 }, "geometry": { "type": "Polygon", "coordinates": [ [ [ 67.063329378465511, 24.815585834571632 ], [ 67.063264705171747, 24.815498787835583 ], [ 67.06342396677455, 24.81538046028351 ], [ 67.063488640164508, 24.815467506962108 ], [ 67.063329378465511, 24.815585834571632 ] ] ] } },
{ "type": "Feature", "id": 1463, "properties": { "FID": 1463, "class": "Defence_SpatialJoin", "SolarPV_Area(sqm)": 0.0, "Rooftop_Area(sqm)": 229.31284365499999 }, "geometry": { "type": "Polygon", "coordinates": [ [ [ 67.063254225657872, 24.815490597557755 ], [ 67.06318426451702, 24.81541197866153 ], [ 67.063327435259396, 24.815284576058311 ], [ 67.063397395426307, 24.815363195733319 ], [ 67.063254225657872, 24.815490597557755 ] ] ] } },
{ "type": "Feature", "id": 1464, "properties": { "FID": 1464, "class": "Defence_SpatialJoin", "SolarPV_Area(sqm)": 0.0, "Rooftop_Area(sqm)": 258.89423236 }, "geometry": { "type": "Polygon", "coordinates": [ [ [ 67.063140849434944, 24.815408319010601 ], [ 67.063072915162266, 24.815324146886628 ], [ 67.063236733956117, 24.81519193084036 ], [ 67.063304667337221, 24.815276102846084 ], [ 67.063140849434944, 24.815408319010601 ] ] ] } },
{ "type": "Feature", "id": 1465, "properties": { "FID": 1465, "class": "Defence_SpatialJoin", "SolarPV_Area(sqm)": 0.0, "Rooftop_Area(sqm)": 252.709428194 }, "geometry": { "type": "Polygon", "coordinates": [ [ [ 67.063050795746761, 24.815311786183067 ], [ 67.062981839273718, 24.815228574520198 ], [ 67.063140201259401, 24.815097342481593 ], [ 67.063209157814384, 24.815180554078623 ], [ 67.063050795746761, 24.815311786183067 ] ] ] } },
{ "type": "Feature", "id": 1466, "properties": { "FID": 1466, "class": "Defence_SpatialJoin", "SolarPV_Area(sqm)": 0.0, "Rooftop_Area(sqm)": 222.41078917199999 }, "geometry": { "type": "Polygon", "coordinates": [ [ [ 67.062960094334159, 24.815214606635468 ], [ 67.062898293948251, 24.815140624753042 ], [ 67.063054035221484, 24.815010528183549 ], [ 67.063115834698351, 24.815084509955273 ], [ 67.062960094334159, 24.815214606635468 ] ] ] } },
{ "type": "Feature", "id": 1467, "properties": { "FID": 1467, "class": "Defence_SpatialJoin", "SolarPV_Area(sqm)": 0.0, "Rooftop_Area(sqm)": 263.1714652 }, "geometry": { "type": "Polygon", "coordinates": [ [ [ 67.062864209597933, 24.815134270983481 ], [ 67.062794143997905, 24.815047349892243 ], [ 67.062955559266342, 24.814917235177798 ], [ 67.063025624899097, 24.815004157096549 ], [ 67.062864209597933, 24.815134270983481 ] ] ] } },
{ "type": "Feature", "id": 1468, "properties": { "FID": 1468, "class": "Defence_SpatialJoin", "SolarPV_Area(sqm)": 194.54023201000001, "Rooftop_Area(sqm)": 427.456394278 }, "geometry": { "type": "Polygon", "coordinates": [ [ [ 67.06278452241321, 24.815014415485894 ], [ 67.062665228572897, 24.814864834624927 ], [ 67.062818858602967, 24.814742310846089 ], [ 67.062938152592523, 24.814891891599405 ], [ 67.06278452241321, 24.815014415485894 ] ] ] } },
{ "type": "Feature", "id": 1469, "properties": { "FID": 1469, "class": "Defence_SpatialJoin", "SolarPV_Area(sqm)": 77.576787937500001, "Rooftop_Area(sqm)": 351.81428411500002 }, "geometry": { "type": "Polygon", "coordinates": [ [ [ 67.06259858443552, 24.814870589291015 ], [ 67.062515638047813, 24.814768889347381 ], [ 67.062698356133026, 24.814619864331707 ], [ 67.062781301658489, 24.814721564132572 ], [ 67.06259858443552, 24.814870589291015 ] ] ] } },
{ "type": "Feature", "id": 1470, "properties": { "FID": 1470, "class": "Defence_SpatialJoin", "SolarPV_Area(sqm)": 156.188640685, "Rooftop_Area(sqm)": 273.16805421100003 }, "geometry": { "type": "Polygon", "coordinates": [ [ [ 67.062508530342328, 24.814755916844209 ], [ 67.062440137579443, 24.814666377262117 ], [ 67.062609598158431, 24.814536937658168 ], [ 67.062677991081443, 24.814626476279823 ], [ 67.062508530342328, 24.814755916844209 ] ] ] } },
{ "type": "Feature", "id": 1471, "properties": { "FID": 1471, "class": "Defence_SpatialJoin", "SolarPV_Area(sqm)": 0.0, "Rooftop_Area(sqm)": 270.92519389799997 }, "geometry": { "type": "Polygon", "coordinates": [ [ [ 67.062424308255643, 24.814655496789211 ], [ 67.062356561195841, 24.814570427137419 ], [ 67.062527967099129, 24.814433926765137 ], [ 67.06259571327378, 24.814518996296446 ], [ 67.062424308255643, 24.814655496789211 ] ] ] } },
{ "type": "Feature", "id": 1472, "properties": { "FID": 1472, "class": "Defence_SpatialJoin", "SolarPV_Area(sqm)": 0.0, "Rooftop_Area(sqm)": 268.91648272899999 }, "geometry": { "type": "Polygon", "coordinates": [ [ [ 67.062317409339329, 24.814568683218976 ], [ 67.062257296080986, 24.814487830295374 ], [ 67.062445687865008, 24.814347759665051 ], [ 67.06250580122898, 24.814428612525436 ], [ 67.062317409339329, 24.814568683218976 ] ] ] } },
{ "type": "Feature", "id": 1473, "properties": { "FID": 1473, "class": "Defence_SpatialJoin", "SolarPV_Area(sqm)": 0.0, "Rooftop_Area(sqm)": 302.47318438999997 }, "geometry": { "type": "Polygon", "coordinates": [ [ [ 67.062229948022718, 24.814479924552771 ], [ 67.062163336873468, 24.814387908732211 ], [ 67.062353042479316, 24.814250580256896 ], [ 67.062419653752201, 24.814342596008331 ], [ 67.062229948022718, 24.814479924552771 ] ] ] } },
{ "type": "Feature", "id": 1474, "properties": { "FID": 1474, "class": "Defence_SpatialJoin", "SolarPV_Area(sqm)": 0.0, "Rooftop_Area(sqm)": 301.12121959199999 }, "geometry": { "type": "Polygon", "coordinates": [ [ [ 67.062130823643912, 24.814387927556357 ], [ 67.062060854565658, 24.814300465775784 ], [ 67.06224549609091, 24.814152752090543 ], [ 67.062315466253651, 24.81424021384743 ], [ 67.062130823643912, 24.814387927556357 ] ] ] } },
{ "type": "Feature", "id": 1475, "properties": { "FID": 1475, "class": "Defence_SpatialJoin", "SolarPV_Area(sqm)": 0.0, "Rooftop_Area(sqm)": 324.71537748600002 }, "geometry": { "type": "Polygon", "coordinates": [ [ [ 67.06202262987911, 24.814301761796582 ], [ 67.061952439444227, 24.814215331062172 ], [ 67.062151555722195, 24.814053628563414 ], [ 67.062221746266673, 24.814140059214694 ], [ 67.06202262987911, 24.814301761796582 ] ] ] } },
{ "type": "Feature", "id": 1476, "properties": { "FID": 1476, "class": "Defence_SpatialJoin", "SolarPV_Area(sqm)": 0.0, "Rooftop_Area(sqm)": 240.39016960800001 }, "geometry": { "type": "Polygon", "coordinates": [ [ [ 67.061970152538649, 24.814179962504252 ], [ 67.061904647550293, 24.814096709695061 ], [ 67.062061502530909, 24.813973292723208 ], [ 67.062127007605241, 24.814056545472635 ], [ 67.061970152538649, 24.814179962504252 ] ] ] } },
{ "type": "Feature", "id": 1477, "properties": { "FID": 1477, "class": "Defence_SpatialJoin", "SolarPV_Area(sqm)": 0.0, "Rooftop_Area(sqm)": 420.75513961600001 }, "geometry": { "type": "Polygon", "coordinates": [ [ [ 67.061896943477038, 24.814066585482596 ], [ 67.06176574671106, 24.813896341632518 ], [ 67.06190212712427, 24.813791242298489 ], [ 67.062033324046254, 24.813961486046008 ], [ 67.061896943477038, 24.814066585482596 ] ] ] } },
{ "type": "Feature", "id": 1478, "properties": { "FID": 1478, "class": "Defence_SpatialJoin", "SolarPV_Area(sqm)": 0.0, "Rooftop_Area(sqm)": 235.44066455199999 }, "geometry": { "type": "Polygon", "coordinates": [ [ [ 67.062726213755852, 24.813825578625675 ], [ 67.062657759735231, 24.813741582521299 ], [ 67.062805902025531, 24.813620852993854 ], [ 67.062874355087743, 24.813704849879866 ], [ 67.062726213755852, 24.813825578625675 ] ] ] } },
{ "type": "Feature", "id": 1479, "properties": { "FID": 1479, "class": "Defence_SpatialJoin", "SolarPV_Area(sqm)": 0.0, "Rooftop_Area(sqm)": 288.52745427899998 }, "geometry": { "type": "Polygon", "coordinates": [ [ [ 67.062604414493194, 24.813739412732289 ], [ 67.062533848817054, 24.81365461273392 ], [ 67.062710665661541, 24.813507476475305 ], [ 67.062781231430463, 24.8135922763982 ], [ 67.062604414493194, 24.813739412732289 ] ] ] } },
{ "type": "Feature", "id": 1480, "properties": { "FID": 1480, "class": "Defence_SpatialJoin", "SolarPV_Area(sqm)": 0.0, "Rooftop_Area(sqm)": 256.20513756100002 }, "geometry": { "type": "Polygon", "coordinates": [ [ [ 67.062524727233665, 24.813629923486886 ], [ 67.062454099639126, 24.813549112257267 ], [ 67.062612189188201, 24.813410943524907 ], [ 67.062682816799366, 24.813491755579207 ], [ 67.062524727233665, 24.813629923486886 ] ] ] } },
{ "type": "Feature", "id": 1481, "properties": { "FID": 1481, "class": "Defence_SpatialJoin", "SolarPV_Area(sqm)": 0.0, "Rooftop_Area(sqm)": 249.58839235900001 }, "geometry": { "type": "Polygon", "coordinates": [ [ [ 67.062428842818761, 24.813549587874057 ], [ 67.062361640833899, 24.813474979135982 ], [ 67.062524079713327, 24.813328664622247 ], [ 67.062591281765108, 24.813403273290778 ], [ 67.062428842818761, 24.813549587874057 ] ] ] } },
{ "type": "Feature", "id": 1482, "properties": { "FID": 1482, "class": "Defence_SpatialJoin", "SolarPV_Area(sqm)": 82.633156595100004, "Rooftop_Area(sqm)": 613.59590668099997 }, "geometry": { "type": "Polygon", "coordinates": [ [ [ 67.062773508008704, 24.813271004829261 ], [ 67.063009582785313, 24.81351228167453 ], [ 67.062895307204727, 24.81362409239529 ], [ 67.062659233536962, 24.81338281542153 ], [ 67.062773508008704, 24.813271004829261 ] ] ] } },
{ "type": "Feature", "id": 1483, "properties": { "FID": 1483, "class": "Defence_SpatialJoin", "SolarPV_Area(sqm)": 72.469026098399993, "Rooftop_Area(sqm)": 624.05484142800003 }, "geometry": { "type": "Polygon", "coordinates": [ [ [ 67.062904377632776, 24.813180302957036 ], [ 67.063177258650569, 24.813447577742181 ], [ 67.063076710295618, 24.813550235770208 ], [ 67.062803829389821, 24.81328296079646 ], [ 67.062904377632776, 24.813180302957036 ] ] ] } },
{ "type": "Feature", "id": 1484, "properties": { "FID": 1484, "class": "Defence_SpatialJoin", "SolarPV_Area(sqm)": 122.54336419099999, "Rooftop_Area(sqm)": 678.83190216599996 }, "geometry": { "type": "Polygon", "coordinates": [ [ [ 67.063022288945859, 24.813059152150768 ], [ 67.063300224563918, 24.813320242701771 ], [ 67.063188791353127, 24.813430380013056 ], [ 67.06291085585427, 24.813169289248687 ], [ 67.063022288945859, 24.813059152150768 ] ] ] } },
{ "type": "Feature", "id": 1485, "properties": { "FID": 1485, "class": "Defence_SpatialJoin", "SolarPV_Area(sqm)": 0.0, "Rooftop_Area(sqm)": 440.69531663200002 }, "geometry": { "type": "Polygon", "coordinates": [ [ [ 67.063015810440049, 24.813038420267663 ], [ 67.062916851799415, 24.813135980937481 ], [ 67.062721031475888, 24.812937352979915 ], [ 67.062819990026355, 24.812839792440574 ], [ 67.063015810440049, 24.813038420267663 ] ] ] } },
{ "type": "Feature", "id": 1486, "properties": { "FID": 1486, "class": "Defence_SpatialJoin", "SolarPV_Area(sqm)": 105.404001388, "Rooftop_Area(sqm)": 365.40656747600002 }, "geometry": { "type": "Polygon", "coordinates": [ [ [ 67.062987978687929, 24.812999210906469 ], [ 67.062827912339984, 24.812834966059711 ], [ 67.062928270871183, 24.812737161571388 ], [ 67.063088336259597, 24.812901407152832 ], [ 67.062987978687929, 24.812999210906469 ] ] ] } },
{ "type": "Feature", "id": 1487, "properties": { "FID": 1487, "class": "Defence_SpatialJoin", "SolarPV_Area(sqm)": 31.809732086, "Rooftop_Area(sqm)": 379.07122789200002 }, "geometry": { "type": "Polygon", "coordinates": [ [ [ 67.063178425159322, 24.812904312125497 ], [ 67.062994090171003, 24.812725280995902 ], [ 67.063084485043419, 24.812632207193921 ], [ 67.063268820097463, 24.812811238208422 ], [ 67.063178425159322, 24.812904312125497 ] ] ] } },
{ "type": "Feature", "id": 1488, "properties": { "FID": 1488, "class": "Defence_SpatialJoin", "SolarPV_Area(sqm)": 270.706312013, "Rooftop_Area(sqm)": 524.44258430699995 }, "geometry": { "type": "Polygon", "coordinates": [ [ [ 67.063403883493621, 24.813166049865899 ], [ 67.063208232299885, 24.81294921480983 ], [ 67.063325491533874, 24.812843412046316 ], [ 67.06352114183025, 24.813060247798209 ], [ 67.063403883493621, 24.813166049865899 ] ] ] } },
{ "type": "Feature", "id": 1489, "properties": { "FID": 1489, "class": "Defence_SpatialJoin", "SolarPV_Area(sqm)": 0.0, "Rooftop_Area(sqm)": 315.239013892 }, "geometry": { "type": "Polygon", "coordinates": [ [ [ 67.063342336032377, 24.813327368707114 ], [ 67.063184183321582, 24.813177343101348 ], [ 67.063271718017049, 24.813085066920078 ], [ 67.063429870777114, 24.813235092428904 ], [ 67.063342336032377, 24.813327368707114 ] ] ] } },
{ "type": "Feature", "id": 1490, "properties": { "FID": 1490, "class": "Defence_SpatialJoin", "SolarPV_Area(sqm)": 0.0, "Rooftop_Area(sqm)": 274.47629107199998 }, "geometry": { "type": "Polygon", "coordinates": [ [ [ 67.063619622973732, 24.813082475204741 ], [ 67.06347974255749, 24.812933134915806 ], [ 67.063565850284931, 24.812852482139245 ], [ 67.063705729729975, 24.813001823191662 ], [ 67.063619622973732, 24.813082475204741 ] ] ] } },
{ "type": "Feature", "id": 1491, "properties": { "FID": 1491, "class": "Defence_SpatialJoin", "SolarPV_Area(sqm)": 0.0, "Rooftop_Area(sqm)": 218.78545340299999 }, "geometry": { "type": "Polygon", "coordinates": [ [ [ 67.063424615025767, 24.812908198472108 ], [ 67.063338342523465, 24.812812213632675 ], [ 67.063449233755122, 24.812712542545739 ], [ 67.063535506259043, 24.812808528218753 ], [ 67.063424615025767, 24.812908198472108 ] ] ] } },
{ "type": "Feature", "id": 1492, "properties": { "FID": 1492, "class": "Defence_SpatialJoin", "SolarPV_Area(sqm)": 0.0, "Rooftop_Area(sqm)": 627.43342080100001 }, "geometry": { "type": "Polygon", "coordinates": [ [ [ 67.063309942357236, 24.812815554229331 ], [ 67.063061201739501, 24.812552142310086 ], [ 67.063171947169636, 24.81244756507699 ], [ 67.063420687934922, 24.812710976815538 ], [ 67.063309942357236, 24.812815554229331 ] ] ] } },
{ "type": "Feature", "id": 1493, "properties": { "FID": 1493, "class": "Defence_SpatialJoin", "SolarPV_Area(sqm)": 0.0, "Rooftop_Area(sqm)": 943.66746612700001 }, "geometry": { "type": "Polygon", "coordinates": [ [ [ 67.063955380391064, 24.812740644124673 ], [ 67.063758365971566, 24.812556309190565 ], [ 67.063968540451754, 24.81233167827472 ], [ 67.064165554951984, 24.812516013811038 ], [ 67.063955380391064, 24.812740644124673 ] ] ] } },
{ "type": "Feature", "id": 1494, "properties": { "FID": 1494, "class": "Defence_SpatialJoin", "SolarPV_Area(sqm)": 0.0, "Rooftop_Area(sqm)": 186.96352306 }, "geometry": { "type": "Polygon", "coordinates": [ [ [ 67.062906320956955, 24.814110640853475 ], [ 67.062819836119758, 24.814000297680078 ], [ 67.062912151972711, 24.81392794242263 ], [ 67.062998636934608, 24.814038284655275 ], [ 67.062906320956955, 24.814110640853475 ] ] ] } },
{ "type": "Feature", "id": 1495, "properties": { "FID": 1495, "class": "Defence_SpatialJoin", "SolarPV_Area(sqm)": 58.469765341299997, "Rooftop_Area(sqm)": 318.02583857600001 }, "geometry": { "type": "Polygon", "coordinates": [ [ [ 67.06301775425672, 24.813795129150847 ], [ 67.06315186255695, 24.813926646032641 ], [ 67.063033951084165, 24.814026418284307 ], [ 67.06290826448955, 24.813902027614944 ], [ 67.06301775425672, 24.813795129150847 ] ] ] } },
{ "type": "Feature", "id": 1496, "properties": { "FID": 1496, "class": "Defence_SpatialJoin", "SolarPV_Area(sqm)": 247.42558174000001, "Rooftop_Area(sqm)": 750.70651428999997 }, "geometry": { "type": "Polygon", "coordinates": [ [ [ 67.063440164145604, 24.81396746226384 ], [ 67.063321039447118, 24.814080255598324 ], [ 67.0630443166432, 24.813788002663614 ], [ 67.063163441223949, 24.813675208651297 ], [ 67.063440164145604, 24.81396746226384 ] ] ] } },
{ "type": "Feature", "id": 1497, "properties": { "FID": 1497, "class": "Defence_SpatialJoin", "SolarPV_Area(sqm)": 0.0, "Rooftop_Area(sqm)": 234.179247301 }, "geometry": { "type": "Polygon", "coordinates": [ [ [ 67.063124652001079, 24.814204581116414 ], [ 67.063036501233, 24.814089404844271 ], [ 67.063149271254218, 24.814003094299835 ], [ 67.063237423090101, 24.814118270567601 ], [ 67.063124652001079, 24.814204581116414 ] ] ] } },
{ "type": "Feature", "id": 1498, "properties": { "FID": 1498, "class": "Defence_SpatialJoin", "SolarPV_Area(sqm)": 230.40968411, "Rooftop_Area(sqm)": 775.123373689 }, "geometry": { "type": "Polygon", "coordinates": [ [ [ 67.063444699134536, 24.813997911744266 ], [ 67.063627304118, 24.814188731595209 ], [ 67.063440811405087, 24.814367195697265 ], [ 67.063258206539274, 24.814176376515547 ], [ 67.063444699134536, 24.813997911744266 ] ] ] } },
{ "type": "Feature", "id": 1499, "properties": { "FID": 1499, "class": "Defence_SpatialJoin", "SolarPV_Area(sqm)": 179.720965401, "Rooftop_Area(sqm)": 427.97028512999998 }, "geometry": { "type": "Polygon", "coordinates": [ [ [ 67.063764097935504, 24.814097035024385 ], [ 67.063666418131646, 24.814191402933211 ], [ 67.063473853197237, 24.81399208047381 ], [ 67.063571531870039, 24.813897713532214 ], [ 67.063764097935504, 24.814097035024385 ] ] ] } },
{ "type": "Feature", "id": 1500, "properties": { "FID": 1500, "class": "Defence_SpatialJoin", "SolarPV_Area(sqm)": 0.0, "Rooftop_Area(sqm)": 315.75954290599998 }, "geometry": { "type": "Polygon", "coordinates": [ [ [ 67.063730407977545, 24.813813917637795 ], [ 67.063891597267016, 24.813983522616844 ], [ 67.063805560832307, 24.814065289506683 ], [ 67.063644371558311, 24.813895685330756 ], [ 67.063730407977545, 24.813813917637795 ] ] ] } },
{ "type": "Feature", "id": 1501, "properties": { "FID": 1501, "class": "Defence_SpatialJoin", "SolarPV_Area(sqm)": 73.192068096200003, "Rooftop_Area(sqm)": 523.56278258199995 }, "geometry": { "type": "Polygon", "coordinates": [ [ [ 67.063840545474704, 24.813681104343431 ], [ 67.064066611344515, 24.813920811608916 ], [ 67.063964936532898, 24.814016699532065 ], [ 67.063738870729352, 24.813776993010368 ], [ 67.063840545474704, 24.813681104343431 ] ] ] } },
{ "type": "Feature", "id": 1502, "properties": { "FID": 1502, "class": "Defence_SpatialJoin", "SolarPV_Area(sqm)": 0.0, "Rooftop_Area(sqm)": 352.12206440800003 }, "geometry": { "type": "Polygon", "coordinates": [ [ [ 67.064006399921212, 24.813587811756047 ], [ 67.064178569117715, 24.813765872987577 ], [ 67.064088678648574, 24.813852789714474 ], [ 67.063916509528966, 24.813674728379937 ], [ 67.064006399921212, 24.813587811756047 ] ] ] } },
{ "type": "Feature", "id": 1503, "properties": { "FID": 1503, "class": "Defence_SpatialJoin", "SolarPV_Area(sqm)": 158.35248418699999, "Rooftop_Area(sqm)": 835.56647995799995 }, "geometry": { "type": "Polygon", "coordinates": [ [ [ 67.063810095815867, 24.813139487608275 ], [ 67.064092153307769, 24.813446544728436 ], [ 67.063962344662983, 24.813565784062952 ], [ 67.063680288363656, 24.81325872675902 ], [ 67.063810095815867, 24.813139487608275 ] ] ] } },
{ "type": "Feature", "id": 1504, "properties": { "FID": 1504, "class": "Defence_SpatialJoin", "SolarPV_Area(sqm)": 99.398783074400001, "Rooftop_Area(sqm)": 511.91607921100001 }, "geometry": { "type": "Polygon", "coordinates": [ [ [ 67.064270081924178, 24.813360410594907 ], [ 67.064492735232506, 24.813599488945769 ], [ 67.064391881071032, 24.813693414279651 ], [ 67.064169227888044, 24.813454335782737 ], [ 67.064270081924178, 24.813360410594907 ] ] ] } },
{ "type": "Feature", "id": 1505, "properties": { "FID": 1505, "class": "Defence_SpatialJoin", "SolarPV_Area(sqm)": 155.54080126, "Rooftop_Area(sqm)": 488.85387747700003 }, "geometry": { "type": "Polygon", "coordinates": [ [ [ 67.064430105042263, 24.813285257803422 ], [ 67.064617994676482, 24.813489269285203 ], [ 67.064503961803396, 24.813594290533299 ], [ 67.064316072292669, 24.813390278913147 ], [ 67.064430105042263, 24.813285257803422 ] ] ] } },
{ "type": "Feature", "id": 1506, "properties": { "FID": 1506, "class": "Defence_SpatialJoin", "SolarPV_Area(sqm)": 0.0, "Rooftop_Area(sqm)": 273.48763159200001 }, "geometry": { "type": "Polygon", "coordinates": [ [ [ 67.064699592056527, 24.813287797743012 ], [ 67.064810930342759, 24.813398400832909 ], [ 67.064702908520132, 24.813507139407449 ], [ 67.064591571265737, 24.813396536287897 ], [ 67.064699592056527, 24.813287797743012 ] ] ] } },
{ "type": "Feature", "id": 1507, "properties": { "FID": 1507, "class": "Defence_SpatialJoin", "SolarPV_Area(sqm)": 0.0, "Rooftop_Area(sqm)": 711.41159987200001 }, "geometry": { "type": "Polygon", "coordinates": [ [ [ 67.06456151811166, 24.813372797269864 ], [ 67.064443063426282, 24.813243836112704 ], [ 67.064706226133254, 24.813002113364242 ], [ 67.064824680942337, 24.813131075214827 ], [ 67.06456151811166, 24.813372797269864 ] ] ] } },
{ "type": "Feature", "id": 1508, "properties": { "FID": 1508, "class": "Defence_SpatialJoin", "SolarPV_Area(sqm)": 0.0, "Rooftop_Area(sqm)": 301.00717282900001 }, "geometry": { "type": "Polygon", "coordinates": [ [ [ 67.064723588483645, 24.813274892176924 ], [ 67.064835553774017, 24.813169243305527 ], [ 67.064953581841124, 24.813294327537069 ], [ 67.064841617459777, 24.813399976547444 ], [ 67.064723588483645, 24.813274892176924 ] ] ] } },
{ "type": "Feature", "id": 1509, "properties": { "FID": 1509, "class": "Defence_SpatialJoin", "SolarPV_Area(sqm)": 0.0, "Rooftop_Area(sqm)": 224.61820355699999 }, "geometry": { "type": "Polygon", "coordinates": [ [ [ 67.064019356953594, 24.815282632701987 ], [ 67.063907987330936, 24.815170656622357 ], [ 67.063996682092167, 24.815082441382895 ], [ 67.064108051759348, 24.815194417395649 ], [ 67.064019356953594, 24.815282632701987 ] ] ] } },
{ "type": "Feature", "id": 1510, "properties": { "FID": 1510, "class": "Defence_SpatialJoin", "SolarPV_Area(sqm)": 77.734437373099993, "Rooftop_Area(sqm)": 307.924521502 }, "geometry": { "type": "Polygon", "coordinates": [ [ [ 67.064126903614437, 24.814958051128389 ], [ 67.064251220120539, 24.815075793814469 ], [ 67.06414245170123, 24.815190635165305 ], [ 67.06401813524289, 24.815072892384435 ], [ 67.064126903614437, 24.814958051128389 ] ] ] } },
{ "type": "Feature", "id": 1511, "properties": { "FID": 1511, "class": "Defence_SpatialJoin", "SolarPV_Area(sqm)": 0.0, "Rooftop_Area(sqm)": 360.92526536100002 }, "geometry": { "type": "Polygon", "coordinates": [ [ [ 67.063924120689478, 24.815083736867027 ], [ 67.06383382988021, 24.814964817903597 ], [ 67.064003160104335, 24.814836251746449 ], [ 67.064093450993397, 24.814955171517646 ], [ 67.063924120689478, 24.815083736867027 ] ] ] } },
{ "type": "Feature", "id": 1512, "properties": { "FID": 1512, "class": "Defence_SpatialJoin", "SolarPV_Area(sqm)": 0.0, "Rooftop_Area(sqm)": 524.47825349799996 }, "geometry": { "type": "Polygon", "coordinates": [ [ [ 67.064267489884102, 24.815058470215785 ], [ 67.064034488805163, 24.814814877761787 ], [ 67.064133382217634, 24.814720283655998 ], [ 67.064366383357793, 24.814963876852083 ], [ 67.064267489884102, 24.815058470215785 ] ] ] } },
{ "type": "Feature", "id": 1513, "properties": { "FID": 1513, "class": "Defence_SpatialJoin", "SolarPV_Area(sqm)": 110.89593058299999, "Rooftop_Area(sqm)": 357.64758001600001 }, "geometry": { "type": "Polygon", "coordinates": [ [ [ 67.064251941927992, 24.814606259485288 ], [ 67.064430210452201, 24.814781495354964 ], [ 67.064341994612846, 24.814871237162127 ], [ 67.064163726211092, 24.81469600029012 ], [ 67.064251941927992, 24.814606259485288 ] ] ] } },
{ "type": "Feature", "id": 1514, "properties": { "FID": 1514, "class": "Defence_SpatialJoin", "SolarPV_Area(sqm)": 0.0, "Rooftop_Area(sqm)": 435.67012219100002 }, "geometry": { "type": "Polygon", "coordinates": [ [ [ 67.064579114992313, 24.814682059334924 ], [ 67.064479281987801, 24.814772877200433 ], [ 67.064288221972021, 24.81456285221514 ], [ 67.064388054862718, 24.814472034471891 ], [ 67.064579114992313, 24.814682059334924 ] ] ] } },
{ "type": "Feature", "id": 1515, "properties": { "FID": 1515, "class": "Defence_SpatialJoin", "SolarPV_Area(sqm)": 127.081721618, "Rooftop_Area(sqm)": 498.264340817 }, "geometry": { "type": "Polygon", "coordinates": [ [ [ 67.06470804004104, 24.814561556241244 ], [ 67.064588055715589, 24.814671440896909 ], [ 67.064406133732717, 24.814472798836288 ], [ 67.064526117987697, 24.814362913426681 ], [ 67.06470804004104, 24.814561556241244 ] ] ] } },
{ "type": "Feature", "id": 1516, "properties": { "FID": 1516, "class": "Defence_SpatialJoin", "SolarPV_Area(sqm)": 389.18406783699999, "Rooftop_Area(sqm)": 1014.65601141 }, "geometry": { "type": "Polygon", "coordinates": [ [ [ 67.06479874131459, 24.814152104482179 ], [ 67.064994977296806, 24.814344087102253 ], [ 67.064767643980161, 24.814576456777402 ], [ 67.064571408179162, 24.81438447385047 ], [ 67.06479874131459, 24.814152104482179 ] ] ] } },
{ "type": "Feature", "id": 1517, "properties": { "FID": 1517, "class": "Defence_SpatialJoin", "SolarPV_Area(sqm)": 0.0, "Rooftop_Area(sqm)": 552.91448496800001 }, "geometry": { "type": "Polygon", "coordinates": [ [ [ 67.065168026101162, 24.814305000780283 ], [ 67.065060949394621, 24.814399350027713 ], [ 67.064835669625538, 24.814143681404449 ], [ 67.064942747155555, 24.814049332360831 ], [ 67.065168026101162, 24.814305000780283 ] ] ] } },
{ "type": "Feature", "id": 1518, "properties": { "FID": 1518, "class": "Defence_SpatialJoin", "SolarPV_Area(sqm)": 79.384565382600002, "Rooftop_Area(sqm)": 491.47279697099998 }, "geometry": { "type": "Polygon", "coordinates": [ [ [ 67.065281403092229, 24.814191624113278 ], [ 67.065179651923373, 24.814278723265303 ], [ 67.064969778197238, 24.814033544470099 ], [ 67.065071530197315, 24.813946445502022 ], [ 67.065281403092229, 24.814191624113278 ] ] ] } },
{ "type": "Feature", "id": 1519, "properties": { "FID": 1519, "class": "Defence_SpatialJoin", "SolarPV_Area(sqm)": 47.252712067899999, "Rooftop_Area(sqm)": 410.35757078900002 }, "geometry": { "type": "Polygon", "coordinates": [ [ [ 67.065523057066628, 24.814050388772966 ], [ 67.065383159116593, 24.814187326390531 ], [ 67.065254192007785, 24.814055572183733 ], [ 67.065394090909081, 24.813918633845006 ], [ 67.065523057066628, 24.814050388772966 ] ] ] } },
{ "type": "Feature", "id": 1520, "properties": { "FID": 1520, "class": "Defence_SpatialJoin", "SolarPV_Area(sqm)": 0.0, "Rooftop_Area(sqm)": 360.10199372800002 }, "geometry": { "type": "Polygon", "coordinates": [ [ [ 67.064098785983987, 24.81466936148016 ], [ 67.063990868807068, 24.814768797667696 ], [ 67.063844614565781, 24.814610068221363 ], [ 67.063952531594509, 24.814510633030253 ], [ 67.064098785983987, 24.81466936148016 ] ] ] } },
{ "type": "Feature", "id": 1521, "properties": { "FID": 1521, "class": "Defence_SpatialJoin", "SolarPV_Area(sqm)": 0.0, "Rooftop_Area(sqm)": 514.257275101 }, "geometry": { "type": "Polygon", "coordinates": [ [ [ 67.06421322493668, 24.814576897934234 ], [ 67.064110937457102, 24.814670491455356 ], [ 67.063893541315949, 24.814427214455272 ], [ 67.06399582865896, 24.814333621076031 ], [ 67.06421322493668, 24.814576897934234 ] ] ] } },
{ "type": "Feature", "id": 1522, "properties": { "FID": 1522, "class": "Defence_SpatialJoin", "SolarPV_Area(sqm)": 0.0, "Rooftop_Area(sqm)": 1604.1602309800001 }, "geometry": { "type": "Polygon", "coordinates": [ [ [ 67.064781410833959, 24.814134571648729 ], [ 67.064567311461317, 24.814348670794633 ], [ 67.0642378101182, 24.814019170186867 ], [ 67.064451910273689, 24.813805069783459 ], [ 67.064781410833959, 24.814134571648729 ] ] ] } },
{ "type": "Feature", "id": 1523, "properties": { "FID": 1523, "class": "Defence_SpatialJoin", "SolarPV_Area(sqm)": 0.0, "Rooftop_Area(sqm)": 1028.4748533 }, "geometry": { "type": "Polygon", "coordinates": [ [ [ 67.065038533467344, 24.813924014097417 ], [ 67.064825235223253, 24.814128650170545 ], [ 67.064613370286011, 24.8139078172652 ], [ 67.064826668299816, 24.813703181491412 ], [ 67.065038533467344, 24.813924014097417 ] ] ] } },
{ "type": "Feature", "id": 1524, "properties": { "FID": 1524, "class": "Defence_SpatialJoin", "SolarPV_Area(sqm)": 157.995609449, "Rooftop_Area(sqm)": 734.27158598599999 }, "geometry": { "type": "Polygon", "coordinates": [ [ [ 67.065290594695341, 24.813703334654015 ], [ 67.065079066097582, 24.813894595963898 ], [ 67.064927181212042, 24.813726616986049 ], [ 67.065138708634976, 24.813535355828979 ], [ 67.065290594695341, 24.813703334654015 ] ] ] } },
{ "type": "Feature", "id": 1525, "properties": { "FID": 1525, "class": "Defence_SpatialJoin", "SolarPV_Area(sqm)": 0.0, "Rooftop_Area(sqm)": 237.332368282 }, "geometry": { "type": "Polygon", "coordinates": [ [ [ 67.064161239810048, 24.811768599981352 ], [ 67.064093540223823, 24.81168454796272 ], [ 67.064244166658966, 24.81156322639875 ], [ 67.064311866326548, 24.811647278357079 ], [ 67.064161239810048, 24.811768599981352 ] ] ] } },
{ "type": "Feature", "id": 1526, "properties": { "FID": 1526, "class": "Defence_SpatialJoin", "SolarPV_Area(sqm)": 0.0, "Rooftop_Area(sqm)": 246.97388466500001 }, "geometry": { "type": "Polygon", "coordinates": [ [ [ 67.064255828878416, 24.811859301398776 ], [ 67.064190549747792, 24.81178309449351 ], [ 67.064354952022214, 24.811642266075392 ], [ 67.064420232150127, 24.811718473861255 ], [ 67.064255828878416, 24.811859301398776 ] ] ] } },
{ "type": "Feature", "id": 1527, "properties": { "FID": 1527, "class": "Defence_SpatialJoin", "SolarPV_Area(sqm)": 0.0, "Rooftop_Area(sqm)": 261.83751744099999 }, "geometry": { "type": "Polygon", "coordinates": [ [ [ 67.064342642676237, 24.811948059163107 ], [ 67.064277977407656, 24.811872981805447 ], [ 67.064454076362836, 24.811721305925143 ], [ 67.064518741709563, 24.811796383212339 ], [ 67.064342642676237, 24.811948059163107 ] ] ] } },
{ "type": "Feature", "id": 1528, "properties": { "FID": 1528, "class": "Defence_SpatialJoin", "SolarPV_Area(sqm)": 24.202362884399999, "Rooftop_Area(sqm)": 257.67257479199998 }, "geometry": { "type": "Polygon", "coordinates": [ [ [ 67.064436584005236, 24.812047183120441 ], [ 67.064354088876584, 24.811957780019487 ], [ 67.064491005021637, 24.811831443242855 ], [ 67.064573500157707, 24.811920847165219 ], [ 67.064436584005236, 24.812047183120441 ] ] ] } },
{ "type": "Feature", "id": 1529, "properties": { "FID": 1529, "class": "Defence_SpatialJoin", "SolarPV_Area(sqm)": 0.0, "Rooftop_Area(sqm)": 226.30230518100001 }, "geometry": { "type": "Polygon", "coordinates": [ [ [ 67.064518862535905, 24.812145659180761 ], [ 67.064452161661706, 24.812064536170748 ], [ 67.064598550841453, 24.811944172711588 ], [ 67.064665251847501, 24.812025294768585 ], [ 67.064518862535905, 24.812145659180761 ] ] ] } },
{ "type": "Feature", "id": 1530, "properties": { "FID": 1530, "class": "Defence_SpatialJoin", "SolarPV_Area(sqm)": 106.04868394099999, "Rooftop_Area(sqm)": 282.21755298599999 }, "geometry": { "type": "Polygon", "coordinates": [ [ [ 67.064595311670402, 24.812253852685981 ], [ 67.064523523898089, 24.812166517486418 ], [ 67.06469313915764, 24.812027099702071 ], [ 67.064764926042983, 24.812114434776298 ], [ 67.064595311670402, 24.812253852685981 ] ] ] } },
{ "type": "Feature", "id": 1531, "properties": { "FID": 1531, "class": "Defence_SpatialJoin", "SolarPV_Area(sqm)": 0.0, "Rooftop_Area(sqm)": 263.15361868899998 }, "geometry": { "type": "Polygon", "coordinates": [ [ [ 67.064692490852778, 24.812340666945147 ], [ 67.064621495592789, 24.812255677981714 ], [ 67.064781897413042, 24.812121688094233 ], [ 67.064852892699648, 24.812206677883058 ], [ 67.064692490852778, 24.812340666945147 ] ] ] } },
{ "type": "Feature", "id": 1532, "properties": { "FID": 1532, "class": "Defence_SpatialJoin", "SolarPV_Area(sqm)": 40.222471169800002, "Rooftop_Area(sqm)": 416.80035265700002 }, "geometry": { "type": "Polygon", "coordinates": [ [ [ 67.064808459245128, 24.812462465749736 ], [ 67.064928379280005, 24.812340880758974 ], [ 67.065081211516329, 24.812491620400699 ], [ 67.064961292384538, 24.812613205569242 ], [ 67.064808459245128, 24.812462465749736 ] ] ] } },
{ "type": "Feature", "id": 1533, "properties": { "FID": 1533, "class": "Defence_SpatialJoin", "SolarPV_Area(sqm)": 0.0, "Rooftop_Area(sqm)": 226.93860896699999 }, "geometry": { "type": "Polygon", "coordinates": [ [ [ 67.065056592919845, 24.812697642413692 ], [ 67.06498858220894, 24.81261262890072 ], [ 67.065131745316293, 24.812498098781859 ], [ 67.065199755183301, 24.812583111290753 ], [ 67.065056592919845, 24.812697642413692 ] ] ] } },
{ "type": "Feature", "id": 1534, "properties": { "FID": 1534, "class": "Defence_SpatialJoin", "SolarPV_Area(sqm)": 0.0, "Rooftop_Area(sqm)": 227.22934246599999 }, "geometry": { "type": "Polygon", "coordinates": [ [ [ 67.065141463333532, 24.812793526482306 ], [ 67.065071408087007, 24.812704740204563 ], [ 67.065210137064852, 24.812595279321844 ], [ 67.065280192392237, 24.812684065542939 ], [ 67.065141463333532, 24.812793526482306 ] ] ] } },
{ "type": "Feature", "id": 1535, "properties": { "FID": 1535, "class": "Defence_SpatialJoin", "SolarPV_Area(sqm)": 61.001382683000003, "Rooftop_Area(sqm)": 311.41405365200001 }, "geometry": { "type": "Polygon", "coordinates": [ [ [ 67.065142111088988, 24.812820088655929 ], [ 67.065318107907018, 24.81266290100654 ], [ 67.06539542760062, 24.812749471378122 ], [ 67.065219429660019, 24.812906659955853 ], [ 67.065142111088988, 24.812820088655929 ] ] ] } },
{ "type": "Feature", "id": 1536, "properties": { "FID": 1536, "class": "Defence_SpatialJoin", "SolarPV_Area(sqm)": 0.0, "Rooftop_Area(sqm)": 254.73381185 }, "geometry": { "type": "Polygon", "coordinates": [ [ [ 67.065331288515054, 24.812978168153599 ], [ 67.06526106826604, 24.812892382447675 ], [ 67.065417454958578, 24.812764372089759 ], [ 67.065487675234905, 24.812850158624457 ], [ 67.065331288515054, 24.812978168153599 ] ] ] } },
{ "type": "Feature", "id": 1537, "properties": { "FID": 1537, "class": "Defence_SpatialJoin", "SolarPV_Area(sqm)": 0.0, "Rooftop_Area(sqm)": 277.13259981099998 }, "geometry": { "type": "Polygon", "coordinates": [ [ [ 67.065411623683673, 24.813081179430704 ], [ 67.065339402131585, 24.812995042767245 ], [ 67.06550556437368, 24.812855721517675 ], [ 67.065577786993416, 24.812941858160499 ], [ 67.065411623683673, 24.813081179430704 ] ] ] } },
{ "type": "Feature", "id": 1538, "properties": { "FID": 1538, "class": "Defence_SpatialJoin", "SolarPV_Area(sqm)": 0.0, "Rooftop_Area(sqm)": 236.04872159199999 }, "geometry": { "type": "Polygon", "coordinates": [ [ [ 67.065488720216564, 24.813160219492641 ], [ 67.065429654244639, 24.813087052349616 ], [ 67.06560144867035, 24.812948366466273 ], [ 67.065660514722822, 24.813021533549186 ], [ 67.065488720216564, 24.813160219492641 ] ] ] } },
{ "type": "Feature", "id": 1539, "properties": { "FID": 1539, "class": "Defence_SpatialJoin", "SolarPV_Area(sqm)": 120.96901453700001, "Rooftop_Area(sqm)": 453.062401282 }, "geometry": { "type": "Polygon", "coordinates": [ [ [ 67.065665588387759, 24.813346805141443 ], [ 67.065537670714221, 24.813193187534118 ], [ 67.065690854418335, 24.813065630552906 ], [ 67.065818772179995, 24.813219248936122 ], [ 67.065665588387759, 24.813346805141443 ] ] ] } },
{ "type": "Feature", "id": 1540, "properties": { "FID": 1540, "class": "Defence_SpatialJoin", "SolarPV_Area(sqm)": 0.0, "Rooftop_Area(sqm)": 462.97063060800002 }, "geometry": { "type": "Polygon", "coordinates": [ [ [ 67.06583986460474, 24.813517194103667 ], [ 67.065704069031156, 24.813369453784031 ], [ 67.06585346936987, 24.813232132606178 ], [ 67.065989265061049, 24.813379872794936 ], [ 67.06583986460474, 24.813517194103667 ] ] ] } },
{ "type": "Feature", "id": 1541, "properties": { "FID": 1541, "class": "Defence_SpatialJoin", "SolarPV_Area(sqm)": 43.940995745099997, "Rooftop_Area(sqm)": 308.016805186 }, "geometry": { "type": "Polygon", "coordinates": [ [ [ 67.065744627330304, 24.813780876086589 ], [ 67.06590696244406, 24.813640618683891 ], [ 67.065989521728952, 24.813736173605026 ], [ 67.065827186581231, 24.813876430196366 ], [ 67.065744627330304, 24.813780876086589 ] ] ] } },
{ "type": "Feature", "id": 1542, "properties": { "FID": 1542, "class": "Defence_SpatialJoin", "SolarPV_Area(sqm)": 0.0, "Rooftop_Area(sqm)": 248.26493504699999 }, "geometry": { "type": "Polygon", "coordinates": [ [ [ 67.065666235593895, 24.813692118696977 ], [ 67.065832157203005, 24.813544260698261 ], [ 67.065897524717343, 24.813617613416426 ], [ 67.065731603039865, 24.813765471483748 ], [ 67.065666235593895, 24.813692118696977 ] ] ] } },
{ "type": "Feature", "id": 1543, "properties": { "FID": 1543, "class": "Defence_SpatialJoin", "SolarPV_Area(sqm)": 0.0, "Rooftop_Area(sqm)": 254.52050512599999 }, "geometry": { "type": "Polygon", "coordinates": [ [ [ 67.065578126364542, 24.813601417228014 ], [ 67.065739715797918, 24.813463571286587 ], [ 67.065808118484725, 24.813543756343453 ], [ 67.065646528973744, 24.813681602352851 ], [ 67.065578126364542, 24.813601417228014 ] ] ] } },
{ "type": "Feature", "id": 1544, "properties": { "FID": 1544, "class": "Defence_SpatialJoin", "SolarPV_Area(sqm)": 75.297271687299997, "Rooftop_Area(sqm)": 307.82633306100001 }, "geometry": { "type": "Polygon", "coordinates": [ [ [ 67.065464100804178, 24.813518490196504 ], [ 67.065640797849966, 24.81336331056594 ], [ 67.065716769205451, 24.813449816095638 ], [ 67.065540073051807, 24.813604995862654 ], [ 67.065464100804178, 24.813518490196504 ] ] ] } },
{ "type": "Feature", "id": 1545, "properties": { "FID": 1545, "class": "Defence_SpatialJoin", "SolarPV_Area(sqm)": 63.455321372900002, "Rooftop_Area(sqm)": 300.97269193900001 }, "geometry": { "type": "Polygon", "coordinates": [ [ [ 67.065375343858804, 24.81342195797993 ], [ 67.065562662441408, 24.813275360272083 ], [ 67.065631250789608, 24.813363001895024 ], [ 67.065443932155659, 24.813509598782886 ], [ 67.065375343858804, 24.81342195797993 ] ] ] } },
{ "type": "Feature", "id": 1546, "properties": { "FID": 1546, "class": "Defence_SpatialJoin", "SolarPV_Area(sqm)": 0.0, "Rooftop_Area(sqm)": 320.06009773400001 }, "geometry": { "type": "Polygon", "coordinates": [ [ [ 67.065271684569126, 24.813342917663398 ], [ 67.065477890428468, 24.813178483542767 ], [ 67.065544436431921, 24.813261934281282 ], [ 67.065338230460839, 24.813426368482521 ], [ 67.065271684569126, 24.813342917663398 ] ] ] } },
{ "type": "Feature", "id": 1547, "properties": { "FID": 1547, "class": "Defence_SpatialJoin", "SolarPV_Area(sqm)": 0.0, "Rooftop_Area(sqm)": 386.42834588599999 }, "geometry": { "type": "Polygon", "coordinates": [ [ [ 67.065088337899098, 24.81314790998524 ], [ 67.065301592080218, 24.812978350717771 ], [ 67.065379230647949, 24.813075996340164 ], [ 67.065165977311167, 24.813245555757 ], [ 67.065088337899098, 24.81314790998524 ] ] ] } },
{ "type": "Feature", "id": 1548, "properties": { "FID": 1548, "class": "Defence_SpatialJoin", "SolarPV_Area(sqm)": 0.0, "Rooftop_Area(sqm)": 320.97440362600003 }, "geometry": { "type": "Polygon", "coordinates": [ [ [ 67.064994397904954, 24.813066926633994 ], [ 67.065200353603544, 24.812894853428919 ], [ 67.065267797796452, 24.812975577091816 ], [ 67.065061841015563, 24.813147650328805 ], [ 67.064994397904954, 24.813066926633994 ] ] ] } },
{ "type": "Feature", "id": 1549, "properties": { "FID": 1549, "class": "Defence_SpatialJoin", "SolarPV_Area(sqm)": 0.0, "Rooftop_Area(sqm)": 313.62220664099999 }, "geometry": { "type": "Polygon", "coordinates": [ [ [ 67.06491341429107, 24.812974928868989 ], [ 67.065115860015212, 24.812805423711861 ], [ 67.065182927180331, 24.812885523241111 ], [ 67.064980480319335, 24.813055029322811 ], [ 67.06491341429107, 24.812974928868989 ] ] ] } },
{ "type": "Feature", "id": 1550, "properties": { "FID": 1550, "class": "Defence_SpatialJoin", "SolarPV_Area(sqm)": 88.903452044100007, "Rooftop_Area(sqm)": 322.20854947200002 }, "geometry": { "type": "Polygon", "coordinates": [ [ [ 67.064834374182539, 24.812873214347682 ], [ 67.065034126791772, 24.812714382241566 ], [ 67.065103238743404, 24.812801300718895 ], [ 67.064903486078421, 24.812960132011476 ], [ 67.064834374182539, 24.812873214347682 ] ] ] } },
{ "type": "Feature", "id": 1551, "properties": { "FID": 1551, "class": "Defence_SpatialJoin", "SolarPV_Area(sqm)": 109.85586925299999, "Rooftop_Area(sqm)": 348.05760062600001 }, "geometry": { "type": "Polygon", "coordinates": [ [ [ 67.06474496886166, 24.812774738324826 ], [ 67.064938373280981, 24.812618203360866 ], [ 67.065015777358582, 24.812713838705399 ], [ 67.064822372821084, 24.812870373758191 ], [ 67.06474496886166, 24.812774738324826 ] ] ] } },
{ "type": "Feature", "id": 1552, "properties": { "FID": 1552, "class": "Defence_SpatialJoin", "SolarPV_Area(sqm)": 39.288679554700003, "Rooftop_Area(sqm)": 295.28719728300001 }, "geometry": { "type": "Polygon", "coordinates": [ [ [ 67.064658802020901, 24.81269245925656 ], [ 67.064852091224537, 24.81253425338058 ], [ 67.064917949009555, 24.812614714709934 ], [ 67.064724659707778, 24.812772920662042 ], [ 67.064658802020901, 24.81269245925656 ] ] ] } },
{ "type": "Feature", "id": 1553, "properties": { "FID": 1553, "class": "Defence_SpatialJoin", "SolarPV_Area(sqm)": 0.0, "Rooftop_Area(sqm)": 349.31957029799997 }, "geometry": { "type": "Polygon", "coordinates": [ [ [ 67.064553847291506, 24.81259787019837 ], [ 67.064769594478619, 24.812433329023783 ], [ 67.064838261390747, 24.812523365962576 ], [ 67.064622515109178, 24.812687906379331 ], [ 67.064553847291506, 24.81259787019837 ] ] ] } },
{ "type": "Feature", "id": 1554, "properties": { "FID": 1554, "class": "Defence_SpatialJoin", "SolarPV_Area(sqm)": 80.108022069200004, "Rooftop_Area(sqm)": 337.74070347100002 }, "geometry": { "type": "Polygon", "coordinates": [ [ [ 67.064480639076876, 24.812512351933808 ], [ 67.064691583632694, 24.812340783645787 ], [ 67.064760517255095, 24.812425537762419 ], [ 67.064549572585648, 24.812597106137041 ], [ 67.064480639076876, 24.812512351933808 ] ] ] } },
{ "type": "Feature", "id": 1555, "properties": { "FID": 1555, "class": "Defence_SpatialJoin", "SolarPV_Area(sqm)": 59.730832998799997, "Rooftop_Area(sqm)": 372.91182435000002 }, "geometry": { "type": "Polygon", "coordinates": [ [ [ 67.064378923367428, 24.812407397253647 ], [ 67.064580130021838, 24.812248193740498 ], [ 67.064659450472462, 24.812348441461435 ], [ 67.064458243686005, 24.812507645067811 ], [ 67.064378923367428, 24.812407397253647 ] ] ] } },
{ "type": "Feature", "id": 1556, "properties": { "FID": 1556, "class": "Defence_SpatialJoin", "SolarPV_Area(sqm)": 0.0, "Rooftop_Area(sqm)": 724.76014198200005 }, "geometry": { "type": "Polygon", "coordinates": [ [ [ 67.064024459199189, 24.812059452608139 ], [ 67.064243773530578, 24.811885916699421 ], [ 67.064395727554853, 24.812056334357184 ], [ 67.064176413052778, 24.812229869575646 ], [ 67.064024459199189, 24.812059452608139 ] ] ] } },
{ "type": "Feature", "id": 1557, "properties": { "FID": 1557, "class": "Defence_SpatialJoin", "SolarPV_Area(sqm)": 123.31342863, "Rooftop_Area(sqm)": 678.48405597199996 }, "geometry": { "type": "Polygon", "coordinates": [ [ [ 67.064027131205009, 24.812040056616588 ], [ 67.063876182784924, 24.811862029482583 ], [ 67.06407118623963, 24.811696686747243 ], [ 67.064222134869411, 24.811874713700988 ], [ 67.064027131205009, 24.812040056616588 ] ] ] } },
{ "type": "Feature", "id": 1558, "properties": { "FID": 1558, "class": "Defence_SpatialJoin", "SolarPV_Area(sqm)": 0.0, "Rooftop_Area(sqm)": 219.05109922899999 }, "geometry": { "type": "Polygon", "coordinates": [ [ [ 67.066028214498303, 24.806986989811005 ], [ 67.065954479232104, 24.807039923656014 ], [ 67.065815386161788, 24.806878500537756 ], [ 67.065889121407068, 24.806825565858812 ], [ 67.066028214498303, 24.806986989811005 ] ] ] } },
{ "type": "Feature", "id": 1559, "properties": { "FID": 1559, "class": "Defence_SpatialJoin", "SolarPV_Area(sqm)": 0.0, "Rooftop_Area(sqm)": 263.46228040199998 }, "geometry": { "type": "Polygon", "coordinates": [ [ [ 67.065936501564636, 24.807050656771526 ], [ 67.065858537585385, 24.807118531797226 ], [ 67.065695915058868, 24.806962904323679 ], [ 67.065773878978248, 24.80689502938186 ], [ 67.065936501564636, 24.807050656771526 ] ] ] } }
]
}
