{
"type": "FeatureCollection",
"name": "Islamabad_solarPV",
"features": [
{ "type": "Feature", "id": 0, "properties": { "FID": 0, "class": "solar_panels", "SolarPV_Area(sqm)": 33.819947109700003 }, "geometry": { "type": "Polygon", "coordinates": [ [ [ 73.208051222657744, 33.685778004510709 ], [ 73.208056269422158, 33.685750588253462 ], [ 73.208172203477673, 33.685772437054588 ], [ 73.208167157807935, 33.68579985423478 ], [ 73.208051222657744, 33.685778004510709 ] ] ] } },
{ "type": "Feature", "id": 1, "properties": { "FID": 1, "class": "solar_panels", "SolarPV_Area(sqm)": 2.7913493260900002 }, "geometry": { "type": "Polygon", "coordinates": [ [ [ 73.208105377145245, 33.685820182975178 ], [ 73.208108190143179, 33.68580476027855 ], [ 73.208125390913636, 33.685806953092353 ], [ 73.208122576840282, 33.685822375773817 ], [ 73.208105377145245, 33.685820182975178 ] ] ] } },
{ "type": "Feature", "id": 2, "properties": { "FID": 2, "class": "solar_panels", "SolarPV_Area(sqm)": 2.5485924885300002 }, "geometry": { "type": "Polygon", "coordinates": [ [ [ 73.208107159139175, 33.685856043241664 ], [ 73.208107776986978, 33.685840464259329 ], [ 73.208123667912787, 33.685840904877203 ], [ 73.208123050067869, 33.685856483859709 ], [ 73.208107159139175, 33.685856043241664 ] ] ] } },
{ "type": "Feature", "id": 3, "properties": { "FID": 3, "class": "solar_panels", "SolarPV_Area(sqm)": 9.0488706178899996 }, "geometry": { "type": "Polygon", "coordinates": [ [ [ 73.208649453273793, 33.685979188452848 ], [ 73.208660258601597, 33.685961723711941 ], [ 73.208700009251274, 33.685978911587036 ], [ 73.208689202850664, 33.685996376315934 ], [ 73.208649453273793, 33.685979188452848 ] ] ] } },
{ "type": "Feature", "id": 4, "properties": { "FID": 4, "class": "solar_panels", "SolarPV_Area(sqm)": 14.7616917851 }, "geometry": { "type": "Polygon", "coordinates": [ [ [ 73.207948334203323, 33.685259530732296 ], [ 73.208027311177318, 33.685276249022287 ], [ 73.208021275392767, 33.685296176186462 ], [ 73.207964801431842, 33.685284221031125 ], [ 73.207967682571351, 33.685273986289282 ], [ 73.207944666178847, 33.685269114705669 ], [ 73.207948334203323, 33.685259530732296 ] ] ] } },
{ "type": "Feature", "id": 5, "properties": { "FID": 5, "class": "solar_panels", "SolarPV_Area(sqm)": 9.7134336029400004 }, "geometry": { "type": "Polygon", "coordinates": [ [ [ 73.208051023283488, 33.685261530775144 ], [ 73.208053724431593, 33.68523782823403 ], [ 73.208093217033891, 33.68524097384487 ], [ 73.208090515896444, 33.685264676387163 ], [ 73.208051023283488, 33.685261530775144 ] ] ] } },
{ "type": "Feature", "id": 6, "properties": { "FID": 6, "class": "solar_panels", "SolarPV_Area(sqm)": 8.9999955374800003 }, "geometry": { "type": "Polygon", "coordinates": [ [ [ 73.208074266669826, 33.685227454704204 ], [ 73.208075979179327, 33.685204921841631 ], [ 73.208114663820382, 33.685206976310077 ], [ 73.208112951320899, 33.685229509173503 ], [ 73.208074266669826, 33.685227454704204 ] ] ] } },
{ "type": "Feature", "id": 7, "properties": { "FID": 7, "class": "solar_panels", "SolarPV_Area(sqm)": 3.20902734006 }, "geometry": { "type": "Polygon", "coordinates": [ [ [ 73.208068205940663, 33.685298111318168 ], [ 73.20805425723303, 33.685296504928978 ], [ 73.208057875678463, 33.685274549792219 ], [ 73.208071824382642, 33.685276156180883 ], [ 73.208068205940663, 33.685298111318168 ] ] ] } },
{ "type": "Feature", "id": 8, "properties": { "FID": 8, "class": "solar_panels", "SolarPV_Area(sqm)": 9.5099613886800007 }, "geometry": { "type": "Polygon", "coordinates": [ [ [ 73.208016480020461, 33.685178444055779 ], [ 73.208019997303509, 33.685154970680124 ], [ 73.208058785885001, 33.685159032203465 ], [ 73.208055268612242, 33.685182505580556 ], [ 73.208016480020461, 33.685178444055779 ] ] ] } },
{ "type": "Feature", "id": 9, "properties": { "FID": 9, "class": "solar_panels", "SolarPV_Area(sqm)": 67.526495264000005 }, "geometry": { "type": "Polygon", "coordinates": [ [ [ 73.20824205943272, 33.684999665593345 ], [ 73.208167254350684, 33.684961619844003 ], [ 73.2082120295279, 33.684896610727975 ], [ 73.208286834575944, 33.684934656449379 ], [ 73.20824205943272, 33.684999665593345 ] ] ] } },
{ "type": "Feature", "id": 10, "properties": { "FID": 10, "class": "solar_panels", "SolarPV_Area(sqm)": 3.7882741381499998 }, "geometry": { "type": "Polygon", "coordinates": [ [ [ 73.208223851418026, 33.684855421745816 ], [ 73.208237632115924, 33.684836533920659 ], [ 73.208251847680216, 33.684843782006837 ], [ 73.208238066984123, 33.684862669833628 ], [ 73.208223851418026, 33.684855421745816 ] ] ] } },
{ "type": "Feature", "id": 11, "properties": { "FID": 11, "class": "solar_panels", "SolarPV_Area(sqm)": 3.98845326023 }, "geometry": { "type": "Polygon", "coordinates": [ [ [ 73.208217364008021, 33.684852051529305 ], [ 73.208203578580481, 33.684844971996235 ], [ 73.208218588559234, 33.684824545553298 ], [ 73.208232373984899, 33.684831625084641 ], [ 73.208217364008021, 33.684852051529305 ] ] ] } },
{ "type": "Feature", "id": 12, "properties": { "FID": 12, "class": "solar_panels", "SolarPV_Area(sqm)": 3.7393957255200001 }, "geometry": { "type": "Polygon", "coordinates": [ [ [ 73.208197877341846, 33.684839012485313 ], [ 73.208183072876736, 33.684831813564244 ], [ 73.208195843600393, 33.684813461172304 ], [ 73.208210648044854, 33.684820660993282 ], [ 73.208197877341846, 33.684839012485313 ] ] ] } },
{ "type": "Feature", "id": 13, "properties": { "FID": 13, "class": "solar_panels", "SolarPV_Area(sqm)": 3.9278975995700001 }, "geometry": { "type": "Polygon", "coordinates": [ [ [ 73.208177278936631, 33.684826006909965 ], [ 73.208161472350071, 33.684818289362923 ], [ 73.208174060323699, 33.684800270681649 ], [ 73.208189866908256, 33.684807988227014 ], [ 73.208177278936631, 33.684826006909965 ] ] ] } },
{ "type": "Feature", "id": 14, "properties": { "FID": 14, "class": "solar_panels", "SolarPV_Area(sqm)": 74.745946354099999 }, "geometry": { "type": "Polygon", "coordinates": [ [ [ 73.208383783444049, 33.685033239688977 ], [ 73.208386809080295, 33.684960681392994 ], [ 73.208486863000701, 33.684963596918514 ], [ 73.208483837448227, 33.685036155219663 ], [ 73.208383783444049, 33.685033239688977 ] ] ] } },
{ "type": "Feature", "id": 15, "properties": { "FID": 15, "class": "solar_panels", "SolarPV_Area(sqm)": 5.4003635789400004 }, "geometry": { "type": "Polygon", "coordinates": [ [ [ 73.208461162316837, 33.68435306052848 ], [ 73.208471303179309, 33.684339069687596 ], [ 73.208498758312473, 33.684352978125332 ], [ 73.208488617471318, 33.684366968067017 ], [ 73.208461162316837, 33.68435306052848 ] ] ] } },
{ "type": "Feature", "id": 16, "properties": { "FID": 16, "class": "solar_panels", "SolarPV_Area(sqm)": 13.014039178799999 }, "geometry": { "type": "Polygon", "coordinates": [ [ [ 73.208486804981533, 33.684289995782983 ], [ 73.208498511363686, 33.684273700181592 ], [ 73.208555586385472, 33.684302355512884 ], [ 73.208543880009714, 33.684318651119838 ], [ 73.208486804981533, 33.684289995782983 ] ] ] } },
{ "type": "Feature", "id": 17, "properties": { "FID": 17, "class": "solar_panels", "SolarPV_Area(sqm)": 14.4899728215 }, "geometry": { "type": "Polygon", "coordinates": [ [ [ 73.208586090148032, 33.684384300494138 ], [ 73.208596714205669, 33.68436636059657 ], [ 73.208655856122206, 33.684399120941968 ], [ 73.208645232072257, 33.684417060844808 ], [ 73.208586090148032, 33.684384300494138 ] ] ] } },
{ "type": "Feature", "id": 18, "properties": { "FID": 18, "class": "solar_panels", "SolarPV_Area(sqm)": 15.185288702099999 }, "geometry": { "type": "Polygon", "coordinates": [ [ [ 73.208645171070373, 33.684326423327867 ], [ 73.20865975091003, 33.684334100479653 ], [ 73.208647579392718, 33.684350927706816 ], [ 73.20867504676329, 33.684365079760518 ], [ 73.208686246525275, 33.684349597402957 ], [ 73.208701021619092, 33.684357066367717 ], [ 73.208682261261345, 33.684383003297619 ], [ 73.208625133609829, 33.684354124523814 ], [ 73.208645171070373, 33.684326423327867 ] ] ] } },
{ "type": "Feature", "id": 19, "properties": { "FID": 19, "class": "solar_panels", "SolarPV_Area(sqm)": 9.7757156420599998 }, "geometry": { "type": "Polygon", "coordinates": [ [ [ 73.208642569436961, 33.6842352818528 ], [ 73.208663916059805, 33.684205984571477 ], [ 73.20868758254322, 33.684218036297814 ], [ 73.208666234846689, 33.684247333567725 ], [ 73.208642569436961, 33.6842352818528 ] ] ] } },
{ "type": "Feature", "id": 20, "properties": { "FID": 20, "class": "solar_panels", "SolarPV_Area(sqm)": 61.306883959499999 }, "geometry": { "type": "Polygon", "coordinates": [ [ [ 73.208752319038254, 33.684298339539666 ], [ 73.208700739939587, 33.684271654997808 ], [ 73.208762608315823, 33.684188079946985 ], [ 73.208814187386125, 33.684214764462332 ], [ 73.208752319038254, 33.684298339539666 ] ] ] } },
{ "type": "Feature", "id": 21, "properties": { "FID": 21, "class": "solar_panels", "SolarPV_Area(sqm)": 33.063940899599999 }, "geometry": { "type": "Polygon", "coordinates": [ [ [ 73.208856251196238, 33.684306088550194 ], [ 73.208868028820604, 33.684290047342152 ], [ 73.209013616898091, 33.684364750427378 ], [ 73.209001839289286, 33.684380791649694 ], [ 73.208856251196238, 33.684306088550194 ] ] ] } },
{ "type": "Feature", "id": 22, "properties": { "FID": 22, "class": "solar_panels", "SolarPV_Area(sqm)": 9.4970728339099999 }, "geometry": { "type": "Polygon", "coordinates": [ [ [ 73.208840611032031, 33.684328305867012 ], [ 73.208848526656013, 33.684317167483201 ], [ 73.208909808448951, 33.684347602416764 ], [ 73.208901892811028, 33.684358741706113 ], [ 73.208840611032031, 33.684328305867012 ] ] ] } },
{ "type": "Feature", "id": 23, "properties": { "FID": 23, "class": "solar_panels", "SolarPV_Area(sqm)": 10.232565793899999 }, "geometry": { "type": "Polygon", "coordinates": [ [ [ 73.208928464387952, 33.684377027042558 ], [ 73.208938017022419, 33.684363985310497 ], [ 73.208993507393245, 33.684392393829135 ], [ 73.208983953703935, 33.684405434648475 ], [ 73.208928464387952, 33.684377027042558 ] ] ] } },
{ "type": "Feature", "id": 24, "properties": { "FID": 24, "class": "solar_panels", "SolarPV_Area(sqm)": 13.453327098700001 }, "geometry": { "type": "Polygon", "coordinates": [ [ [ 73.20901425091283, 33.684141689418489 ], [ 73.209060328474479, 33.684087475871799 ], [ 73.209076363950643, 33.684097001058461 ], [ 73.209030286393414, 33.684151214611219 ], [ 73.20901425091283, 33.684141689418489 ] ] ] } },
{ "type": "Feature", "id": 25, "properties": { "FID": 25, "class": "solar_panels", "SolarPV_Area(sqm)": 3.5970677049500002 }, "geometry": { "type": "Polygon", "coordinates": [ [ [ 73.209034127821539, 33.684098215719054 ], [ 73.209019779060881, 33.684089071178832 ], [ 73.209033836960032, 33.684073653670012 ], [ 73.209048186798128, 33.684082798224225 ], [ 73.209034127821539, 33.684098215719054 ] ] ] } },
{ "type": "Feature", "id": 26, "properties": { "FID": 26, "class": "solar_panels", "SolarPV_Area(sqm)": 2.52172573013 }, "geometry": { "type": "Polygon", "coordinates": [ [ [ 73.208999193356235, 33.684115390197782 ], [ 73.209009398919633, 33.6841043066445 ], [ 73.209023291318857, 33.684113247082635 ], [ 73.209013085756069, 33.684124330637069 ], [ 73.208999193356235, 33.684115390197782 ] ] ] } },
{ "type": "Feature", "id": 27, "properties": { "FID": 27, "class": "solar_panels", "SolarPV_Area(sqm)": 7.7934634406300001 }, "geometry": { "type": "Polygon", "coordinates": [ [ [ 73.209026804735942, 33.68418031827531 ], [ 73.2090527879555, 33.684148081651578 ], [ 73.209068956148514, 33.684157189441542 ], [ 73.20904297293194, 33.684189426068741 ], [ 73.209026804735942, 33.68418031827531 ] ] ] } },
{ "type": "Feature", "id": 28, "properties": { "FID": 28, "class": "solar_panels", "SolarPV_Area(sqm)": 7.9989111588800004 }, "geometry": { "type": "Polygon", "coordinates": [ [ [ 73.209054242036018, 33.684196492473454 ], [ 73.20908152404256, 33.684162692972862 ], [ 73.209097336925893, 33.684171613451113 ], [ 73.209070054922393, 33.684205412955279 ], [ 73.209054242036018, 33.684196492473454 ] ] ] } },
{ "type": "Feature", "id": 29, "properties": { "FID": 29, "class": "solar_panels", "SolarPV_Area(sqm)": 7.62965218153 }, "geometry": { "type": "Polygon", "coordinates": [ [ [ 73.209104397757784, 33.68421754092838 ], [ 73.209087993134162, 33.6842079220202 ], [ 73.209113424083725, 33.684177608061205 ], [ 73.209129829783109, 33.684187226981599 ], [ 73.209104397757784, 33.68421754092838 ] ] ] } },
{ "type": "Feature", "id": 30, "properties": { "FID": 30, "class": "solar_panels", "SolarPV_Area(sqm)": 12.6240641195 }, "geometry": { "type": "Polygon", "coordinates": [ [ [ 73.209377762824175, 33.685390792960789 ], [ 73.209310673082896, 33.685359130616384 ], [ 73.209320043518019, 33.685345254786981 ], [ 73.20938713325242, 33.685376917126113 ], [ 73.209377762824175, 33.685390792960789 ] ] ] } },
{ "type": "Feature", "id": 31, "properties": { "FID": 31, "class": "solar_panels", "SolarPV_Area(sqm)": 4.65880457996 }, "geometry": { "type": "Polygon", "coordinates": [ [ [ 73.209322187905641, 33.685340005121901 ], [ 73.2093326628369, 33.685324989236094 ], [ 73.209355177342658, 33.68533596456458 ], [ 73.209344702413787, 33.685350980452363 ], [ 73.209322187905641, 33.685340005121901 ] ] ] } },
{ "type": "Feature", "id": 32, "properties": { "FID": 32, "class": "solar_panels", "SolarPV_Area(sqm)": 4.9324604794800004 }, "geometry": { "type": "Polygon", "coordinates": [ [ [ 73.209363099679351, 33.685359868925197 ], [ 73.209373813349401, 33.685344420041076 ], [ 73.209397217946773, 33.685355439825976 ], [ 73.209386504260664, 33.685370889613694 ], [ 73.209363099679351, 33.685359868925197 ] ] ] } },
{ "type": "Feature", "id": 33, "properties": { "FID": 33, "class": "solar_panels", "SolarPV_Area(sqm)": 12.1007773806 }, "geometry": { "type": "Polygon", "coordinates": [ [ [ 73.209400599750694, 33.685349350515125 ], [ 73.209338160544007, 33.685317467931569 ], [ 73.209348189094825, 33.685303742315192 ], [ 73.209410628277041, 33.685335625795034 ], [ 73.209400599750694, 33.685349350515125 ] ] ] } },
{ "type": "Feature", "id": 34, "properties": { "FID": 34, "class": "solar_panels", "SolarPV_Area(sqm)": 17.024981106199998 }, "geometry": { "type": "Polygon", "coordinates": [ [ [ 73.209509421562359, 33.685062158484264 ], [ 73.209519106776099, 33.685047820986647 ], [ 73.209606658105145, 33.685089157252648 ], [ 73.209596972919371, 33.685103493855891 ], [ 73.209509421562359, 33.685062158484264 ] ] ] } },
{ "type": "Feature", "id": 35, "properties": { "FID": 35, "class": "solar_panels", "SolarPV_Area(sqm)": 5.9622625279700001 }, "geometry": { "type": "Polygon", "coordinates": [ [ [ 73.209572896992029, 33.685068048125324 ], [ 73.209581494558861, 33.685055078169952 ], [ 73.209615693883919, 33.685070921012013 ], [ 73.209607096301738, 33.685083891871344 ], [ 73.209572896992029, 33.685068048125324 ] ] ] } },
{ "type": "Feature", "id": 36, "properties": { "FID": 36, "class": "solar_panels", "SolarPV_Area(sqm)": 5.4041262007300004 }, "geometry": { "type": "Polygon", "coordinates": [ [ [ 73.209521160012997, 33.685042804455925 ], [ 73.209530034867001, 33.685029415594272 ], [ 73.209560064093893, 33.685043326843065 ], [ 73.209551189242887, 33.685056715706949 ], [ 73.209521160012997, 33.685042804455925 ] ] ] } },
{ "type": "Feature", "id": 37, "properties": { "FID": 37, "class": "solar_panels", "SolarPV_Area(sqm)": 17.8564768124 }, "geometry": { "type": "Polygon", "coordinates": [ [ [ 73.209531919684238, 33.685025914296794 ], [ 73.209542781333397, 33.685010140199161 ], [ 73.209625466406862, 33.685049927924148 ], [ 73.209614605845488, 33.685065702044938 ], [ 73.209531919684238, 33.685025914296794 ] ] ] } },
{ "type": "Feature", "id": 38, "properties": { "FID": 38, "class": "solar_panels", "SolarPV_Area(sqm)": 14.170785608699999 }, "geometry": { "type": "Polygon", "coordinates": [ [ [ 73.2095738089793, 33.68461857266491 ], [ 73.209617007334643, 33.684551880907549 ], [ 73.209632984783667, 33.684559113791792 ], [ 73.209589786436524, 33.684625805554965 ], [ 73.2095738089793, 33.68461857266491 ] ] ] } },
{ "type": "Feature", "id": 39, "properties": { "FID": 39, "class": "solar_panels", "SolarPV_Area(sqm)": 3.6093791885400002 }, "geometry": { "type": "Polygon", "coordinates": [ [ [ 73.209612528024934, 33.684638515519595 ], [ 73.209596774501762, 33.684631355314053 ], [ 73.209607957917186, 33.684614158374202 ], [ 73.209623711438283, 33.684621318578266 ], [ 73.209612528024934, 33.684638515519595 ] ] ] } },
{ "type": "Feature", "id": 40, "properties": { "FID": 40, "class": "solar_panels", "SolarPV_Area(sqm)": 3.6727973496600002 }, "geometry": { "type": "Polygon", "coordinates": [ [ [ 73.209610724867403, 33.68460505004515 ], [ 73.209621652683225, 33.684589670969729 ], [ 73.209638819038744, 33.684598195281637 ], [ 73.20962789122477, 33.684613574358629 ], [ 73.209610724867403, 33.68460505004515 ] ] ] } },
{ "type": "Feature", "id": 41, "properties": { "FID": 41, "class": "solar_panels", "SolarPV_Area(sqm)": 3.7808001088599998 }, "geometry": { "type": "Polygon", "coordinates": [ [ [ 73.209625036609395, 33.684583789088478 ], [ 73.209637054847008, 33.684565659192437 ], [ 73.209652569408263, 33.68457284658961 ], [ 73.209640551172768, 33.684590976487208 ], [ 73.209625036609395, 33.684583789088478 ] ] ] } },
{ "type": "Feature", "id": 42, "properties": { "FID": 42, "class": "solar_panels", "SolarPV_Area(sqm)": 14.6404392527 }, "geometry": { "type": "Polygon", "coordinates": [ [ [ 73.209619180589257, 33.684640321687098 ], [ 73.209661434718981, 33.684573646889305 ], [ 73.20967810802, 33.684581031430135 ], [ 73.209635852820625, 33.684647706218229 ], [ 73.209619180589257, 33.684640321687098 ] ] ] } },
{ "type": "Feature", "id": 43, "properties": { "FID": 43, "class": "solar_panels", "SolarPV_Area(sqm)": 24.196200283900001 }, "geometry": { "type": "Polygon", "coordinates": [ [ [ 73.209637901661509, 33.684714630825596 ], [ 73.209695807619269, 33.684619968356387 ], [ 73.20971551100267, 33.684628391455192 ], [ 73.209657605059988, 33.684723053934029 ], [ 73.209637901661509, 33.684714630825596 ] ] ] } },
{ "type": "Feature", "id": 44, "properties": { "FID": 44, "class": "solar_panels", "SolarPV_Area(sqm)": 6.8300240250500002 }, "geometry": { "type": "Polygon", "coordinates": [ [ [ 73.209659118663794, 33.684724812674496 ], [ 73.209678347004981, 33.68469580464334 ], [ 73.20969586382796, 33.684703919213845 ], [ 73.209676635471922, 33.684732928149316 ], [ 73.209659118663794, 33.684724812674496 ] ] ] } },
{ "type": "Feature", "id": 45, "properties": { "FID": 45, "class": "solar_panels", "SolarPV_Area(sqm)": 20.3253876371 }, "geometry": { "type": "Polygon", "coordinates": [ [ [ 73.209683806251348, 33.684734609263948 ], [ 73.209742068052705, 33.684645413033621 ], [ 73.209759137442447, 33.684653204590475 ], [ 73.209700875634013, 33.684742401730659 ], [ 73.209683806251348, 33.684734609263948 ] ] ] } },
{ "type": "Feature", "id": 46, "properties": { "FID": 46, "class": "solar_panels", "SolarPV_Area(sqm)": 3.2906579550799999 }, "geometry": { "type": "Polygon", "coordinates": [ [ [ 73.209688568682097, 33.684677753310808 ], [ 73.209698174643492, 33.684664164918964 ], [ 73.209715628060209, 33.684672788066308 ], [ 73.2097060210221, 33.684686376443942 ], [ 73.209688568682097, 33.684677753310808 ] ] ] } },
{ "type": "Feature", "id": 47, "properties": { "FID": 47, "class": "solar_panels", "SolarPV_Area(sqm)": 10.1119954275 }, "geometry": { "type": "Polygon", "coordinates": [ [ [ 73.209734190845893, 33.684702351900931 ], [ 73.209763496516018, 33.684658141815191 ], [ 73.209780513320453, 33.684666024587379 ], [ 73.209751207655998, 33.68471023467729 ], [ 73.209734190845893, 33.684702351900931 ] ] ] } },
{ "type": "Feature", "id": 48, "properties": { "FID": 48, "class": "solar_panels", "SolarPV_Area(sqm)": 2.5929411022000002 }, "geometry": { "type": "Polygon", "coordinates": [ [ [ 73.209704296416888, 33.684653750752581 ], [ 73.209711712445355, 33.684642720498331 ], [ 73.209729083713583, 33.684650883453578 ], [ 73.209721667686537, 33.684661913708915 ], [ 73.209704296416888, 33.684653750752581 ] ] ] } },
{ "type": "Feature", "id": 49, "properties": { "FID": 49, "class": "solar_panels", "SolarPV_Area(sqm)": 24.323206743899998 }, "geometry": { "type": "Polygon", "coordinates": [ [ [ 73.209876032755901, 33.684639362926774 ], [ 73.209862702830165, 33.684659055538987 ], [ 73.209852819422551, 33.684653875945429 ], [ 73.209849152956892, 33.684658766303322 ], [ 73.209785986375579, 33.684625666843765 ], [ 73.209804013579614, 33.684601624552087 ], [ 73.209876032755901, 33.684639362926774 ] ] ] } },
{ "type": "Feature", "id": 50, "properties": { "FID": 50, "class": "solar_panels", "SolarPV_Area(sqm)": 5.6361707778800003 }, "geometry": { "type": "Polygon", "coordinates": [ [ [ 73.209865448146815, 33.684572539167164 ], [ 73.209871475142094, 33.684564509695271 ], [ 73.209920447680105, 33.684590201915718 ], [ 73.209914419608992, 33.68459823137443 ], [ 73.209865448146815, 33.684572539167164 ] ] ] } },
{ "type": "Feature", "id": 51, "properties": { "FID": 51, "class": "solar_panels", "SolarPV_Area(sqm)": 5.3935731153399997 }, "geometry": { "type": "Polygon", "coordinates": [ [ [ 73.209875461555569, 33.684559327291389 ], [ 73.209881107785918, 33.684551869432546 ], [ 73.209931316698814, 33.684578436244031 ], [ 73.209925669373803, 33.684585894991116 ], [ 73.209875461555569, 33.684559327291389 ] ] ] } },
{ "type": "Feature", "id": 52, "properties": { "FID": 52, "class": "solar_panels", "SolarPV_Area(sqm)": 13.712558660199999 }, "geometry": { "type": "Polygon", "coordinates": [ [ [ 73.209855791502093, 33.685265639285625 ], [ 73.209864024661556, 33.685252242904397 ], [ 73.209942776815893, 33.685286065950883 ], [ 73.209934543664929, 33.685299462337582 ], [ 73.209855791502093, 33.685265639285625 ] ] ] } },
{ "type": "Feature", "id": 53, "properties": { "FID": 53, "class": "solar_panels", "SolarPV_Area(sqm)": 6.5753401111500001 }, "geometry": { "type": "Polygon", "coordinates": [ [ [ 73.209865920794968, 33.6852477272774 ], [ 73.209874123780367, 33.685234953579446 ], [ 73.209912981366983, 33.685252393242067 ], [ 73.209904778385436, 33.685265166942699 ], [ 73.209865920794968, 33.6852477272774 ] ] ] } },
{ "type": "Feature", "id": 54, "properties": { "FID": 54, "class": "solar_panels", "SolarPV_Area(sqm)": 6.3732730115200003 }, "geometry": { "type": "Polygon", "coordinates": [ [ [ 73.209875847055685, 33.685230450777425 ], [ 73.209884335968013, 33.68521689307736 ], [ 73.209920217878476, 33.685232594294078 ], [ 73.209911728969999, 33.685246151996701 ], [ 73.209875847055685, 33.685230450777425 ] ] ] } },
{ "type": "Feature", "id": 55, "properties": { "FID": 55, "class": "solar_panels", "SolarPV_Area(sqm)": 5.9835201490400003 }, "geometry": { "type": "Polygon", "coordinates": [ [ [ 73.209887068806921, 33.685212863002626 ], [ 73.209896591819557, 33.685198126346734 ], [ 73.209927156293617, 33.685211928936248 ], [ 73.20991763436281, 33.685226665610209 ], [ 73.209887068806921, 33.685212863002626 ] ] ] } },
{ "type": "Feature", "id": 56, "properties": { "FID": 56, "class": "solar_panels", "SolarPV_Area(sqm)": 4.7765069202200001 }, "geometry": { "type": "Polygon", "coordinates": [ [ [ 73.209913778082736, 33.685266980955952 ], [ 73.209921321412779, 33.685255066999652 ], [ 73.209951776194501, 33.685268542455837 ], [ 73.209944232867315, 33.68528045641407 ], [ 73.209913778082736, 33.685266980955952 ] ] ] } },
{ "type": "Feature", "id": 57, "properties": { "FID": 57, "class": "solar_panels", "SolarPV_Area(sqm)": 5.340707852 }, "geometry": { "type": "Polygon", "coordinates": [ [ [ 73.209920408157359, 33.685250729791022 ], [ 73.209928874880703, 33.685237201524657 ], [ 73.209959014265635, 33.685250384744826 ], [ 73.209950546467127, 33.685263912997726 ], [ 73.209920408157359, 33.685250729791022 ] ] ] } },
{ "type": "Feature", "id": 58, "properties": { "FID": 58, "class": "solar_panels", "SolarPV_Area(sqm)": 4.1246467541899996 }, "geometry": { "type": "Polygon", "coordinates": [ [ [ 73.209933539731679, 33.685234208522843 ], [ 73.209943616032689, 33.68521900735464 ], [ 73.209963803012599, 33.68522835812815 ], [ 73.209953725616856, 33.685243560183942 ], [ 73.209933539731679, 33.685234208522843 ] ] ] } },
{ "type": "Feature", "id": 59, "properties": { "FID": 59, "class": "solar_panels", "SolarPV_Area(sqm)": 43.775780464699999 }, "geometry": { "type": "Polygon", "coordinates": [ [ [ 73.210303389935362, 33.684939423942502 ], [ 73.210238160113263, 33.684909205723045 ], [ 73.210269754864683, 33.684858581943196 ], [ 73.210334984661202, 33.68488880014533 ], [ 73.210303389935362, 33.684939423942502 ] ] ] } },
{ "type": "Feature", "id": 60, "properties": { "FID": 60, "class": "solar_panels", "SolarPV_Area(sqm)": 4.4460629195600001 }, "geometry": { "type": "Polygon", "coordinates": [ [ [ 73.2105410895917, 33.685063218218183 ], [ 73.210552626684361, 33.685045813497503 ], [ 73.210571631987278, 33.685054617717384 ], [ 73.210560093818742, 33.685072022424272 ], [ 73.2105410895917, 33.685063218218183 ] ] ] } },
{ "type": "Feature", "id": 61, "properties": { "FID": 61, "class": "solar_panels", "SolarPV_Area(sqm)": 14.989467810800001 }, "geometry": { "type": "Polygon", "coordinates": [ [ [ 73.210528163392254, 33.685025030486457 ], [ 73.210545111853435, 33.685002962660263 ], [ 73.210591883581628, 33.685028065448201 ], [ 73.210574935108198, 33.685050134182447 ], [ 73.210528163392254, 33.685025030486457 ] ] ] } },
{ "type": "Feature", "id": 62, "properties": { "FID": 62, "class": "solar_panels", "SolarPV_Area(sqm)": 10.870054272200001 }, "geometry": { "type": "Polygon", "coordinates": [ [ [ 73.210572009797602, 33.685070061451228 ], [ 73.210580840284535, 33.685056827874249 ], [ 73.210641758531366, 33.685085237641424 ], [ 73.21063292697211, 33.685098471207304 ], [ 73.210572009797602, 33.685070061451228 ] ] ] } },
{ "type": "Feature", "id": 63, "properties": { "FID": 63, "class": "solar_panels", "SolarPV_Area(sqm)": 11.2736215978 }, "geometry": { "type": "Polygon", "coordinates": [ [ [ 73.210581452978104, 33.685052196253338 ], [ 73.210590531288929, 33.685039079888114 ], [ 73.210653149442948, 33.685069368307445 ], [ 73.210644071138006, 33.685082484677395 ], [ 73.210581452978104, 33.685052196253338 ] ] ] } },
{ "type": "Feature", "id": 64, "properties": { "FID": 64, "class": "solar_panels", "SolarPV_Area(sqm)": 11.1289797606 }, "geometry": { "type": "Polygon", "coordinates": [ [ [ 73.210593317301004, 33.685030348750935 ], [ 73.210602085979232, 33.685018015142745 ], [ 73.210666926225542, 33.685050229454404 ], [ 73.210658157534183, 33.685062563968827 ], [ 73.210593317301004, 33.685030348750935 ] ] ] } },
{ "type": "Feature", "id": 65, "properties": { "FID": 65, "class": "solar_panels", "SolarPV_Area(sqm)": 19.5237015224 }, "geometry": { "type": "Polygon", "coordinates": [ [ [ 73.210672442413696, 33.685131796682121 ], [ 73.210671368206562, 33.685115185893501 ], [ 73.210785332118476, 33.685110037242445 ], [ 73.21078640634758, 33.685126648030803 ], [ 73.210672442413696, 33.685131796682121 ] ] ] } },
{ "type": "Feature", "id": 66, "properties": { "FID": 66, "class": "solar_panels", "SolarPV_Area(sqm)": 18.375644586899998 }, "geometry": { "type": "Polygon", "coordinates": [ [ [ 73.210673659544071, 33.685155147548365 ], [ 73.210673118462779, 33.685139253271274 ], [ 73.210785452923375, 33.685136582522013 ], [ 73.210785994025386, 33.685152476799303 ], [ 73.210673659544071, 33.685155147548365 ] ] ] } },
{ "type": "Feature", "id": 67, "properties": { "FID": 67, "class": "solar_panels", "SolarPV_Area(sqm)": 6.6529628222200001 }, "geometry": { "type": "Polygon", "coordinates": [ [ [ 73.210735484718143, 33.685104046227273 ], [ 73.210734633628775, 33.685090930314786 ], [ 73.210783815377084, 33.685088701996591 ], [ 73.210784666473955, 33.685101817909 ], [ 73.210735484718143, 33.685104046227273 ] ] ] } },
{ "type": "Feature", "id": 68, "properties": { "FID": 68, "class": "solar_panels", "SolarPV_Area(sqm)": 7.5640800486700002 }, "geometry": { "type": "Polygon", "coordinates": [ [ [ 73.210853460060719, 33.685265886328807 ], [ 73.210863875929078, 33.685249595254767 ], [ 73.21089899451961, 33.685265286938595 ], [ 73.210888578655727, 33.68528157801569 ], [ 73.210853460060719, 33.685265886328807 ] ] ] } },
{ "type": "Feature", "id": 69, "properties": { "FID": 69, "class": "solar_panels", "SolarPV_Area(sqm)": 7.3484530465600004 }, "geometry": { "type": "Polygon", "coordinates": [ [ [ 73.210867493284184, 33.685245043219901 ], [ 73.210877476691778, 33.685230152638695 ], [ 73.210913995162784, 33.68524726233251 ], [ 73.210904012837617, 33.685262152932374 ], [ 73.210867493284184, 33.685245043219901 ] ] ] } },
{ "type": "Feature", "id": 70, "properties": { "FID": 70, "class": "solar_panels", "SolarPV_Area(sqm)": 6.63290774798 }, "geometry": { "type": "Polygon", "coordinates": [ [ [ 73.210883368958875, 33.685229975562009 ], [ 73.210892705722983, 33.685215889910317 ], [ 73.210927739804703, 33.685232119618973 ], [ 73.210918403044303, 33.685246205273415 ], [ 73.210883368958875, 33.685229975562009 ] ] ] } },
{ "type": "Feature", "id": 71, "properties": { "FID": 71, "class": "solar_panels", "SolarPV_Area(sqm)": 2.6337435240799998 }, "geometry": { "type": "Polygon", "coordinates": [ [ [ 73.210913773785137, 33.685219634376807 ], [ 73.21092310076537, 33.685206280816288 ], [ 73.210937404115171, 33.685213262946093 ], [ 73.210928078233323, 33.685226615621836 ], [ 73.210913773785137, 33.685219634376807 ] ] ] } },
{ "type": "Feature", "id": 72, "properties": { "FID": 72, "class": "solar_panels", "SolarPV_Area(sqm)": 5.1683492976999998 }, "geometry": { "type": "Polygon", "coordinates": [ [ [ 73.210905383114792, 33.685191502150587 ], [ 73.210913991024185, 33.685178700879526 ], [ 73.210943824098706, 33.685192721676437 ], [ 73.210935216192141, 33.685205522949644 ], [ 73.210905383114792, 33.685191502150587 ] ] ] } },
{ "type": "Feature", "id": 73, "properties": { "FID": 73, "class": "solar_panels", "SolarPV_Area(sqm)": 5.4943978298099996 }, "geometry": { "type": "Polygon", "coordinates": [ [ [ 73.21086079690015, 33.685195275071202 ], [ 73.210870732765855, 33.685181272944661 ], [ 73.210898959041998, 33.685195271382703 ], [ 73.210889023197737, 33.685209272610066 ], [ 73.21086079690015, 33.685195275071202 ] ] ] } },
{ "type": "Feature", "id": 74, "properties": { "FID": 74, "class": "solar_panels", "SolarPV_Area(sqm)": 12.5413221421 }, "geometry": { "type": "Polygon", "coordinates": [ [ [ 73.211422591940988, 33.685489247273665 ], [ 73.211497183485292, 33.685473857351383 ], [ 73.211501733460224, 33.685489268607171 ], [ 73.211427141903144, 33.685504658531748 ], [ 73.211422591940988, 33.685489247273665 ] ] ] } },
{ "type": "Feature", "id": 75, "properties": { "FID": 75, "class": "solar_panels", "SolarPV_Area(sqm)": 10.5549365785 }, "geometry": { "type": "Polygon", "coordinates": [ [ [ 73.211420621741709, 33.685484324854535 ], [ 73.211415844022369, 33.685470691289758 ], [ 73.211485180734385, 33.685453710321376 ], [ 73.211489958482673, 33.685467342982342 ], [ 73.211420621741709, 33.685484324854535 ] ] ] } },
{ "type": "Feature", "id": 76, "properties": { "FID": 76, "class": "solar_panels", "SolarPV_Area(sqm)": 8.7648264294500002 }, "geometry": { "type": "Polygon", "coordinates": [ [ [ 73.210401659478507, 33.684804661752842 ], [ 73.210385824725265, 33.684798137117603 ], [ 73.210411357509301, 33.684754831696353 ], [ 73.21042719225683, 33.684761356328167 ], [ 73.210401659478507, 33.684804661752842 ] ] ] } },
{ "type": "Feature", "id": 77, "properties": { "FID": 77, "class": "solar_panels", "SolarPV_Area(sqm)": 7.9109994996799999 }, "geometry": { "type": "Polygon", "coordinates": [ [ [ 73.21041103974116, 33.684809918780488 ], [ 73.210435785229876, 33.684768791440504 ], [ 73.210450713621412, 33.684775068479851 ], [ 73.210425968137741, 33.684816195822961 ], [ 73.21041103974116, 33.684809918780488 ] ] ] } },
{ "type": "Feature", "id": 78, "properties": { "FID": 78, "class": "solar_panels", "SolarPV_Area(sqm)": 7.6077413313999998 }, "geometry": { "type": "Polygon", "coordinates": [ [ [ 73.210413160685547, 33.684744547007696 ], [ 73.210436820010372, 33.684706849585893 ], [ 73.210452208897692, 33.684713599509728 ], [ 73.210428548499095, 33.684751296919003 ], [ 73.210413160685547, 33.684744547007696 ] ] ] } },
{ "type": "Feature", "id": 79, "properties": { "FID": 79, "class": "solar_panels", "SolarPV_Area(sqm)": 5.5305962803800002 }, "geometry": { "type": "Polygon", "coordinates": [ [ [ 73.210442858413273, 33.684746456124536 ], [ 73.210458525927379, 33.684721498524311 ], [ 73.210475422046656, 33.684728910534545 ], [ 73.21045975453589, 33.684753868137008 ], [ 73.210442858413273, 33.684746456124536 ] ] ] } },
{ "type": "Feature", "id": 80, "properties": { "FID": 80, "class": "solar_panels", "SolarPV_Area(sqm)": 11.2195501986 }, "geometry": { "type": "Polygon", "coordinates": [ [ [ 73.210531698097043, 33.684860535254714 ], [ 73.210570147543152, 33.684793318970598 ], [ 73.210583358825573, 33.684798599917336 ], [ 73.210544908308663, 33.684865816190147 ], [ 73.210531698097043, 33.684860535254714 ] ] ] } },
{ "type": "Feature", "id": 81, "properties": { "FID": 81, "class": "solar_panels", "SolarPV_Area(sqm)": 3.5394974502399998 }, "geometry": { "type": "Polygon", "coordinates": [ [ [ 73.210578746232088, 33.684825980203463 ], [ 73.21059355067699, 33.684803004794041 ], [ 73.210605162246267, 33.684808234611459 ], [ 73.210590357822113, 33.684831209120816 ], [ 73.210578746232088, 33.684825980203463 ] ] ] } },
{ "type": "Feature", "id": 82, "properties": { "FID": 82, "class": "solar_panels", "SolarPV_Area(sqm)": 3.9584139993899998 }, "geometry": { "type": "Polygon", "coordinates": [ [ [ 73.210555199651097, 33.684872238863647 ], [ 73.21056840382947, 33.684850540625824 ], [ 73.210582496743456, 33.684856534115248 ], [ 73.210569292567556, 33.684878232354663 ], [ 73.210555199651097, 33.684872238863647 ] ] ] } },
{ "type": "Feature", "id": 83, "properties": { "FID": 83, "class": "solar_panels", "SolarPV_Area(sqm)": 13.6236945136 }, "geometry": { "type": "Polygon", "coordinates": [ [ [ 73.210576731468933, 33.684881863316285 ], [ 73.210616121909808, 33.684813794951324 ], [ 73.210631893931222, 33.68482017256234 ], [ 73.210592503480726, 33.684888241834081 ], [ 73.210576731468933, 33.684881863316285 ] ] ] } },
{ "type": "Feature", "id": 84, "properties": { "FID": 84, "class": "solar_panels", "SolarPV_Area(sqm)": 13.6144522597 }, "geometry": { "type": "Polygon", "coordinates": [ [ [ 73.210596304707707, 33.684890639688042 ], [ 73.210634954123805, 33.684824650880408 ], [ 73.2106511374094, 33.684831275218095 ], [ 73.210612488020899, 33.684897263129528 ], [ 73.210596304707707, 33.684890639688042 ] ] ] } },
{ "type": "Feature", "id": 85, "properties": { "FID": 85, "class": "solar_panels", "SolarPV_Area(sqm)": 13.8321904799 }, "geometry": { "type": "Polygon", "coordinates": [ [ [ 73.210618513663675, 33.684902203724732 ], [ 73.210657598397361, 33.684833999260043 ], [ 73.210673639139202, 33.684840423141246 ], [ 73.210634553336448, 33.68490862759564 ], [ 73.210618513663675, 33.684902203724732 ] ] ] } },
{ "type": "Feature", "id": 86, "properties": { "FID": 86, "class": "solar_panels", "SolarPV_Area(sqm)": 11.016838716000001 }, "geometry": { "type": "Polygon", "coordinates": [ [ [ 73.210691480309251, 33.684998713633547 ], [ 73.210672847782405, 33.684991960942284 ], [ 73.210697947852864, 33.684943558715446 ], [ 73.210716579293191, 33.684950311387077 ], [ 73.210691480309251, 33.684998713633547 ] ] ] } },
{ "type": "Feature", "id": 87, "properties": { "FID": 87, "class": "solar_panels", "SolarPV_Area(sqm)": 2.8690129769800001 }, "geometry": { "type": "Polygon", "coordinates": [ [ [ 73.210695873159921, 33.685001295898594 ], [ 73.210704058128485, 33.684987094383224 ], [ 73.210720001886187, 33.68499351505055 ], [ 73.210711817979231, 33.685007717484133 ], [ 73.210695873159921, 33.685001295898594 ] ] ] } },
{ "type": "Feature", "id": 88, "properties": { "FID": 88, "class": "solar_panels", "SolarPV_Area(sqm)": 3.1162906960100001 }, "geometry": { "type": "Polygon", "coordinates": [ [ [ 73.210712951559344, 33.684970926454191 ], [ 73.210722156530451, 33.684954143522482 ], [ 73.210737076052069, 33.684959862205346 ], [ 73.210727872161499, 33.684976645153853 ], [ 73.210712951559344, 33.684970926454191 ] ] ] } },
{ "type": "Feature", "id": 89, "properties": { "FID": 89, "class": "solar_panels", "SolarPV_Area(sqm)": 2.9059567135900002 }, "geometry": { "type": "Polygon", "coordinates": [ [ [ 73.210717358288775, 33.685011978326294 ], [ 73.210724935007775, 33.684998603036306 ], [ 73.210742192703208, 33.685005435902845 ], [ 73.210734616004871, 33.685018810292462 ], [ 73.210717358288775, 33.685011978326294 ] ] ] } },
{ "type": "Feature", "id": 90, "properties": { "FID": 90, "class": "solar_panels", "SolarPV_Area(sqm)": 3.0104942636100001 }, "geometry": { "type": "Polygon", "coordinates": [ [ [ 73.210735785118203, 33.684978586747498 ], [ 73.210743757263344, 33.684964608490418 ], [ 73.210760821445305, 33.684971409694882 ], [ 73.210752850380544, 33.68498538796873 ], [ 73.210735785118203, 33.684978586747498 ] ] ] } },
{ "type": "Feature", "id": 91, "properties": { "FID": 91, "class": "solar_panels", "SolarPV_Area(sqm)": 9.3709117971100007 }, "geometry": { "type": "Polygon", "coordinates": [ [ [ 73.210738655942905, 33.685021297267618 ], [ 73.210766765146573, 33.684973017966563 ], [ 73.210782025092755, 33.684979226725723 ], [ 73.210753915895282, 33.685027506030423 ], [ 73.210738655942905, 33.685021297267618 ] ] ] } },
{ "type": "Feature", "id": 92, "properties": { "FID": 92, "class": "solar_panels", "SolarPV_Area(sqm)": 14.544558626800001 }, "geometry": { "type": "Polygon", "coordinates": [ [ [ 73.211189147806792, 33.685143033963293 ], [ 73.211232217940008, 33.685068896580248 ], [ 73.211247654711968, 33.685075163752728 ], [ 73.211204584588401, 33.685149301141422 ], [ 73.211189147806792, 33.685143033963293 ] ] ] } },
{ "type": "Feature", "id": 93, "properties": { "FID": 93, "class": "solar_panels", "SolarPV_Area(sqm)": 13.0725082689 }, "geometry": { "type": "Polygon", "coordinates": [ [ [ 73.211216388251856, 33.685149637085594 ], [ 73.211253412738543, 33.685081152805523 ], [ 73.211268826334205, 33.685086976871887 ], [ 73.211231801856826, 33.685155461156818 ], [ 73.211216388251856, 33.685149637085594 ] ] ] } },
{ "type": "Feature", "id": 94, "properties": { "FID": 94, "class": "solar_panels", "SolarPV_Area(sqm)": 20.999187946799999 }, "geometry": { "type": "Polygon", "coordinates": [ [ [ 73.211313872689061, 33.685266071823634 ], [ 73.211371924109741, 33.685154323058406 ], [ 73.21138729851917, 33.685159904869153 ], [ 73.211329246035575, 33.68527165362643 ], [ 73.211313872689061, 33.685266071823634 ] ] ] } },
{ "type": "Feature", "id": 95, "properties": { "FID": 95, "class": "solar_panels", "SolarPV_Area(sqm)": 21.715086336700001 }, "geometry": { "type": "Polygon", "coordinates": [ [ [ 73.211336279515919, 33.68527371771313 ], [ 73.211393867354758, 33.68516622488098 ], [ 73.211410230435959, 33.685172351243168 ], [ 73.211352641534333, 33.685279844067743 ], [ 73.211336279515919, 33.68527371771313 ] ] ] } },
{ "type": "Feature", "id": 96, "properties": { "FID": 96, "class": "solar_panels", "SolarPV_Area(sqm)": 4.86158178217 }, "geometry": { "type": "Polygon", "coordinates": [ [ [ 73.20908963957109, 33.68351051713001 ], [ 73.209094617498906, 33.683503348102541 ], [ 73.209143938388735, 33.683527287223328 ], [ 73.209138960463434, 33.683534456252865 ], [ 73.20908963957109, 33.68351051713001 ] ] ] } },
{ "type": "Feature", "id": 97, "properties": { "FID": 97, "class": "solar_panels", "SolarPV_Area(sqm)": 4.0558654243700003 }, "geometry": { "type": "Polygon", "coordinates": [ [ [ 73.209100180551715, 33.683496259698842 ], [ 73.209104574118783, 33.683490377137559 ], [ 73.20915281102107, 33.683515560309395 ], [ 73.20914841745585, 33.683521442872447 ], [ 73.209100180551715, 33.683496259698842 ] ] ] } },
{ "type": "Feature", "id": 98, "properties": { "FID": 98, "class": "solar_panels", "SolarPV_Area(sqm)": 3.82065562373 }, "geometry": { "type": "Polygon", "coordinates": [ [ [ 73.209109378567234, 33.683484239020068 ], [ 73.20911358838373, 33.683478686546827 ], [ 73.209161321288391, 33.683503985951035 ], [ 73.209157110413926, 33.683509537508826 ], [ 73.209109378567234, 33.683484239020068 ] ] ] } },
{ "type": "Feature", "id": 99, "properties": { "FID": 99, "class": "solar_panels", "SolarPV_Area(sqm)": 19.794988235600002 }, "geometry": { "type": "Polygon", "coordinates": [ [ [ 73.209179330013598, 33.683577662613573 ], [ 73.209148434537425, 33.683560973902665 ], [ 73.209182405430099, 33.68351702004545 ], [ 73.2092133008979, 33.683533708747674 ], [ 73.209179330013598, 33.683577662613573 ] ] ] } },
{ "type": "Feature", "id": 100, "properties": { "FID": 100, "class": "solar_panels", "SolarPV_Area(sqm)": 12.5009626061 }, "geometry": { "type": "Polygon", "coordinates": [ [ [ 73.209490714834061, 33.683444943395237 ], [ 73.209501059325248, 33.683429130236647 ], [ 73.209560235113557, 33.683456186958466 ], [ 73.209549889569871, 33.683471999205089 ], [ 73.209490714834061, 33.683444943395237 ] ] ] } },
{ "type": "Feature", "id": 101, "properties": { "FID": 101, "class": "solar_panels", "SolarPV_Area(sqm)": 6.6192177993500003 }, "geometry": { "type": "Polygon", "coordinates": [ [ [ 73.209457671219326, 33.682928331450022 ], [ 73.209443228660248, 33.682922208325863 ], [ 73.209464731402548, 33.682886757686248 ], [ 73.209479173957433, 33.682892880807785 ], [ 73.209457671219326, 33.682928331450022 ] ] ] } },
{ "type": "Feature", "id": 102, "properties": { "FID": 102, "class": "solar_panels", "SolarPV_Area(sqm)": 10.9396606609 }, "geometry": { "type": "Polygon", "coordinates": [ [ [ 73.209464639899338, 33.682930648097297 ], [ 73.209493524424687, 33.682875929063655 ], [ 73.209509796719033, 33.682881932615004 ], [ 73.209480911123308, 33.682936651637064 ], [ 73.209464639899338, 33.682930648097297 ] ] ] } },
{ "type": "Feature", "id": 103, "properties": { "FID": 103, "class": "solar_panels", "SolarPV_Area(sqm)": 9.7051371220899991 }, "geometry": { "type": "Polygon", "coordinates": [ [ [ 73.209485846027349, 33.682941748713908 ], [ 73.20951427122975, 33.68288894468489 ], [ 73.209529133622368, 33.682894536432066 ], [ 73.209500708426916, 33.682947340464693 ], [ 73.209485846027349, 33.682941748713908 ] ] ] } },
{ "type": "Feature", "id": 104, "properties": { "FID": 104, "class": "solar_panels", "SolarPV_Area(sqm)": 9.6315202230299999 }, "geometry": { "type": "Polygon", "coordinates": [ [ [ 73.209507200180724, 33.682951641300171 ], [ 73.209535333036911, 33.682899930480303 ], [ 73.209550340828883, 33.68290563705326 ], [ 73.209522206901156, 33.682957347861105 ], [ 73.209507200180724, 33.682951641300171 ] ] ] } },
{ "type": "Feature", "id": 105, "properties": { "FID": 105, "class": "solar_panels", "SolarPV_Area(sqm)": 8.7497169346699994 }, "geometry": { "type": "Polygon", "coordinates": [ [ [ 73.20953078801297, 33.682956188114211 ], [ 73.209557303386603, 33.68290866510128 ], [ 73.209572007513259, 33.682914398832445 ], [ 73.209545492126963, 33.682961922750181 ], [ 73.20953078801297, 33.682956188114211 ] ] ] } },
{ "type": "Feature", "id": 106, "properties": { "FID": 106, "class": "solar_panels", "SolarPV_Area(sqm)": 3.56148890974 }, "geometry": { "type": "Polygon", "coordinates": [ [ [ 73.209553791765089, 33.682967210168094 ], [ 73.209564599061096, 33.682948217764185 ], [ 73.209579468811867, 33.682954131543184 ], [ 73.209568661518261, 33.682973123948479 ], [ 73.209553791765089, 33.682967210168094 ] ] ] } },
{ "type": "Feature", "id": 107, "properties": { "FID": 107, "class": "solar_panels", "SolarPV_Area(sqm)": 3.5142959094799999 }, "geometry": { "type": "Polygon", "coordinates": [ [ [ 73.209574736185544, 33.682976731588631 ], [ 73.209585747515845, 33.682958823359336 ], [ 73.20960084163103, 33.682965309402945 ], [ 73.209589831381251, 33.682983217649252 ], [ 73.209574736185544, 33.682976731588631 ] ] ] } },
{ "type": "Feature", "id": 108, "properties": { "FID": 108, "class": "solar_panels", "SolarPV_Area(sqm)": 3.2994823043700001 }, "geometry": { "type": "Polygon", "coordinates": [ [ [ 73.209595831269667, 33.682986686234159 ], [ 73.209606882950155, 33.682969692980201 ], [ 73.209621456436011, 33.682976317562293 ], [ 73.209610403697766, 33.682993309900496 ], [ 73.209595831269667, 33.682986686234159 ] ] ] } },
{ "type": "Feature", "id": 109, "properties": { "FID": 109, "class": "solar_panels", "SolarPV_Area(sqm)": 5.9622839260699996 }, "geometry": { "type": "Polygon", "coordinates": [ [ [ 73.20971375161416, 33.683080508053941 ], [ 73.209724778198961, 33.68306555692957 ], [ 73.209752874926636, 33.68308003889166 ], [ 73.209741848325933, 33.683094990920118 ], [ 73.20971375161416, 33.683080508053941 ] ] ] } },
{ "type": "Feature", "id": 110, "properties": { "FID": 110, "class": "solar_panels", "SolarPV_Area(sqm)": 5.69183031732 }, "geometry": { "type": "Polygon", "coordinates": [ [ [ 73.209727491909135, 33.683062082067693 ], [ 73.209738918174907, 33.683047207071937 ], [ 73.209765262606723, 33.683061350723868 ], [ 73.209753836343367, 33.683076225722111 ], [ 73.209727491909135, 33.683062082067693 ] ] ] } },
{ "type": "Feature", "id": 111, "properties": { "FID": 111, "class": "solar_panels", "SolarPV_Area(sqm)": 6.1952376090100003 }, "geometry": { "type": "Polygon", "coordinates": [ [ [ 73.209736533948828, 33.683037913169535 ], [ 73.209746411323323, 33.683023970698706 ], [ 73.209778399806638, 33.683039808500332 ], [ 73.209768522435255, 33.683053750973805 ], [ 73.209736533948828, 33.683037913169535 ] ] ] } },
{ "type": "Feature", "id": 112, "properties": { "FID": 112, "class": "solar_panels", "SolarPV_Area(sqm)": 5.4195719605699999 }, "geometry": { "type": "Polygon", "coordinates": [ [ [ 73.209750365611853, 33.68301965803682 ], [ 73.209759940590544, 33.683006461453282 ], [ 73.209789134095644, 33.683021265902092 ], [ 73.20977955804122, 33.683034462472321 ], [ 73.209750365611853, 33.68301965803682 ] ] ] } },
{ "type": "Feature", "id": 113, "properties": { "FID": 113, "class": "solar_panels", "SolarPV_Area(sqm)": 7.01850435337 }, "geometry": { "type": "Polygon", "coordinates": [ [ [ 73.209762052285299, 33.683105735197216 ], [ 73.209772636783313, 33.683091764195822 ], [ 73.209807501661572, 33.68311022453279 ], [ 73.20979691716667, 33.683124195537253 ], [ 73.209762052285299, 33.683105735197216 ] ] ] } },
{ "type": "Feature", "id": 114, "properties": { "FID": 114, "class": "solar_panels", "SolarPV_Area(sqm)": 6.4825317011200001 }, "geometry": { "type": "Polygon", "coordinates": [ [ [ 73.20977626759381, 33.683087237635391 ], [ 73.209786816668753, 33.683073101997621 ], [ 73.209818916909427, 33.683089845881661 ], [ 73.209808366777779, 33.683103980605118 ], [ 73.20977626759381, 33.683087237635391 ] ] ] } },
{ "type": "Feature", "id": 115, "properties": { "FID": 115, "class": "solar_panels", "SolarPV_Area(sqm)": 6.14190101218 }, "geometry": { "type": "Polygon", "coordinates": [ [ [ 73.209793316956791, 33.683067056059485 ], [ 73.209804341370926, 33.683052260902059 ], [ 73.209833424256701, 33.683067407311185 ], [ 73.209822399864052, 33.683082201569782 ], [ 73.209793316956791, 33.683067056059485 ] ] ] } },
{ "type": "Feature", "id": 116, "properties": { "FID": 116, "class": "solar_panels", "SolarPV_Area(sqm)": 6.5823716983100002 }, "geometry": { "type": "Polygon", "coordinates": [ [ [ 73.209806875040186, 33.683050549992259 ], [ 73.209818501436544, 33.683034657989694 ], [ 73.209847813038806, 33.68304964629337 ], [ 73.209836186645575, 33.68306553829877 ], [ 73.209806875040186, 33.683050549992259 ] ] ] } },
{ "type": "Feature", "id": 117, "properties": { "FID": 117, "class": "solar_panels", "SolarPV_Area(sqm)": 12.3774243005 }, "geometry": { "type": "Polygon", "coordinates": [ [ [ 73.20961812063868, 33.682860292875169 ], [ 73.209633874463591, 33.682838709232932 ], [ 73.209674509430016, 33.682859437310576 ], [ 73.209658755610988, 33.682881020958135 ], [ 73.20961812063868, 33.682860292875169 ] ] ] } },
{ "type": "Feature", "id": 118, "properties": { "FID": 118, "class": "solar_panels", "SolarPV_Area(sqm)": 29.837984455099999 }, "geometry": { "type": "Polygon", "coordinates": [ [ [ 73.209638824193505, 33.682825769361088 ], [ 73.20967430544016, 33.682779177028003 ], [ 73.209718618723869, 33.682802761993877 ], [ 73.209683137490217, 33.682849354339986 ], [ 73.209638824193505, 33.682825769361088 ] ] ] } },
{ "type": "Feature", "id": 119, "properties": { "FID": 119, "class": "solar_panels", "SolarPV_Area(sqm)": 23.434124117900001 }, "geometry": { "type": "Polygon", "coordinates": [ [ [ 73.209785778803067, 33.682953095041093 ], [ 73.209803608722964, 33.682929757765962 ], [ 73.209827958310385, 33.682942514434309 ], [ 73.209837077145039, 33.682930350972455 ], [ 73.209812317812677, 33.682917379158127 ], [ 73.209820105439746, 33.682906990924494 ], [ 73.209862354127864, 33.682929125637777 ], [ 73.209827858901392, 33.682975141655263 ], [ 73.209785778803067, 33.682953095041093 ] ] ] } },
{ "type": "Feature", "id": 120, "properties": { "FID": 120, "class": "solar_panels", "SolarPV_Area(sqm)": 53.361696437100001 }, "geometry": { "type": "Polygon", "coordinates": [ [ [ 73.209986742795238, 33.68281340878513 ], [ 73.209874267373678, 33.682754298515064 ], [ 73.209899131198199, 33.682721232077533 ], [ 73.210011607692834, 33.682780341438544 ], [ 73.209986742795238, 33.68281340878513 ] ] ] } },
{ "type": "Feature", "id": 121, "properties": { "FID": 121, "class": "solar_panels", "SolarPV_Area(sqm)": 35.159307345599998 }, "geometry": { "type": "Polygon", "coordinates": [ [ [ 73.209918697615151, 33.682695661017824 ], [ 73.209952827327157, 33.682645675502656 ], [ 73.210004416357165, 33.68267029371075 ], [ 73.209970287742294, 33.68272027925628 ], [ 73.209918697615151, 33.682695661017824 ] ] ] } },
{ "type": "Feature", "id": 122, "properties": { "FID": 122, "class": "solar_panels", "SolarPV_Area(sqm)": 5.9104093752500004 }, "geometry": { "type": "Polygon", "coordinates": [ [ [ 73.210101186590094, 33.68246694493714 ], [ 73.210111447940662, 33.68245481874682 ], [ 73.210143035439629, 33.682473498425757 ], [ 73.210132774072349, 33.682485625520265 ], [ 73.210101186590094, 33.68246694493714 ] ] ] } },
{ "type": "Feature", "id": 123, "properties": { "FID": 123, "class": "solar_panels", "SolarPV_Area(sqm)": 4.7876823554300003 }, "geometry": { "type": "Polygon", "coordinates": [ [ [ 73.210150875269846, 33.68249451408898 ], [ 73.210159407401008, 33.682483330438032 ], [ 73.21018899805226, 33.682499109044031 ], [ 73.210180464844839, 33.682510292681457 ], [ 73.210150875269846, 33.68249451408898 ] ] ] } },
{ "type": "Feature", "id": 124, "properties": { "FID": 124, "class": "solar_panels", "SolarPV_Area(sqm)": 3.0079355186600001 }, "geometry": { "type": "Polygon", "coordinates": [ [ [ 73.210172029640148, 33.682479231717963 ], [ 73.210180416084995, 33.682467999062794 ], [ 73.210199155733548, 33.68247777790161 ], [ 73.210190770387072, 33.682489009672203 ], [ 73.210172029640148, 33.682479231717963 ] ] ] } },
{ "type": "Feature", "id": 125, "properties": { "FID": 125, "class": "solar_panels", "SolarPV_Area(sqm)": 7.9617879883200002 }, "geometry": { "type": "Polygon", "coordinates": [ [ [ 73.210193483744462, 33.682510266679124 ], [ 73.210228693642506, 33.682486006133551 ], [ 73.210241602373742, 33.68249910015416 ], [ 73.210206392473651, 33.682523360703307 ], [ 73.210193483744462, 33.682510266679124 ] ] ] } },
{ "type": "Feature", "id": 126, "properties": { "FID": 126, "class": "solar_panels", "SolarPV_Area(sqm)": 7.7739167089099999 }, "geometry": { "type": "Polygon", "coordinates": [ [ [ 73.210225201047692, 33.68252830615949 ], [ 73.210261167908115, 33.682501508175363 ], [ 73.210273655458593, 33.682513221796654 ], [ 73.21023768859682, 33.682540019784334 ], [ 73.210225201047692, 33.68252830615949 ] ] ] } },
{ "type": "Feature", "id": 127, "properties": { "FID": 127, "class": "solar_panels", "SolarPV_Area(sqm)": 39.389722768799999 }, "geometry": { "type": "Polygon", "coordinates": [ [ [ 73.210220497295396, 33.682365835932643 ], [ 73.210227602357321, 33.682355692080364 ], [ 73.21024928054949, 33.682366705621178 ], [ 73.210260361545082, 33.682351462157747 ], [ 73.210242483378039, 33.682342378447473 ], [ 73.210248430858385, 33.682334012341435 ], [ 73.210339200259412, 33.682382917229909 ], [ 73.210328942032703, 33.682397028276434 ], [ 73.210316661387026, 33.682390788683918 ], [ 73.210311642714828, 33.682397693858384 ], [ 73.210334743794263, 33.682409430475083 ], [ 73.210327073685477, 33.6824199827646 ], [ 73.210220497295396, 33.682365835932643 ] ] ] } },
{ "type": "Feature", "id": 128, "properties": { "FID": 128, "class": "solar_panels", "SolarPV_Area(sqm)": 15.601750605499999 }, "geometry": { "type": "Polygon", "coordinates": [ [ [ 73.210062067498583, 33.68211673930162 ], [ 73.210072703567249, 33.682101676975684 ], [ 73.210147397835343, 33.682138541339874 ], [ 73.210136761793237, 33.682153602770946 ], [ 73.210062067498583, 33.68211673930162 ] ] ] } },
{ "type": "Feature", "id": 129, "properties": { "FID": 129, "class": "solar_panels", "SolarPV_Area(sqm)": 13.362940277 }, "geometry": { "type": "Polygon", "coordinates": [ [ [ 73.210074077382615, 33.682098209744339 ], [ 73.210083279738654, 33.682085133078033 ], [ 73.210157099918007, 33.682121442809255 ], [ 73.210147897587461, 33.682134518579737 ], [ 73.210074077382615, 33.682098209744339 ] ] ] } },
{ "type": "Feature", "id": 130, "properties": { "FID": 130, "class": "solar_panels", "SolarPV_Area(sqm)": 25.5213691991 }, "geometry": { "type": "Polygon", "coordinates": [ [ [ 73.210304321684902, 33.682014644840223 ], [ 73.210243287789339, 33.681984428822197 ], [ 73.210256357883708, 33.681950238271732 ], [ 73.210317391760526, 33.681980454282815 ], [ 73.210304321684902, 33.682014644840223 ] ] ] } },
{ "type": "Feature", "id": 131, "properties": { "FID": 131, "class": "solar_panels", "SolarPV_Area(sqm)": 7.02961979088 }, "geometry": { "type": "Polygon", "coordinates": [ [ [ 73.210428954331803, 33.682149773114162 ], [ 73.21041365343801, 33.682144159793772 ], [ 73.210433318213717, 33.682106699357803 ], [ 73.210448619083692, 33.682112313577093 ], [ 73.210428954331803, 33.682149773114162 ] ] ] } },
{ "type": "Feature", "id": 132, "properties": { "FID": 132, "class": "solar_panels", "SolarPV_Area(sqm)": 6.8555250497899998 }, "geometry": { "type": "Polygon", "coordinates": [ [ [ 73.210405227313075, 33.682138054501237 ], [ 73.21039074123189, 33.682132108506259 ], [ 73.210412518803025, 33.682095026762681 ], [ 73.210427003801385, 33.682100972739363 ], [ 73.210405227313075, 33.682138054501237 ] ] ] } },
{ "type": "Feature", "id": 133, "properties": { "FID": 133, "class": "solar_panels", "SolarPV_Area(sqm)": 12.752788670799999 }, "geometry": { "type": "Polygon", "coordinates": [ [ [ 73.210444617442477, 33.682156593736387 ], [ 73.210454198138308, 33.682139676481896 ], [ 73.210511039548422, 33.682168744136561 ], [ 73.210501458860037, 33.682185661395657 ], [ 73.210444617442477, 33.682156593736387 ] ] ] } },
{ "type": "Feature", "id": 134, "properties": { "FID": 134, "class": "solar_panels", "SolarPV_Area(sqm)": 3.7359024006500001 }, "geometry": { "type": "Polygon", "coordinates": [ [ [ 73.210499545578386, 33.682106541416921 ], [ 73.210511228842535, 33.682088517484758 ], [ 73.210526141913405, 33.682096605037238 ], [ 73.210514458651119, 33.682114628970851 ], [ 73.210499545578386, 33.682106541416921 ] ] ] } },
{ "type": "Feature", "id": 135, "properties": { "FID": 135, "class": "solar_panels", "SolarPV_Area(sqm)": 6.3646930152700003 }, "geometry": { "type": "Polygon", "coordinates": [ [ [ 73.210516781054352, 33.682128053865824 ], [ 73.210535896268766, 33.682094155551376 ], [ 73.210550834442614, 33.682100043150697 ], [ 73.210531718154215, 33.682133941451958 ], [ 73.210516781054352, 33.682128053865824 ] ] ] } },
{ "type": "Feature", "id": 136, "properties": { "FID": 136, "class": "solar_panels", "SolarPV_Area(sqm)": 5.9358827983499998 }, "geometry": { "type": "Polygon", "coordinates": [ [ [ 73.210538937889069, 33.682137154425035 ], [ 73.210556447645075, 33.682104525085599 ], [ 73.210571173334415, 33.682110047995707 ], [ 73.210553663563971, 33.682142678238854 ], [ 73.210538937889069, 33.682137154425035 ] ] ] } },
{ "type": "Feature", "id": 137, "properties": { "FID": 137, "class": "solar_panels", "SolarPV_Area(sqm)": 6.9038868795099999 }, "geometry": { "type": "Polygon", "coordinates": [ [ [ 73.209644305258763, 33.683889778598491 ], [ 73.209629250730643, 33.683882156002916 ], [ 73.209652886936951, 33.683849530836099 ], [ 73.209667942521406, 33.683857154345858 ], [ 73.209644305258763, 33.683889778598491 ] ] ] } },
{ "type": "Feature", "id": 138, "properties": { "FID": 138, "class": "solar_panels", "SolarPV_Area(sqm)": 8.8573290357100003 }, "geometry": { "type": "Polygon", "coordinates": [ [ [ 73.209660809411631, 33.683894806173427 ], [ 73.209672291652083, 33.683874533116644 ], [ 73.209705494372528, 33.683890922384442 ], [ 73.20969401321571, 33.683911195460091 ], [ 73.209660809411631, 33.683894806173427 ] ] ] } },
{ "type": "Feature", "id": 139, "properties": { "FID": 139, "class": "solar_panels", "SolarPV_Area(sqm)": 10.838447990500001 }, "geometry": { "type": "Polygon", "coordinates": [ [ [ 73.209741334745758, 33.683849192171451 ], [ 73.209721711137547, 33.683839687212263 ], [ 73.209749578717592, 33.683799478161575 ], [ 73.209769203379793, 33.68380898403332 ], [ 73.209741334745758, 33.683849192171451 ] ] ] } },
{ "type": "Feature", "id": 140, "properties": { "FID": 140, "class": "solar_panels", "SolarPV_Area(sqm)": 9.4365885007900001 }, "geometry": { "type": "Polygon", "coordinates": [ [ [ 73.209747192868363, 33.683851905719372 ], [ 73.209775027340427, 33.683812252573674 ], [ 73.209792241593902, 33.683820697299481 ], [ 73.209764406048308, 33.683860350433548 ], [ 73.209747192868363, 33.683851905719372 ] ] ] } },
{ "type": "Feature", "id": 141, "properties": { "FID": 141, "class": "solar_panels", "SolarPV_Area(sqm)": 9.7678070085400002 }, "geometry": { "type": "Polygon", "coordinates": [ [ [ 73.209773037017797, 33.683866206244168 ], [ 73.209802971797103, 33.683824934196124 ], [ 73.209819799214529, 33.683833463489108 ], [ 73.209789864421225, 33.683874736442853 ], [ 73.209773037017797, 33.683866206244168 ] ] ] } },
{ "type": "Feature", "id": 142, "properties": { "FID": 142, "class": "solar_panels", "SolarPV_Area(sqm)": 9.3860713005100003 }, "geometry": { "type": "Polygon", "coordinates": [ [ [ 73.209799101863993, 33.683878863334272 ], [ 73.209829583221861, 33.68383734580371 ], [ 73.209845551418212, 33.683845539809298 ], [ 73.209815070064764, 33.683887057343895 ], [ 73.209799101863993, 33.683878863334272 ] ] ] } },
{ "type": "Feature", "id": 143, "properties": { "FID": 143, "class": "solar_panels", "SolarPV_Area(sqm)": 10.1009781383 }, "geometry": { "type": "Polygon", "coordinates": [ [ [ 73.209826216336964, 33.683892297623011 ], [ 73.209853740856644, 33.683853285633383 ], [ 73.209872420266763, 33.683862496439886 ], [ 73.209844895752184, 33.68390150843382 ], [ 73.209826216336964, 33.683892297623011 ] ] ] } },
{ "type": "Feature", "id": 144, "properties": { "FID": 144, "class": "solar_panels", "SolarPV_Area(sqm)": 17.241666136300001 }, "geometry": { "type": "Polygon", "coordinates": [ [ [ 73.20998113179661, 33.683804892314605 ], [ 73.210033230123457, 33.683732034110392 ], [ 73.210050183851138, 33.683740506587448 ], [ 73.209998085532831, 33.683813364799022 ], [ 73.20998113179661, 33.683804892314605 ] ] ] } },
{ "type": "Feature", "id": 145, "properties": { "FID": 145, "class": "solar_panels", "SolarPV_Area(sqm)": 17.4062682484 }, "geometry": { "type": "Polygon", "coordinates": [ [ [ 73.210001565413037, 33.683815494698088 ], [ 73.210052991971182, 33.68374366468624 ], [ 73.210070341566805, 33.683752345794197 ], [ 73.21001891393891, 33.683824175797859 ], [ 73.210001565413037, 33.683815494698088 ] ] ] } },
{ "type": "Feature", "id": 146, "properties": { "FID": 146, "class": "solar_panels", "SolarPV_Area(sqm)": 16.191110833300002 }, "geometry": { "type": "Polygon", "coordinates": [ [ [ 73.210025323212548, 33.683825591559156 ], [ 73.210074457193031, 33.683756017005955 ], [ 73.210091237967191, 33.683764299403869 ], [ 73.210042103994894, 33.683833873963962 ], [ 73.210025323212548, 33.683825591559156 ] ] ] } },
{ "type": "Feature", "id": 147, "properties": { "FID": 147, "class": "solar_panels", "SolarPV_Area(sqm)": 7.3982006381499996 }, "geometry": { "type": "Polygon", "coordinates": [ [ [ 73.210088458275109, 33.683331818234471 ], [ 73.210072103436133, 33.683325107477422 ], [ 73.210092913491692, 33.68328965841409 ], [ 73.210109268325823, 33.683296369168275 ], [ 73.210088458275109, 33.683331818234471 ] ] ] } },
{ "type": "Feature", "id": 148, "properties": { "FID": 148, "class": "solar_panels", "SolarPV_Area(sqm)": 7.1136348079499996 }, "geometry": { "type": "Polygon", "coordinates": [ [ [ 73.210106227420411, 33.683340498201183 ], [ 73.210090587274308, 33.683333341507137 ], [ 73.210112869471786, 33.683299308804934 ], [ 73.21012850961381, 33.683306465496052 ], [ 73.210106227420411, 33.683340498201183 ] ] ] } },
{ "type": "Feature", "id": 149, "properties": { "FID": 149, "class": "solar_panels", "SolarPV_Area(sqm)": 6.9343083273600001 }, "geometry": { "type": "Polygon", "coordinates": [ [ [ 73.210113393259704, 33.683344962072873 ], [ 73.210135219279124, 33.683312433218042 ], [ 73.210150987184463, 33.683319827118879 ], [ 73.210129162247213, 33.683352355992213 ], [ 73.210113393259704, 33.683344962072873 ] ] ] } },
{ "type": "Feature", "id": 150, "properties": { "FID": 150, "class": "solar_panels", "SolarPV_Area(sqm)": 6.850849088 }, "geometry": { "type": "Polygon", "coordinates": [ [ [ 73.210138602264763, 33.683360185745848 ], [ 73.210160550127171, 33.683324224720302 ], [ 73.210175248638933, 33.683330494851695 ], [ 73.210153300780831, 33.683366455879963 ], [ 73.210138602264763, 33.683360185745848 ] ] ] } },
{ "type": "Feature", "id": 151, "properties": { "FID": 151, "class": "solar_panels", "SolarPV_Area(sqm)": 49.0806695789 }, "geometry": { "type": "Polygon", "coordinates": [ [ [ 73.210307246327076, 33.683507856942455 ], [ 73.210224324350648, 33.683465553929388 ], [ 73.210254695938033, 33.683419115551551 ], [ 73.210338025589692, 33.683461836557818 ], [ 73.210330716616767, 33.683472862995252 ], [ 73.210317456740825, 33.683466033886987 ], [ 73.210302753699054, 33.683485530817947 ], [ 73.210317712357593, 33.683493719154662 ], [ 73.210307246327076, 33.683507856942455 ] ] ] } },
{ "type": "Feature", "id": 152, "properties": { "FID": 152, "class": "solar_panels", "SolarPV_Area(sqm)": 9.2159486539100008 }, "geometry": { "type": "Polygon", "coordinates": [ [ [ 73.210349712604582, 33.683501821618897 ], [ 73.21036420323334, 33.683483465046557 ], [ 73.210398213198886, 33.683502228454529 ], [ 73.210383722592525, 33.683520584129425 ], [ 73.210349712604582, 33.683501821618897 ] ] ] } },
{ "type": "Feature", "id": 153, "properties": { "FID": 153, "class": "solar_panels", "SolarPV_Area(sqm)": 13.241571782399999 }, "geometry": { "type": "Polygon", "coordinates": [ [ [ 73.210426085298963, 33.683236912818266 ], [ 73.210436055982058, 33.683223824715064 ], [ 73.210506049780037, 33.683261088802197 ], [ 73.210496079102711, 33.683274176911212 ], [ 73.210426085298963, 33.683236912818266 ] ] ] } },
{ "type": "Feature", "id": 154, "properties": { "FID": 154, "class": "solar_panels", "SolarPV_Area(sqm)": 12.7916954258 }, "geometry": { "type": "Polygon", "coordinates": [ [ [ 73.210433179716389, 33.683217501334425 ], [ 73.210442180662483, 33.683205506553684 ], [ 73.210516598303229, 33.68324452914073 ], [ 73.210507598422566, 33.68325652484414 ], [ 73.210433179716389, 33.683217501334425 ] ] ] } },
{ "type": "Feature", "id": 155, "properties": { "FID": 155, "class": "solar_panels", "SolarPV_Area(sqm)": 5.6878661065899996 }, "geometry": { "type": "Polygon", "coordinates": [ [ [ 73.210444292977286, 33.68320138180686 ], [ 73.210454674789716, 33.683187505200173 ], [ 73.210483325496696, 33.683202485585312 ], [ 73.210472943686852, 33.683216362194464 ], [ 73.210444292977286, 33.68320138180686 ] ] ] } },
{ "type": "Feature", "id": 156, "properties": { "FID": 156, "class": "solar_panels", "SolarPV_Area(sqm)": 5.5395483139600001 }, "geometry": { "type": "Polygon", "coordinates": [ [ [ 73.210455659912199, 33.683185201025623 ], [ 73.210465500379669, 33.683172149809458 ], [ 73.210495038540515, 33.683187716571787 ], [ 73.210485198094219, 33.683200766888859 ], [ 73.210455659912199, 33.683185201025623 ] ] ] } },
{ "type": "Feature", "id": 157, "properties": { "FID": 157, "class": "solar_panels", "SolarPV_Area(sqm)": 36.486577558599997 }, "geometry": { "type": "Polygon", "coordinates": [ [ [ 73.210615715333304, 33.683007813385046 ], [ 73.210615752560699, 33.682964639984 ], [ 73.210697932985951, 33.682964690478251 ], [ 73.210697895799655, 33.68300786388064 ], [ 73.210615715333304, 33.683007813385046 ] ] ] } },
{ "type": "Feature", "id": 158, "properties": { "FID": 158, "class": "solar_panels", "SolarPV_Area(sqm)": 37.019383273899997 }, "geometry": { "type": "Polygon", "coordinates": [ [ [ 73.210554081090123, 33.682581315935401 ], [ 73.210576951153968, 33.682549658794841 ], [ 73.210660271037241, 33.682591726555096 ], [ 73.210637402051034, 33.682623384628627 ], [ 73.210554081090123, 33.682581315935401 ] ] ] } },
{ "type": "Feature", "id": 159, "properties": { "FID": 159, "class": "solar_panels", "SolarPV_Area(sqm)": 29.4760112652 }, "geometry": { "type": "Polygon", "coordinates": [ [ [ 73.210809657998965, 33.682425375035969 ], [ 73.210809263519948, 33.682401779974107 ], [ 73.210921826512092, 33.682400505575963 ], [ 73.210922442424646, 33.682437361637994 ], [ 73.21087638084083, 33.68243786054817 ], [ 73.210875871432833, 33.68240736980546 ], [ 73.210851731659176, 33.682407651437764 ], [ 73.210852031880961, 33.682425645155369 ], [ 73.210809657998965, 33.682425375035969 ] ] ] } },
{ "type": "Feature", "id": 160, "properties": { "FID": 160, "class": "solar_panels", "SolarPV_Area(sqm)": 6.44146202665 }, "geometry": { "type": "Polygon", "coordinates": [ [ [ 73.210324869109158, 33.684308474358573 ], [ 73.21034294292221, 33.684282745451071 ], [ 73.210361045608082, 33.684291633113702 ], [ 73.21034297071995, 33.684317362008308 ], [ 73.210324869109158, 33.684308474358573 ] ] ] } },
{ "type": "Feature", "id": 161, "properties": { "FID": 161, "class": "solar_panels", "SolarPV_Area(sqm)": 19.983737921500001 }, "geometry": { "type": "Polygon", "coordinates": [ [ [ 73.210347964851934, 33.684316850013566 ], [ 73.21040549552049, 33.68423456933234 ], [ 73.210423099305444, 33.684243171112236 ], [ 73.2103655675688, 33.684325451786307 ], [ 73.210347964851934, 33.684316850013566 ] ] ] } },
{ "type": "Feature", "id": 162, "properties": { "FID": 162, "class": "solar_panels", "SolarPV_Area(sqm)": 18.275120638499999 }, "geometry": { "type": "Polygon", "coordinates": [ [ [ 73.210371276267409, 33.684327570679322 ], [ 73.210427899317295, 33.684245258803557 ], [ 73.210444107231041, 33.684253082874442 ], [ 73.210387484190775, 33.684335394757895 ], [ 73.210371276267409, 33.684327570679322 ] ] ] } },
{ "type": "Feature", "id": 163, "properties": { "FID": 163, "class": "solar_panels", "SolarPV_Area(sqm)": 18.9733483246 }, "geometry": { "type": "Polygon", "coordinates": [ [ [ 73.210392626801152, 33.684337919360473 ], [ 73.210448120598201, 33.684257318001173 ], [ 73.210465410451647, 33.684265453522443 ], [ 73.210409916683474, 33.684346053988271 ], [ 73.210392626801152, 33.684337919360473 ] ] ] } },
{ "type": "Feature", "id": 164, "properties": { "FID": 164, "class": "solar_panels", "SolarPV_Area(sqm)": 65.019211905700004 }, "geometry": { "type": "Polygon", "coordinates": [ [ [ 73.210568102432603, 33.684225731210191 ], [ 73.21060342004904, 33.68416174566034 ], [ 73.210680154416835, 33.684201761198366 ], [ 73.210646291059419, 33.684265426966853 ], [ 73.210568102432603, 33.684225731210191 ] ] ] } },
{ "type": "Feature", "id": 165, "properties": { "FID": 165, "class": "solar_panels", "SolarPV_Area(sqm)": 19.782629350800001 }, "geometry": { "type": "Polygon", "coordinates": [ [ [ 73.210718425020346, 33.684006631017844 ], [ 73.210728756278883, 33.683992438039766 ], [ 73.210827664986695, 33.684042759930513 ], [ 73.210817332659261, 33.684056952901493 ], [ 73.210718425020346, 33.684006631017844 ] ] ] } },
{ "type": "Feature", "id": 166, "properties": { "FID": 166, "class": "solar_panels", "SolarPV_Area(sqm)": 6.9372507379300004 }, "geometry": { "type": "Polygon", "coordinates": [ [ [ 73.210736508739444, 33.683988378748253 ], [ 73.210745907676937, 33.683975867588352 ], [ 73.210784577200371, 33.683996170066671 ], [ 73.210775179363026, 33.684008680343723 ], [ 73.210736508739444, 33.683988378748253 ] ] ] } },
{ "type": "Feature", "id": 167, "properties": { "FID": 167, "class": "solar_panels", "SolarPV_Area(sqm)": 5.2326119989900004 }, "geometry": { "type": "Polygon", "coordinates": [ [ [ 73.210799867163161, 33.684021482304566 ], [ 73.210809598250123, 33.684008766740305 ], [ 73.210837992600233, 33.684023953446385 ], [ 73.21082826151553, 33.68403666901294 ], [ 73.210799867163161, 33.684021482304566 ] ] ] } },
{ "type": "Feature", "id": 168, "properties": { "FID": 168, "class": "solar_panels", "SolarPV_Area(sqm)": 16.536786999299999 }, "geometry": { "type": "Polygon", "coordinates": [ [ [ 73.210872219526593, 33.68408681360917 ], [ 73.210861905758421, 33.684080903743727 ], [ 73.210873683728622, 33.684065815509918 ], [ 73.210854909052273, 33.684055572752158 ], [ 73.210842938271341, 33.684070907981365 ], [ 73.210828882312896, 33.68406324047546 ], [ 73.210854432839113, 33.68403050843402 ], [ 73.210897732371265, 33.684054129708421 ], [ 73.210872219526593, 33.68408681360917 ] ] ] } },
{ "type": "Feature", "id": 169, "properties": { "FID": 169, "class": "solar_panels", "SolarPV_Area(sqm)": 10.060871456 }, "geometry": { "type": "Polygon", "coordinates": [ [ [ 73.21081040015396, 33.683572763703935 ], [ 73.210822823585744, 33.683555778483907 ], [ 73.210864748751405, 33.683577208404955 ], [ 73.210852325324396, 33.683594193629297 ], [ 73.21081040015396, 33.683572763703935 ] ] ] } },
{ "type": "Feature", "id": 170, "properties": { "FID": 170, "class": "solar_panels", "SolarPV_Area(sqm)": 9.0225417283099993 }, "geometry": { "type": "Polygon", "coordinates": [ [ [ 73.210826155766014, 33.683550930144861 ], [ 73.210837617908197, 33.683535515406845 ], [ 73.210878670244412, 33.683556849719274 ], [ 73.210867208087677, 33.683572265362706 ], [ 73.210826155766014, 33.683550930144861 ] ] ] } },
{ "type": "Feature", "id": 171, "properties": { "FID": 171, "class": "solar_panels", "SolarPV_Area(sqm)": 6.1166339493499997 }, "geometry": { "type": "Polygon", "coordinates": [ [ [ 73.210885091361121, 33.68352162046741 ], [ 73.210895593787868, 33.683507960191243 ], [ 73.210926406025834, 33.683524517410639 ], [ 73.210915903601702, 33.683538177689492 ], [ 73.210885091361121, 33.68352162046741 ] ] ] } },
{ "type": "Feature", "id": 172, "properties": { "FID": 172, "class": "solar_panels", "SolarPV_Area(sqm)": 11.1879345572 }, "geometry": { "type": "Polygon", "coordinates": [ [ [ 73.210896691667443, 33.683504118328422 ], [ 73.210908445631716, 33.683488154124205 ], [ 73.210957869868267, 33.683513585549896 ], [ 73.210946115909252, 33.683529549758916 ], [ 73.210896691667443, 33.683504118328422 ] ] ] } },
{ "type": "Feature", "id": 173, "properties": { "FID": 173, "class": "solar_panels", "SolarPV_Area(sqm)": 36.0420203969 }, "geometry": { "type": "Polygon", "coordinates": [ [ [ 73.2108883617624, 33.683606735199113 ], [ 73.210899722899939, 33.683591405562282 ], [ 73.21090461297041, 33.683594039206838 ], [ 73.210926094165771, 33.683566167354925 ], [ 73.210947448749963, 33.683577668456998 ], [ 73.210982626284903, 33.683532024515877 ], [ 73.210994214596482, 33.683538265741703 ], [ 73.210972723425897, 33.683566151889956 ], [ 73.210980266532616, 33.683570215380328 ], [ 73.210933417801314, 33.683631003215567 ], [ 73.2108883617624, 33.683606735199113 ] ] ] } },
{ "type": "Feature", "id": 174, "properties": { "FID": 174, "class": "solar_panels", "SolarPV_Area(sqm)": 7.4238052905999998 }, "geometry": { "type": "Polygon", "coordinates": [ [ [ 73.211110215021023, 33.683633909786685 ], [ 73.211119555890164, 33.683621437432883 ], [ 73.211161136618159, 33.683643201331989 ], [ 73.211151794674009, 33.683655673673393 ], [ 73.211110215021023, 33.683633909786685 ] ] ] } },
{ "type": "Feature", "id": 175, "properties": { "FID": 175, "class": "solar_panels", "SolarPV_Area(sqm)": 7.6674719593400003 }, "geometry": { "type": "Polygon", "coordinates": [ [ [ 73.211121902093154, 33.683613051600872 ], [ 73.211130506127702, 33.683601156528908 ], [ 73.211176404084981, 33.683624359938527 ], [ 73.211167800054156, 33.683636255013759 ], [ 73.211121902093154, 33.683613051600872 ] ] ] } },
{ "type": "Feature", "id": 176, "properties": { "FID": 176, "class": "solar_panels", "SolarPV_Area(sqm)": 7.448827492 }, "geometry": { "type": "Polygon", "coordinates": [ [ [ 73.211046331377631, 33.683601277623723 ], [ 73.21105584675108, 33.68358850480783 ], [ 73.211096707321076, 33.683609779460625 ], [ 73.211087191951023, 33.683622552279751 ], [ 73.211046331377631, 33.683601277623723 ] ] ] } },
{ "type": "Feature", "id": 177, "properties": { "FID": 177, "class": "solar_panels", "SolarPV_Area(sqm)": 7.1887654099900002 }, "geometry": { "type": "Polygon", "coordinates": [ [ [ 73.211060257337692, 33.683584137391158 ], [ 73.211070992272013, 33.683570551706467 ], [ 73.211106816106479, 33.683590335839149 ], [ 73.211096081193745, 33.683603920625508 ], [ 73.211060257337692, 33.683584137391158 ] ] ] } },
{ "type": "Feature", "id": 178, "properties": { "FID": 178, "class": "solar_panels", "SolarPV_Area(sqm)": 15.2152848097 }, "geometry": { "type": "Polygon", "coordinates": [ [ [ 73.211113866445814, 33.683565184825781 ], [ 73.211122777255056, 33.68355264402188 ], [ 73.211209986120551, 33.683595950861914 ], [ 73.211201075318925, 33.683608491672288 ], [ 73.211113866445814, 33.683565184825781 ] ] ] } },
{ "type": "Feature", "id": 179, "properties": { "FID": 179, "class": "solar_panels", "SolarPV_Area(sqm)": 5.72810808934 }, "geometry": { "type": "Polygon", "coordinates": [ [ [ 73.211129647911363, 33.683549440337714 ], [ 73.211139553230282, 33.683535599156038 ], [ 73.211169189043048, 33.683550421412669 ], [ 73.211159283726957, 33.683564262596782 ], [ 73.211129647911363, 33.683549440337714 ] ] ] } },
{ "type": "Feature", "id": 180, "properties": { "FID": 180, "class": "solar_panels", "SolarPV_Area(sqm)": 5.5830173465500001 }, "geometry": { "type": "Polygon", "coordinates": [ [ [ 73.211175449137443, 33.683573875063324 ], [ 73.211184264534737, 33.683561409523556 ], [ 73.211216536996972, 33.683577360185602 ], [ 73.211207721602491, 33.683589825727751 ], [ 73.211175449137443, 33.683573875063324 ] ] ] } },
{ "type": "Feature", "id": 181, "properties": { "FID": 181, "class": "solar_panels", "SolarPV_Area(sqm)": 16.5750061904 }, "geometry": { "type": "Polygon", "coordinates": [ [ [ 73.2111392865704, 33.683531028742024 ], [ 73.211149929583172, 33.68351667251094 ], [ 73.211231042343329, 33.683558701629408 ], [ 73.211220399338231, 33.68357305786769 ], [ 73.2111392865704, 33.683531028742024 ] ] ] } },
{ "type": "Feature", "id": 182, "properties": { "FID": 182, "class": "solar_panels", "SolarPV_Area(sqm)": 18.0247518772 }, "geometry": { "type": "Polygon", "coordinates": [ [ [ 73.211005043085621, 33.683261699749821 ], [ 73.211029435218862, 33.683226709092374 ], [ 73.211066827382609, 33.683244927031346 ], [ 73.211042436337053, 33.683279917712042 ], [ 73.211005043085621, 33.683261699749821 ] ] ] } },
{ "type": "Feature", "id": 183, "properties": { "FID": 183, "class": "solar_panels", "SolarPV_Area(sqm)": 12.1984807915 }, "geometry": { "type": "Polygon", "coordinates": [ [ [ 73.21110382290388, 33.68332747765141 ], [ 73.211084708120282, 33.683318558309068 ], [ 73.211116300122853, 33.683271241024215 ], [ 73.211135413840012, 33.683280159444386 ], [ 73.21110382290388, 33.68332747765141 ] ] ] } },
{ "type": "Feature", "id": 184, "properties": { "FID": 184, "class": "solar_panels", "SolarPV_Area(sqm)": 14.576626688199999 }, "geometry": { "type": "Polygon", "coordinates": [ [ [ 73.211131083827411, 33.683200880939353 ], [ 73.211142886066895, 33.683182738738267 ], [ 73.211203182016149, 33.683210153571814 ], [ 73.211191379785049, 33.683228295778882 ], [ 73.211131083827411, 33.683200880939353 ] ] ] } },
{ "type": "Feature", "id": 185, "properties": { "FID": 185, "class": "solar_panels", "SolarPV_Area(sqm)": 30.050567268000002 }, "geometry": { "type": "Polygon", "coordinates": [ [ [ 73.211082822961473, 33.683142422046693 ], [ 73.211094542452145, 33.683124629439568 ], [ 73.211220564201312, 33.683182639828587 ], [ 73.211208844708949, 33.683200433349619 ], [ 73.211082822961473, 33.683142422046693 ] ] ] } },
{ "type": "Feature", "id": 186, "properties": { "FID": 186, "class": "solar_panels", "SolarPV_Area(sqm)": 11.8359240773 }, "geometry": { "type": "Polygon", "coordinates": [ [ [ 73.210984907541587, 33.684596368093068 ], [ 73.211016610748914, 33.684545741171441 ], [ 73.211034454358014, 33.684553550979956 ], [ 73.211002752254927, 33.684604177020468 ], [ 73.210984907541587, 33.684596368093068 ] ] ] } },
{ "type": "Feature", "id": 187, "properties": { "FID": 187, "class": "solar_panels", "SolarPV_Area(sqm)": 5.2839376701000003 }, "geometry": { "type": "Polygon", "coordinates": [ [ [ 73.211008953767973, 33.684609115634942 ], [ 73.211024855281508, 33.684584777254962 ], [ 73.211041115803596, 33.684592202527966 ], [ 73.211025214293088, 33.684616540910113 ], [ 73.211008953767973, 33.684609115634942 ] ] ] } },
{ "type": "Feature", "id": 188, "properties": { "FID": 188, "class": "solar_panels", "SolarPV_Area(sqm)": 3.7815991752499998 }, "geometry": { "type": "Polygon", "coordinates": [ [ [ 73.211027945068565, 33.684576271438587 ], [ 73.211040602165042, 33.684556864731377 ], [ 73.211055208769267, 33.684563522994544 ], [ 73.211042552772014, 33.684582928817427 ], [ 73.211027945068565, 33.684576271438587 ] ] ] } },
{ "type": "Feature", "id": 189, "properties": { "FID": 189, "class": "solar_panels", "SolarPV_Area(sqm)": 5.4080907411499997 }, "geometry": { "type": "Polygon", "coordinates": [ [ [ 73.211029654028096, 33.684618525970194 ], [ 73.211044834153199, 33.684594331342986 ], [ 73.211061525277458, 33.684602371542368 ], [ 73.211046345136722, 33.684626567073195 ], [ 73.211029654028096, 33.684618525970194 ] ] ] } },
{ "type": "Feature", "id": 190, "properties": { "FID": 190, "class": "solar_panels", "SolarPV_Area(sqm)": 4.4002553687899999 }, "geometry": { "type": "Polygon", "coordinates": [ [ [ 73.211047409759544, 33.684585287840562 ], [ 73.211060126516216, 33.684565500547535 ], [ 73.211076907877441, 33.684573037963375 ], [ 73.211064188966617, 33.684592825226943 ], [ 73.211047409759544, 33.684585287840562 ] ] ] } },
{ "type": "Feature", "id": 191, "properties": { "FID": 191, "class": "solar_panels", "SolarPV_Area(sqm)": 11.4118753648 }, "geometry": { "type": "Polygon", "coordinates": [ [ [ 73.211049901193562, 33.684630229248285 ], [ 73.211081961585847, 33.684577772384863 ], [ 73.211098736628728, 33.684584938177977 ], [ 73.211066677321938, 33.684637395061571 ], [ 73.211049901193562, 33.684630229248285 ] ] ] } },
{ "type": "Feature", "id": 192, "properties": { "FID": 192, "class": "solar_panels", "SolarPV_Area(sqm)": 33.070705637099998 }, "geometry": { "type": "Polygon", "coordinates": [ [ [ 73.211147455956748, 33.684645932262619 ], [ 73.211173559590904, 33.684600877395873 ], [ 73.211229037431082, 33.684628320753319 ], [ 73.21120293273799, 33.684673375616669 ], [ 73.211147455956748, 33.684645932262619 ] ] ] } },
{ "type": "Feature", "id": 193, "properties": { "FID": 193, "class": "solar_panels", "SolarPV_Area(sqm)": 39.7205631048 }, "geometry": { "type": "Polygon", "coordinates": [ [ [ 73.211003997110083, 33.684386632758937 ], [ 73.211034448796283, 33.684339709300858 ], [ 73.211096624011049, 33.68437074315171 ], [ 73.21106617232752, 33.684417667527136 ], [ 73.211003997110083, 33.684386632758937 ] ] ] } },
{ "type": "Feature", "id": 194, "properties": { "FID": 194, "class": "solar_panels", "SolarPV_Area(sqm)": 6.2136113315900001 }, "geometry": { "type": "Polygon", "coordinates": [ [ [ 73.211218771839384, 33.684552713081224 ], [ 73.211238297978426, 33.68451961327888 ], [ 73.211252981846201, 33.684525666649662 ], [ 73.211233455711195, 33.68455876645443 ], [ 73.211218771839384, 33.684552713081224 ] ] ] } },
{ "type": "Feature", "id": 195, "properties": { "FID": 195, "class": "solar_panels", "SolarPV_Area(sqm)": 5.2893931395799996 }, "geometry": { "type": "Polygon", "coordinates": [ [ [ 73.211240170786567, 33.6845606807506 ], [ 73.211258986053394, 33.684528570711997 ], [ 73.211271904825068, 33.684533860876286 ], [ 73.211253089561708, 33.68456597091695 ], [ 73.211240170786567, 33.6845606807506 ] ] ] } },
{ "type": "Feature", "id": 196, "properties": { "FID": 196, "class": "solar_panels", "SolarPV_Area(sqm)": 5.8736891599199996 }, "geometry": { "type": "Polygon", "coordinates": [ [ [ 73.211258908953326, 33.684569361061371 ], [ 73.2112774163122, 33.68453815915047 ], [ 73.211292109125509, 33.684544249618675 ], [ 73.21127360175177, 33.684575452433386 ], [ 73.211258908953326, 33.684569361061371 ] ] ] } },
{ "type": "Feature", "id": 197, "properties": { "FID": 197, "class": "solar_panels", "SolarPV_Area(sqm)": 5.3432967189399996 }, "geometry": { "type": "Polygon", "coordinates": [ [ [ 73.211280962273293, 33.684580263533668 ], [ 73.211300024148159, 33.684550047164791 ], [ 73.211313477604151, 33.684555979009502 ], [ 73.211294416810873, 33.684586195396164 ], [ 73.211280962273293, 33.684580263533668 ] ] ] } },
{ "type": "Feature", "id": 198, "properties": { "FID": 198, "class": "solar_panels", "SolarPV_Area(sqm)": 4.8996095390800001 }, "geometry": { "type": "Polygon", "coordinates": [ [ [ 73.211320275636453, 33.68459194886146 ], [ 73.211325238551225, 33.684585238525329 ], [ 73.211376605730891, 33.68461178816257 ], [ 73.211371642818364, 33.684618498500818 ], [ 73.211320275636453, 33.68459194886146 ] ] ] } },
{ "type": "Feature", "id": 199, "properties": { "FID": 199, "class": "solar_panels", "SolarPV_Area(sqm)": 5.0220042495300001 }, "geometry": { "type": "Polygon", "coordinates": [ [ [ 73.211328757752469, 33.684578184452249 ], [ 73.211333809605691, 33.684571346450703 ], [ 73.211385506058676, 33.68459803882228 ], [ 73.211380453129408, 33.68460487681039 ], [ 73.211328757752469, 33.684578184452249 ] ] ] } },
{ "type": "Feature", "id": 200, "properties": { "FID": 200, "class": "solar_panels", "SolarPV_Area(sqm)": 41.760440312100002 }, "geometry": { "type": "Polygon", "coordinates": [ [ [ 73.211113871239462, 33.684337626599032 ], [ 73.211146061661523, 33.68429117286167 ], [ 73.211211514205431, 33.684322870020196 ], [ 73.211179324864844, 33.684369324692277 ], [ 73.211113871239462, 33.684337626599032 ] ] ] } },
{ "type": "Feature", "id": 201, "properties": { "FID": 201, "class": "solar_panels", "SolarPV_Area(sqm)": 8.0812002004599996 }, "geometry": { "type": "Polygon", "coordinates": [ [ [ 73.211431492976828, 33.684421720087919 ], [ 73.211451706347404, 33.684383402650937 ], [ 73.211468876237163, 33.684389732761097 ], [ 73.21144866179408, 33.684428050185431 ], [ 73.211431492976828, 33.684421720087919 ] ] ] } },
{ "type": "Feature", "id": 202, "properties": { "FID": 202, "class": "solar_panels", "SolarPV_Area(sqm)": 2.2174382287099998 }, "geometry": { "type": "Polygon", "coordinates": [ [ [ 73.211456606716268, 33.684434226896975 ], [ 73.21146354300825, 33.684421557387189 ], [ 73.211477615078593, 33.684426942681334 ], [ 73.211470678806847, 33.684439611290465 ], [ 73.211456606716268, 33.684434226896975 ] ] ] } },
{ "type": "Feature", "id": 203, "properties": { "FID": 203, "class": "solar_panels", "SolarPV_Area(sqm)": 1.2168091992800001 }, "geometry": { "type": "Polygon", "coordinates": [ [ [ 73.21146982458113, 33.684403262187729 ], [ 73.211474706871826, 33.684396381145369 ], [ 73.211487427627844, 33.684402690123164 ], [ 73.211482545356418, 33.684409570264549 ], [ 73.21146982458113, 33.684403262187729 ] ] ] } },
{ "type": "Feature", "id": 204, "properties": { "FID": 204, "class": "solar_panels", "SolarPV_Area(sqm)": 5.8219587203799996 }, "geometry": { "type": "Polygon", "coordinates": [ [ [ 73.211482071606639, 33.684443842306678 ], [ 73.211496365397295, 33.684409782072628 ], [ 73.211511165644907, 33.684414122836998 ], [ 73.211496871859211, 33.684448183072924 ], [ 73.211482071606639, 33.684443842306678 ] ] ] } },
{ "type": "Feature", "id": 205, "properties": { "FID": 205, "class": "solar_panels", "SolarPV_Area(sqm)": 19.9966474117 }, "geometry": { "type": "Polygon", "coordinates": [ [ [ 73.211310837282625, 33.684038540666684 ], [ 73.211332528042718, 33.684001906596094 ], [ 73.211375161979589, 33.68401954836466 ], [ 73.211353472310805, 33.684056182458704 ], [ 73.211310837282625, 33.684038540666684 ] ] ] } },
{ "type": "Feature", "id": 206, "properties": { "FID": 206, "class": "solar_panels", "SolarPV_Area(sqm)": 21.2384498662 }, "geometry": { "type": "Polygon", "coordinates": [ [ [ 73.211369434313966, 33.68412591552503 ], [ 73.211421997806198, 33.684048521250311 ], [ 73.211442177826783, 33.684058098926279 ], [ 73.211389614327345, 33.684135494111359 ], [ 73.211369434313966, 33.68412591552503 ] ] ] } },
{ "type": "Feature", "id": 207, "properties": { "FID": 207, "class": "solar_panels", "SolarPV_Area(sqm)": 4.1218755600700003 }, "geometry": { "type": "Polygon", "coordinates": [ [ [ 73.211395404880292, 33.684138661094913 ], [ 73.211406551724949, 33.684124354521408 ], [ 73.21142622289355, 33.684135064667338 ], [ 73.211415074953578, 33.684149372128523 ], [ 73.211395404880292, 33.684138661094913 ] ] ] } },
{ "type": "Feature", "id": 208, "properties": { "FID": 208, "class": "solar_panels", "SolarPV_Area(sqm)": 3.72634797116 }, "geometry": { "type": "Polygon", "coordinates": [ [ [ 73.211421565726454, 33.684101452376048 ], [ 73.211433040497923, 33.684086103595263 ], [ 73.211450017476395, 33.684094973899612 ], [ 73.211438542706617, 33.684110322682031 ], [ 73.211421565726454, 33.684101452376048 ] ] ] } },
{ "type": "Feature", "id": 209, "properties": { "FID": 209, "class": "solar_panels", "SolarPV_Area(sqm)": 19.248303364800002 }, "geometry": { "type": "Polygon", "coordinates": [ [ [ 73.211420083463636, 33.684148842262907 ], [ 73.211472480283717, 33.684073660295184 ], [ 73.211491067181626, 33.684082713515181 ], [ 73.211438670371507, 33.684157895491055 ], [ 73.211420083463636, 33.684148842262907 ] ] ] } },
{ "type": "Feature", "id": 210, "properties": { "FID": 210, "class": "solar_panels", "SolarPV_Area(sqm)": 2.67750617562 }, "geometry": { "type": "Polygon", "coordinates": [ [ [ 73.2114415555817, 33.68406871364472 ], [ 73.211449016966824, 33.684059073561151 ], [ 73.211468055911425, 33.684069372358422 ], [ 73.21146059562443, 33.684079011557287 ], [ 73.2114415555817, 33.68406871364472 ] ] ] } },
{ "type": "Feature", "id": 211, "properties": { "FID": 211, "class": "solar_panels", "SolarPV_Area(sqm)": 12.995103139499999 }, "geometry": { "type": "Polygon", "coordinates": [ [ [ 73.211635470407472, 33.684118688002933 ], [ 73.211645027509761, 33.684104940935022 ], [ 73.211713739451952, 33.684138325329542 ], [ 73.211704182337741, 33.684152073304446 ], [ 73.211635470407472, 33.684118688002933 ] ] ] } },
{ "type": "Feature", "id": 212, "properties": { "FID": 212, "class": "solar_panels", "SolarPV_Area(sqm)": 11.4627551594 }, "geometry": { "type": "Polygon", "coordinates": [ [ [ 73.211645995101136, 33.684097649720513 ], [ 73.211654795088592, 33.684085250655549 ], [ 73.211721287921662, 33.684118230490668 ], [ 73.211712487939948, 33.684130629560492 ], [ 73.211645995101136, 33.684097649720513 ] ] ] } },
{ "type": "Feature", "id": 213, "properties": { "FID": 213, "class": "solar_panels", "SolarPV_Area(sqm)": 30.3735301426 }, "geometry": { "type": "Polygon", "coordinates": [ [ [ 73.211660956313082, 33.683969287726228 ], [ 73.211684241841525, 33.683920957300664 ], [ 73.21173393764532, 33.683944653745272 ], [ 73.211710652137256, 33.683992984180726 ], [ 73.211660956313082, 33.683969287726228 ] ] ] } },
{ "type": "Feature", "id": 214, "properties": { "FID": 214, "class": "solar_panels", "SolarPV_Area(sqm)": 59.505800821900003 }, "geometry": { "type": "Polygon", "coordinates": [ [ [ 73.211667979306554, 33.683754331263351 ], [ 73.211550989275324, 33.683699757049631 ], [ 73.21157697659801, 33.683659042411122 ], [ 73.21166849758032, 33.683701865789544 ], [ 73.211661573111996, 33.683714125180543 ], [ 73.211686423198941, 33.683725760623453 ], [ 73.211667979306554, 33.683754331263351 ] ] ] } },
{ "type": "Feature", "id": 215, "properties": { "FID": 215, "class": "solar_panels", "SolarPV_Area(sqm)": 24.0768856529 }, "geometry": { "type": "Polygon", "coordinates": [ [ [ 73.21167707106332, 33.68358614337567 ], [ 73.211686417052107, 33.683572846835446 ], [ 73.211817300719787, 33.683637141997316 ], [ 73.211807953646257, 33.683650439433627 ], [ 73.21167707106332, 33.68358614337567 ] ] ] } },
{ "type": "Feature", "id": 216, "properties": { "FID": 216, "class": "solar_panels", "SolarPV_Area(sqm)": 20.9265139446 }, "geometry": { "type": "Polygon", "coordinates": [ [ [ 73.211818225808059, 33.683629193678257 ], [ 73.211689063433539, 33.683567099401301 ], [ 73.211697207799233, 33.683555259856028 ], [ 73.211826370162697, 33.683617354124188 ], [ 73.211818225808059, 33.683629193678257 ] ] ] } },
{ "type": "Feature", "id": 217, "properties": { "FID": 217, "class": "solar_panels", "SolarPV_Area(sqm)": 8.9784224708899991 }, "geometry": { "type": "Polygon", "coordinates": [ [ [ 73.211658093994927, 33.684896825468478 ], [ 73.211682035109163, 33.684850603860639 ], [ 73.211697941943896, 33.684856361970517 ], [ 73.211674000836311, 33.684902583581618 ], [ 73.211658093994927, 33.684896825468478 ] ] ] } },
{ "type": "Feature", "id": 218, "properties": { "FID": 218, "class": "solar_panels", "SolarPV_Area(sqm)": 7.4449527997100002 }, "geometry": { "type": "Polygon", "coordinates": [ [ [ 73.211681156489007, 33.684903175026612 ], [ 73.21170396550589, 33.6848611455761 ], [ 73.211718250563479, 33.684866563685645 ], [ 73.211695441551868, 33.684908593138935 ], [ 73.211681156489007, 33.684903175026612 ] ] ] } },
{ "type": "Feature", "id": 219, "properties": { "FID": 219, "class": "solar_panels", "SolarPV_Area(sqm)": 2.2205971399600002 }, "geometry": { "type": "Polygon", "coordinates": [ [ [ 73.211703703540906, 33.684909151902865 ], [ 73.211711226260221, 33.684897802941514 ], [ 73.211725783754204, 33.68490454608397 ], [ 73.211718261036154, 33.684915895046245 ], [ 73.211703703540906, 33.684909151902865 ] ] ] } },
{ "type": "Feature", "id": 220, "properties": { "FID": 220, "class": "solar_panels", "SolarPV_Area(sqm)": 1.6862359787300001 }, "geometry": { "type": "Polygon", "coordinates": [ [ [ 73.211718630550948, 33.68487889184378 ], [ 73.211725999576913, 33.684868400943039 ], [ 73.211737621857978, 33.684874106943745 ], [ 73.211730252832865, 33.684884597845212 ], [ 73.211718630550948, 33.68487889184378 ] ] ] } },
{ "type": "Feature", "id": 221, "properties": { "FID": 221, "class": "solar_panels", "SolarPV_Area(sqm)": 6.5123837024100002 }, "geometry": { "type": "Polygon", "coordinates": [ [ [ 73.211724202181401, 33.684917575376517 ], [ 73.211745962765605, 33.684880958481379 ], [ 73.211759834058199, 33.684886719580739 ], [ 73.211738073478188, 33.684923336478406 ], [ 73.211724202181401, 33.684917575376517 ] ] ] } },
{ "type": "Feature", "id": 222, "properties": { "FID": 222, "class": "solar_panels", "SolarPV_Area(sqm)": 15.2883140883 }, "geometry": { "type": "Polygon", "coordinates": [ [ [ 73.211825716140396, 33.684586067076211 ], [ 73.211834323778461, 33.68457451918966 ], [ 73.211927057992213, 33.684622825567573 ], [ 73.211918450361125, 33.684634373460746 ], [ 73.211825716140396, 33.684586067076211 ] ] ] } },
{ "type": "Feature", "id": 223, "properties": { "FID": 223, "class": "solar_panels", "SolarPV_Area(sqm)": 13.875390296699999 }, "geometry": { "type": "Polygon", "coordinates": [ [ [ 73.211836882323212, 33.684568899434929 ], [ 73.211844535639898, 33.684558221466219 ], [ 73.211937513964386, 33.684604792761164 ], [ 73.211929860635863, 33.684615471637294 ], [ 73.211836882323212, 33.684568899434929 ] ] ] } },
{ "type": "Feature", "id": 224, "properties": { "FID": 224, "class": "solar_panels", "SolarPV_Area(sqm)": 7.2084576716399997 }, "geometry": { "type": "Polygon", "coordinates": [ [ [ 73.211853168690851, 33.684523364147616 ], [ 73.211874816574465, 33.684488014380996 ], [ 73.211890528591113, 33.684494739045917 ], [ 73.211868880730677, 33.684530087913927 ], [ 73.211853168690851, 33.684523364147616 ] ] ] } },
{ "type": "Feature", "id": 225, "properties": { "FID": 225, "class": "solar_panels", "SolarPV_Area(sqm)": 2.3630727297899998 }, "geometry": { "type": "Polygon", "coordinates": [ [ [ 73.211888056450491, 33.684507176516227 ], [ 73.211895484476827, 33.684497271705212 ], [ 73.211912138757029, 33.684506000208138 ], [ 73.211904710731773, 33.684515905020184 ], [ 73.211888056450491, 33.684507176516227 ] ] ] } },
{ "type": "Feature", "id": 226, "properties": { "FID": 226, "class": "solar_panels", "SolarPV_Area(sqm)": 3.0113915412800001 }, "geometry": { "type": "Polygon", "coordinates": [ [ [ 73.211900601898876, 33.68454533696432 ], [ 73.211910367433447, 33.684529443079064 ], [ 73.211924945674568, 33.684535703150253 ], [ 73.211915180141872, 33.684551597036716 ], [ 73.211900601898876, 33.68454533696432 ] ] ] } },
{ "type": "Feature", "id": 227, "properties": { "FID": 227, "class": "solar_panels", "SolarPV_Area(sqm)": 5.91107328914 }, "geometry": { "type": "Polygon", "coordinates": [ [ [ 73.211920359837549, 33.684556812988831 ], [ 73.211940954089741, 33.68452290882373 ], [ 73.211954432428072, 33.684528630847552 ], [ 73.211933838179604, 33.684562535015012 ], [ 73.211920359837549, 33.684556812988831 ] ] ] } },
{ "type": "Feature", "id": 228, "properties": { "FID": 228, "class": "solar_panels", "SolarPV_Area(sqm)": 39.728020850500002 }, "geometry": { "type": "Polygon", "coordinates": [ [ [ 73.212080634518003, 33.684770104081728 ], [ 73.212022587734211, 33.68474251480523 ], [ 73.212056793673341, 33.684692217807289 ], [ 73.212114840435731, 33.684719807067175 ], [ 73.212080634518003, 33.684770104081728 ] ] ] } },
{ "type": "Feature", "id": 229, "properties": { "FID": 229, "class": "solar_panels", "SolarPV_Area(sqm)": 44.3214487742 }, "geometry": { "type": "Polygon", "coordinates": [ [ [ 73.211304578137273, 33.682133140529984 ], [ 73.211328640708572, 33.682084565301729 ], [ 73.211402810922763, 33.682113949277301 ], [ 73.21137874840224, 33.682162523619404 ], [ 73.211304578137273, 33.682133140529984 ] ] ] } },
{ "type": "Feature", "id": 230, "properties": { "FID": 230, "class": "solar_panels", "SolarPV_Area(sqm)": 26.11365422 }, "geometry": { "type": "Polygon", "coordinates": [ [ [ 73.21169170415574, 33.682425073614382 ], [ 73.21172740947091, 33.682360466580739 ], [ 73.211759799237697, 33.682372976746137 ], [ 73.211724093922044, 33.682437584691129 ], [ 73.21169170415574, 33.682425073614382 ] ] ] } },
{ "type": "Feature", "id": 231, "properties": { "FID": 231, "class": "solar_panels", "SolarPV_Area(sqm)": 11.2019831673 }, "geometry": { "type": "Polygon", "coordinates": [ [ [ 73.211775606356895, 33.68248878428124 ], [ 73.21182097264591, 33.682446964070088 ], [ 73.211835264842634, 33.682457800087363 ], [ 73.211789898554372, 33.682499620303723 ], [ 73.211775606356895, 33.68248878428124 ] ] ] } },
{ "type": "Feature", "id": 232, "properties": { "FID": 232, "class": "solar_panels", "SolarPV_Area(sqm)": 10.1433969536 }, "geometry": { "type": "Polygon", "coordinates": [ [ [ 73.211798000645857, 33.682502732353775 ], [ 73.211841358046129, 33.6824612969681 ], [ 73.211854843083913, 33.682471159113199 ], [ 73.211811485684706, 33.682512594503585 ], [ 73.211798000645857, 33.682502732353775 ] ] ] } },
{ "type": "Feature", "id": 233, "properties": { "FID": 233, "class": "solar_panels", "SolarPV_Area(sqm)": 3.0364726813099998 }, "geometry": { "type": "Polygon", "coordinates": [ [ [ 73.21098843041392, 33.681456160169468 ], [ 73.210993650306236, 33.681448283968876 ], [ 73.211022332392091, 33.681461571157683 ], [ 73.211017111423146, 33.681469447343936 ], [ 73.21098843041392, 33.681456160169468 ] ] ] } },
{ "type": "Feature", "id": 234, "properties": { "FID": 234, "class": "solar_panels", "SolarPV_Area(sqm)": 2.7928924781000002 }, "geometry": { "type": "Polygon", "coordinates": [ [ [ 73.210997164029891, 33.68144133262242 ], [ 73.211001713742419, 33.68143440980478 ], [ 73.211031845953357, 33.681448249132366 ], [ 73.211027296223733, 33.681455172852665 ], [ 73.210997164029891, 33.68144133262242 ] ] ] } },
{ "type": "Feature", "id": 235, "properties": { "FID": 235, "class": "solar_panels", "SolarPV_Area(sqm)": 10.3508116391 }, "geometry": { "type": "Polygon", "coordinates": [ [ [ 73.210966120931886, 33.681399614558103 ], [ 73.210974578013548, 33.681387461259263 ], [ 73.211036455589479, 33.681417557474362 ], [ 73.211027998531861, 33.68142970987607 ], [ 73.210966120931886, 33.681399614558103 ] ] ] } },
{ "type": "Feature", "id": 236, "properties": { "FID": 236, "class": "solar_panels", "SolarPV_Area(sqm)": 10.187999187899999 }, "geometry": { "type": "Polygon", "coordinates": [ [ [ 73.210985564693814, 33.681379568473822 ], [ 73.210996058380772, 33.681365014400988 ], [ 73.211045986493659, 33.681390174427968 ], [ 73.211035492811675, 33.681404728505171 ], [ 73.210985564693814, 33.681379568473822 ] ] ] } },
{ "type": "Feature", "id": 237, "properties": { "FID": 237, "class": "solar_panels", "SolarPV_Area(sqm)": 5.9512029120100003 }, "geometry": { "type": "Polygon", "coordinates": [ [ [ 73.211004871967091, 33.68136220497356 ], [ 73.211011735741891, 33.681352557156899 ], [ 73.211056044218154, 33.6813745878246 ], [ 73.211049180446324, 33.681384235643804 ], [ 73.211004871967091, 33.68136220497356 ] ] ] } },
{ "type": "Feature", "id": 238, "properties": { "FID": 238, "class": "solar_panels", "SolarPV_Area(sqm)": 5.5210553603000001 }, "geometry": { "type": "Polygon", "coordinates": [ [ [ 73.211590542768192, 33.681702997209548 ], [ 73.211599336920145, 33.681689201216443 ], [ 73.211629644560603, 33.681702703875658 ], [ 73.211620850411919, 33.681716499871023 ], [ 73.211590542768192, 33.681702997209548 ] ] ] } },
{ "type": "Feature", "id": 239, "properties": { "FID": 239, "class": "solar_panels", "SolarPV_Area(sqm)": 4.6952346189199998 }, "geometry": { "type": "Polygon", "coordinates": [ [ [ 73.211611775300867, 33.681662255189039 ], [ 73.211619160449843, 33.681650243235346 ], [ 73.211649226679214, 33.681663162557932 ], [ 73.211641841533179, 33.681675174513508 ], [ 73.211611775300867, 33.681662255189039 ] ] ] } },
{ "type": "Feature", "id": 240, "properties": { "FID": 240, "class": "solar_panels", "SolarPV_Area(sqm)": 14.026747504499999 }, "geometry": { "type": "Polygon", "coordinates": [ [ [ 73.211667679150651, 33.681607906902229 ], [ 73.211677301019805, 33.681594403334806 ], [ 73.211751855253723, 33.681631532533196 ], [ 73.21174223341022, 33.681645035205101 ], [ 73.211667679150651, 33.681607906902229 ] ] ] } },
{ "type": "Feature", "id": 241, "properties": { "FID": 241, "class": "solar_panels", "SolarPV_Area(sqm)": 14.5434319666 }, "geometry": { "type": "Polygon", "coordinates": [ [ [ 73.211681677902192, 33.681590979555693 ], [ 73.211691411263544, 33.681576831934926 ], [ 73.211766523612312, 33.681612949303542 ], [ 73.211756790258633, 33.681627096930434 ], [ 73.211681677902192, 33.681590979555693 ] ] ] } },
{ "type": "Feature", "id": 242, "properties": { "FID": 242, "class": "solar_panels", "SolarPV_Area(sqm)": 12.249459009200001 }, "geometry": { "type": "Polygon", "coordinates": [ [ [ 73.21169379405687, 33.681716872260743 ], [ 73.211734424372182, 33.68166439044186 ], [ 73.21175042056926, 33.681673045408438 ], [ 73.211709789180787, 33.68172552721709 ], [ 73.21169379405687, 33.681716872260743 ] ] ] } },
{ "type": "Feature", "id": 243, "properties": { "FID": 243, "class": "solar_panels", "SolarPV_Area(sqm)": 3.9276531059500002 }, "geometry": { "type": "Polygon", "coordinates": [ [ [ 73.211717723515463, 33.681725277756307 ], [ 73.211729817933318, 33.681709573591164 ], [ 73.211747010901377, 33.681718827522502 ], [ 73.211734917563518, 33.681734531704976 ], [ 73.211717723515463, 33.681725277756307 ] ] ] } },
{ "type": "Feature", "id": 244, "properties": { "FID": 244, "class": "solar_panels", "SolarPV_Area(sqm)": 2.19304116615 }, "geometry": { "type": "Polygon", "coordinates": [ [ [ 73.211751598640774, 33.681681369550454 ], [ 73.211758543768369, 33.681672009631548 ], [ 73.211774995555629, 33.681680541335112 ], [ 73.211768050410356, 33.681689902156457 ], [ 73.211751598640774, 33.681681369550454 ] ] ] } },
{ "type": "Feature", "id": 245, "properties": { "FID": 245, "class": "solar_panels", "SolarPV_Area(sqm)": 14.445656309 }, "geometry": { "type": "Polygon", "coordinates": [ [ [ 73.211743144354315, 33.68173401504373 ], [ 73.211784727015527, 33.681680495531666 ], [ 73.21180318546682, 33.681690519847749 ], [ 73.211761602830322, 33.681744038464643 ], [ 73.211743144354315, 33.68173401504373 ] ] ] } },
{ "type": "Feature", "id": 246, "properties": { "FID": 246, "class": "solar_panels", "SolarPV_Area(sqm)": 8.7327088967699993 }, "geometry": { "type": "Polygon", "coordinates": [ [ [ 73.211792946196383, 33.681818209009322 ], [ 73.211802222327393, 33.681803951960468 ], [ 73.211848185520836, 33.681824854743887 ], [ 73.211838909413515, 33.681839110894806 ], [ 73.211792946196383, 33.681818209009322 ] ] ] } },
{ "type": "Feature", "id": 247, "properties": { "FID": 247, "class": "solar_panels", "SolarPV_Area(sqm)": 8.6408141682299995 }, "geometry": { "type": "Polygon", "coordinates": [ [ [ 73.211807124182329, 33.681799398646213 ], [ 73.211816649394876, 33.681785666423636 ], [ 73.211862437948412, 33.681807866121872 ], [ 73.211852912740383, 33.681821598348115 ], [ 73.211807124182329, 33.681799398646213 ] ] ] } },
{ "type": "Feature", "id": 248, "properties": { "FID": 248, "class": "solar_panels", "SolarPV_Area(sqm)": 2.6129350580600001 }, "geometry": { "type": "Polygon", "coordinates": [ [ [ 73.211816322815125, 33.681778102173183 ], [ 73.211826549799213, 33.681763661398342 ], [ 73.211839577961868, 33.681770110050493 ], [ 73.211829349900768, 33.681784550810839 ], [ 73.211816322815125, 33.681778102173183 ] ] ] } },
{ "type": "Feature", "id": 249, "properties": { "FID": 249, "class": "solar_panels", "SolarPV_Area(sqm)": 2.7839675437200002 }, "geometry": { "type": "Polygon", "coordinates": [ [ [ 73.211851179402458, 33.681795501335145 ], [ 73.211861545367086, 33.681781380893227 ], [ 73.211875471668819, 33.681788525180202 ], [ 73.21186510568684, 33.681802646524829 ], [ 73.211851179402458, 33.681795501335145 ] ] ] } },
{ "type": "Feature", "id": 250, "properties": { "FID": 250, "class": "solar_panels", "SolarPV_Area(sqm)": 10.151194627600001 }, "geometry": { "type": "Polygon", "coordinates": [ [ [ 73.211826723193909, 33.681759507658235 ], [ 73.211836544713904, 33.681745373927107 ], [ 73.211888761316473, 33.681770732670373 ], [ 73.211878939783091, 33.681784867307293 ], [ 73.211826723193909, 33.681759507658235 ] ] ] } },
{ "type": "Feature", "id": 251, "properties": { "FID": 251, "class": "solar_panels", "SolarPV_Area(sqm)": 8.9543084991100006 }, "geometry": { "type": "Polygon", "coordinates": [ [ [ 73.211847551189223, 33.681743242748709 ], [ 73.211857726906103, 33.681729662417666 ], [ 73.211904393518054, 33.681752953324377 ], [ 73.211894218902415, 33.681766532773473 ], [ 73.211847551189223, 33.681743242748709 ] ] ] } },
{ "type": "Feature", "id": 252, "properties": { "FID": 252, "class": "solar_panels", "SolarPV_Area(sqm)": 8.4771200969899994 }, "geometry": { "type": "Polygon", "coordinates": [ [ [ 73.211864022081542, 33.681727102337355 ], [ 73.211874441193515, 33.681713800567117 ], [ 73.211917812833022, 33.681737545159706 ], [ 73.21190739372453, 33.681750846933674 ], [ 73.211864022081542, 33.681727102337355 ] ] ] } },
{ "type": "Feature", "id": 253, "properties": { "FID": 253, "class": "solar_panels", "SolarPV_Area(sqm)": 12.737218262000001 }, "geometry": { "type": "Polygon", "coordinates": [ [ [ 73.212061873033178, 33.681861114605489 ], [ 73.21204498373487, 33.681852559473626 ], [ 73.212083858149668, 33.68179891770059 ], [ 73.212100748538845, 33.681807471941092 ], [ 73.212061873033178, 33.681861114605489 ] ] ] } },
{ "type": "Feature", "id": 254, "properties": { "FID": 254, "class": "solar_panels", "SolarPV_Area(sqm)": 12.027028703099999 }, "geometry": { "type": "Polygon", "coordinates": [ [ [ 73.212067668532271, 33.681862369879035 ], [ 73.212104765872127, 33.681811566396412 ], [ 73.212121536440662, 33.681820125212433 ], [ 73.212084439106505, 33.681870928700221 ], [ 73.212067668532271, 33.681862369879035 ] ] ] } },
{ "type": "Feature", "id": 255, "properties": { "FID": 255, "class": "solar_panels", "SolarPV_Area(sqm)": 12.684549989100001 }, "geometry": { "type": "Polygon", "coordinates": [ [ [ 73.212089749248264, 33.681872598975936 ], [ 73.212134558350201, 33.681813385381908 ], [ 73.212149435095483, 33.681821253085054 ], [ 73.212104625999174, 33.681880466684611 ], [ 73.212089749248264, 33.681872598975936 ] ] ] } },
{ "type": "Feature", "id": 256, "properties": { "FID": 256, "class": "solar_panels", "SolarPV_Area(sqm)": 2.70180242059 }, "geometry": { "type": "Polygon", "coordinates": [ [ [ 73.212111630482141, 33.681883450107435 ], [ 73.212121978007673, 33.681870479130971 ], [ 73.21213599721294, 33.681878295649263 ], [ 73.212125649688488, 33.68189126662692 ], [ 73.212111630482141, 33.681883450107435 ] ] ] } },
{ "type": "Feature", "id": 257, "properties": { "FID": 257, "class": "solar_panels", "SolarPV_Area(sqm)": 2.7656548818600002 }, "geometry": { "type": "Polygon", "coordinates": [ [ [ 73.212126005653374, 33.68186240707692 ], [ 73.212137378519785, 33.681849197541069 ], [ 73.212150789504562, 33.681857267670019 ], [ 73.212139416639033, 33.68187047720712 ], [ 73.212126005653374, 33.68186240707692 ] ] ] } },
{ "type": "Feature", "id": 258, "properties": { "FID": 258, "class": "solar_panels", "SolarPV_Area(sqm)": 16.665648600200001 }, "geometry": { "type": "Polygon", "coordinates": [ [ [ 73.212461513604893, 33.682082885795516 ], [ 73.212471029037872, 33.682068528454685 ], [ 73.212557388620027, 33.682108534200857 ], [ 73.212547872118037, 33.682122891532977 ], [ 73.212461513604893, 33.682082885795516 ] ] ] } },
{ "type": "Feature", "id": 259, "properties": { "FID": 259, "class": "solar_panels", "SolarPV_Area(sqm)": 5.47535921338 }, "geometry": { "type": "Polygon", "coordinates": [ [ [ 73.212475693765626, 33.682065685042446 ], [ 73.212484886521978, 33.682052377198687 ], [ 73.212514888223069, 33.682066863556017 ], [ 73.212505695469602, 33.682080171402077 ], [ 73.212475693765626, 33.682065685042446 ] ] ] } },
{ "type": "Feature", "id": 260, "properties": { "FID": 260, "class": "solar_panels", "SolarPV_Area(sqm)": 7.0268722656899998 }, "geometry": { "type": "Polygon", "coordinates": [ [ [ 73.21252010800373, 33.682086081819989 ], [ 73.212529109341261, 33.682072901959657 ], [ 73.212568209364406, 33.682091564378517 ], [ 73.212559208049271, 33.68210474334029 ], [ 73.21252010800373, 33.682086081819989 ] ] ] } },
{ "type": "Feature", "id": 261, "properties": { "FID": 261, "class": "solar_panels", "SolarPV_Area(sqm)": 6.1953808423799996 }, "geometry": { "type": "Polygon", "coordinates": [ [ [ 73.212485001666323, 33.682045512800549 ], [ 73.212494623997429, 33.682031358098754 ], [ 73.212526794513252, 33.682046643239133 ], [ 73.212517172185471, 33.682060797943514 ], [ 73.212485001666323, 33.682045512800549 ] ] ] } },
{ "type": "Feature", "id": 262, "properties": { "FID": 262, "class": "solar_panels", "SolarPV_Area(sqm)": 7.2258561346399999 }, "geometry": { "type": "Polygon", "coordinates": [ [ [ 73.212532635489751, 33.682068472092432 ], [ 73.212541789029643, 33.682054661391895 ], [ 73.212580715466331, 33.682072694566116 ], [ 73.212571561949133, 33.682086504368151 ], [ 73.212532635489751, 33.682068472092432 ] ] ] } },
{ "type": "Feature", "id": 263, "properties": { "FID": 263, "class": "solar_panels", "SolarPV_Area(sqm)": 15.861234032300001 }, "geometry": { "type": "Polygon", "coordinates": [ [ [ 73.212501072303283, 33.682029008510298 ], [ 73.212511087845769, 33.682014669223435 ], [ 73.212591298279165, 33.682053826683621 ], [ 73.212581281666544, 33.682068165961581 ], [ 73.212501072303283, 33.682029008510298 ] ] ] } },
{ "type": "Feature", "id": 264, "properties": { "FID": 264, "class": "solar_panels", "SolarPV_Area(sqm)": 15.4392075867 }, "geometry": { "type": "Polygon", "coordinates": [ [ [ 73.211065669062592, 33.681082202617404 ], [ 73.211075136020426, 33.68106769138177 ], [ 73.211154873359575, 33.681104046519124 ], [ 73.211145406391907, 33.681118558662597 ], [ 73.211065669062592, 33.681082202617404 ] ] ] } },
{ "type": "Feature", "id": 265, "properties": { "FID": 265, "class": "solar_panels", "SolarPV_Area(sqm)": 12.914692206 }, "geometry": { "type": "Polygon", "coordinates": [ [ [ 73.211077032173336, 33.681062802398806 ], [ 73.211085338548529, 33.681050527875193 ], [ 73.211162842198291, 33.681087186120159 ], [ 73.211154535830076, 33.681099460649172 ], [ 73.211077032173336, 33.681062802398806 ] ] ] } },
{ "type": "Feature", "id": 266, "properties": { "FID": 266, "class": "solar_panels", "SolarPV_Area(sqm)": 12.5497027577 }, "geometry": { "type": "Polygon", "coordinates": [ [ [ 73.211093046562254, 33.681045736576792 ], [ 73.211102068209769, 33.681032518338597 ], [ 73.21117171398204, 33.681065737973526 ], [ 73.211162692322574, 33.68107895711848 ], [ 73.211093046562254, 33.681045736576792 ] ] ] } },
{ "type": "Feature", "id": 267, "properties": { "FID": 267, "class": "solar_panels", "SolarPV_Area(sqm)": 33.912344759200003 }, "geometry": { "type": "Polygon", "coordinates": [ [ [ 73.211052391578193, 33.680969354251317 ], [ 73.211083009518006, 33.680926889681402 ], [ 73.211139969004705, 33.68095559353452 ], [ 73.211109351081404, 33.680998058118966 ], [ 73.211052391578193, 33.680969354251317 ] ] ] } },
{ "type": "Feature", "id": 268, "properties": { "FID": 268, "class": "solar_panels", "SolarPV_Area(sqm)": 4.8965725207200004 }, "geometry": { "type": "Polygon", "coordinates": [ [ [ 73.211135782370903, 33.681018351890529 ], [ 73.211152005255087, 33.68099387654452 ], [ 73.211166888979491, 33.681000771455984 ], [ 73.21115066609805, 33.681025246804012 ], [ 73.211135782370903, 33.681018351890529 ] ] ] } },
{ "type": "Feature", "id": 269, "properties": { "FID": 269, "class": "solar_panels", "SolarPV_Area(sqm)": 4.6552277854600002 }, "geometry": { "type": "Polygon", "coordinates": [ [ [ 73.211157064642876, 33.681029462338671 ], [ 73.211173196243749, 33.68100512363862 ], [ 73.211187426129015, 33.681011715103779 ], [ 73.211171293433722, 33.681036054691639 ], [ 73.211157064642876, 33.681029462338671 ] ] ] } },
{ "type": "Feature", "id": 270, "properties": { "FID": 270, "class": "solar_panels", "SolarPV_Area(sqm)": 1.54155404994 }, "geometry": { "type": "Polygon", "coordinates": [ [ [ 73.21119390658825, 33.680995679911497 ], [ 73.211199854923294, 33.680988877433101 ], [ 73.211214216438151, 33.680997653982025 ], [ 73.211208268103576, 33.681004456461125 ], [ 73.21119390658825, 33.680995679911497 ] ] ] } },
{ "type": "Feature", "id": 271, "properties": { "FID": 271, "class": "solar_panels", "SolarPV_Area(sqm)": 1.4876431299499999 }, "geometry": { "type": "Polygon", "coordinates": [ [ [ 73.211203028227146, 33.680983777891377 ], [ 73.211208694503142, 33.680977001086802 ], [ 73.211223034004078, 33.680985382341447 ], [ 73.211217367747267, 33.680992158245218 ], [ 73.211203028227146, 33.680983777891377 ] ] ] } },
{ "type": "Feature", "id": 272, "properties": { "FID": 272, "class": "solar_panels", "SolarPV_Area(sqm)": 1.28775011906 }, "geometry": { "type": "Polygon", "coordinates": [ [ [ 73.211213193430766, 33.680971330080894 ], [ 73.211218671894144, 33.680964923888446 ], [ 73.211231607537727, 33.68097265447912 ], [ 73.21122612907476, 33.680979060672129 ], [ 73.211213193430766, 33.680971330080894 ] ] ] } },
{ "type": "Feature", "id": 273, "properties": { "FID": 273, "class": "solar_panels", "SolarPV_Area(sqm)": 6.3500010188799996 }, "geometry": { "type": "Polygon", "coordinates": [ [ [ 73.211193177169221, 33.680820436841131 ], [ 73.211212221790305, 33.680794343991089 ], [ 73.211229562678199, 33.680803006769679 ], [ 73.211210518041526, 33.680829100523979 ], [ 73.211193177169221, 33.680820436841131 ] ] ] } },
{ "type": "Feature", "id": 274, "properties": { "FID": 274, "class": "solar_panels", "SolarPV_Area(sqm)": 6.2290602232000003 }, "geometry": { "type": "Polygon", "coordinates": [ [ [ 73.211214999250785, 33.680832719277888 ], [ 73.211234286149306, 33.680806490158346 ], [ 73.211251045591311, 33.680815103935537 ], [ 73.211231757617398, 33.680841333042139 ], [ 73.211214999250785, 33.680832719277888 ] ] ] } },
{ "type": "Feature", "id": 275, "properties": { "FID": 275, "class": "solar_panels", "SolarPV_Area(sqm)": 5.5620749205699997 }, "geometry": { "type": "Polygon", "coordinates": [ [ [ 73.21125055643995, 33.680858814578976 ], [ 73.211269696943106, 33.680831581469675 ], [ 73.21128445999426, 33.680838833523332 ], [ 73.211265319493918, 33.680866066634977 ], [ 73.21125055643995, 33.680858814578976 ] ] ] } },
{ "type": "Feature", "id": 276, "properties": { "FID": 276, "class": "solar_panels", "SolarPV_Area(sqm)": 4.6073071623899997 }, "geometry": { "type": "Polygon", "coordinates": [ [ [ 73.211272783618966, 33.680869454438792 ], [ 73.211290250503055, 33.680844126878213 ], [ 73.211303526523878, 33.680850525968921 ], [ 73.2112860585639, 33.680875853515822 ], [ 73.211272783618966, 33.680869454438792 ] ] ] } },
{ "type": "Feature", "id": 277, "properties": { "FID": 277, "class": "solar_panels", "SolarPV_Area(sqm)": 12.8808432902 }, "geometry": { "type": "Polygon", "coordinates": [ [ [ 73.211248499824919, 33.68071659938937 ], [ 73.211257019907833, 33.680704523630524 ], [ 73.211333967080861, 33.68074246774583 ], [ 73.211325446985782, 33.680754544411634 ], [ 73.211248499824919, 33.68071659938937 ] ] ] } },
{ "type": "Feature", "id": 278, "properties": { "FID": 278, "class": "solar_panels", "SolarPV_Area(sqm)": 4.26110292084 }, "geometry": { "type": "Polygon", "coordinates": [ [ [ 73.211261969250899, 33.680697103400981 ], [ 73.211271191939673, 33.680684695142112 ], [ 73.211295282960961, 33.680697209706963 ], [ 73.211286060274148, 33.680709617967693 ], [ 73.211261969250899, 33.680697103400981 ] ] ] } },
{ "type": "Feature", "id": 279, "properties": { "FID": 279, "class": "solar_panels", "SolarPV_Area(sqm)": 5.8196614911599998 }, "geometry": { "type": "Polygon", "coordinates": [ [ [ 73.211303229809573, 33.68072113686042 ], [ 73.211312273970847, 33.680708807172749 ], [ 73.21134562719763, 33.680725907861124 ], [ 73.211336581960794, 33.680738237535664 ], [ 73.211303229809573, 33.68072113686042 ] ] ] } },
{ "type": "Feature", "id": 280, "properties": { "FID": 280, "class": "solar_panels", "SolarPV_Area(sqm)": 14.4979091479 }, "geometry": { "type": "Polygon", "coordinates": [ [ [ 73.211267885317724, 33.680678683872131 ], [ 73.211277801091526, 33.680665569643757 ], [ 73.211354609210957, 33.680706163833207 ], [ 73.211344693462266, 33.680719277166403 ], [ 73.211267885317724, 33.680678683872131 ] ] ] } },
{ "type": "Feature", "id": 281, "properties": { "FID": 281, "class": "solar_panels", "SolarPV_Area(sqm)": 5.7119844387500001 }, "geometry": { "type": "Polygon", "coordinates": [ [ [ 73.211446803614081, 33.680780686125907 ], [ 73.211462808880128, 33.680752077486268 ], [ 73.211478738636899, 33.680758306668736 ], [ 73.211462733374802, 33.68078691531052 ], [ 73.211446803614081, 33.680780686125907 ] ] ] } },
{ "type": "Feature", "id": 282, "properties": { "FID": 282, "class": "solar_panels", "SolarPV_Area(sqm)": 5.2215961680999996 }, "geometry": { "type": "Polygon", "coordinates": [ [ [ 73.211468226806957, 33.680789002177029 ], [ 73.211483466690837, 33.680761777489607 ], [ 73.211498766177627, 33.680767763085235 ], [ 73.211483526297343, 33.680794987774647 ], [ 73.211468226806957, 33.680789002177029 ] ] ] } },
{ "type": "Feature", "id": 283, "properties": { "FID": 283, "class": "solar_panels", "SolarPV_Area(sqm)": 1.2078423540900001 }, "geometry": { "type": "Polygon", "coordinates": [ [ [ 73.211500973476888, 33.680775398750967 ], [ 73.21150541388478, 33.68076869796883 ], [ 73.211518825349771, 33.680774911429523 ], [ 73.211514384961234, 33.680781611310657 ], [ 73.211500973476888, 33.680775398750967 ] ] ] } },
{ "type": "Feature", "id": 284, "properties": { "FID": 284, "class": "solar_panels", "SolarPV_Area(sqm)": 5.585482036 }, "geometry": { "type": "Polygon", "coordinates": [ [ [ 73.211508640452891, 33.68080575866265 ], [ 73.211526010370889, 33.68077922399894 ], [ 73.211541761346908, 33.680786429905645 ], [ 73.211524391413434, 33.680812965473159 ], [ 73.211508640452891, 33.68080575866265 ] ] ] } },
{ "type": "Feature", "id": 285, "properties": { "FID": 285, "class": "solar_panels", "SolarPV_Area(sqm)": 5.7824919270199997 }, "geometry": { "type": "Polygon", "coordinates": [ [ [ 73.211530467162987, 33.680816049105161 ], [ 73.21154613267835, 33.680788948703245 ], [ 73.211562968094299, 33.680795718520443 ], [ 73.21154730260146, 33.680822818023096 ], [ 73.211530467162987, 33.680816049105161 ] ] ] } },
{ "type": "Feature", "id": 286, "properties": { "FID": 286, "class": "solar_panels", "SolarPV_Area(sqm)": 5.8612545407000001 }, "geometry": { "type": "Polygon", "coordinates": [ [ [ 73.211551237706601, 33.68082567137386 ], [ 73.211567497733952, 33.680797832911544 ], [ 73.211584029404179, 33.680804582096918 ], [ 73.211567769399352, 33.680832419660028 ], [ 73.211551237706601, 33.68082567137386 ] ] ] } },
{ "type": "Feature", "id": 287, "properties": { "FID": 287, "class": "solar_panels", "SolarPV_Area(sqm)": 21.648098815400001 }, "geometry": { "type": "Polygon", "coordinates": [ [ [ 73.211354342440586, 33.680684414729789 ], [ 73.21137850333335, 33.680651586673825 ], [ 73.211425016933518, 33.680675513087401 ], [ 73.211400857129192, 33.680708341168298 ], [ 73.211354342440586, 33.680684414729789 ] ] ] } },
{ "type": "Feature", "id": 288, "properties": { "FID": 288, "class": "solar_panels", "SolarPV_Area(sqm)": 7.4280095195199998 }, "geometry": { "type": "Polygon", "coordinates": [ [ [ 73.211387022452641, 33.680647367097144 ], [ 73.211397035911247, 33.680634378717038 ], [ 73.211436323588174, 33.680655551114882 ], [ 73.211426310132723, 33.680668539498242 ], [ 73.211387022452641, 33.680647367097144 ] ] ] } },
{ "type": "Feature", "id": 289, "properties": { "FID": 289, "class": "solar_panels", "SolarPV_Area(sqm)": 18.8622938444 }, "geometry": { "type": "Polygon", "coordinates": [ [ [ 73.211363513284411, 33.68052995736285 ], [ 73.211373999805289, 33.680513605924965 ], [ 73.211461125650771, 33.680552658611553 ], [ 73.211450640219283, 33.680569010072752 ], [ 73.211363513284411, 33.68052995736285 ] ] ] } },
{ "type": "Feature", "id": 290, "properties": { "FID": 290, "class": "solar_panels", "SolarPV_Area(sqm)": 25.154832191099999 }, "geometry": { "type": "Polygon", "coordinates": [ [ [ 73.211547884983148, 33.680603630015035 ], [ 73.211556054491084, 33.680590667229794 ], [ 73.211703746659367, 33.680655729711624 ], [ 73.211695577166566, 33.680668692507041 ], [ 73.211547884983148, 33.680603630015035 ] ] ] } },
{ "type": "Feature", "id": 291, "properties": { "FID": 291, "class": "solar_panels", "SolarPV_Area(sqm)": 24.6823629889 }, "geometry": { "type": "Polygon", "coordinates": [ [ [ 73.211561848149913, 33.68058357032038 ], [ 73.211570628287177, 33.680569664106443 ], [ 73.211705613627231, 33.680629227612521 ], [ 73.21169683458308, 33.680643133852058 ], [ 73.211561848149913, 33.68058357032038 ] ] ] } },
{ "type": "Feature", "id": 292, "properties": { "FID": 292, "class": "solar_panels", "SolarPV_Area(sqm)": 42.5594845448 }, "geometry": { "type": "Polygon", "coordinates": [ [ [ 73.211592918633556, 33.680558868886827 ], [ 73.211611070884871, 33.680526221624959 ], [ 73.211713595304658, 33.680569813811182 ], [ 73.211695443081453, 33.68060246108886 ], [ 73.211592918633556, 33.680558868886827 ] ] ] } },
{ "type": "Feature", "id": 293, "properties": { "FID": 293, "class": "solar_panels", "SolarPV_Area(sqm)": 15.269550881800001 }, "geometry": { "type": "Polygon", "coordinates": [ [ [ 73.21170852463176, 33.681328899504138 ], [ 73.211616660580148, 33.681291300573989 ], [ 73.21162429562186, 33.681278262416853 ], [ 73.211716159663467, 33.681315861341055 ], [ 73.21170852463176, 33.681328899504138 ] ] ] } },
{ "type": "Feature", "id": 294, "properties": { "FID": 294, "class": "solar_panels", "SolarPV_Area(sqm)": 15.117311728500001 }, "geometry": { "type": "Polygon", "coordinates": [ [ [ 73.211717160765616, 33.681308772603522 ], [ 73.211629417398967, 33.681272203634229 ], [ 73.211637419509813, 33.681258784833069 ], [ 73.211725162848083, 33.68129535469793 ], [ 73.211717160765616, 33.681308772603522 ] ] ] } },
{ "type": "Feature", "id": 295, "properties": { "FID": 295, "class": "solar_panels", "SolarPV_Area(sqm)": 3.7178035841899999 }, "geometry": { "type": "Polygon", "coordinates": [ [ [ 73.211941836347307, 33.680771171949864 ], [ 73.211952925458448, 33.680752646903898 ], [ 73.211968531937572, 33.680759175240823 ], [ 73.211957442810174, 33.680777701189747 ], [ 73.211941836347307, 33.680771171949864 ] ] ] } },
{ "type": "Feature", "id": 296, "properties": { "FID": 296, "class": "solar_panels", "SolarPV_Area(sqm)": 3.8856670983099999 }, "geometry": { "type": "Polygon", "coordinates": [ [ [ 73.21196484090494, 33.680781257528892 ], [ 73.211976863646299, 33.680761452857503 ], [ 73.211992034087174, 33.680767890114396 ], [ 73.21198001134826, 33.680787694787334 ], [ 73.21196484090494, 33.680781257528892 ] ] ] } },
{ "type": "Feature", "id": 297, "properties": { "FID": 297, "class": "solar_panels", "SolarPV_Area(sqm)": 1.1237109950699999 }, "geometry": { "type": "Polygon", "coordinates": [ [ [ 73.211995115653863, 33.680777896549841 ], [ 73.21199964058988, 33.680771070725029 ], [ 73.212011887555221, 33.680776744253322 ], [ 73.212007363698163, 33.680783570094206 ], [ 73.211995115653863, 33.680777896549841 ] ] ] } },
{ "type": "Feature", "id": 298, "properties": { "FID": 298, "class": "solar_panels", "SolarPV_Area(sqm)": 3.5306951781799998 }, "geometry": { "type": "Polygon", "coordinates": [ [ [ 73.212009977814461, 33.680800680207916 ], [ 73.2120222588253, 33.680781529444978 ], [ 73.212036183181525, 33.680787771013833 ], [ 73.212023903251094, 33.680806921793803 ], [ 73.212009977814461, 33.680800680207916 ] ] ] } },
{ "type": "Feature", "id": 299, "properties": { "FID": 299, "class": "solar_panels", "SolarPV_Area(sqm)": 3.3238513750999998 }, "geometry": { "type": "Polygon", "coordinates": [ [ [ 73.212031495673642, 33.680811563965385 ], [ 73.212043037393329, 33.680792954383051 ], [ 73.212056725422414, 33.680798888633376 ], [ 73.212045183723433, 33.680817497315552 ], [ 73.212031495673642, 33.680811563965385 ] ] ] } },
{ "type": "Feature", "id": 300, "properties": { "FID": 300, "class": "solar_panels", "SolarPV_Area(sqm)": 8.3845979604499998 }, "geometry": { "type": "Polygon", "coordinates": [ [ [ 73.212088491236884, 33.680877086210927 ], [ 73.212117164054789, 33.680830235878489 ], [ 73.212130956360255, 33.680836135559105 ], [ 73.212102282469274, 33.680882985879279 ], [ 73.212088491236884, 33.680877086210927 ] ] ] } },
{ "type": "Feature", "id": 301, "properties": { "FID": 301, "class": "solar_panels", "SolarPV_Area(sqm)": 5.5899821014300004 }, "geometry": { "type": "Polygon", "coordinates": [ [ [ 73.212109529787384, 33.68088580238134 ], [ 73.21212911091439, 33.680854988275946 ], [ 73.212142868645202, 33.680861099370517 ], [ 73.212123286461875, 33.680891912561066 ], [ 73.212109529787384, 33.68088580238134 ] ] ] } },
{ "type": "Feature", "id": 302, "properties": { "FID": 302, "class": "solar_panels", "SolarPV_Area(sqm)": 8.4621912253100007 }, "geometry": { "type": "Polygon", "coordinates": [ [ [ 73.212127894173477, 33.680894424839899 ], [ 73.212158649681683, 33.680845914724202 ], [ 73.212171891476302, 33.680851782085746 ], [ 73.212141137032788, 33.680900293121965 ], [ 73.212127894173477, 33.680894424839899 ] ] ] } },
{ "type": "Feature", "id": 303, "properties": { "FID": 303, "class": "solar_panels", "SolarPV_Area(sqm)": 5.5126896193999997 }, "geometry": { "type": "Polygon", "coordinates": [ [ [ 73.212183738741274, 33.680880147324814 ], [ 73.212193838649426, 33.680866105060765 ], [ 73.212221875173668, 33.680880199631765 ], [ 73.212211775268202, 33.680894241898166 ], [ 73.212183738741274, 33.680880147324814 ] ] ] } },
{ "type": "Feature", "id": 304, "properties": { "FID": 304, "class": "solar_panels", "SolarPV_Area(sqm)": 10.2787518029 }, "geometry": { "type": "Polygon", "coordinates": [ [ [ 73.212029912203064, 33.68064565533377 ], [ 73.212038103450965, 33.680632264490065 ], [ 73.212097271537914, 33.680657558720711 ], [ 73.212089081374742, 33.680670949584112 ], [ 73.212029912203064, 33.68064565533377 ] ] ] } },
{ "type": "Feature", "id": 305, "properties": { "FID": 305, "class": "solar_panels", "SolarPV_Area(sqm)": 7.5762949287100003 }, "geometry": { "type": "Polygon", "coordinates": [ [ [ 73.212040113963795, 33.68062768374719 ], [ 73.212049816362295, 33.680612887273476 ], [ 73.212088100643854, 33.680630433362232 ], [ 73.212078398249659, 33.680645229839072 ], [ 73.212040113963795, 33.68062768374719 ] ] ] } },
{ "type": "Feature", "id": 306, "properties": { "FID": 306, "class": "solar_panels", "SolarPV_Area(sqm)": 10.4867172671 }, "geometry": { "type": "Polygon", "coordinates": [ [ [ 73.212238634064917, 33.681479932384804 ], [ 73.212264700464317, 33.681427116982704 ], [ 73.212281199211134, 33.681432807826496 ], [ 73.212255132819806, 33.681485623232298 ], [ 73.212238634064917, 33.681479932384804 ] ] ] } },
{ "type": "Feature", "id": 307, "properties": { "FID": 307, "class": "solar_panels", "SolarPV_Area(sqm)": 3.7632892491400001 }, "geometry": { "type": "Polygon", "coordinates": [ [ [ 73.212259512945707, 33.681487459493994 ], [ 73.212270119360483, 33.681466774013899 ], [ 73.212285064236269, 33.681472130359417 ], [ 73.212274457842952, 33.681492814939389 ], [ 73.212259512945707, 33.681487459493994 ] ] ] } },
{ "type": "Feature", "id": 308, "properties": { "FID": 308, "class": "solar_panels", "SolarPV_Area(sqm)": 3.4045774950799998 }, "geometry": { "type": "Polygon", "coordinates": [ [ [ 73.212280264519862, 33.681495821598567 ], [ 73.212291542705614, 33.681475876270063 ], [ 73.21230510896163, 33.681481237912998 ], [ 73.212293831856499, 33.681501183258405 ], [ 73.212280264519862, 33.681495821598567 ] ] ] } },
{ "type": "Feature", "id": 309, "properties": { "FID": 309, "class": "solar_panels", "SolarPV_Area(sqm)": 9.92172657433 }, "geometry": { "type": "Polygon", "coordinates": [ [ [ 73.212300488479357, 33.68150304524719 ], [ 73.212326835275078, 33.681450856109315 ], [ 73.212342526079183, 33.681456392774315 ], [ 73.212316180369285, 33.681508581931354 ], [ 73.212300488479357, 33.68150304524719 ] ] ] } },
{ "type": "Feature", "id": 310, "properties": { "FID": 310, "class": "solar_panels", "SolarPV_Area(sqm)": 2.0801507999300002 }, "geometry": { "type": "Polygon", "coordinates": [ [ [ 73.212278474752083, 33.681446916245477 ], [ 73.212283898798049, 33.681436050874915 ], [ 73.212299753651223, 33.681441582705034 ], [ 73.212294329606863, 33.681452448076357 ], [ 73.212278474752083, 33.681446916245477 ] ] ] } },
{ "type": "Feature", "id": 311, "properties": { "FID": 311, "class": "solar_panels", "SolarPV_Area(sqm)": 2.1982671299600001 }, "geometry": { "type": "Polygon", "coordinates": [ [ [ 73.212297372955618, 33.681453883544485 ], [ 73.212302008854451, 33.681443939196555 ], [ 73.212320669769014, 33.681450020227025 ], [ 73.212316032793609, 33.681459964560119 ], [ 73.212297372955618, 33.681453883544485 ] ] ] } },
{ "type": "Feature", "id": 312, "properties": { "FID": 312, "class": "solar_panels", "SolarPV_Area(sqm)": 7.9445604184800001 }, "geometry": { "type": "Polygon", "coordinates": [ [ [ 73.212271270043217, 33.681367800843766 ], [ 73.212290294930568, 33.681337858792588 ], [ 73.212310417576646, 33.681346796136509 ], [ 73.212291392712686, 33.681376737289412 ], [ 73.212271270043217, 33.681367800843766 ] ] ] } },
{ "type": "Feature", "id": 313, "properties": { "FID": 313, "class": "solar_panels", "SolarPV_Area(sqm)": 7.3675578151599996 }, "geometry": { "type": "Polygon", "coordinates": [ [ [ 73.212295913137666, 33.681380288939955 ], [ 73.212316212759049, 33.681348377833473 ], [ 73.212333713443968, 33.681356158137824 ], [ 73.212313413808289, 33.681388070148799 ], [ 73.212295913137666, 33.681380288939955 ] ] ] } },
{ "type": "Feature", "id": 314, "properties": { "FID": 314, "class": "solar_panels", "SolarPV_Area(sqm)": 1.56308210117 }, "geometry": { "type": "Polygon", "coordinates": [ [ [ 73.212317450405493, 33.681391337954402 ], [ 73.212322162444835, 33.681384228063635 ], [ 73.212338518585355, 33.681391805139185 ], [ 73.21233380546856, 33.681398915015002 ], [ 73.212317450405493, 33.681391337954402 ] ] ] } },
{ "type": "Feature", "id": 315, "properties": { "FID": 315, "class": "solar_panels", "SolarPV_Area(sqm)": 3.2713758418599999 }, "geometry": { "type": "Polygon", "coordinates": [ [ [ 73.212328796449427, 33.681373896912845 ], [ 73.212338708116647, 33.681358007798238 ], [ 73.212354448048274, 33.681364869870201 ], [ 73.212344536383043, 33.681380758986116 ], [ 73.212328796449427, 33.681373896912845 ] ] ] } },
{ "type": "Feature", "id": 316, "properties": { "FID": 316, "class": "solar_panels", "SolarPV_Area(sqm)": 1.35033630408 }, "geometry": { "type": "Polygon", "coordinates": [ [ [ 73.212341055185462, 33.681401201299032 ], [ 73.212345537556104, 33.68139481671286 ], [ 73.212360834883455, 33.681402321652712 ], [ 73.212356353591829, 33.68140870625507 ], [ 73.212341055185462, 33.681401201299032 ] ] ] } },
{ "type": "Feature", "id": 317, "properties": { "FID": 317, "class": "solar_panels", "SolarPV_Area(sqm)": 3.23287448559 }, "geometry": { "type": "Polygon", "coordinates": [ [ [ 73.212350237885332, 33.681381864093993 ], [ 73.212360466271406, 33.681366775822134 ], [ 73.212376235644228, 33.681374247912842 ], [ 73.212366008338236, 33.681389336201654 ], [ 73.212350237885332, 33.681381864093993 ] ] ] } },
{ "type": "Feature", "id": 318, "properties": { "FID": 318, "class": "solar_panels", "SolarPV_Area(sqm)": 7.3379827522300003 }, "geometry": { "type": "Polygon", "coordinates": [ [ [ 73.212361679307136, 33.681408789631739 ], [ 73.212380476863657, 33.681377531302097 ], [ 73.212398698449576, 33.681385190370676 ], [ 73.212379901994737, 33.681416447817313 ], [ 73.212361679307136, 33.681408789631739 ] ] ] } },
{ "type": "Feature", "id": 319, "properties": { "FID": 319, "class": "solar_panels", "SolarPV_Area(sqm)": 44.3813634861 }, "geometry": { "type": "Polygon", "coordinates": [ [ [ 73.212298390378663, 33.681313779689688 ], [ 73.212319727823072, 33.681280140481675 ], [ 73.212419862814357, 33.681324533462224 ], [ 73.212398526493345, 33.681358171802337 ], [ 73.212298390378663, 33.681313779689688 ] ] ] } },
{ "type": "Feature", "id": 320, "properties": { "FID": 320, "class": "solar_panels", "SolarPV_Area(sqm)": 17.946378490499999 }, "geometry": { "type": "Polygon", "coordinates": [ [ [ 73.212380136959268, 33.681564785807055 ], [ 73.212388642994966, 33.681551092896242 ], [ 73.212489021670834, 33.681594673251013 ], [ 73.212480516743099, 33.68160836528314 ], [ 73.212380136959268, 33.681564785807055 ] ] ] } },
{ "type": "Feature", "id": 321, "properties": { "FID": 321, "class": "solar_panels", "SolarPV_Area(sqm)": 17.1254643101 }, "geometry": { "type": "Polygon", "coordinates": [ [ [ 73.212393587671357, 33.681545458957018 ], [ 73.212402057727914, 33.681532461689748 ], [ 73.212500859186122, 33.68157745933668 ], [ 73.212492389139413, 33.681590456610984 ], [ 73.212393587671357, 33.681545458957018 ] ] ] } },
{ "type": "Feature", "id": 322, "properties": { "FID": 322, "class": "solar_panels", "SolarPV_Area(sqm)": 6.2391420906599997 }, "geometry": { "type": "Polygon", "coordinates": [ [ [ 73.21243514160706, 33.68143406330271 ], [ 73.212450972904335, 33.681403115534636 ], [ 73.212467545544101, 33.681409040980888 ], [ 73.212451714251458, 33.681439988751215 ], [ 73.21243514160706, 33.68143406330271 ] ] ] } },
{ "type": "Feature", "id": 323, "properties": { "FID": 323, "class": "solar_panels", "SolarPV_Area(sqm)": 6.5912007402699997 }, "geometry": { "type": "Polygon", "coordinates": [ [ [ 73.212458019289883, 33.681443411114223 ], [ 73.212474294935731, 33.681412100949281 ], [ 73.212491513321538, 33.681418356765413 ], [ 73.212475237680565, 33.681449666932785 ], [ 73.212458019289883, 33.681443411114223 ] ] ] } },
{ "type": "Feature", "id": 324, "properties": { "FID": 324, "class": "solar_panels", "SolarPV_Area(sqm)": 6.4884132385599997 }, "geometry": { "type": "Polygon", "coordinates": [ [ [ 73.21248038965274, 33.681452880533939 ], [ 73.212496524516936, 33.681421075963407 ], [ 73.212513338036445, 33.681427037352606 ], [ 73.212497203177122, 33.681458841925462 ], [ 73.21248038965274, 33.681452880533939 ] ] ] } },
{ "type": "Feature", "id": 325, "properties": { "FID": 325, "class": "solar_panels", "SolarPV_Area(sqm)": 6.0225188191500001 }, "geometry": { "type": "Polygon", "coordinates": [ [ [ 73.212503776846177, 33.681462105854713 ], [ 73.212519272039785, 33.681430927772439 ], [ 73.212535290198119, 33.681436491693781 ], [ 73.212519795009115, 33.681467669778193 ], [ 73.212503776846177, 33.681462105854713 ] ] ] } },
{ "type": "Feature", "id": 326, "properties": { "FID": 326, "class": "solar_panels", "SolarPV_Area(sqm)": 5.6534474500599998 }, "geometry": { "type": "Polygon", "coordinates": [ [ [ 73.212528566528931, 33.68147501895578 ], [ 73.212544067603773, 33.6814477248721 ], [ 73.212560503822516, 33.681454248910043 ], [ 73.212545002751497, 33.68148154299589 ], [ 73.212528566528931, 33.68147501895578 ] ] ] } },
{ "type": "Feature", "id": 327, "properties": { "FID": 327, "class": "solar_panels", "SolarPV_Area(sqm)": 4.8140044088599998 }, "geometry": { "type": "Polygon", "coordinates": [ [ [ 73.212555951231096, 33.681486275175537 ], [ 73.212572013560589, 33.68145812982354 ], [ 73.212585561702411, 33.681463533556958 ], [ 73.212569499376173, 33.681491678910795 ], [ 73.212555951231096, 33.681486275175537 ] ] ] } },
{ "type": "Feature", "id": 328, "properties": { "FID": 328, "class": "solar_panels", "SolarPV_Area(sqm)": 4.0025261991200001 }, "geometry": { "type": "Polygon", "coordinates": [ [ [ 73.212474357345485, 33.681381992706115 ], [ 73.212484426170093, 33.681362470824745 ], [ 73.212501237643238, 33.681368530478558 ], [ 73.212491168821586, 33.681388052361378 ], [ 73.212474357345485, 33.681381992706115 ] ] ] } },
{ "type": "Feature", "id": 329, "properties": { "FID": 329, "class": "solar_panels", "SolarPV_Area(sqm)": 3.6626836407800001 }, "geometry": { "type": "Polygon", "coordinates": [ [ [ 73.212497289073866, 33.681390292535546 ], [ 73.212506551819459, 33.68137276632563 ], [ 73.212523553956657, 33.681379046963173 ], [ 73.212514291213751, 33.681396573174425 ], [ 73.212497289073866, 33.681390292535546 ] ] ] } },
{ "type": "Feature", "id": 330, "properties": { "FID": 330, "class": "solar_panels", "SolarPV_Area(sqm)": 4.02434233448 }, "geometry": { "type": "Polygon", "coordinates": [ [ [ 73.212519696670284, 33.681400672371119 ], [ 73.212529186815686, 33.681382113317774 ], [ 73.212547014389216, 33.681388485250835 ], [ 73.212537523168479, 33.681407044290054 ], [ 73.212519696670284, 33.681400672371119 ] ] ] } },
{ "type": "Feature", "id": 331, "properties": { "FID": 331, "class": "solar_panels", "SolarPV_Area(sqm)": 3.6217845508300002 }, "geometry": { "type": "Polygon", "coordinates": [ [ [ 73.212544300278267, 33.681410641207918 ], [ 73.212554074071022, 33.681393803223713 ], [ 73.212571003662276, 33.681400670758215 ], [ 73.212561229871923, 33.681417508743799 ], [ 73.212544300278267, 33.681410641207918 ] ] ] } },
{ "type": "Feature", "id": 332, "properties": { "FID": 332, "class": "solar_panels", "SolarPV_Area(sqm)": 3.4807405488500001 }, "geometry": { "type": "Polygon", "coordinates": [ [ [ 73.21256797944217, 33.681420716599739 ], [ 73.212576930891615, 33.681404419499671 ], [ 73.212594083127286, 33.68141100529354 ], [ 73.212585130620624, 33.681427301477825 ], [ 73.21256797944217, 33.681420716599739 ] ] ] } },
{ "type": "Feature", "id": 333, "properties": { "FID": 333, "class": "solar_panels", "SolarPV_Area(sqm)": 5.8156424221999998 }, "geometry": { "type": "Polygon", "coordinates": [ [ [ 73.21261848936048, 33.681236305309433 ], [ 73.212603137081089, 33.681229996253165 ], [ 73.212620580235992, 33.681200328846572 ], [ 73.212635932530233, 33.681206636999079 ], [ 73.21261848936048, 33.681236305309433 ] ] ] } },
{ "type": "Feature", "id": 334, "properties": { "FID": 334, "class": "solar_panels", "SolarPV_Area(sqm)": 5.9998259213600003 }, "geometry": { "type": "Polygon", "coordinates": [ [ [ 73.212626130555932, 33.681239845288189 ], [ 73.212643439096055, 33.681210479826674 ], [ 73.212659425296849, 33.681217064972827 ], [ 73.212642116760634, 33.681246430436687 ], [ 73.212626130555932, 33.681239845288189 ] ] ] } },
{ "type": "Feature", "id": 335, "properties": { "FID": 335, "class": "solar_panels", "SolarPV_Area(sqm)": 1.7775576050699999 }, "geometry": { "type": "Polygon", "coordinates": [ [ [ 73.212645776142026, 33.681249631453952 ], [ 73.212650404926578, 33.681242321054519 ], [ 73.212668873648809, 33.681250494961546 ], [ 73.212664243787003, 33.681257805346092 ], [ 73.212645776142026, 33.681249631453952 ] ] ] } },
{ "type": "Feature", "id": 336, "properties": { "FID": 336, "class": "solar_panels", "SolarPV_Area(sqm)": 7.3833537691900002 }, "geometry": { "type": "Polygon", "coordinates": [ [ [ 73.212665525340967, 33.681259466909431 ], [ 73.21268493467403, 33.681228349039337 ], [ 73.212703074528335, 33.681236256670466 ], [ 73.212683665199776, 33.681267374543545 ], [ 73.212665525340967, 33.681259466909431 ] ] ] } },
{ "type": "Feature", "id": 337, "properties": { "FID": 337, "class": "solar_panels", "SolarPV_Area(sqm)": 7.64122475881 }, "geometry": { "type": "Polygon", "coordinates": [ [ [ 73.212688995741971, 33.681269881929474 ], [ 73.212707750003545, 33.681239040439074 ], [ 73.212726893671785, 33.68124717630846 ], [ 73.212708140474675, 33.681278018718984 ], [ 73.212688995741971, 33.681269881929474 ] ] ] } },
{ "type": "Feature", "id": 338, "properties": { "FID": 338, "class": "solar_panels", "SolarPV_Area(sqm)": 13.8807137688 }, "geometry": { "type": "Polygon", "coordinates": [ [ [ 73.212713465382606, 33.681785326086889 ], [ 73.212721583391357, 33.681772660064091 ], [ 73.212804381058191, 33.681809749185931 ], [ 73.212796263076243, 33.681822414312876 ], [ 73.212713465382606, 33.681785326086889 ] ] ] } },
{ "type": "Feature", "id": 339, "properties": { "FID": 339, "class": "solar_panels", "SolarPV_Area(sqm)": 5.1826875669200003 }, "geometry": { "type": "Polygon", "coordinates": [ [ [ 73.212776761542798, 33.681786588984281 ], [ 73.212785457121768, 33.68177363823802 ], [ 73.212815048354827, 33.681787525220315 ], [ 73.212806353875692, 33.681800475082824 ], [ 73.212776761542798, 33.681786588984281 ] ] ] } },
{ "type": "Feature", "id": 340, "properties": { "FID": 340, "class": "solar_panels", "SolarPV_Area(sqm)": 5.0941973712299999 }, "geometry": { "type": "Polygon", "coordinates": [ [ [ 73.212721518442052, 33.681763499862498 ], [ 73.212731135022324, 33.681750192719534 ], [ 73.212758406237043, 33.681763966795138 ], [ 73.21274878965923, 33.681777273940284 ], [ 73.212721518442052, 33.681763499862498 ] ] ] } },
{ "type": "Feature", "id": 341, "properties": { "FID": 341, "class": "solar_panels", "SolarPV_Area(sqm)": 7.6844507210500002 }, "geometry": { "type": "Polygon", "coordinates": [ [ [ 73.212915205313692, 33.681892185118222 ], [ 73.212900145713505, 33.681885956079391 ], [ 73.212923735729305, 33.68184609468755 ], [ 73.212938795324533, 33.681852323723383 ], [ 73.212915205313692, 33.681892185118222 ] ] ] } },
{ "type": "Feature", "id": 342, "properties": { "FID": 342, "class": "solar_panels", "SolarPV_Area(sqm)": 2.2194954881300002 }, "geometry": { "type": "Polygon", "coordinates": [ [ [ 73.212922273610886, 33.681894744685756 ], [ 73.212929247731353, 33.68188309282327 ], [ 73.212944061011228, 33.681889288537057 ], [ 73.212937087951843, 33.681900941317515 ], [ 73.212922273610886, 33.681894744685756 ] ] ] } },
{ "type": "Feature", "id": 343, "properties": { "FID": 343, "class": "solar_panels", "SolarPV_Area(sqm)": 2.6006302748099999 }, "geometry": { "type": "Polygon", "coordinates": [ [ [ 73.212933616125568, 33.681874084224397 ], [ 73.212942741462257, 33.681858609321409 ], [ 73.212955888141352, 33.68186402704692 ], [ 73.212946761709375, 33.681879502836843 ], [ 73.212933616125568, 33.681874084224397 ] ] ] } },
{ "type": "Feature", "id": 344, "properties": { "FID": 344, "class": "solar_panels", "SolarPV_Area(sqm)": 2.1674503329500001 }, "geometry": { "type": "Polygon", "coordinates": [ [ [ 73.212957394528459, 33.68187723629952 ], [ 73.212964547104022, 33.681865873778705 ], [ 73.212979073718927, 33.68187226553416 ], [ 73.21297192008501, 33.681883627138767 ], [ 73.212957394528459, 33.68187723629952 ] ] ] } },
{ "type": "Feature", "id": 345, "properties": { "FID": 345, "class": "solar_panels", "SolarPV_Area(sqm)": 1.82014435434 }, "geometry": { "type": "Polygon", "coordinates": [ [ [ 73.212945297999369, 33.681904517461128 ], [ 73.212951665879544, 33.681894274407739 ], [ 73.212965270466228, 33.681900186612957 ], [ 73.21295890260582, 33.681910428765569 ], [ 73.212945297999369, 33.681904517461128 ] ] ] } },
{ "type": "Feature", "id": 346, "properties": { "FID": 346, "class": "solar_panels", "SolarPV_Area(sqm)": 5.7855108795400003 }, "geometry": { "type": "Polygon", "coordinates": [ [ [ 73.212967505082219, 33.681913910488085 ], [ 73.21299023966985, 33.681875197285187 ], [ 73.213001949298615, 33.681880003560309 ], [ 73.212979214714764, 33.681918716765459 ], [ 73.212967505082219, 33.681913910488085 ] ] ] } },
{ "type": "Feature", "id": 347, "properties": { "FID": 347, "class": "solar_panels", "SolarPV_Area(sqm)": 14.0428890809 }, "geometry": { "type": "Polygon", "coordinates": [ [ [ 73.212839461588686, 33.681619820315241 ], [ 73.2128478835794, 33.681607370596332 ], [ 73.21293098719498, 33.681646662569754 ], [ 73.212922565211912, 33.681659112294525 ], [ 73.212839461588686, 33.681619820315241 ] ] ] } },
{ "type": "Feature", "id": 348, "properties": { "FID": 348, "class": "solar_panels", "SolarPV_Area(sqm)": 12.747394939099999 }, "geometry": { "type": "Polygon", "coordinates": [ [ [ 73.212933234801625, 33.681641413424764 ], [ 73.212850556263916, 33.681604253972253 ], [ 73.212858034745892, 33.681592622935803 ], [ 73.212940714354474, 33.681629782398694 ], [ 73.212933234801625, 33.681641413424764 ] ] ] } },
{ "type": "Feature", "id": 349, "properties": { "FID": 349, "class": "solar_panels", "SolarPV_Area(sqm)": 4.4863781419100004 }, "geometry": { "type": "Polygon", "coordinates": [ [ [ 73.213043786416549, 33.681708509822919 ], [ 73.21305720171604, 33.681686666452286 ], [ 73.213073007012341, 33.681693450926005 ], [ 73.213059591715648, 33.681715294298435 ], [ 73.213043786416549, 33.681708509822919 ] ] ] } },
{ "type": "Feature", "id": 350, "properties": { "FID": 350, "class": "solar_panels", "SolarPV_Area(sqm)": 3.7842335789899999 }, "geometry": { "type": "Polygon", "coordinates": [ [ [ 73.213066429795575, 33.681719178832594 ], [ 73.213079349577825, 33.681698397789532 ], [ 73.213093290906798, 33.681704455527075 ], [ 73.213080371126864, 33.681725236571651 ], [ 73.213066429795575, 33.681719178832594 ] ] ] } },
{ "type": "Feature", "id": 351, "properties": { "FID": 351, "class": "solar_panels", "SolarPV_Area(sqm)": 3.70264587006 }, "geometry": { "type": "Polygon", "coordinates": [ [ [ 73.213088742766061, 33.681726476757206 ], [ 73.213100105146324, 33.681705583008217 ], [ 73.213114385267545, 33.681711010798757 ], [ 73.213103023968245, 33.681731904564749 ], [ 73.213088742766061, 33.681726476757206 ] ] ] } },
{ "type": "Feature", "id": 352, "properties": { "FID": 352, "class": "solar_panels", "SolarPV_Area(sqm)": 3.3168230916699999 }, "geometry": { "type": "Polygon", "coordinates": [ [ [ 73.212860840251651, 33.681557813776053 ], [ 73.212870183009699, 33.681544913866304 ], [ 73.212888478312138, 33.681554174569285 ], [ 73.212879135555696, 33.681567074480462 ], [ 73.212860840251651, 33.681557813776053 ] ] ] } },
{ "type": "Feature", "id": 353, "properties": { "FID": 353, "class": "solar_panels", "SolarPV_Area(sqm)": 4.4473879895200001 }, "geometry": { "type": "Polygon", "coordinates": [ [ [ 73.212897715981441, 33.681576682880539 ], [ 73.212906582573765, 33.681564118751865 ], [ 73.212932115675557, 33.681576712480236 ], [ 73.212923249085492, 33.681589276610765 ], [ 73.212897715981441, 33.681576682880539 ] ] ] } },
{ "type": "Feature", "id": 354, "properties": { "FID": 354, "class": "solar_panels", "SolarPV_Area(sqm)": 3.0956421701000001 }, "geometry": { "type": "Polygon", "coordinates": [ [ [ 73.212945676596107, 33.681599793727464 ], [ 73.212954694535213, 33.681586796230434 ], [ 73.212972023866513, 33.681595199794536 ], [ 73.212963005929012, 33.681608197292888 ], [ 73.212945676596107, 33.681599793727464 ] ] ] } },
{ "type": "Feature", "id": 355, "properties": { "FID": 355, "class": "solar_panels", "SolarPV_Area(sqm)": 16.2869375619 }, "geometry": { "type": "Polygon", "coordinates": [ [ [ 73.212969126538013, 33.681587959065851 ], [ 73.212870731132725, 33.681542195749387 ], [ 73.21287891146082, 33.681529903948629 ], [ 73.212977305760049, 33.681575668144248 ], [ 73.212969126538013, 33.681587959065851 ] ] ] } },
{ "type": "Feature", "id": 356, "properties": { "FID": 356, "class": "solar_panels", "SolarPV_Area(sqm)": 7.64233597524 }, "geometry": { "type": "Polygon", "coordinates": [ [ [ 73.212940771936317, 33.681462051585044 ], [ 73.212924586932289, 33.681455062311549 ], [ 73.212946981238076, 33.681418817740806 ], [ 73.212963166218728, 33.681425807912753 ], [ 73.212940771936317, 33.681462051585044 ] ] ] } },
{ "type": "Feature", "id": 357, "properties": { "FID": 357, "class": "solar_panels", "SolarPV_Area(sqm)": 4.03547716988 }, "geometry": { "type": "Polygon", "coordinates": [ [ [ 73.212945897828163, 33.681464962697383 ], [ 73.212958139003646, 33.681445594840412 ], [ 73.212973977605117, 33.681452591723492 ], [ 73.212961736432035, 33.681471959582076 ], [ 73.212945897828163, 33.681464962697383 ] ] ] } },
{ "type": "Feature", "id": 358, "properties": { "FID": 358, "class": "solar_panels", "SolarPV_Area(sqm)": 7.73302675476 }, "geometry": { "type": "Polygon", "coordinates": [ [ [ 73.212968703420884, 33.681474096555149 ], [ 73.212989854609773, 33.68143782407499 ], [ 73.213006604950209, 33.681444651083318 ], [ 73.212985452688088, 33.681480923550872 ], [ 73.212968703420884, 33.681474096555149 ] ] ] } },
{ "type": "Feature", "id": 359, "properties": { "FID": 359, "class": "solar_panels", "SolarPV_Area(sqm)": 7.0969137364500003 }, "geometry": { "type": "Polygon", "coordinates": [ [ [ 73.21299139970013, 33.681483717586104 ], [ 73.213012491270902, 33.681448292803786 ], [ 73.21302810400438, 33.681454789538371 ], [ 73.213007012438197, 33.681490214323475 ], [ 73.21299139970013, 33.681483717586104 ] ] ] } },
{ "type": "Feature", "id": 360, "properties": { "FID": 360, "class": "solar_panels", "SolarPV_Area(sqm)": 5.05386078036 }, "geometry": { "type": "Polygon", "coordinates": [ [ [ 73.213018299446119, 33.681484740634374 ], [ 73.213033522363062, 33.681458527290495 ], [ 73.213048694479284, 33.681464684896511 ], [ 73.21303347048736, 33.681490898226777 ], [ 73.213018299446119, 33.681484740634374 ] ] ] } },
{ "type": "Feature", "id": 361, "properties": { "FID": 361, "class": "solar_panels", "SolarPV_Area(sqm)": 5.7581023118100001 }, "geometry": { "type": "Polygon", "coordinates": [ [ [ 73.213239514038847, 33.681362564692584 ], [ 73.213247529765056, 33.681350196540137 ], [ 73.213282526390657, 33.681366047186195 ], [ 73.213274510649114, 33.681378416242502 ], [ 73.213239514038847, 33.681362564692584 ] ] ] } },
{ "type": "Feature", "id": 362, "properties": { "FID": 362, "class": "solar_panels", "SolarPV_Area(sqm)": 12.859451892499999 }, "geometry": { "type": "Polygon", "coordinates": [ [ [ 73.213253018555903, 33.681342190667309 ], [ 73.213260460393911, 33.681330241652105 ], [ 73.213342787532056, 33.681366082772797 ], [ 73.213335345701893, 33.681378031793173 ], [ 73.213253018555903, 33.681342190667309 ] ] ] } },
{ "type": "Feature", "id": 363, "properties": { "FID": 363, "class": "solar_panels", "SolarPV_Area(sqm)": 4.4104593521700002 }, "geometry": { "type": "Polygon", "coordinates": [ [ [ 73.213297446822963, 33.681387078499924 ], [ 73.21330471011683, 33.681375469571925 ], [ 73.213333717846979, 33.681388153147346 ], [ 73.213326455634103, 33.681399762092724 ], [ 73.213297446822963, 33.681387078499924 ] ] ] } },
{ "type": "Feature", "id": 364, "properties": { "FID": 364, "class": "solar_panels", "SolarPV_Area(sqm)": 14.9272707534 }, "geometry": { "type": "Polygon", "coordinates": [ [ [ 73.213117271652862, 33.681188337900231 ], [ 73.213125157371962, 33.681175371805963 ], [ 73.213214107473775, 33.681213179973653 ], [ 73.213206221745395, 33.681226146975327 ], [ 73.213117271652862, 33.681188337900231 ] ] ] } },
{ "type": "Feature", "id": 365, "properties": { "FID": 365, "class": "solar_panels", "SolarPV_Area(sqm)": 15.314515676599999 }, "geometry": { "type": "Polygon", "coordinates": [ [ [ 73.213127236533595, 33.681170077837123 ], [ 73.213135539395722, 33.681156031144511 ], [ 73.213220744424589, 33.68119123313371 ], [ 73.213212440475445, 33.681205280718245 ], [ 73.213127236533595, 33.681170077837123 ] ] ] } },
{ "type": "Feature", "id": 366, "properties": { "FID": 366, "class": "solar_panels", "SolarPV_Area(sqm)": 14.2334841842 }, "geometry": { "type": "Polygon", "coordinates": [ [ [ 73.213322950446099, 33.681225790895489 ], [ 73.213330788365738, 33.681213517556429 ], [ 73.213418543318014, 33.681252688000278 ], [ 73.213410705406773, 33.681264961345128 ], [ 73.213322950446099, 33.681225790895489 ] ] ] } },
{ "type": "Feature", "id": 367, "properties": { "FID": 367, "class": "solar_panels", "SolarPV_Area(sqm)": 12.5930195744 }, "geometry": { "type": "Polygon", "coordinates": [ [ [ 73.213334691694826, 33.68120972616083 ], [ 73.213341980955803, 33.681198164497474 ], [ 73.213424866718739, 33.681234684557261 ], [ 73.213417577446677, 33.681246247127184 ], [ 73.213334691694826, 33.68120972616083 ] ] ] } },
{ "type": "Feature", "id": 368, "properties": { "FID": 368, "class": "solar_panels", "SolarPV_Area(sqm)": 9.0021081410200008 }, "geometry": { "type": "Polygon", "coordinates": [ [ [ 73.212133887100734, 33.679651810528739 ], [ 73.212141302982644, 33.67963960419852 ], [ 73.212198308728276, 33.679663811108917 ], [ 73.212190892852036, 33.679676017442688 ], [ 73.212133887100734, 33.679651810528739 ] ] ] } },
{ "type": "Feature", "id": 369, "properties": { "FID": 369, "class": "solar_panels", "SolarPV_Area(sqm)": 9.3893246571300004 }, "geometry": { "type": "Polygon", "coordinates": [ [ [ 73.212144649824666, 33.679632890269943 ], [ 73.212153232159963, 33.679619411290268 ], [ 73.212206010501021, 33.679642901434157 ], [ 73.212197428171294, 33.679656380417661 ], [ 73.212144649824666, 33.679632890269943 ] ] ] } },
{ "type": "Feature", "id": 370, "properties": { "FID": 370, "class": "solar_panels", "SolarPV_Area(sqm)": 8.6218807931400008 }, "geometry": { "type": "Polygon", "coordinates": [ [ [ 73.212155957159439, 33.679613765975809 ], [ 73.212164086340664, 33.679601230901547 ], [ 73.212215774309215, 33.679624662878801 ], [ 73.212207644073331, 33.67963719703949 ], [ 73.212155957159439, 33.679613765975809 ] ] ] } },
{ "type": "Feature", "id": 371, "properties": { "FID": 371, "class": "solar_panels", "SolarPV_Area(sqm)": 5.4297257945800004 }, "geometry": { "type": "Polygon", "coordinates": [ [ [ 73.212400310028073, 33.679518833255791 ], [ 73.212414777153484, 33.679495096119865 ], [ 73.212432434913779, 33.679502618067268 ], [ 73.212417968870071, 33.679526355220958 ], [ 73.212400310028073, 33.679518833255791 ] ] ] } },
{ "type": "Feature", "id": 372, "properties": { "FID": 372, "class": "solar_panels", "SolarPV_Area(sqm)": 2.7943763413 }, "geometry": { "type": "Polygon", "coordinates": [ [ [ 73.21239353667886, 33.679546792878874 ], [ 73.212402594207205, 33.679532761660056 ], [ 73.212417591544479, 33.679539528208608 ], [ 73.212408534017769, 33.679553559428562 ], [ 73.21239353667886, 33.679546792878874 ] ] ] } },
{ "type": "Feature", "id": 373, "properties": { "FID": 373, "class": "solar_panels", "SolarPV_Area(sqm)": 8.881022578 }, "geometry": { "type": "Polygon", "coordinates": [ [ [ 73.212413746719108, 33.679557585501811 ], [ 73.212437619613851, 33.679509976671362 ], [ 73.212453047429307, 33.679515383264729 ], [ 73.212429174541299, 33.679562992098347 ], [ 73.212413746719108, 33.679557585501811 ] ] ] } },
{ "type": "Feature", "id": 374, "properties": { "FID": 374, "class": "solar_panels", "SolarPV_Area(sqm)": 7.5239403751799996 }, "geometry": { "type": "Polygon", "coordinates": [ [ [ 73.212628087582289, 33.679721220462355 ], [ 73.212635733095496, 33.679709068824465 ], [ 73.212682892809298, 33.679729809145599 ], [ 73.212675247319282, 33.679741959885042 ], [ 73.212628087582289, 33.679721220462355 ] ] ] } },
{ "type": "Feature", "id": 375, "properties": { "FID": 375, "class": "solar_panels", "SolarPV_Area(sqm)": 5.8258826214499999 }, "geometry": { "type": "Polygon", "coordinates": [ [ [ 73.212637527043142, 33.679703431671257 ], [ 73.212646135877861, 33.679690440896401 ], [ 73.212679501433527, 33.679705898380277 ], [ 73.212670891542416, 33.679718888240458 ], [ 73.212637527043142, 33.679703431671257 ] ] ] } },
{ "type": "Feature", "id": 376, "properties": { "FID": 376, "class": "solar_panels", "SolarPV_Area(sqm)": 5.9810160014999996 }, "geometry": { "type": "Polygon", "coordinates": [ [ [ 73.212641236482781, 33.6796797715267 ], [ 73.212649556173517, 33.679667357307338 ], [ 73.212685211797321, 33.679684058094722 ], [ 73.212676892109897, 33.679696472316586 ], [ 73.212641236482781, 33.6796797715267 ] ] ] } },
{ "type": "Feature", "id": 377, "properties": { "FID": 377, "class": "solar_panels", "SolarPV_Area(sqm)": 19.098100078800002 }, "geometry": { "type": "Polygon", "coordinates": [ [ [ 73.212781535813832, 33.679751781195506 ], [ 73.212826686082593, 33.679672825306994 ], [ 73.212845830815297, 33.679680476919259 ], [ 73.212800680559397, 33.679759432815118 ], [ 73.212781535813832, 33.679751781195506 ] ] ] } },
{ "type": "Feature", "id": 378, "properties": { "FID": 378, "class": "solar_panels", "SolarPV_Area(sqm)": 17.339194799400001 }, "geometry": { "type": "Polygon", "coordinates": [ [ [ 73.212809702071581, 33.679763712360554 ], [ 73.212856110055199, 33.679683711470069 ], [ 73.212873172045519, 33.679690629569933 ], [ 73.212826764073398, 33.679770630467132 ], [ 73.212809702071581, 33.679763712360554 ] ] ] } },
{ "type": "Feature", "id": 379, "properties": { "FID": 379, "class": "solar_panels", "SolarPV_Area(sqm)": 12.9106978486 }, "geometry": { "type": "Polygon", "coordinates": [ [ [ 73.212674459751256, 33.679628678226841 ], [ 73.212687764431948, 33.679605652869945 ], [ 73.212731970139373, 33.679623508060644 ], [ 73.212718665467278, 33.679646533422527 ], [ 73.212674459751256, 33.679628678226841 ] ] ] } },
{ "type": "Feature", "id": 380, "properties": { "FID": 380, "class": "solar_panels", "SolarPV_Area(sqm)": 10.199587854700001 }, "geometry": { "type": "Polygon", "coordinates": [ [ [ 73.212636062828466, 33.679874325409948 ], [ 73.212659390421635, 33.679830235466234 ], [ 73.212678203292612, 33.67983719335222 ], [ 73.212654876785152, 33.679881283315297 ], [ 73.212636062828466, 33.679874325409948 ] ] ] } },
{ "type": "Feature", "id": 381, "properties": { "FID": 381, "class": "solar_panels", "SolarPV_Area(sqm)": 9.5832634235299992 }, "geometry": { "type": "Polygon", "coordinates": [ [ [ 73.212657813904386, 33.679882793887437 ], [ 73.212680594365878, 33.679840592443526 ], [ 73.212698939872126, 33.679847513806536 ], [ 73.21267615833915, 33.679889715238417 ], [ 73.212657813904386, 33.679882793887437 ] ] ] } },
{ "type": "Feature", "id": 382, "properties": { "FID": 382, "class": "solar_panels", "SolarPV_Area(sqm)": 2.5582923699600002 }, "geometry": { "type": "Polygon", "coordinates": [ [ [ 73.212681073397306, 33.67989285416315 ], [ 73.212688007983004, 33.679882636450515 ], [ 73.212706425942955, 33.679891373219334 ], [ 73.212699491377307, 33.679901590031534 ], [ 73.212681073397306, 33.67989285416315 ] ] ] } },
{ "type": "Feature", "id": 383, "properties": { "FID": 383, "class": "solar_panels", "SolarPV_Area(sqm)": 8.3752230002200001 }, "geometry": { "type": "Polygon", "coordinates": [ [ [ 73.212703752308514, 33.679902823974274 ], [ 73.212728229669963, 33.679859933771553 ], [ 73.212743696793495, 33.679866102893001 ], [ 73.212719219437702, 33.67990899309892 ], [ 73.212703752308514, 33.679902823974274 ] ] ] } },
{ "type": "Feature", "id": 384, "properties": { "FID": 384, "class": "solar_panels", "SolarPV_Area(sqm)": 4.07737234907 }, "geometry": { "type": "Polygon", "coordinates": [ [ [ 73.212693282471022, 33.679868306101326 ], [ 73.212705900004551, 33.679848776879403 ], [ 73.212721616478035, 33.679855874825591 ], [ 73.21270899896551, 33.679875403147676 ], [ 73.212693282471022, 33.679868306101326 ] ] ] } },
{ "type": "Feature", "id": 385, "properties": { "FID": 385, "class": "solar_panels", "SolarPV_Area(sqm)": 6.5357574617500003 }, "geometry": { "type": "Polygon", "coordinates": [ [ [ 73.212727466639876, 33.679940260402653 ], [ 73.21273640208976, 33.679927436665608 ], [ 73.212773404711996, 33.679945456364649 ], [ 73.212764469265494, 33.679958280104458 ], [ 73.212727466639876, 33.679940260402653 ] ] ] } },
{ "type": "Feature", "id": 386, "properties": { "FID": 386, "class": "solar_panels", "SolarPV_Area(sqm)": 2.9333520737200001 }, "geometry": { "type": "Polygon", "coordinates": [ [ [ 73.212758508722885, 33.679934309630106 ], [ 73.212768217678317, 33.679920593508484 ], [ 73.212783619209588, 33.679928212622023 ], [ 73.21277391023699, 33.679941929646382 ], [ 73.212758508722885, 33.679934309630106 ] ] ] } },
{ "type": "Feature", "id": 387, "properties": { "FID": 387, "class": "solar_panels", "SolarPV_Area(sqm)": 5.8906947250600004 }, "geometry": { "type": "Polygon", "coordinates": [ [ [ 73.212750478780706, 33.679908856468657 ], [ 73.212760115085146, 33.679895054530313 ], [ 73.212791069726492, 33.679910160586665 ], [ 73.212781432346773, 33.6799239625119 ], [ 73.212750478780706, 33.679908856468657 ] ] ] } },
{ "type": "Feature", "id": 388, "properties": { "FID": 388, "class": "solar_panels", "SolarPV_Area(sqm)": 6.2720720451699998 }, "geometry": { "type": "Polygon", "coordinates": [ [ [ 73.212761609668206, 33.679887934143927 ], [ 73.212771286853766, 33.67987434561342 ], [ 73.212804422876673, 33.679890839483562 ], [ 73.212794744615906, 33.679904428001159 ], [ 73.212761609668206, 33.679887934143927 ] ] ] } },
{ "type": "Feature", "id": 389, "properties": { "FID": 389, "class": "solar_panels", "SolarPV_Area(sqm)": 7.0655051505499999 }, "geometry": { "type": "Polygon", "coordinates": [ [ [ 73.212772024065629, 33.67987056884985 ], [ 73.212781771181156, 33.679856832538221 ], [ 73.212818768070605, 33.679875180384343 ], [ 73.212809022036922, 33.67988891671456 ], [ 73.212772024065629, 33.67987056884985 ] ] ] } },
{ "type": "Feature", "id": 390, "properties": { "FID": 390, "class": "solar_panels", "SolarPV_Area(sqm)": 3.566895835 }, "geometry": { "type": "Polygon", "coordinates": [ [ [ 73.213099023680954, 33.680104635898495 ], [ 73.213085833186156, 33.680099575559957 ], [ 73.21309775607709, 33.680077854871733 ], [ 73.213110946550714, 33.680082916110422 ], [ 73.213099023680954, 33.680104635898495 ] ] ] } },
{ "type": "Feature", "id": 391, "properties": { "FID": 391, "class": "solar_panels", "SolarPV_Area(sqm)": 3.6910791608500002 }, "geometry": { "type": "Polygon", "coordinates": [ [ [ 73.213105860212238, 33.680106087434673 ], [ 73.213118214129082, 33.680086419993735 ], [ 73.213132518413289, 33.680092700299575 ], [ 73.213120164498704, 33.680112367741984 ], [ 73.213105860212238, 33.680106087434673 ] ] ] } },
{ "type": "Feature", "id": 392, "properties": { "FID": 392, "class": "solar_panels", "SolarPV_Area(sqm)": 9.5135782007999996 }, "geometry": { "type": "Polygon", "coordinates": [ [ [ 73.213095890181918, 33.680055487465069 ], [ 73.213108393042546, 33.680038004459526 ], [ 73.213147372789663, 33.680057490064662 ], [ 73.213134869952384, 33.680074972172747 ], [ 73.213095890181918, 33.680055487465069 ] ] ] } },
{ "type": "Feature", "id": 393, "properties": { "FID": 393, "class": "solar_panels", "SolarPV_Area(sqm)": 3.3531468161000002 }, "geometry": { "type": "Polygon", "coordinates": [ [ [ 73.21313327773737, 33.680034374961025 ], [ 73.21314318164923, 33.680021243269834 ], [ 73.213160948140015, 33.680030608099955 ], [ 73.213151045307953, 33.680043739808184 ], [ 73.21313327773737, 33.680034374961025 ] ] ] } },
{ "type": "Feature", "id": 394, "properties": { "FID": 394, "class": "solar_panels", "SolarPV_Area(sqm)": 17.4814184761 }, "geometry": { "type": "Polygon", "coordinates": [ [ [ 73.213374758365077, 33.680228824170875 ], [ 73.213346931441265, 33.680219196647421 ], [ 73.213372746878377, 33.680167041054673 ], [ 73.213400573807448, 33.680176667670437 ], [ 73.213374758365077, 33.680228824170875 ] ] ] } },
{ "type": "Feature", "id": 395, "properties": { "FID": 395, "class": "solar_panels", "SolarPV_Area(sqm)": 13.557986252399999 }, "geometry": { "type": "Polygon", "coordinates": [ [ [ 73.213616065151399, 33.679688914964672 ], [ 73.213623451222588, 33.679668546200539 ], [ 73.213679708234679, 33.679691896650617 ], [ 73.213672323252652, 33.679712265434006 ], [ 73.213616065151399, 33.679688914964672 ] ] ] } },
{ "type": "Feature", "id": 396, "properties": { "FID": 396, "class": "solar_panels", "SolarPV_Area(sqm)": 37.967918173900003 }, "geometry": { "type": "Polygon", "coordinates": [ [ [ 73.213484988494017, 33.679569151164515 ], [ 73.213494244108233, 33.679546996887616 ], [ 73.213635435435322, 33.679607927639424 ], [ 73.213626180927903, 33.679630081943252 ], [ 73.213484988494017, 33.679569151164515 ] ] ] } },
{ "type": "Feature", "id": 397, "properties": { "FID": 397, "class": "solar_panels", "SolarPV_Area(sqm)": 15.2809269794 }, "geometry": { "type": "Polygon", "coordinates": [ [ [ 73.213637271530146, 33.679636121841426 ], [ 73.213646884236482, 33.67961599628547 ], [ 73.213708000764456, 33.679642615562315 ], [ 73.213698388068892, 33.679662741123309 ], [ 73.213637271530146, 33.679636121841426 ] ] ] } },
{ "type": "Feature", "id": 398, "properties": { "FID": 398, "class": "solar_panels", "SolarPV_Area(sqm)": 2.3048335296700002 }, "geometry": { "type": "Polygon", "coordinates": [ [ [ 73.213577946366541, 33.67967260175525 ], [ 73.21358439057596, 33.679662619474655 ], [ 73.213601777525199, 33.679670464683248 ], [ 73.21359533331713, 33.679680446964781 ], [ 73.213577946366541, 33.67967260175525 ] ] ] } },
{ "type": "Feature", "id": 399, "properties": { "FID": 399, "class": "solar_panels", "SolarPV_Area(sqm)": 8.0436160923899997 }, "geometry": { "type": "Polygon", "coordinates": [ [ [ 73.21182388142455, 33.686478070121964 ], [ 73.211832792401381, 33.686459022122854 ], [ 73.211866955958769, 33.686473774502382 ], [ 73.211858044987693, 33.6864928225041 ], [ 73.21182388142455, 33.686478070121964 ] ] ] } },
{ "type": "Feature", "id": 400, "properties": { "FID": 400, "class": "solar_panels", "SolarPV_Area(sqm)": 7.23668202033 }, "geometry": { "type": "Polygon", "coordinates": [ [ [ 73.211878416396146, 33.686571047243341 ], [ 73.211867338812155, 33.686542834705037 ], [ 73.211889856550442, 33.686536655301744 ], [ 73.211900934141212, 33.686564867838271 ], [ 73.211878416396146, 33.686571047243341 ] ] ] } },
{ "type": "Feature", "id": 401, "properties": { "FID": 401, "class": "solar_panels", "SolarPV_Area(sqm)": 46.752287642299997 }, "geometry": { "type": "Polygon", "coordinates": [ [ [ 73.212241752346969, 33.686456566645212 ], [ 73.212233638843074, 33.686408825969302 ], [ 73.212327608224129, 33.686401391846005 ], [ 73.212335720701404, 33.686449132501878 ], [ 73.212241752346969, 33.686456566645212 ] ] ] } },
{ "type": "Feature", "id": 402, "properties": { "FID": 402, "class": "solar_panels", "SolarPV_Area(sqm)": 4.7905415174800003 }, "geometry": { "type": "Polygon", "coordinates": [ [ [ 73.212507068486929, 33.685966868557074 ], [ 73.212517316063426, 33.685952391066245 ], [ 73.212541149716245, 33.685964181171755 ], [ 73.212530902160822, 33.685978657763101 ], [ 73.212507068486929, 33.685966868557074 ] ] ] } },
{ "type": "Feature", "id": 403, "properties": { "FID": 403, "class": "solar_panels", "SolarPV_Area(sqm)": 4.3792050767799999 }, "geometry": { "type": "Polygon", "coordinates": [ [ [ 73.212549301295397, 33.685987166151328 ], [ 73.212558540905704, 33.685973023056299 ], [ 73.212581733883638, 33.685983611746749 ], [ 73.212572494275832, 33.685997754843562 ], [ 73.212549301295397, 33.685987166151328 ] ] ] } },
{ "type": "Feature", "id": 404, "properties": { "FID": 404, "class": "solar_panels", "SolarPV_Area(sqm)": 3.8829517198199999 }, "geometry": { "type": "Polygon", "coordinates": [ [ [ 73.212563029914037, 33.685968204937311 ], [ 73.212574570605256, 33.685952645093764 ], [ 73.212592099158925, 33.685961729733222 ], [ 73.212580558450838, 33.68597729047994 ], [ 73.212563029914037, 33.685968204937311 ] ] ] } },
{ "type": "Feature", "id": 405, "properties": { "FID": 405, "class": "solar_panels", "SolarPV_Area(sqm)": 4.02580626547 }, "geometry": { "type": "Polygon", "coordinates": [ [ [ 73.212572517763647, 33.685947438341088 ], [ 73.212584107929331, 33.685931833222241 ], [ 73.212602214653984, 33.685941231023499 ], [ 73.212590623393112, 33.685956837030005 ], [ 73.212572517763647, 33.685947438341088 ] ] ] } },
{ "type": "Feature", "id": 406, "properties": { "FID": 406, "class": "solar_panels", "SolarPV_Area(sqm)": 4.4798082079299997 }, "geometry": { "type": "Polygon", "coordinates": [ [ [ 73.212523870452756, 33.685948058227275 ], [ 73.212533217546579, 33.685935079969838 ], [ 73.212557854078383, 33.685947479561641 ], [ 73.212548505908345, 33.685960457805386 ], [ 73.212523870452756, 33.685948058227275 ] ] ] } },
{ "type": "Feature", "id": 407, "properties": { "FID": 407, "class": "solar_panels", "SolarPV_Area(sqm)": 5.2123277876199996 }, "geometry": { "type": "Polygon", "coordinates": [ [ [ 73.212536630141074, 33.685931662051843 ], [ 73.212548512142632, 33.685915143159491 ], [ 73.212571047956416, 33.68592647171188 ], [ 73.212559165957401, 33.685942990606463 ], [ 73.212536630141074, 33.685931662051843 ] ] ] } },
{ "type": "Feature", "id": 408, "properties": { "FID": 408, "class": "solar_panels", "SolarPV_Area(sqm)": 18.056763147800002 }, "geometry": { "type": "Polygon", "coordinates": [ [ [ 73.212192114209969, 33.685649360376637 ], [ 73.212201075515267, 33.685635322394234 ], [ 73.212298437099165, 33.685678756496692 ], [ 73.212289476901589, 33.685692793600566 ], [ 73.212192114209969, 33.685649360376637 ] ] ] } },
{ "type": "Feature", "id": 409, "properties": { "FID": 409, "class": "solar_panels", "SolarPV_Area(sqm)": 16.693543458600001 }, "geometry": { "type": "Polygon", "coordinates": [ [ [ 73.212204754747248, 33.68562861328455 ], [ 73.212213423377335, 33.685615269033697 ], [ 73.21230737303803, 33.685657920613302 ], [ 73.212298705514613, 33.685671263985085 ], [ 73.212204754747248, 33.68562861328455 ] ] ] } },
{ "type": "Feature", "id": 410, "properties": { "FID": 410, "class": "solar_panels", "SolarPV_Area(sqm)": 17.872556353499998 }, "geometry": { "type": "Polygon", "coordinates": [ [ [ 73.21221441451479, 33.685606266601219 ], [ 73.212223797294556, 33.685592398838359 ], [ 73.212318751055079, 33.68563729771779 ], [ 73.212309369382069, 33.68565116460222 ], [ 73.21221441451479, 33.685606266601219 ] ] ] } },
{ "type": "Feature", "id": 411, "properties": { "FID": 411, "class": "solar_panels", "SolarPV_Area(sqm)": 1031.2381171699999 }, "geometry": { "type": "Polygon", "coordinates": [ [ [ 73.213112305369634, 33.686242905245052 ], [ 73.213226808775715, 33.68605946821674 ], [ 73.213375221351299, 33.686131665030281 ], [ 73.213355861163677, 33.686161770094657 ], [ 73.213373289668084, 33.686169544712797 ], [ 73.213367116375665, 33.686179440705054 ], [ 73.213395478054309, 33.686192092398542 ], [ 73.213400033466499, 33.686185367067964 ], [ 73.213463053926517, 33.686216632915645 ], [ 73.213478827623319, 33.686193397035247 ], [ 73.213554006400528, 33.686232317935762 ], [ 73.213562896205318, 33.686218391539725 ], [ 73.213716904427642, 33.686287051880477 ], [ 73.213634167711177, 33.686412776600427 ], [ 73.213570372456729, 33.686382974023317 ], [ 73.213535689239535, 33.686432937188165 ], [ 73.21333662992005, 33.686344093647655 ], [ 73.213349813091412, 33.686323440855226 ], [ 73.213278847937389, 33.68629160013775 ], [ 73.213266242240934, 33.686311348685862 ], [ 73.213112305369634, 33.686242905245052 ] ] ] } },
{ "type": "Feature", "id": 412, "properties": { "FID": 412, "class": "solar_panels", "SolarPV_Area(sqm)": 8.05361142832 }, "geometry": { "type": "Polygon", "coordinates": [ [ [ 73.21357874847854, 33.685763169312629 ], [ 73.213585111251774, 33.685749170298294 ], [ 73.213633998179986, 33.685764698712283 ], [ 73.21362763649168, 33.685778697744922 ], [ 73.21357874847854, 33.685763169312629 ] ] ] } },
{ "type": "Feature", "id": 413, "properties": { "FID": 413, "class": "solar_panels", "SolarPV_Area(sqm)": 7.1456063067800004 }, "geometry": { "type": "Polygon", "coordinates": [ [ [ 73.213586091163705, 33.685744300493127 ], [ 73.213592288163852, 33.685730805874705 ], [ 73.213637167208717, 33.685745211340588 ], [ 73.213630970232984, 33.685758705059925 ], [ 73.213586091163705, 33.685744300493127 ] ] ] } },
{ "type": "Feature", "id": 414, "properties": { "FID": 414, "class": "solar_panels", "SolarPV_Area(sqm)": 2.4800235456899999 }, "geometry": { "type": "Polygon", "coordinates": [ [ [ 73.213592344635984, 33.685723645751089 ], [ 73.213598802015397, 33.685708932100127 ], [ 73.213613248011583, 33.685713362180344 ], [ 73.213606790615557, 33.685728076733625 ], [ 73.213592344635984, 33.685723645751089 ] ] ] } },
{ "type": "Feature", "id": 415, "properties": { "FID": 415, "class": "solar_panels", "SolarPV_Area(sqm)": 2.4236786992299999 }, "geometry": { "type": "Polygon", "coordinates": [ [ [ 73.213613961481244, 33.68573069997143 ], [ 73.213620569363428, 33.685716845175392 ], [ 73.213635247424278, 33.685721737608894 ], [ 73.213628639544012, 33.685735592405784 ], [ 73.213613961481244, 33.68573069997143 ] ] ] } },
{ "type": "Feature", "id": 416, "properties": { "FID": 416, "class": "solar_panels", "SolarPV_Area(sqm)": 6.6035950000900003 }, "geometry": { "type": "Polygon", "coordinates": [ [ [ 73.213596085310627, 33.685701920342837 ], [ 73.213602663943661, 33.685688384350627 ], [ 73.213643383527952, 33.68570221475418 ], [ 73.213636804900062, 33.685715750748692 ], [ 73.213596085310627, 33.685701920342837 ] ] ] } },
{ "type": "Feature", "id": 417, "properties": { "FID": 417, "class": "solar_panels", "SolarPV_Area(sqm)": 7.2194605967800003 }, "geometry": { "type": "Polygon", "coordinates": [ [ [ 73.213601934015927, 33.685682580836961 ], [ 73.213609141885939, 33.685667880743459 ], [ 73.213650029249294, 33.685681891219261 ], [ 73.213642820287816, 33.685696592201204 ], [ 73.213601934015927, 33.685682580836961 ] ] ] } },
{ "type": "Feature", "id": 418, "properties": { "FID": 418, "class": "solar_panels", "SolarPV_Area(sqm)": 7.3427424722300003 }, "geometry": { "type": "Polygon", "coordinates": [ [ [ 73.213608329987494, 33.68566364061207 ], [ 73.213615094319607, 33.68564874112576 ], [ 73.213656985732385, 33.685662032079414 ], [ 73.213650221424885, 33.685676930666673 ], [ 73.213608329987494, 33.68566364061207 ] ] ] } },
{ "type": "Feature", "id": 419, "properties": { "FID": 419, "class": "solar_panels", "SolarPV_Area(sqm)": 64.277893051000007 }, "geometry": { "type": "Polygon", "coordinates": [ [ [ 73.213730032846016, 33.685762095286165 ], [ 73.21378502490721, 33.685672848914606 ], [ 73.213862175560138, 33.685706071909479 ], [ 73.21383875366304, 33.685744081842458 ], [ 73.213800759408286, 33.685727720870211 ], [ 73.213769150253626, 33.685779018992079 ], [ 73.213730032846016, 33.685762095286165 ] ] ] } },
{ "type": "Feature", "id": 420, "properties": { "FID": 420, "class": "solar_panels", "SolarPV_Area(sqm)": 60.007199120700001 }, "geometry": { "type": "Polygon", "coordinates": [ [ [ 73.214734957260404, 33.686174983068177 ], [ 73.214620136822333, 33.686121444907641 ], [ 73.214649428353852, 33.686068800093146 ], [ 73.214683659717778, 33.686084150552006 ], [ 73.214675488110288, 33.686102635029485 ], [ 73.21475423061726, 33.686140812254465 ], [ 73.214734957260404, 33.686174983068177 ] ] ] } },
{ "type": "Feature", "id": 421, "properties": { "FID": 421, "class": "solar_panels", "SolarPV_Area(sqm)": 12.328110887099999 }, "geometry": { "type": "Polygon", "coordinates": [ [ [ 73.213312629227531, 33.685313310641661 ], [ 73.213344125396929, 33.685245584393435 ], [ 73.213359502345398, 33.685250581652021 ], [ 73.213328006167217, 33.685318308805961 ], [ 73.213312629227531, 33.685313310641661 ] ] ] } },
{ "type": "Feature", "id": 422, "properties": { "FID": 422, "class": "solar_panels", "SolarPV_Area(sqm)": 10.4568666097 }, "geometry": { "type": "Polygon", "coordinates": [ [ [ 73.213332222361785, 33.685326304442818 ], [ 73.213365082426435, 33.68526116344561 ], [ 73.213378335673227, 33.68526583601065 ], [ 73.213345475616478, 33.68533097701161 ], [ 73.213332222361785, 33.685326304442818 ] ] ] } },
{ "type": "Feature", "id": 423, "properties": { "FID": 423, "class": "solar_panels", "SolarPV_Area(sqm)": 3.4308512156000002 }, "geometry": { "type": "Polygon", "coordinates": [ [ [ 73.213352963039668, 33.685334877237146 ], [ 73.213362663405235, 33.685315348167634 ], [ 73.213377234407474, 33.685320405909337 ], [ 73.213367534025863, 33.685339935881551 ], [ 73.213352963039668, 33.685334877237146 ] ] ] } },
{ "type": "Feature", "id": 424, "properties": { "FID": 424, "class": "solar_panels", "SolarPV_Area(sqm)": 2.7294893986700002 }, "geometry": { "type": "Polygon", "coordinates": [ [ [ 73.213368374561568, 33.685305523041471 ], [ 73.213376953909673, 33.685288664124677 ], [ 73.213390285580417, 33.685293404553562 ], [ 73.213381706234358, 33.685310263471358 ], [ 73.213368374561568, 33.685305523041471 ] ] ] } },
{ "type": "Feature", "id": 425, "properties": { "FID": 425, "class": "solar_panels", "SolarPV_Area(sqm)": 10.4076148104 }, "geometry": { "type": "Polygon", "coordinates": [ [ [ 73.213374796735749, 33.685345208052127 ], [ 73.213404059879011, 33.685284522961339 ], [ 73.213418405737187, 33.685289357410568 ], [ 73.21338914368043, 33.685350042520575 ], [ 73.213374796735749, 33.685345208052127 ] ] ] } },
{ "type": "Feature", "id": 426, "properties": { "FID": 426, "class": "solar_panels", "SolarPV_Area(sqm)": 10.747456088 }, "geometry": { "type": "Polygon", "coordinates": [ [ [ 73.213392111282502, 33.685351288398692 ], [ 73.213426778475466, 33.685282012762507 ], [ 73.213439618036233, 33.685286503493423 ], [ 73.213404950870085, 33.685355778231923 ], [ 73.213392111282502, 33.685351288398692 ] ] ] } },
{ "type": "Feature", "id": 427, "properties": { "FID": 427, "class": "solar_panels", "SolarPV_Area(sqm)": 8.5051669611000005 }, "geometry": { "type": "Polygon", "coordinates": [ [ [ 73.213990073873362, 33.685539225544034 ], [ 73.213975446665884, 33.685534430377231 ], [ 73.213998435800633, 33.685485422505835 ], [ 73.214013063019991, 33.68549021676823 ], [ 73.213990073873362, 33.685539225544034 ] ] ] } },
{ "type": "Feature", "id": 428, "properties": { "FID": 428, "class": "solar_panels", "SolarPV_Area(sqm)": 8.2881673341600006 }, "geometry": { "type": "Polygon", "coordinates": [ [ [ 73.213968097169442, 33.685531160715314 ], [ 73.213953637795029, 33.685526752125739 ], [ 73.213975102367812, 33.685477553585812 ], [ 73.213989560656927, 33.685481962157084 ], [ 73.213968097169442, 33.685531160715314 ] ] ] } },
{ "type": "Feature", "id": 429, "properties": { "FID": 429, "class": "solar_panels", "SolarPV_Area(sqm)": 8.2688069039799998 }, "geometry": { "type": "Polygon", "coordinates": [ [ [ 73.213945401548386, 33.68552072195412 ], [ 73.213930536852772, 33.685515779065497 ], [ 73.213952758873148, 33.685469074048804 ], [ 73.21396762356224, 33.685474016934556 ], [ 73.213945401548386, 33.68552072195412 ] ] ] } },
{ "type": "Feature", "id": 430, "properties": { "FID": 430, "class": "solar_panels", "SolarPV_Area(sqm)": 14.6067952127 }, "geometry": { "type": "Polygon", "coordinates": [ [ [ 73.214197952438425, 33.68571093995876 ], [ 73.214206558699118, 33.685697519814227 ], [ 73.214288773554856, 33.685734365114094 ], [ 73.214280167302746, 33.685747785264567 ], [ 73.214197952438425, 33.68571093995876 ] ] ] } },
{ "type": "Feature", "id": 431, "properties": { "FID": 431, "class": "solar_panels", "SolarPV_Area(sqm)": 7.3252624405300004 }, "geometry": { "type": "Polygon", "coordinates": [ [ [ 73.214207364175422, 33.68569143370177 ], [ 73.214215928741837, 33.685678412437071 ], [ 73.214257935274276, 33.685697720548475 ], [ 73.214249370711997, 33.685710741816209 ], [ 73.214207364175422, 33.68569143370177 ] ] ] } },
{ "type": "Feature", "id": 432, "properties": { "FID": 432, "class": "solar_panels", "SolarPV_Area(sqm)": 4.2918739630899996 }, "geometry": { "type": "Polygon", "coordinates": [ [ [ 73.214262701923943, 33.685715770711816 ], [ 73.214270682278666, 33.685703718514795 ], [ 73.214297190084565, 33.685715984298817 ], [ 73.214289209732257, 33.685728036497622 ], [ 73.214262701923943, 33.685715770711816 ] ] ] } },
{ "type": "Feature", "id": 433, "properties": { "FID": 433, "class": "solar_panels", "SolarPV_Area(sqm)": 13.846385401399999 }, "geometry": { "type": "Polygon", "coordinates": [ [ [ 73.214216275694113, 33.685672747134213 ], [ 73.214224478521359, 33.685659952393927 ], [ 73.21430623189103, 33.685696578193294 ], [ 73.214298029053268, 33.685709373840716 ], [ 73.214216275694113, 33.685672747134213 ] ] ] } },
{ "type": "Feature", "id": 434, "properties": { "FID": 434, "class": "solar_panels", "SolarPV_Area(sqm)": 15.915282701100001 }, "geometry": { "type": "Polygon", "coordinates": [ [ [ 73.214224197237371, 33.685654672983688 ], [ 73.214233675767687, 33.685640020104614 ], [ 73.214315397663427, 33.685676967374036 ], [ 73.214305918063971, 33.685691620244015 ], [ 73.214224197237371, 33.685654672983688 ] ] ] } },
{ "type": "Feature", "id": 435, "properties": { "FID": 435, "class": "solar_panels", "SolarPV_Area(sqm)": 12.711640001799999 }, "geometry": { "type": "Polygon", "coordinates": [ [ [ 73.214477262966071, 33.685842526223396 ], [ 73.214459215532131, 33.685835520138312 ], [ 73.214490512296607, 33.685779175531557 ], [ 73.214508559721722, 33.685786181611817 ], [ 73.214477262966071, 33.685842526223396 ] ] ] } },
{ "type": "Feature", "id": 436, "properties": { "FID": 436, "class": "solar_panels", "SolarPV_Area(sqm)": 5.8277806492000002 }, "geometry": { "type": "Polygon", "coordinates": [ [ [ 73.214483754852083, 33.685846582426464 ], [ 73.214498898626815, 33.685815817458042 ], [ 73.214514652117103, 33.68582123663473 ], [ 73.214499508346833, 33.685852001605213 ], [ 73.214483754852083, 33.685846582426464 ] ] ] } },
{ "type": "Feature", "id": 437, "properties": { "FID": 437, "class": "solar_panels", "SolarPV_Area(sqm)": 11.477469213699999 }, "geometry": { "type": "Polygon", "coordinates": [ [ [ 73.214507339646488, 33.685854040072272 ], [ 73.214533628264164, 33.685800080386208 ], [ 73.214551369901272, 33.685806120755657 ], [ 73.214525081292493, 33.685860080445764 ], [ 73.214507339646488, 33.685854040072272 ] ] ] } },
{ "type": "Feature", "id": 438, "properties": { "FID": 438, "class": "solar_panels", "SolarPV_Area(sqm)": 10.5920635262 }, "geometry": { "type": "Polygon", "coordinates": [ [ [ 73.214529173637388, 33.685864369789627 ], [ 73.21455573467496, 33.685810589880987 ], [ 73.21457209829623, 33.685816237900269 ], [ 73.21454553618841, 33.685870017797079 ], [ 73.214529173637388, 33.685864369789627 ] ] ] } },
{ "type": "Feature", "id": 439, "properties": { "FID": 439, "class": "solar_panels", "SolarPV_Area(sqm)": 2.444238931 }, "geometry": { "type": "Polygon", "coordinates": [ [ [ 73.214505337884844, 33.685802025102383 ], [ 73.214512258708268, 33.685788627467034 ], [ 73.214527211144102, 33.685794026046196 ], [ 73.214520290322483, 33.685807423682412 ], [ 73.214505337884844, 33.685802025102383 ] ] ] } },
{ "type": "Feature", "id": 440, "properties": { "FID": 440, "class": "solar_panels", "SolarPV_Area(sqm)": 15.40724314 }, "geometry": { "type": "Polygon", "coordinates": [ [ [ 73.21324436021068, 33.684776490819331 ], [ 73.213253066748749, 33.684763074896182 ], [ 73.213339348169001, 33.684802207896531 ], [ 73.213330641639828, 33.684815623826019 ], [ 73.21324436021068, 33.684776490819331 ] ] ] } },
{ "type": "Feature", "id": 441, "properties": { "FID": 441, "class": "solar_panels", "SolarPV_Area(sqm)": 15.6666771545 }, "geometry": { "type": "Polygon", "coordinates": [ [ [ 73.213254022165941, 33.684756574341996 ], [ 73.213262945056499, 33.684743493397953 ], [ 73.213350830433356, 33.684785390964301 ], [ 73.213341906472806, 33.684798471899313 ], [ 73.213254022165941, 33.684756574341996 ] ] ] } },
{ "type": "Feature", "id": 442, "properties": { "FID": 442, "class": "solar_panels", "SolarPV_Area(sqm)": 5.3322006491999998 }, "geometry": { "type": "Polygon", "coordinates": [ [ [ 73.213322304236343, 33.684765751790941 ], [ 73.213331731229928, 33.684752236266291 ], [ 73.213360362055326, 33.68476619400775 ], [ 73.213350935083142, 33.684779708633172 ], [ 73.213322304236343, 33.684765751790941 ] ] ] } },
{ "type": "Feature", "id": 443, "properties": { "FID": 443, "class": "solar_panels", "SolarPV_Area(sqm)": 5.1938002751100001 }, "geometry": { "type": "Polygon", "coordinates": [ [ [ 73.213297784406691, 33.684752727312805 ], [ 73.213267837455106, 33.684739714511352 ], [ 73.213276093478299, 33.684726436353195 ], [ 73.213306040408071, 33.684739450054074 ], [ 73.213297784406691, 33.684752727312805 ] ] ] } },
{ "type": "Feature", "id": 444, "properties": { "FID": 444, "class": "solar_panels", "SolarPV_Area(sqm)": 36.387476258 }, "geometry": { "type": "Polygon", "coordinates": [ [ [ 73.213586751006673, 33.684809099831782 ], [ 73.213618705888408, 33.684761724025407 ], [ 73.213675376583581, 33.684788437785727 ], [ 73.213643421721684, 33.684835813607265 ], [ 73.213586751006673, 33.684809099831782 ] ] ] } },
{ "type": "Feature", "id": 445, "properties": { "FID": 445, "class": "solar_panels", "SolarPV_Area(sqm)": 18.299193407400001 }, "geometry": { "type": "Polygon", "coordinates": [ [ [ 73.213658815265291, 33.68485012002099 ], [ 73.213684359935783, 33.684810697980794 ], [ 73.213719258646606, 33.684826502919485 ], [ 73.213693714005345, 33.684865924065654 ], [ 73.213658815265291, 33.68485012002099 ] ] ] } },
{ "type": "Feature", "id": 446, "properties": { "FID": 446, "class": "solar_panels", "SolarPV_Area(sqm)": 14.142363703699999 }, "geometry": { "type": "Polygon", "coordinates": [ [ [ 73.213853110163129, 33.684983752576834 ], [ 73.213886167928138, 33.684937132999075 ], [ 73.213907996933273, 33.684947949704892 ], [ 73.213874939156725, 33.68499457019017 ], [ 73.213853110163129, 33.684983752576834 ] ] ] } },
{ "type": "Feature", "id": 447, "properties": { "FID": 447, "class": "solar_panels", "SolarPV_Area(sqm)": 18.2263138261 }, "geometry": { "type": "Polygon", "coordinates": [ [ [ 73.213886824138257, 33.68493247493457 ], [ 73.213920245659594, 33.684883339262015 ], [ 73.213947503667271, 33.684896295897033 ], [ 73.21391408213708, 33.684945432478706 ], [ 73.213886824138257, 33.68493247493457 ] ] ] } },
{ "type": "Feature", "id": 448, "properties": { "FID": 448, "class": "solar_panels", "SolarPV_Area(sqm)": 43.066989163499997 }, "geometry": { "type": "Polygon", "coordinates": [ [ [ 73.214382967474393, 33.685254007506728 ], [ 73.214346964013572, 33.68523835270765 ], [ 73.214398451413985, 33.685144415780748 ], [ 73.214434453768078, 33.685160070548449 ], [ 73.214382967474393, 33.685254007506728 ] ] ] } },
{ "type": "Feature", "id": 449, "properties": { "FID": 449, "class": "solar_panels", "SolarPV_Area(sqm)": 22.352135587700001 }, "geometry": { "type": "Polygon", "coordinates": [ [ [ 73.214653447480472, 33.685408242581325 ], [ 73.214617680048548, 33.685392279258899 ], [ 73.214643188912945, 33.68534289196085 ], [ 73.214678955232856, 33.6853588561614 ], [ 73.214653447480472, 33.685408242581325 ] ] ] } },
{ "type": "Feature", "id": 450, "properties": { "FID": 450, "class": "solar_panels", "SolarPV_Area(sqm)": 23.274087542899998 }, "geometry": { "type": "Polygon", "coordinates": [ [ [ 73.214687650420046, 33.685343477723229 ], [ 73.214650303400646, 33.685328681014411 ], [ 73.214674316707018, 33.685277593903393 ], [ 73.214711663727826, 33.68529238970298 ], [ 73.214687650420046, 33.685343477723229 ] ] ] } },
{ "type": "Feature", "id": 451, "properties": { "FID": 451, "class": "solar_panels", "SolarPV_Area(sqm)": 13.946340981800001 }, "geometry": { "type": "Polygon", "coordinates": [ [ [ 73.212714955637182, 33.684097065787817 ], [ 73.21272429760225, 33.684082135106046 ], [ 73.212795615142383, 33.684113322923231 ], [ 73.212786272107422, 33.68412825359502 ], [ 73.212714955637182, 33.684097065787817 ] ] ] } },
{ "type": "Feature", "id": 452, "properties": { "FID": 452, "class": "solar_panels", "SolarPV_Area(sqm)": 11.142095687799999 }, "geometry": { "type": "Polygon", "coordinates": [ [ [ 73.212756892022355, 33.684229134974203 ], [ 73.212763266837754, 33.684218671104688 ], [ 73.212845484273984, 33.684253678669329 ], [ 73.2128391083872, 33.68426414252766 ], [ 73.212756892022355, 33.684229134974203 ] ] ] } },
{ "type": "Feature", "id": 453, "properties": { "FID": 453, "class": "solar_panels", "SolarPV_Area(sqm)": 11.5200463607 }, "geometry": { "type": "Polygon", "coordinates": [ [ [ 73.212765878377041, 33.684215907093666 ], [ 73.212772586638494, 33.684204811399468 ], [ 73.212853006608, 33.684238794696874 ], [ 73.212846298372511, 33.68424988949414 ], [ 73.212765878377041, 33.684215907093666 ] ] ] } },
{ "type": "Feature", "id": 454, "properties": { "FID": 454, "class": "solar_panels", "SolarPV_Area(sqm)": 11.9399697513 }, "geometry": { "type": "Polygon", "coordinates": [ [ [ 73.212780378830416, 33.684192107302124 ], [ 73.212787423956257, 33.684180631425562 ], [ 73.212867507041963, 33.684214994894518 ], [ 73.212860461942199, 33.684226469874339 ], [ 73.212780378830416, 33.684192107302124 ] ] ] } },
{ "type": "Feature", "id": 455, "properties": { "FID": 455, "class": "solar_panels", "SolarPV_Area(sqm)": 4.8264978093400002 }, "geometry": { "type": "Polygon", "coordinates": [ [ [ 73.216146749964167, 33.683809446216188 ], [ 73.216131352837195, 33.683802662610191 ], [ 73.216146282723429, 33.683778756785294 ], [ 73.216161678750524, 33.683785541275277 ], [ 73.216146749964167, 33.683809446216188 ] ] ] } },
{ "type": "Feature", "id": 456, "properties": { "FID": 456, "class": "solar_panels", "SolarPV_Area(sqm)": 4.6649889294799998 }, "geometry": { "type": "Polygon", "coordinates": [ [ [ 73.216172038032781, 33.683819179850623 ], [ 73.216155493103685, 33.68381234811158 ], [ 73.216169825317891, 33.683790847688556 ], [ 73.216186370244174, 33.683797679425595 ], [ 73.216172038032781, 33.683819179850623 ] ] ] } },
{ "type": "Feature", "id": 457, "properties": { "FID": 457, "class": "solar_panels", "SolarPV_Area(sqm)": 4.6075741743699998 }, "geometry": { "type": "Polygon", "coordinates": [ [ [ 73.216195455581897, 33.683831476350377 ], [ 73.216178844785176, 33.6838233947135 ], [ 73.216192872941591, 33.68380324525576 ], [ 73.216209482657575, 33.683811326875123 ], [ 73.216195455581897, 33.683831476350377 ] ] ] } },
{ "type": "Feature", "id": 458, "properties": { "FID": 458, "class": "solar_panels", "SolarPV_Area(sqm)": 5.1182999417600001 }, "geometry": { "type": "Polygon", "coordinates": [ [ [ 73.216227369957224, 33.683844030800479 ], [ 73.216208950710765, 33.683834463090903 ], [ 73.2162234399662, 33.683814967757698 ], [ 73.216241859210299, 33.683824535465057 ], [ 73.216227369957224, 33.683844030800479 ] ] ] } },
{ "type": "Feature", "id": 459, "properties": { "FID": 459, "class": "solar_panels", "SolarPV_Area(sqm)": 6.6147138886 }, "geometry": { "type": "Polygon", "coordinates": [ [ [ 73.216233135540421, 33.68384674360977 ], [ 73.216248698793081, 33.683825908422847 ], [ 73.216270909772788, 33.683837503945803 ], [ 73.216255346523155, 33.683858339135611 ], [ 73.216233135540421, 33.68384674360977 ] ] ] } },
{ "type": "Feature", "id": 460, "properties": { "FID": 460, "class": "solar_panels", "SolarPV_Area(sqm)": 6.4024885513900003 }, "geometry": { "type": "Polygon", "coordinates": [ [ [ 73.216263804646459, 33.683860835620955 ], [ 73.216281450462475, 33.683838503805539 ], [ 73.216300860966911, 33.683849222947522 ], [ 73.216283214093735, 33.683871553848711 ], [ 73.216263804646459, 33.683860835620955 ] ] ] } },
{ "type": "Feature", "id": 461, "properties": { "FID": 461, "class": "solar_panels", "SolarPV_Area(sqm)": 5.2785163495000003 }, "geometry": { "type": "Polygon", "coordinates": [ [ [ 73.216293719313811, 33.683876672475343 ], [ 73.216310081147938, 33.683855558441628 ], [ 73.216327205591725, 33.683864832401753 ], [ 73.216310842681466, 33.683885946422201 ], [ 73.216293719313811, 33.683876672475343 ] ] ] } },
{ "type": "Feature", "id": 462, "properties": { "FID": 462, "class": "solar_panels", "SolarPV_Area(sqm)": 6.3448845354600003 }, "geometry": { "type": "Polygon", "coordinates": [ [ [ 73.216316395778605, 33.683847567964364 ], [ 73.216333590588491, 33.683823518071961 ], [ 73.216352492379656, 33.68383296377737 ], [ 73.216335296494549, 33.683857013656919 ], [ 73.216316395778605, 33.683847567964364 ] ] ] } },
{ "type": "Feature", "id": 463, "properties": { "FID": 463, "class": "solar_panels", "SolarPV_Area(sqm)": 5.4871068163 }, "geometry": { "type": "Polygon", "coordinates": [ [ [ 73.216305855602641, 33.683841530834279 ], [ 73.216288286899299, 33.6838323018575 ], [ 73.216304652653889, 33.683810527786051 ], [ 73.216322221373389, 33.683819755858963 ], [ 73.216305855602641, 33.683841530834279 ] ] ] } },
{ "type": "Feature", "id": 464, "properties": { "FID": 464, "class": "solar_panels", "SolarPV_Area(sqm)": 5.3712978505100004 }, "geometry": { "type": "Polygon", "coordinates": [ [ [ 73.216276316124109, 33.683825077179797 ], [ 73.216258824157293, 33.683814849245273 ], [ 73.216275598736615, 33.683794798048645 ], [ 73.216293091779932, 33.683805025996335 ], [ 73.216276316124109, 33.683825077179797 ] ] ] } },
{ "type": "Feature", "id": 465, "properties": { "FID": 465, "class": "solar_panels", "SolarPV_Area(sqm)": 5.3169548687099999 }, "geometry": { "type": "Polygon", "coordinates": [ [ [ 73.216247489308657, 33.683811512254813 ], [ 73.216229638511606, 33.683801893239611 ], [ 73.216245416261586, 33.683781430875236 ], [ 73.216263267056362, 33.683791049888136 ], [ 73.216247489308657, 33.683811512254813 ] ] ] } },
{ "type": "Feature", "id": 466, "properties": { "FID": 466, "class": "solar_panels", "SolarPV_Area(sqm)": 4.3868930650699998 }, "geometry": { "type": "Polygon", "coordinates": [ [ [ 73.21621781538353, 33.683796293872177 ], [ 73.216201052271586, 33.683786500285287 ], [ 73.216215344203988, 33.683769402612135 ], [ 73.216232108392774, 33.68377919621264 ], [ 73.21621781538353, 33.683796293872177 ] ] ] } },
{ "type": "Feature", "id": 467, "properties": { "FID": 467, "class": "solar_panels", "SolarPV_Area(sqm)": 4.1403007189199998 }, "geometry": { "type": "Polygon", "coordinates": [ [ [ 73.216192068895424, 33.683782748163239 ], [ 73.216177318479907, 33.683773639221798 ], [ 73.216192921829048, 33.683755979748703 ], [ 73.216207672243357, 33.683765088688276 ], [ 73.216192068895424, 33.683782748163239 ] ] ] } },
{ "type": "Feature", "id": 468, "properties": { "FID": 468, "class": "solar_panels", "SolarPV_Area(sqm)": 4.0982420202999998 }, "geometry": { "type": "Polygon", "coordinates": [ [ [ 73.216169619372067, 33.68377241436356 ], [ 73.216154956961418, 33.683764214771486 ], [ 73.216169981519158, 33.683745436866168 ], [ 73.216184643928187, 33.683753636456444 ], [ 73.216169619372067, 33.68377241436356 ] ] ] } },
{ "type": "Feature", "id": 469, "properties": { "FID": 469, "class": "solar_panels", "SolarPV_Area(sqm)": 18.032498956400001 }, "geometry": { "type": "Polygon", "coordinates": [ [ [ 73.214277083232787, 33.683196067145033 ], [ 73.214284202411932, 33.683180736284406 ], [ 73.214383602363071, 33.68321299822518 ], [ 73.214376483217038, 33.683228328190452 ], [ 73.214277083232787, 33.683196067145033 ] ] ] } },
{ "type": "Feature", "id": 470, "properties": { "FID": 470, "class": "solar_panels", "SolarPV_Area(sqm)": 7.0659822212799996 }, "geometry": { "type": "Polygon", "coordinates": [ [ [ 73.214389954947094, 33.683205108493041 ], [ 73.214351306774375, 33.683192405743533 ], [ 73.214358548150813, 33.683177007208478 ], [ 73.214397196317918, 33.683189709955563 ], [ 73.214389954947094, 33.683205108493041 ] ] ] } },
{ "type": "Feature", "id": 471, "properties": { "FID": 471, "class": "solar_panels", "SolarPV_Area(sqm)": 6.4602710092200004 }, "geometry": { "type": "Polygon", "coordinates": [ [ [ 73.214408963951655, 33.683186143116451 ], [ 73.214370591826153, 33.683173705875916 ], [ 73.214378978247083, 33.683160052580675 ], [ 73.214417350367924, 33.683172489818482 ], [ 73.214408963951655, 33.683186143116451 ] ] ] } },
{ "type": "Feature", "id": 472, "properties": { "FID": 472, "class": "solar_panels", "SolarPV_Area(sqm)": 2.66658617078 }, "geometry": { "type": "Polygon", "coordinates": [ [ [ 73.21441662632796, 33.683160557972776 ], [ 73.214426779733046, 33.68314710696059 ], [ 73.214440566822233, 33.68315437970886 ], [ 73.214430413399683, 33.68316783162372 ], [ 73.21441662632796, 33.683160557972776 ] ] ] } },
{ "type": "Feature", "id": 473, "properties": { "FID": 473, "class": "solar_panels", "SolarPV_Area(sqm)": 2.85805600145 }, "geometry": { "type": "Polygon", "coordinates": [ [ [ 73.214390988708885, 33.683153610807835 ], [ 73.21440156659142, 33.683140237172921 ], [ 73.214416025893314, 33.683148230233712 ], [ 73.214405448011917, 33.683161603869891 ], [ 73.214390988708885, 33.683153610807835 ] ] ] } },
{ "type": "Feature", "id": 474, "properties": { "FID": 474, "class": "solar_panels", "SolarPV_Area(sqm)": 2.7780664661699999 }, "geometry": { "type": "Polygon", "coordinates": [ [ [ 73.214368412180235, 33.68314813267795 ], [ 73.214377810233898, 33.683133913266182 ], [ 73.214392364834993, 33.683140636213494 ], [ 73.214382967861241, 33.68315485564198 ], [ 73.214368412180235, 33.68314813267795 ] ] ] } },
{ "type": "Feature", "id": 475, "properties": { "FID": 475, "class": "solar_panels", "SolarPV_Area(sqm)": 2.4856587598100002 }, "geometry": { "type": "Polygon", "coordinates": [ [ [ 73.214351357001945, 33.68314235921644 ], [ 73.21436054763906, 33.683128207145892 ], [ 73.214373738913324, 33.683134194385069 ], [ 73.214364548277629, 33.683148346456655 ], [ 73.214351357001945, 33.68314235921644 ] ] ] } },
{ "type": "Feature", "id": 476, "properties": { "FID": 476, "class": "solar_panels", "SolarPV_Area(sqm)": 2.2809619591599999 }, "geometry": { "type": "Polygon", "coordinates": [ [ [ 73.214331957353238, 33.683134264077424 ], [ 73.214340147139282, 33.6831219822378 ], [ 73.214353924858599, 33.683128403590608 ], [ 73.214345735073806, 33.683140685431177 ], [ 73.214331957353238, 33.683134264077424 ] ] ] } },
{ "type": "Feature", "id": 477, "properties": { "FID": 477, "class": "solar_panels", "SolarPV_Area(sqm)": 2.6204598201799998 }, "geometry": { "type": "Polygon", "coordinates": [ [ [ 73.21433375294103, 33.683162812069561 ], [ 73.214342989716698, 33.683149193612572 ], [ 73.21435714867566, 33.683155905434582 ], [ 73.214347911901385, 33.683169523892659 ], [ 73.21433375294103, 33.683162812069561 ] ] ] } },
{ "type": "Feature", "id": 478, "properties": { "FID": 478, "class": "solar_panels", "SolarPV_Area(sqm)": 3.1369917693899998 }, "geometry": { "type": "Polygon", "coordinates": [ [ [ 73.21431206344198, 33.683155230300244 ], [ 73.214321440963786, 33.683140648085235 ], [ 73.214337669719896, 33.683147941710054 ], [ 73.214328292199909, 33.683162523926327 ], [ 73.21431206344198, 33.683155230300244 ] ] ] } },
{ "type": "Feature", "id": 479, "properties": { "FID": 479, "class": "solar_panels", "SolarPV_Area(sqm)": 2.2714225505500001 }, "geometry": { "type": "Polygon", "coordinates": [ [ [ 73.2143170591456, 33.683178524855563 ], [ 73.21432615099269, 33.683165655478255 ], [ 73.214338875569425, 33.683171938067701 ], [ 73.214329783723471, 33.68318480744599 ], [ 73.2143170591456, 33.683178524855563 ] ] ] } },
{ "type": "Feature", "id": 480, "properties": { "FID": 480, "class": "solar_panels", "SolarPV_Area(sqm)": 2.4139190403600002 }, "geometry": { "type": "Polygon", "coordinates": [ [ [ 73.214297354776036, 33.683169308015181 ], [ 73.214306833037611, 33.683157208924612 ], [ 73.214321132024509, 33.683163721680408 ], [ 73.214311653764099, 33.683175820772099 ], [ 73.214297354776036, 33.683169308015181 ] ] ] } },
{ "type": "Feature", "id": 481, "properties": { "FID": 481, "class": "solar_panels", "SolarPV_Area(sqm)": 27.192425160300001 }, "geometry": { "type": "Polygon", "coordinates": [ [ [ 73.212547521491899, 33.68278700905946 ], [ 73.212616316112559, 33.682754153850908 ], [ 73.212636119150048, 33.682783132831183 ], [ 73.21256732451279, 33.682815988050102 ], [ 73.212547521491899, 33.68278700905946 ] ] ] } },
{ "type": "Feature", "id": 482, "properties": { "FID": 482, "class": "solar_panels", "SolarPV_Area(sqm)": 12.478767443400001 }, "geometry": { "type": "Polygon", "coordinates": [ [ [ 73.212575451328235, 33.682831976756773 ], [ 73.212644123079315, 33.682800108093673 ], [ 73.212653091933674, 33.682813615588998 ], [ 73.212584421234354, 33.682845485173878 ], [ 73.212575451328235, 33.682831976756773 ] ] ] } },
{ "type": "Feature", "id": 483, "properties": { "FID": 483, "class": "solar_panels", "SolarPV_Area(sqm)": 11.5682623172 }, "geometry": { "type": "Polygon", "coordinates": [ [ [ 73.212591229133352, 33.682858333776601 ], [ 73.212659371928382, 33.68282559987049 ], [ 73.212667901837918, 33.682838009874459 ], [ 73.212599760095571, 33.6828707447021 ], [ 73.212591229133352, 33.682858333776601 ] ] ] } },
{ "type": "Feature", "id": 484, "properties": { "FID": 484, "class": "solar_panels", "SolarPV_Area(sqm)": 8.8811308024700004 }, "geometry": { "type": "Polygon", "coordinates": [ [ [ 73.212560059812731, 33.682928265806865 ], [ 73.21261183339648, 33.682904414665337 ], [ 73.212620266875874, 33.682917210135869 ], [ 73.212568493286454, 33.682941061280722 ], [ 73.212560059812731, 33.682928265806865 ] ] ] } },
{ "type": "Feature", "id": 485, "properties": { "FID": 485, "class": "solar_panels", "SolarPV_Area(sqm)": 24.498603061899999 }, "geometry": { "type": "Polygon", "coordinates": [ [ [ 73.212471161702879, 33.682786019613658 ], [ 73.212511196081223, 33.682768995470539 ], [ 73.212517359176971, 33.682778236691952 ], [ 73.212542808863333, 33.682766373341863 ], [ 73.21253783420039, 33.682758915881188 ], [ 73.212597608168565, 33.682731051304067 ], [ 73.212607860853353, 33.682746423297395 ], [ 73.212483438793498, 33.682804424699285 ], [ 73.212471161702879, 33.682786019613658 ] ] ] } },
{ "type": "Feature", "id": 486, "properties": { "FID": 486, "class": "solar_panels", "SolarPV_Area(sqm)": 8.9580045144299998 }, "geometry": { "type": "Polygon", "coordinates": [ [ [ 73.212476265188002, 33.683056669016885 ], [ 73.212485806258442, 33.683044204861311 ], [ 73.212535388186055, 33.683070731787275 ], [ 73.212525847119494, 33.683083195946757 ], [ 73.212476265188002, 33.683056669016885 ] ] ] } },
{ "type": "Feature", "id": 487, "properties": { "FID": 487, "class": "solar_panels", "SolarPV_Area(sqm)": 3.2222171481399999 }, "geometry": { "type": "Polygon", "coordinates": [ [ [ 73.212485788436922, 33.683038500919466 ], [ 73.21249603748727, 33.683025653836225 ], [ 73.212512917934845, 33.683035066363409 ], [ 73.212502668885762, 33.683047913448085 ], [ 73.212485788436922, 33.683038500919466 ] ] ] } },
{ "type": "Feature", "id": 488, "properties": { "FID": 488, "class": "solar_panels", "SolarPV_Area(sqm)": 3.3140967293800001 }, "geometry": { "type": "Polygon", "coordinates": [ [ [ 73.2125202399709, 33.683056530688411 ], [ 73.212528931873578, 33.683045016429276 ], [ 73.212548949074034, 33.683055576298656 ], [ 73.212540257172819, 33.683067090559227 ], [ 73.2125202399709, 33.683056530688411 ] ] ] } },
{ "type": "Feature", "id": 489, "properties": { "FID": 489, "class": "solar_panels", "SolarPV_Area(sqm)": 9.7347903205699993 }, "geometry": { "type": "Polygon", "coordinates": [ [ [ 73.212498381408111, 33.68302138270996 ], [ 73.21250796525878, 33.683008831699972 ], [ 73.212561551487255, 33.683037428399835 ], [ 73.21255196764082, 33.683049979414058 ], [ 73.212498381408111, 33.68302138270996 ] ] ] } },
{ "type": "Feature", "id": 490, "properties": { "FID": 490, "class": "solar_panels", "SolarPV_Area(sqm)": 9.3338064725700001 }, "geometry": { "type": "Polygon", "coordinates": [ [ [ 73.212510354340438, 33.683004775847742 ], [ 73.212519830869354, 33.682992510947926 ], [ 73.212572046824377, 33.683020708171924 ], [ 73.212562570299397, 33.683032973075818 ], [ 73.212510354340438, 33.683004775847742 ] ] ] } },
{ "type": "Feature", "id": 491, "properties": { "FID": 491, "class": "solar_panels", "SolarPV_Area(sqm)": 18.9956811204 }, "geometry": { "type": "Polygon", "coordinates": [ [ [ 73.21232361459262, 33.683157560184483 ], [ 73.212315463529137, 33.683135033292118 ], [ 73.212395791704992, 33.683130412650492 ], [ 73.212403942807981, 33.683152938636738 ], [ 73.21232361459262, 33.683157560184483 ] ] ] } },
{ "type": "Feature", "id": 492, "properties": { "FID": 492, "class": "solar_panels", "SolarPV_Area(sqm)": 21.268603239499999 }, "geometry": { "type": "Polygon", "coordinates": [ [ [ 73.212343900011646, 33.683203407451558 ], [ 73.212336201005684, 33.683178635387023 ], [ 73.212417353963758, 33.683171118464948 ], [ 73.212425052992685, 33.683195890525191 ], [ 73.212343900011646, 33.683203407451558 ] ] ] } },
{ "type": "Feature", "id": 493, "properties": { "FID": 493, "class": "solar_panels", "SolarPV_Area(sqm)": 37.245780479099999 }, "geometry": { "type": "Polygon", "coordinates": [ [ [ 73.212343673600003, 33.683256540864384 ], [ 73.212334518646585, 33.683232745988583 ], [ 73.212482072535579, 33.683220640400258 ], [ 73.212491227529085, 33.683244435266445 ], [ 73.212343673600003, 33.683256540864384 ] ] ] } },
{ "type": "Feature", "id": 494, "properties": { "FID": 494, "class": "solar_panels", "SolarPV_Area(sqm)": 4.7060886981800003 }, "geometry": { "type": "Polygon", "coordinates": [ [ [ 73.212439278301488, 33.683171152555545 ], [ 73.212437675606694, 33.683150667342574 ], [ 73.212459919249142, 33.683149449886635 ], [ 73.212461523027571, 33.683169935115089 ], [ 73.212439278301488, 33.683171152555545 ] ] ] } },
{ "type": "Feature", "id": 495, "properties": { "FID": 495, "class": "solar_panels", "SolarPV_Area(sqm)": 35.338822758 }, "geometry": { "type": "Polygon", "coordinates": [ [ [ 73.212550465764537, 33.683413101543067 ], [ 73.212586805285483, 33.683367297193193 ], [ 73.212638908984644, 33.68339618712919 ], [ 73.212602569477752, 33.683441991494682 ], [ 73.212550465764537, 33.683413101543067 ] ] ] } },
{ "type": "Feature", "id": 496, "properties": { "FID": 496, "class": "solar_panels", "SolarPV_Area(sqm)": 24.2880276673 }, "geometry": { "type": "Polygon", "coordinates": [ [ [ 73.21249049340733, 33.683449065602069 ], [ 73.212512173514838, 33.683419427072486 ], [ 73.212570172580484, 33.683449078665852 ], [ 73.21254849250316, 33.683478716304386 ], [ 73.21249049340733, 33.683449065602069 ] ] ] } },
{ "type": "Feature", "id": 497, "properties": { "FID": 497, "class": "solar_panels", "SolarPV_Area(sqm)": 23.732196068299999 }, "geometry": { "type": "Polygon", "coordinates": [ [ [ 73.21246228005954, 33.68348348274791 ], [ 73.212477652126509, 33.683459417856135 ], [ 73.212552270031765, 33.6834927312349 ], [ 73.21253689690046, 33.68351679612072 ], [ 73.21246228005954, 33.68348348274791 ] ] ] } },
{ "type": "Feature", "id": 498, "properties": { "FID": 498, "class": "solar_panels", "SolarPV_Area(sqm)": 20.768679679000002 }, "geometry": { "type": "Polygon", "coordinates": [ [ [ 73.212889377702695, 33.683626114897955 ], [ 73.212870553732472, 33.683617516555707 ], [ 73.212924555979214, 33.683534892324168 ], [ 73.212943378859222, 33.683543490642286 ], [ 73.212889377702695, 33.683626114897955 ] ] ] } },
{ "type": "Feature", "id": 499, "properties": { "FID": 499, "class": "solar_panels", "SolarPV_Area(sqm)": 20.9099025493 }, "geometry": { "type": "Polygon", "coordinates": [ [ [ 73.212909020744718, 33.683633445477156 ], [ 73.212959647371918, 33.683555010708233 ], [ 73.212979724964171, 33.683564068136015 ], [ 73.212929098349122, 33.683642502913493 ], [ 73.212909020744718, 33.683633445477156 ] ] ] } },
{ "type": "Feature", "id": 500, "properties": { "FID": 500, "class": "solar_panels", "SolarPV_Area(sqm)": 18.4524339602 }, "geometry": { "type": "Polygon", "coordinates": [ [ [ 73.212945681691536, 33.683652415174173 ], [ 73.212994305095634, 33.683575653049033 ], [ 73.213012561596926, 33.683583734566554 ], [ 73.212963938203842, 33.683660496699204 ], [ 73.212945681691536, 33.683652415174173 ] ] ] } },
{ "type": "Feature", "id": 501, "properties": { "FID": 501, "class": "solar_panels", "SolarPV_Area(sqm)": 10.318001242599999 }, "geometry": { "type": "Polygon", "coordinates": [ [ [ 73.213007713467974, 33.683630248882068 ], [ 73.213032939068782, 33.683589873692867 ], [ 73.213052463539469, 33.683598399180653 ], [ 73.213027236866566, 33.683638774358414 ], [ 73.213007713467974, 33.683630248882068 ] ] ] } },
{ "type": "Feature", "id": 502, "properties": { "FID": 502, "class": "solar_panels", "SolarPV_Area(sqm)": 11.953195382900001 }, "geometry": { "type": "Polygon", "coordinates": [ [ [ 73.212999865003866, 33.683681687636827 ], [ 73.213020218427076, 33.683650476079052 ], [ 73.213048927328174, 33.683663560301639 ], [ 73.213028573911799, 33.683694771864324 ], [ 73.212999865003866, 33.683681687636827 ] ] ] } },
{ "type": "Feature", "id": 503, "properties": { "FID": 503, "class": "solar_panels", "SolarPV_Area(sqm)": 10.2643018872 }, "geometry": { "type": "Polygon", "coordinates": [ [ [ 73.213067401353541, 33.683649979975783 ], [ 73.213047549103791, 33.683640978124025 ], [ 73.213072753884745, 33.683602129318942 ], [ 73.213092606128555, 33.683611131166501 ], [ 73.213067401353541, 33.683649979975783 ] ] ] } },
{ "type": "Feature", "id": 504, "properties": { "FID": 504, "class": "solar_panels", "SolarPV_Area(sqm)": 9.6711287508799995 }, "geometry": { "type": "Polygon", "coordinates": [ [ [ 73.213109205167029, 33.683700079111226 ], [ 73.213138207785562, 33.683656704244356 ], [ 73.213154727579933, 33.683664424261359 ], [ 73.213125724966758, 33.683707799132229 ], [ 73.213109205167029, 33.683700079111226 ] ] ] } },
{ "type": "Feature", "id": 505, "properties": { "FID": 505, "class": "solar_panels", "SolarPV_Area(sqm)": 10.541576662400001 }, "geometry": { "type": "Polygon", "coordinates": [ [ [ 73.213131529212617, 33.683710619052455 ], [ 73.213160892655026, 33.683666592010233 ], [ 73.213178654324537, 33.683674870146007 ], [ 73.21314929086931, 33.683718898094085 ], [ 73.213131529212617, 33.683710619052455 ] ] ] } },
{ "type": "Feature", "id": 506, "properties": { "FID": 506, "class": "solar_panels", "SolarPV_Area(sqm)": 10.2431063775 }, "geometry": { "type": "Polygon", "coordinates": [ [ [ 73.213155691375192, 33.683722199164251 ], [ 73.213184670200008, 33.683677262981305 ], [ 73.21320184433948, 33.683685003277773 ], [ 73.213172866598981, 33.6837299394805 ], [ 73.213155691375192, 33.683722199164251 ] ] ] } },
{ "type": "Feature", "id": 507, "properties": { "FID": 507, "class": "solar_panels", "SolarPV_Area(sqm)": 9.5723826068900006 }, "geometry": { "type": "Polygon", "coordinates": [ [ [ 73.213200807615777, 33.683761626862172 ], [ 73.213180568059116, 33.683751948513681 ], [ 73.213204277245708, 33.68371729471793 ], [ 73.213224516797268, 33.683726973062413 ], [ 73.213200807615777, 33.683761626862172 ] ] ] } },
{ "type": "Feature", "id": 508, "properties": { "FID": 508, "class": "solar_panels", "SolarPV_Area(sqm)": 8.4999733811099993 }, "geometry": { "type": "Polygon", "coordinates": [ [ [ 73.213218156432987, 33.683769840406178 ], [ 73.213241680580907, 33.683735944117451 ], [ 73.213259924498715, 33.683744792822033 ], [ 73.213236400355228, 33.683778689114369 ], [ 73.213218156432987, 33.683769840406178 ] ] ] } },
{ "type": "Feature", "id": 509, "properties": { "FID": 509, "class": "solar_panels", "SolarPV_Area(sqm)": 57.3184820516 }, "geometry": { "type": "Polygon", "coordinates": [ [ [ 73.21362331499931, 33.683916556971148 ], [ 73.213649604232444, 33.683874970629581 ], [ 73.213754372191303, 33.683921259259712 ], [ 73.213728082992461, 33.683962845624478 ], [ 73.21362331499931, 33.683916556971148 ] ] ] } },
{ "type": "Feature", "id": 510, "properties": { "FID": 510, "class": "solar_panels", "SolarPV_Area(sqm)": 22.529765280500001 }, "geometry": { "type": "Polygon", "coordinates": [ [ [ 73.214186343569651, 33.684161819172211 ], [ 73.214046324235781, 33.684099342225821 ], [ 73.214054098872921, 33.684087164423204 ], [ 73.214194118193461, 33.684149641360428 ], [ 73.214186343569651, 33.684161819172211 ] ] ] } },
{ "type": "Feature", "id": 511, "properties": { "FID": 511, "class": "solar_panels", "SolarPV_Area(sqm)": 3.8559606602000001 }, "geometry": { "type": "Polygon", "coordinates": [ [ [ 73.21419281161613, 33.684146474399164 ], [ 73.214174403217299, 33.684137537783968 ], [ 73.214184985202962, 33.684122304785234 ], [ 73.214203392502782, 33.684131242284714 ], [ 73.21419281161613, 33.684146474399164 ] ] ] } },
{ "type": "Feature", "id": 512, "properties": { "FID": 512, "class": "solar_panels", "SolarPV_Area(sqm)": 3.4705068519600002 }, "geometry": { "type": "Polygon", "coordinates": [ [ [ 73.214153797567789, 33.684127713623887 ], [ 73.214135327189538, 33.684120000708475 ], [ 73.21414406388179, 33.684105377685469 ], [ 73.214162534276468, 33.684113089698023 ], [ 73.214153797567789, 33.684127713623887 ] ] ] } },
{ "type": "Feature", "id": 513, "properties": { "FID": 513, "class": "solar_panels", "SolarPV_Area(sqm)": 11.471368224800001 }, "geometry": { "type": "Polygon", "coordinates": [ [ [ 73.214115949550276, 33.684110936450175 ], [ 73.214054345137228, 33.684083446385365 ], [ 73.214063342694814, 33.684069353772266 ], [ 73.214124947101084, 33.684096843832407 ], [ 73.214115949550276, 33.684110936450175 ] ] ] } },
{ "type": "Feature", "id": 514, "properties": { "FID": 514, "class": "solar_panels", "SolarPV_Area(sqm)": 16.367867485400001 }, "geometry": { "type": "Polygon", "coordinates": [ [ [ 73.214157076120472, 33.684104799290814 ], [ 73.214064901366697, 33.684062523767999 ], [ 73.214073612286157, 33.684049251226412 ], [ 73.214165785970906, 33.684091525825394 ], [ 73.214157076120472, 33.684104799290814 ] ] ] } },
{ "type": "Feature", "id": 515, "properties": { "FID": 515, "class": "solar_panels", "SolarPV_Area(sqm)": 3.3161402712900001 }, "geometry": { "type": "Polygon", "coordinates": [ [ [ 73.214147269366705, 33.684179341077993 ], [ 73.214161865349553, 33.68415721437654 ], [ 73.214173040724589, 33.684162366315704 ], [ 73.214158444743603, 33.68418449301852 ], [ 73.214147269366705, 33.684179341077993 ] ] ] } },
{ "type": "Feature", "id": 516, "properties": { "FID": 516, "class": "solar_panels", "SolarPV_Area(sqm)": 18.409156590599999 }, "geometry": { "type": "Polygon", "coordinates": [ [ [ 73.214272977924921, 33.68420938364779 ], [ 73.214280943035362, 33.68419571435377 ], [ 73.214386788204436, 33.684238823965678 ], [ 73.214378822046442, 33.684252492349763 ], [ 73.214272977924921, 33.68420938364779 ] ] ] } },
{ "type": "Feature", "id": 517, "properties": { "FID": 517, "class": "solar_panels", "SolarPV_Area(sqm)": 17.6718814179 }, "geometry": { "type": "Polygon", "coordinates": [ [ [ 73.21438485201341, 33.684234857956518 ], [ 73.214278710702104, 33.684190003649199 ], [ 73.214286508784994, 33.684177108362896 ], [ 73.214392649006783, 33.684221962647634 ], [ 73.21438485201341, 33.684234857956518 ] ] ] } },
{ "type": "Feature", "id": 518, "properties": { "FID": 518, "class": "solar_panels", "SolarPV_Area(sqm)": 15.037050792200001 }, "geometry": { "type": "Polygon", "coordinates": [ [ [ 73.214295854418822, 33.684172157481605 ], [ 73.214303522594079, 33.684160171102391 ], [ 73.214398382836677, 33.684202582658266 ], [ 73.214390714670259, 33.684214569043569 ], [ 73.214295854418822, 33.684172157481605 ] ] ] } },
{ "type": "Feature", "id": 519, "properties": { "FID": 519, "class": "solar_panels", "SolarPV_Area(sqm)": 27.1804949078 }, "geometry": { "type": "Polygon", "coordinates": [ [ [ 73.214735202517019, 33.684580008213622 ], [ 73.214808210469272, 33.684452607260447 ], [ 73.214825084866789, 33.684459364585258 ], [ 73.21475207583579, 33.684586766434805 ], [ 73.214735202517019, 33.684580008213622 ] ] ] } },
{ "type": "Feature", "id": 520, "properties": { "FID": 520, "class": "solar_panels", "SolarPV_Area(sqm)": 36.126757943500003 }, "geometry": { "type": "Polygon", "coordinates": [ [ [ 73.21472760297992, 33.68457573943158 ], [ 73.21471023998123, 33.684568874935813 ], [ 73.214803778044796, 33.684403523072973 ], [ 73.214821141018902, 33.684410387554927 ], [ 73.21472760297992, 33.68457573943158 ] ] ] } },
{ "type": "Feature", "id": 521, "properties": { "FID": 521, "class": "solar_panels", "SolarPV_Area(sqm)": 3.5391239451700001 }, "geometry": { "type": "Polygon", "coordinates": [ [ [ 73.214817715020189, 33.684443048795877 ], [ 73.214829816750282, 33.684421714694892 ], [ 73.21484298633591, 33.684426935972112 ], [ 73.214830885686595, 33.684448270090044 ], [ 73.214817715020189, 33.684443048795877 ] ] ] } },
{ "type": "Feature", "id": 522, "properties": { "FID": 522, "class": "solar_panels", "SolarPV_Area(sqm)": 17.698721436300001 }, "geometry": { "type": "Polygon", "coordinates": [ [ [ 73.215093170622822, 33.684821052898158 ], [ 73.21510097031495, 33.684808650851032 ], [ 73.215209688449818, 33.684856440884012 ], [ 73.215201887689986, 33.68486884292269 ], [ 73.215093170622822, 33.684821052898158 ] ] ] } },
{ "type": "Feature", "id": 523, "properties": { "FID": 523, "class": "solar_panels", "SolarPV_Area(sqm)": 9.9487301381800002 }, "geometry": { "type": "Polygon", "coordinates": [ [ [ 73.215211551779461, 33.684850784860032 ], [ 73.215155421170579, 33.684825574731477 ], [ 73.215164016553587, 33.684812199445389 ], [ 73.215220147156643, 33.684837409569894 ], [ 73.215211551779461, 33.684850784860032 ] ] ] } },
{ "type": "Feature", "id": 524, "properties": { "FID": 524, "class": "solar_panels", "SolarPV_Area(sqm)": 9.2710265073200002 }, "geometry": { "type": "Polygon", "coordinates": [ [ [ 73.215092506302412, 33.684792088415392 ], [ 73.21510115008509, 33.684779137664229 ], [ 73.215154236116263, 33.684803900737379 ], [ 73.215145592338729, 33.684816851492393 ], [ 73.215092506302412, 33.684792088415392 ] ] ] } },
{ "type": "Feature", "id": 525, "properties": { "FID": 525, "class": "solar_panels", "SolarPV_Area(sqm)": 2.94345615 }, "geometry": { "type": "Polygon", "coordinates": [ [ [ 73.215107164291723, 33.684778174001359 ], [ 73.215117529371113, 33.684762993698158 ], [ 73.215131750748782, 33.684769780282494 ], [ 73.215121386749331, 33.684784960602521 ], [ 73.215107164291723, 33.684778174001359 ] ] ] } },
{ "type": "Feature", "id": 526, "properties": { "FID": 526, "class": "solar_panels", "SolarPV_Area(sqm)": 17.892004571299999 }, "geometry": { "type": "Polygon", "coordinates": [ [ [ 73.215122229850721, 33.684760041590636 ], [ 73.215130682765235, 33.684747244085408 ], [ 73.215234870503963, 33.684795339264952 ], [ 73.21522641759951, 33.684808136777576 ], [ 73.215122229850721, 33.684760041590636 ] ] ] } },
{ "type": "Feature", "id": 527, "properties": { "FID": 527, "class": "solar_panels", "SolarPV_Area(sqm)": 9.1300754423800008 }, "geometry": { "type": "Polygon", "coordinates": [ [ [ 73.215144349460857, 33.68479374826147 ], [ 73.215153390043213, 33.684780335221774 ], [ 73.215203629453853, 33.684804001174186 ], [ 73.215194588857855, 33.684817415119191 ], [ 73.215144349460857, 33.68479374826147 ] ] ] } },
{ "type": "Feature", "id": 528, "properties": { "FID": 528, "class": "solar_panels", "SolarPV_Area(sqm)": 1.97155492544 }, "geometry": { "type": "Polygon", "coordinates": [ [ [ 73.215212541388695, 33.68482691762258 ], [ 73.215220592984537, 33.684814330737431 ], [ 73.215232437557546, 33.684819626614775 ], [ 73.215224387059891, 33.684832212614793 ], [ 73.215212541388695, 33.68482691762258 ] ] ] } },
{ "type": "Feature", "id": 529, "properties": { "FID": 529, "class": "solar_panels", "SolarPV_Area(sqm)": 13.753533813200001 }, "geometry": { "type": "Polygon", "coordinates": [ [ [ 73.213428556484104, 33.682162256492973 ], [ 73.213437053138676, 33.682149168460143 ], [ 73.213515989234622, 33.682184985685964 ], [ 73.213507492606624, 33.682198072822942 ], [ 73.213428556484104, 33.682162256492973 ] ] ] } },
{ "type": "Feature", "id": 530, "properties": { "FID": 530, "class": "solar_panels", "SolarPV_Area(sqm)": 13.3442442824 }, "geometry": { "type": "Polygon", "coordinates": [ [ [ 73.213516759215509, 33.682177904411205 ], [ 73.213440040923146, 33.682141874879726 ], [ 73.213448679489403, 33.682129017947453 ], [ 73.213525397774461, 33.682165047473383 ], [ 73.213516759215509, 33.682177904411205 ] ] ] } },
{ "type": "Feature", "id": 531, "properties": { "FID": 531, "class": "solar_panels", "SolarPV_Area(sqm)": 21.387189345399999 }, "geometry": { "type": "Polygon", "coordinates": [ [ [ 73.213263632026596, 33.682025318415555 ], [ 73.213273935994835, 33.682008815384485 ], [ 73.213372970587287, 33.682052030218451 ], [ 73.213362666613406, 33.682068534159619 ], [ 73.213263632026596, 33.682025318415555 ] ] ] } },
{ "type": "Feature", "id": 532, "properties": { "FID": 532, "class": "solar_panels", "SolarPV_Area(sqm)": 8.5099534345300007 }, "geometry": { "type": "Polygon", "coordinates": [ [ [ 73.21327736589096, 33.682005698881589 ], [ 73.21328719154279, 33.681990469442702 ], [ 73.213329282720494, 33.682009449021116 ], [ 73.21331945599529, 33.682024678447867 ], [ 73.21327736589096, 33.682005698881589 ] ] ] } },
{ "type": "Feature", "id": 533, "properties": { "FID": 533, "class": "solar_panels", "SolarPV_Area(sqm)": 6.5638189607599999 }, "geometry": { "type": "Polygon", "coordinates": [ [ [ 73.21333971900043, 33.682032579722311 ], [ 73.213348816902339, 33.68201811527436 ], [ 73.213383385089884, 33.682033312229528 ], [ 73.213374286113606, 33.682047776664533 ], [ 73.21333971900043, 33.682032579722311 ] ] ] } },
{ "type": "Feature", "id": 534, "properties": { "FID": 534, "class": "solar_panels", "SolarPV_Area(sqm)": 13.061123443 }, "geometry": { "type": "Polygon", "coordinates": [ [ [ 73.213351827092197, 33.681912051313468 ], [ 73.213359841494395, 33.681899227743109 ], [ 73.213437643831512, 33.681933212457068 ], [ 73.213429629437258, 33.681946036032699 ], [ 73.213351827092197, 33.681912051313468 ] ] ] } },
{ "type": "Feature", "id": 535, "properties": { "FID": 535, "class": "solar_panels", "SolarPV_Area(sqm)": 13.8652444262 }, "geometry": { "type": "Polygon", "coordinates": [ [ [ 73.213437411437184, 33.681923852345832 ], [ 73.213361327069578, 33.681889988064938 ], [ 73.213370120110341, 33.681876181103917 ], [ 73.213446204469719, 33.681910045379176 ], [ 73.213437411437184, 33.681923852345832 ] ] ] } },
{ "type": "Feature", "id": 536, "properties": { "FID": 536, "class": "solar_panels", "SolarPV_Area(sqm)": 20.687246231100001 }, "geometry": { "type": "Polygon", "coordinates": [ [ [ 73.213589710469776, 33.681950830830424 ], [ 73.213601155249037, 33.681933405526017 ], [ 73.213689855197103, 33.681974124263419 ], [ 73.21367841042958, 33.68199154957636 ], [ 73.213589710469776, 33.681950830830424 ] ] ] } },
{ "type": "Feature", "id": 537, "properties": { "FID": 537, "class": "solar_panels", "SolarPV_Area(sqm)": 10.3965805306 }, "geometry": { "type": "Polygon", "coordinates": [ [ [ 73.213548044835846, 33.681928955602594 ], [ 73.213562468038418, 33.681905001282487 ], [ 73.213596140604366, 33.681919171639073 ], [ 73.213581718505395, 33.681943125077375 ], [ 73.213548044835846, 33.681928955602594 ] ] ] } },
{ "type": "Feature", "id": 538, "properties": { "FID": 538, "class": "solar_panels", "SolarPV_Area(sqm)": 8.2645113142700009 }, "geometry": { "type": "Polygon", "coordinates": [ [ [ 73.213636761068557, 33.681810287015068 ], [ 73.213648274503257, 33.681792200800018 ], [ 73.213682900875028, 33.681807607722732 ], [ 73.213671386366912, 33.68182569392556 ], [ 73.213636761068557, 33.681810287015068 ] ] ] } },
{ "type": "Feature", "id": 539, "properties": { "FID": 539, "class": "solar_panels", "SolarPV_Area(sqm)": 8.7207749058099999 }, "geometry": { "type": "Polygon", "coordinates": [ [ [ 73.213743653938153, 33.681837114620016 ], [ 73.213737539722828, 33.681845163773815 ], [ 73.213719359610721, 33.681836427885699 ], [ 73.213713812390182, 33.681844495156078 ], [ 73.213684076141263, 33.681830205904284 ], [ 73.213695300740653, 33.681813880269488 ], [ 73.213743653938153, 33.681837114620016 ] ] ] } },
{ "type": "Feature", "id": 540, "properties": { "FID": 540, "class": "solar_panels", "SolarPV_Area(sqm)": 25.993775472900001 }, "geometry": { "type": "Polygon", "coordinates": [ [ [ 73.213482853387774, 33.681685538124036 ], [ 73.213502532322707, 33.681653579967019 ], [ 73.213565055112085, 33.681680488395187 ], [ 73.213545376193224, 33.681712446562592 ], [ 73.213482853387774, 33.681685538124036 ] ] ] } },
{ "type": "Feature", "id": 541, "properties": { "FID": 541, "class": "solar_panels", "SolarPV_Area(sqm)": 6.0177319906699998 }, "geometry": { "type": "Polygon", "coordinates": [ [ [ 73.213685814022156, 33.681771959647506 ], [ 73.213694858356902, 33.681757942576368 ], [ 73.213727195610588, 33.68177252553609 ], [ 73.213718151279338, 33.681786542609679 ], [ 73.213685814022156, 33.681771959647506 ] ] ] } },
{ "type": "Feature", "id": 542, "properties": { "FID": 542, "class": "solar_panels", "SolarPV_Area(sqm)": 5.4541991407300001 }, "geometry": { "type": "Polygon", "coordinates": [ [ [ 73.213737699006103, 33.681796378591201 ], [ 73.213746124404835, 33.681783602418292 ], [ 73.213777960396072, 33.681798275508207 ], [ 73.213769535000409, 33.681811051683383 ], [ 73.213737699006103, 33.681796378591201 ] ] ] } },
{ "type": "Feature", "id": 543, "properties": { "FID": 543, "class": "solar_panels", "SolarPV_Area(sqm)": 16.322828039600001 }, "geometry": { "type": "Polygon", "coordinates": [ [ [ 73.213703619991279, 33.681750342911151 ], [ 73.213713953126415, 33.681735813332047 ], [ 73.213794663912822, 33.681775931322903 ], [ 73.213784330785842, 33.681790460908971 ], [ 73.213703619991279, 33.681750342911151 ] ] ] } },
{ "type": "Feature", "id": 544, "properties": { "FID": 544, "class": "solar_panels", "SolarPV_Area(sqm)": 8.2929228367899999 }, "geometry": { "type": "Polygon", "coordinates": [ [ [ 73.213712582421735, 33.681684391799074 ], [ 73.21372193793681, 33.681670035651145 ], [ 73.213765252939268, 33.68168976411058 ], [ 73.213755897428939, 33.681704120261905 ], [ 73.213712582421735, 33.681684391799074 ] ] ] } },
{ "type": "Feature", "id": 545, "properties": { "FID": 545, "class": "solar_panels", "SolarPV_Area(sqm)": 7.4831778895200003 }, "geometry": { "type": "Polygon", "coordinates": [ [ [ 73.213727040234858, 33.681665225447453 ], [ 73.213736985350238, 33.681650576632677 ], [ 73.213774557042086, 33.681668403178094 ], [ 73.21376461300909, 33.681683052011593 ], [ 73.213727040234858, 33.681665225447453 ] ] ] } },
{ "type": "Feature", "id": 546, "properties": { "FID": 546, "class": "solar_panels", "SolarPV_Area(sqm)": 6.4427262005800001 }, "geometry": { "type": "Polygon", "coordinates": [ [ [ 73.213777363162023, 33.681713009157498 ], [ 73.213787314612418, 33.681698106131542 ], [ 73.213819364740942, 33.681713063658492 ], [ 73.213809413294115, 33.68172796668712 ], [ 73.213777363162023, 33.681713009157498 ] ] ] } },
{ "type": "Feature", "id": 547, "properties": { "FID": 547, "class": "solar_panels", "SolarPV_Area(sqm)": 5.6336852091600003 }, "geometry": { "type": "Polygon", "coordinates": [ [ [ 73.213789224232158, 33.68169506231817 ], [ 73.213798917454795, 33.681680753430143 ], [ 73.213827905961821, 33.68169447905867 ], [ 73.21381821276087, 33.681708787047548 ], [ 73.213789224232158, 33.68169506231817 ] ] ] } },
{ "type": "Feature", "id": 548, "properties": { "FID": 548, "class": "solar_panels", "SolarPV_Area(sqm)": 21.286023718100001 }, "geometry": { "type": "Polygon", "coordinates": [ [ [ 73.213680035806789, 33.681526905238364 ], [ 73.21366959530144, 33.68154464446102 ], [ 73.213649630176491, 33.681535383173035 ], [ 73.213645262479716, 33.681541964248268 ], [ 73.213593106570457, 33.681517771301415 ], [ 73.21360898750963, 33.681493841659261 ], [ 73.213680035806789, 33.681526905238364 ] ] ] } },
{ "type": "Feature", "id": 549, "properties": { "FID": 549, "class": "solar_panels", "SolarPV_Area(sqm)": 9.4792290183900008 }, "geometry": { "type": "Polygon", "coordinates": [ [ [ 73.214089914083516, 33.681185631308402 ], [ 73.214123784948313, 33.681132629825882 ], [ 73.214137314533872, 33.681138672475868 ], [ 73.214103443674659, 33.681191673962232 ], [ 73.214089914083516, 33.681185631308402 ] ] ] } },
{ "type": "Feature", "id": 550, "properties": { "FID": 550, "class": "solar_panels", "SolarPV_Area(sqm)": 11.9867500553 }, "geometry": { "type": "Polygon", "coordinates": [ [ [ 73.214112605780102, 33.681195789522391 ], [ 73.214147182430239, 33.681142561972734 ], [ 73.214164093191457, 33.681150239708288 ], [ 73.214129516548226, 33.681203467262861 ], [ 73.214112605780102, 33.681195789522391 ] ] ] } },
{ "type": "Feature", "id": 551, "properties": { "FID": 551, "class": "solar_panels", "SolarPV_Area(sqm)": 6.5096236782399997 }, "geometry": { "type": "Polygon", "coordinates": [ [ [ 73.214148423650698, 33.681189252762238 ], [ 73.214171669707227, 33.681152581108492 ], [ 73.214184985204298, 33.6811588055212 ], [ 73.214161739151507, 33.681195477177546 ], [ 73.214148423650698, 33.681189252762238 ] ] ] } },
{ "type": "Feature", "id": 552, "properties": { "FID": 552, "class": "solar_panels", "SolarPV_Area(sqm)": 4.8376884892799996 }, "geometry": { "type": "Polygon", "coordinates": [ [ [ 73.213906656754972, 33.68100556348422 ], [ 73.213923083418621, 33.680978916541207 ], [ 73.213937032155656, 33.680984926496393 ], [ 73.213920605495005, 33.681011573441346 ], [ 73.213906656754972, 33.68100556348422 ] ] ] } },
{ "type": "Feature", "id": 553, "properties": { "FID": 553, "class": "solar_panels", "SolarPV_Area(sqm)": 3.6100395204 }, "geometry": { "type": "Polygon", "coordinates": [ [ [ 73.213930986296774, 33.681008812611694 ], [ 73.213943144898664, 33.680987947422352 ], [ 73.213956742060518, 33.680993485176309 ], [ 73.213944583461029, 33.68101435036705 ], [ 73.213930986296774, 33.681008812611694 ] ] ] } },
{ "type": "Feature", "id": 554, "properties": { "FID": 554, "class": "solar_panels", "SolarPV_Area(sqm)": 2.0884133202799999 }, "geometry": { "type": "Polygon", "coordinates": [ [ [ 73.213950051431937, 33.681019079840517 ], [ 73.213957846933667, 33.68100733969316 ], [ 73.213971069271565, 33.681013477113552 ], [ 73.213963273771014, 33.681025217261755 ], [ 73.213950051431937, 33.681019079840517 ] ] ] } },
{ "type": "Feature", "id": 555, "properties": { "FID": 555, "class": "solar_panels", "SolarPV_Area(sqm)": 5.9501104906900002 }, "geometry": { "type": "Polygon", "coordinates": [ [ [ 73.213966878178738, 33.681032694535169 ], [ 73.213988960502874, 33.680997739291001 ], [ 73.214001902522526, 33.681003453333069 ], [ 73.213979820183297, 33.681038409481147 ], [ 73.213966878178738, 33.681032694535169 ] ] ] } },
{ "type": "Feature", "id": 556, "properties": { "FID": 556, "class": "solar_panels", "SolarPV_Area(sqm)": 3.58576781991 }, "geometry": { "type": "Polygon", "coordinates": [ [ [ 73.213987607967567, 33.681041852301099 ], [ 73.214002856203209, 33.681018412134158 ], [ 73.214014336108306, 33.681023631608831 ], [ 73.213999087874711, 33.681047071777236 ], [ 73.213987607967567, 33.681041852301099 ] ] ] } },
{ "type": "Feature", "id": 557, "properties": { "FID": 557, "class": "solar_panels", "SolarPV_Area(sqm)": 1.6732582096 }, "geometry": { "type": "Polygon", "coordinates": [ [ [ 73.213962210700231, 33.680999120936534 ], [ 73.213969556753028, 33.680989032643353 ], [ 73.213981323828932, 33.680995021874345 ], [ 73.213973977776917, 33.681005110168236 ], [ 73.213962210700231, 33.680999120936534 ] ] ] } },
{ "type": "Feature", "id": 558, "properties": { "FID": 558, "class": "solar_panels", "SolarPV_Area(sqm)": 9.6985993465699991 }, "geometry": { "type": "Polygon", "coordinates": [ [ [ 73.213994490790697, 33.680976980267225 ], [ 73.214006780770575, 33.680959305624896 ], [ 73.214046661786327, 33.680978687655909 ], [ 73.214034371811479, 33.680996362302331 ], [ 73.213994490790697, 33.680976980267225 ] ] ] } },
{ "type": "Feature", "id": 559, "properties": { "FID": 559, "class": "solar_panels", "SolarPV_Area(sqm)": 36.772954539399997 }, "geometry": { "type": "Polygon", "coordinates": [ [ [ 73.213983373803742, 33.6809328871784 ], [ 73.213999948017488, 33.680907344318783 ], [ 73.214108111408677, 33.680956398723097 ], [ 73.214091537234808, 33.680981940696277 ], [ 73.213983373803742, 33.6809328871784 ] ] ] } },
{ "type": "Feature", "id": 560, "properties": { "FID": 560, "class": "solar_panels", "SolarPV_Area(sqm)": 49.334088797699998 }, "geometry": { "type": "Polygon", "coordinates": [ [ [ 73.214002990893007, 33.680898738542837 ], [ 73.214025494722463, 33.680864574824788 ], [ 73.21413323898642, 33.680914178637096 ], [ 73.214110735184846, 33.680948342375494 ], [ 73.214002990893007, 33.680898738542837 ] ] ] } },
{ "type": "Feature", "id": 561, "properties": { "FID": 561, "class": "solar_panels", "SolarPV_Area(sqm)": 8.4851754603400007 }, "geometry": { "type": "Polygon", "coordinates": [ [ [ 73.214055055726419, 33.680859058614971 ], [ 73.21403942681863, 33.680852614980829 ], [ 73.214064477478985, 33.68081015031872 ], [ 73.214080106381232, 33.680816593949544 ], [ 73.214055055726419, 33.680859058614971 ] ] ] } },
{ "type": "Feature", "id": 562, "properties": { "FID": 562, "class": "solar_panels", "SolarPV_Area(sqm)": 6.6040785598099996 }, "geometry": { "type": "Polygon", "coordinates": [ [ [ 73.214062669127131, 33.680862796492789 ], [ 73.214084104476768, 33.680824593624543 ], [ 73.214097882379846, 33.680829996906731 ], [ 73.214076447034756, 33.680868199777485 ], [ 73.214062669127131, 33.680862796492789 ] ] ] } },
{ "type": "Feature", "id": 563, "properties": { "FID": 563, "class": "solar_panels", "SolarPV_Area(sqm)": 2.4179773798599999 }, "geometry": { "type": "Polygon", "coordinates": [ [ [ 73.214084752774937, 33.680870380388363 ], [ 73.214091829894073, 33.680859316994507 ], [ 73.214108356117563, 33.680866705120835 ], [ 73.214101278999848, 33.680877768515664 ], [ 73.214084752774937, 33.680870380388363 ] ] ] } },
{ "type": "Feature", "id": 564, "properties": { "FID": 564, "class": "solar_panels", "SolarPV_Area(sqm)": 1.79705918002 }, "geometry": { "type": "Polygon", "coordinates": [ [ [ 73.214099048255477, 33.680840746613093 ], [ 73.214105589315082, 33.680830620522762 ], [ 73.214118949724693, 33.680836652612619 ], [ 73.214112408666139, 33.680846778703682 ], [ 73.214099048255477, 33.680840746613093 ] ] ] } },
{ "type": "Feature", "id": 565, "properties": { "FID": 565, "class": "solar_panels", "SolarPV_Area(sqm)": 6.2136027675500003 }, "geometry": { "type": "Polygon", "coordinates": [ [ [ 73.214106582769361, 33.680880006726696 ], [ 73.214126503855994, 33.680842578222659 ], [ 73.214139979189113, 33.68084759116929 ], [ 73.214120057028651, 33.680885019660032 ], [ 73.214106582769361, 33.680880006726696 ] ] ] } },
{ "type": "Feature", "id": 566, "properties": { "FID": 566, "class": "solar_panels", "SolarPV_Area(sqm)": 6.5363117591100002 }, "geometry": { "type": "Polygon", "coordinates": [ [ [ 73.21412785479599, 33.680890221966315 ], [ 73.214147812262183, 33.680851503553484 ], [ 73.21416165701703, 33.680856491177863 ], [ 73.214141699555668, 33.680895209593082 ], [ 73.21412785479599, 33.680890221966315 ] ] ] } },
{ "type": "Feature", "id": 567, "properties": { "FID": 567, "class": "solar_panels", "SolarPV_Area(sqm)": 15.4106768796 }, "geometry": { "type": "Polygon", "coordinates": [ [ [ 73.214205463533219, 33.680921283464102 ], [ 73.2142140427882, 33.680907527452547 ], [ 73.214299692419317, 33.680944868713532 ], [ 73.21429111211404, 33.680958623814178 ], [ 73.214205463533219, 33.680921283464102 ] ] ] } },
{ "type": "Feature", "id": 568, "properties": { "FID": 568, "class": "solar_panels", "SolarPV_Area(sqm)": 14.942079701700001 }, "geometry": { "type": "Polygon", "coordinates": [ [ [ 73.214219121642429, 33.680901135185238 ], [ 73.214227910391841, 33.680887576081169 ], [ 73.214310746363168, 33.680925100301565 ], [ 73.21430195870073, 33.680938659427341 ], [ 73.214219121642429, 33.680901135185238 ] ] ] } },
{ "type": "Feature", "id": 569, "properties": { "FID": 569, "class": "solar_panels", "SolarPV_Area(sqm)": 35.076724880800001 }, "geometry": { "type": "Polygon", "coordinates": [ [ [ 73.213782687770319, 33.68232339862417 ], [ 73.213798300889479, 33.682288696169614 ], [ 73.213880910672046, 33.682323547284746 ], [ 73.21386529757865, 33.682358249750422 ], [ 73.213782687770319, 33.68232339862417 ] ] ] } },
{ "type": "Feature", "id": 570, "properties": { "FID": 570, "class": "solar_panels", "SolarPV_Area(sqm)": 19.305328101400001 }, "geometry": { "type": "Polygon", "coordinates": [ [ [ 73.213911670109709, 33.6823129958374 ], [ 73.213820043832158, 33.682269853371892 ], [ 73.2138305222648, 33.682254298771269 ], [ 73.213922149591497, 33.682297442145824 ], [ 73.213911670109709, 33.6823129958374 ] ] ] } },
{ "type": "Feature", "id": 571, "properties": { "FID": 571, "class": "solar_panels", "SolarPV_Area(sqm)": 17.430568991600001 }, "geometry": { "type": "Polygon", "coordinates": [ [ [ 73.213922445371637, 33.68228914023166 ], [ 73.213834259729879, 33.682248098142423 ], [ 73.213844030656404, 33.682233425160199 ], [ 73.213932216288455, 33.68227446724223 ], [ 73.213922445371637, 33.68228914023166 ] ] ] } },
{ "type": "Feature", "id": 572, "properties": { "FID": 572, "class": "solar_panels", "SolarPV_Area(sqm)": 15.588719599699999 }, "geometry": { "type": "Polygon", "coordinates": [ [ [ 73.214028929448446, 33.682362097975179 ], [ 73.214038140029956, 33.682348022865121 ], [ 73.214121029691015, 33.682385933962003 ], [ 73.214111819118386, 33.682400009078471 ], [ 73.214028929448446, 33.682362097975179 ] ] ] } },
{ "type": "Feature", "id": 573, "properties": { "FID": 573, "class": "solar_panels", "SolarPV_Area(sqm)": 15.3450178724 }, "geometry": { "type": "Polygon", "coordinates": [ [ [ 73.214044162120459, 33.682342289910665 ], [ 73.214053730319009, 33.682326934949039 ], [ 73.214130165980308, 33.682360222250438 ], [ 73.214120597791094, 33.682375577218217 ], [ 73.214044162120459, 33.682342289910665 ] ] ] } },
{ "type": "Feature", "id": 574, "properties": { "FID": 574, "class": "solar_panels", "SolarPV_Area(sqm)": 6.4925856389399996 }, "geometry": { "type": "Polygon", "coordinates": [ [ [ 73.214060034813059, 33.682245179767747 ], [ 73.214042745187442, 33.682237817567916 ], [ 73.214060408202357, 33.682208824051216 ], [ 73.214077698902258, 33.682216186264057 ], [ 73.214060034813059, 33.682245179767747 ] ] ] } },
{ "type": "Feature", "id": 575, "properties": { "FID": 575, "class": "solar_panels", "SolarPV_Area(sqm)": 5.9496928850800002 }, "geometry": { "type": "Polygon", "coordinates": [ [ [ 73.214071587710407, 33.682250945864446 ], [ 73.214089952211125, 33.682220161652509 ], [ 73.214105002383477, 33.682226436402402 ], [ 73.214086638964929, 33.682257220632252 ], [ 73.214071587710407, 33.682250945864446 ] ] ] } },
{ "type": "Feature", "id": 576, "properties": { "FID": 576, "class": "solar_panels", "SolarPV_Area(sqm)": 12.739698299300001 }, "geometry": { "type": "Polygon", "coordinates": [ [ [ 73.214114939140444, 33.682246245820622 ], [ 73.214124972374051, 33.682229996708593 ], [ 73.214185171090179, 33.682255974876384 ], [ 73.214175137864416, 33.682272223993515 ], [ 73.214114939140444, 33.682246245820622 ] ] ] } },
{ "type": "Feature", "id": 577, "properties": { "FID": 577, "class": "solar_panels", "SolarPV_Area(sqm)": 16.645059146600001 }, "geometry": { "type": "Polygon", "coordinates": [ [ [ 73.214201657741185, 33.68207727975355 ], [ 73.214211380188019, 33.682061400374884 ], [ 73.214292147041348, 33.682095964865347 ], [ 73.214282424604917, 33.682111844250649 ], [ 73.214201657741185, 33.68207727975355 ] ] ] } },
{ "type": "Feature", "id": 578, "properties": { "FID": 578, "class": "solar_panels", "SolarPV_Area(sqm)": 5.1593266791100003 }, "geometry": { "type": "Polygon", "coordinates": [ [ [ 73.21421486273573, 33.682054954374749 ], [ 73.214224920219479, 33.682039773298065 ], [ 73.214250209826133, 33.682051483112872 ], [ 73.214240153423617, 33.682066664207277 ], [ 73.21421486273573, 33.682054954374749 ] ] ] } },
{ "type": "Feature", "id": 579, "properties": { "FID": 579, "class": "solar_panels", "SolarPV_Area(sqm)": 7.3538914402 }, "geometry": { "type": "Polygon", "coordinates": [ [ [ 73.214258993843302, 33.682074405896415 ], [ 73.214269877967666, 33.682057797542249 ], [ 73.214302993977995, 33.682072966037751 ], [ 73.214292109857823, 33.682089574394972 ], [ 73.214258993843302, 33.682074405896415 ] ] ] } },
{ "type": "Feature", "id": 580, "properties": { "FID": 580, "class": "solar_panels", "SolarPV_Area(sqm)": 5.0717199709900003 }, "geometry": { "type": "Polygon", "coordinates": [ [ [ 73.214262989319138, 33.682032780295103 ], [ 73.214278988174982, 33.682010551203554 ], [ 73.214295276849057, 33.682018744760711 ], [ 73.214279279074034, 33.682040973870009 ], [ 73.214262989319138, 33.682032780295103 ] ] ] } },
{ "type": "Feature", "id": 581, "properties": { "FID": 581, "class": "solar_panels", "SolarPV_Area(sqm)": 4.4428822302400004 }, "geometry": { "type": "Polygon", "coordinates": [ [ [ 73.21428621494924, 33.682044984195549 ], [ 73.214303732215868, 33.682022301816893 ], [ 73.214317175372727, 33.682029557882295 ], [ 73.21429965810799, 33.682052240262891 ], [ 73.21428621494924, 33.682044984195549 ] ] ] } },
{ "type": "Feature", "id": 582, "properties": { "FID": 582, "class": "solar_panels", "SolarPV_Area(sqm)": 3.25348637452 }, "geometry": { "type": "Polygon", "coordinates": [ [ [ 73.2143153312511, 33.682050766977504 ], [ 73.214327144340103, 33.682035241543375 ], [ 73.214341651289004, 33.682042955751086 ], [ 73.214329839261126, 33.68205848210372 ], [ 73.2143153312511, 33.682050766977504 ] ] ] } },
{ "type": "Feature", "id": 583, "properties": { "FID": 583, "class": "solar_panels", "SolarPV_Area(sqm)": 6.6328519229499996 }, "geometry": { "type": "Polygon", "coordinates": [ [ [ 73.214286026947022, 33.681897556723612 ], [ 73.214270496666487, 33.681890871965827 ], [ 73.214290713281429, 33.681858043128962 ], [ 73.214306243576516, 33.681864726982603 ], [ 73.214286026947022, 33.681897556723612 ] ] ] } },
{ "type": "Feature", "id": 584, "properties": { "FID": 584, "class": "solar_panels", "SolarPV_Area(sqm)": 6.1450997882099996 }, "geometry": { "type": "Polygon", "coordinates": [ [ [ 73.214290567263603, 33.681901142857569 ], [ 73.214310515382124, 33.681868726753542 ], [ 73.214325091008448, 33.681874996420277 ], [ 73.214305142893721, 33.681907412526755 ], [ 73.214290567263603, 33.681901142857569 ] ] ] } },
{ "type": "Feature", "id": 585, "properties": { "FID": 585, "class": "solar_panels", "SolarPV_Area(sqm)": 5.9782942570299999 }, "geometry": { "type": "Polygon", "coordinates": [ [ [ 73.214309646192262, 33.681909763603585 ], [ 73.214328731520283, 33.681879740042518 ], [ 73.214343829855721, 33.681886448307964 ], [ 73.214324745628232, 33.681916470985563 ], [ 73.214309646192262, 33.681909763603585 ] ] ] } },
{ "type": "Feature", "id": 586, "properties": { "FID": 586, "class": "solar_panels", "SolarPV_Area(sqm)": 1.66417555926 }, "geometry": { "type": "Polygon", "coordinates": [ [ [ 73.214327668461706, 33.681922067226864 ], [ 73.214333674630609, 33.681913659380868 ], [ 73.214347861294286, 33.681920743130625 ], [ 73.214341855126222, 33.681929150977318 ], [ 73.214327668461706, 33.681922067226864 ] ] ] } },
{ "type": "Feature", "id": 587, "properties": { "FID": 587, "class": "solar_panels", "SolarPV_Area(sqm)": 3.07200382068 }, "geometry": { "type": "Polygon", "coordinates": [ [ [ 73.214338399599271, 33.681903153537043 ], [ 73.214348399478652, 33.681886739800518 ], [ 73.214362850235474, 33.68189289313338 ], [ 73.214352850358011, 33.68190930687112 ], [ 73.214338399599271, 33.681903153537043 ] ] ] } },
{ "type": "Feature", "id": 588, "properties": { "FID": 588, "class": "solar_panels", "SolarPV_Area(sqm)": 8.36891563993 }, "geometry": { "type": "Polygon", "coordinates": [ [ [ 73.214347444346188, 33.68193214177294 ], [ 73.214370536589911, 33.681894881714911 ], [ 73.214387755151577, 33.68190234023232 ], [ 73.214364662912985, 33.681939600293717 ], [ 73.214347444346188, 33.68193214177294 ] ] ] } },
{ "type": "Feature", "id": 589, "properties": { "FID": 589, "class": "solar_panels", "SolarPV_Area(sqm)": 4.1613788195200003 }, "geometry": { "type": "Polygon", "coordinates": [ [ [ 73.214379301289142, 33.681931153093949 ], [ 73.214393981179654, 33.681906041806286 ], [ 73.214406988790657, 33.681911356370804 ], [ 73.214392308902887, 33.681936467660087 ], [ 73.214379301289142, 33.681931153093949 ] ] ] } },
{ "type": "Feature", "id": 590, "properties": { "FID": 590, "class": "solar_panels", "SolarPV_Area(sqm)": 21.838753651699999 }, "geometry": { "type": "Polygon", "coordinates": [ [ [ 73.214347602181206, 33.681854410688601 ], [ 73.214361479249504, 33.681833173521767 ], [ 73.214438493698381, 33.681868345575403 ], [ 73.214424616661219, 33.681889581849703 ], [ 73.214347602181206, 33.681854410688601 ] ] ] } },
{ "type": "Feature", "id": 591, "properties": { "FID": 591, "class": "solar_panels", "SolarPV_Area(sqm)": 5.7492581994099998 }, "geometry": { "type": "Polygon", "coordinates": [ [ [ 73.214309439706255, 33.681828318278797 ], [ 73.214319427036813, 33.681814075822103 ], [ 73.214348640753244, 33.68182839253884 ], [ 73.214338653425628, 33.681842634997977 ], [ 73.214309439706255, 33.681828318278797 ] ] ] } },
{ "type": "Feature", "id": 592, "properties": { "FID": 592, "class": "solar_panels", "SolarPV_Area(sqm)": 3.9629049495 }, "geometry": { "type": "Polygon", "coordinates": [ [ [ 73.214322873297689, 33.681809800752944 ], [ 73.214332184027342, 33.681796510702483 ], [ 73.214353773609858, 33.681807082186261 ], [ 73.214344462882224, 33.68182037223842 ], [ 73.214322873297689, 33.681809800752944 ] ] ] } },
{ "type": "Feature", "id": 593, "properties": { "FID": 593, "class": "solar_panels", "SolarPV_Area(sqm)": 34.885328892899999 }, "geometry": { "type": "Polygon", "coordinates": [ [ [ 73.214470752616521, 33.681694042726242 ], [ 73.214504293722001, 33.681640347425187 ], [ 73.214553932754086, 33.681662019244385 ], [ 73.214520390591488, 33.68171571454387 ], [ 73.214470752616521, 33.681694042726242 ] ] ] } },
{ "type": "Feature", "id": 594, "properties": { "FID": 594, "class": "solar_panels", "SolarPV_Area(sqm)": 19.843341173900001 }, "geometry": { "type": "Polygon", "coordinates": [ [ [ 73.214357596365375, 33.681419340802286 ], [ 73.214366189231072, 33.681406075540572 ], [ 73.214478661773086, 33.681456998158929 ], [ 73.214470067840551, 33.681470263413168 ], [ 73.214357596365375, 33.681419340802286 ] ] ] } },
{ "type": "Feature", "id": 595, "properties": { "FID": 595, "class": "solar_panels", "SolarPV_Area(sqm)": 9.6263384595500003 }, "geometry": { "type": "Polygon", "coordinates": [ [ [ 73.214425870833409, 33.681427409215452 ], [ 73.214434869572003, 33.681414076771787 ], [ 73.214488121814924, 33.681439196900001 ], [ 73.214479121984596, 33.681452530233571 ], [ 73.214425870833409, 33.681427409215452 ] ] ] } },
{ "type": "Feature", "id": 596, "properties": { "FID": 596, "class": "solar_panels", "SolarPV_Area(sqm)": 2.7248669908599998 }, "geometry": { "type": "Polygon", "coordinates": [ [ [ 73.214389042698997, 33.681411232128255 ], [ 73.214397926983381, 33.681399000896285 ], [ 73.214413753948932, 33.681407035364316 ], [ 73.21440487074419, 33.681419266613034 ], [ 73.214389042698997, 33.681411232128255 ] ] ] } },
{ "type": "Feature", "id": 597, "properties": { "FID": 597, "class": "solar_panels", "SolarPV_Area(sqm)": 24.180905212599999 }, "geometry": { "type": "Polygon", "coordinates": [ [ [ 73.214626645735933, 33.681407710818625 ], [ 73.214584246548696, 33.681389385521022 ], [ 73.214611307556282, 33.681345624202891 ], [ 73.214653706747285, 33.681363948589329 ], [ 73.214626645735933, 33.681407710818625 ] ] ] } },
{ "type": "Feature", "id": 598, "properties": { "FID": 598, "class": "solar_panels", "SolarPV_Area(sqm)": 17.650081929900001 }, "geometry": { "type": "Polygon", "coordinates": [ [ [ 73.214663418634316, 33.681400112803566 ], [ 73.214677740324518, 33.681377762025562 ], [ 73.214737406573761, 33.681404484299762 ], [ 73.214723084893933, 33.681426835084935 ], [ 73.214663418634316, 33.681400112803566 ] ] ] } },
{ "type": "Feature", "id": 599, "properties": { "FID": 599, "class": "solar_panels", "SolarPV_Area(sqm)": 6.7913742825499996 }, "geometry": { "type": "Polygon", "coordinates": [ [ [ 73.214670270961278, 33.681291516219176 ], [ 73.214688269637449, 33.681261971060657 ], [ 73.214706017817633, 33.681269529166663 ], [ 73.214688019164342, 33.681299073426402 ], [ 73.214670270961278, 33.681291516219176 ] ] ] } },
{ "type": "Feature", "id": 600, "properties": { "FID": 600, "class": "solar_panels", "SolarPV_Area(sqm)": 2.6669500834200002 }, "geometry": { "type": "Polygon", "coordinates": [ [ [ 73.214692402259033, 33.681302594149734 ], [ 73.21470072163423, 33.681288937150455 ], [ 73.214715799947072, 33.681295358317769 ], [ 73.214707480592182, 33.681309014416613 ], [ 73.214692402259033, 33.681302594149734 ] ] ] } },
{ "type": "Feature", "id": 601, "properties": { "FID": 601, "class": "solar_panels", "SolarPV_Area(sqm)": 1.2053346604399999 }, "geometry": { "type": "Polygon", "coordinates": [ [ [ 73.214705548422188, 33.681278093696491 ], [ 73.214709446049937, 33.681272436414197 ], [ 73.214725002727363, 33.681279927678794 ], [ 73.214721105100253, 33.681285584961593 ], [ 73.214705548422188, 33.681278093696491 ] ] ] } },
{ "type": "Feature", "id": 602, "properties": { "FID": 602, "class": "solar_panels", "SolarPV_Area(sqm)": 6.4180144799500001 }, "geometry": { "type": "Polygon", "coordinates": [ [ [ 73.214712832495223, 33.681309970080683 ], [ 73.214731275754133, 33.68128135475181 ], [ 73.214748178216112, 33.68128896826309 ], [ 73.21472973496094, 33.681317583594584 ], [ 73.214712832495223, 33.681309970080683 ] ] ] } },
{ "type": "Feature", "id": 603, "properties": { "FID": 603, "class": "solar_panels", "SolarPV_Area(sqm)": 6.6751627248699998 }, "geometry": { "type": "Polygon", "coordinates": [ [ [ 73.214734588390115, 33.68131906770499 ], [ 73.21475291023188, 33.681290951099967 ], [ 73.214770712832035, 33.681299060062294 ], [ 73.214752389934418, 33.681327175752976 ], [ 73.214734588390115, 33.68131906770499 ] ] ] } },
{ "type": "Feature", "id": 604, "properties": { "FID": 604, "class": "solar_panels", "SolarPV_Area(sqm)": 5.8724986559100003 }, "geometry": { "type": "Polygon", "coordinates": [ [ [ 73.214754434924387, 33.681329998984715 ], [ 73.214773151462495, 33.681300895232788 ], [ 73.214788372100287, 33.681307736868824 ], [ 73.214769656643924, 33.681336840638735 ], [ 73.214754434924387, 33.681329998984715 ] ] ] } },
{ "type": "Feature", "id": 605, "properties": { "FID": 605, "class": "solar_panels", "SolarPV_Area(sqm)": 15.689454496 }, "geometry": { "type": "Polygon", "coordinates": [ [ [ 73.214809172447119, 33.681184625860617 ], [ 73.21474530475254, 33.681158124260172 ], [ 73.214756682704859, 33.681138958362496 ], [ 73.214820551467625, 33.681165459972362 ], [ 73.214809172447119, 33.681184625860617 ] ] ] } },
{ "type": "Feature", "id": 606, "properties": { "FID": 606, "class": "solar_panels", "SolarPV_Area(sqm)": 13.343656490900001 }, "geometry": { "type": "Polygon", "coordinates": [ [ [ 73.214587301595174, 33.682512201217463 ], [ 73.214606109521469, 33.682479476417519 ], [ 73.214638323675587, 33.682492417048351 ], [ 73.214619514698541, 33.682525140936349 ], [ 73.214587301595174, 33.682512201217463 ] ] ] } },
{ "type": "Feature", "id": 607, "properties": { "FID": 607, "class": "solar_panels", "SolarPV_Area(sqm)": 25.160274394199998 }, "geometry": { "type": "Polygon", "coordinates": [ [ [ 73.214663495661171, 33.68249850435695 ], [ 73.214684407542819, 33.682466533168814 ], [ 73.214743318398874, 33.68249346366278 ], [ 73.214722406531592, 33.682525434861255 ], [ 73.214663495661171, 33.68249850435695 ] ] ] } },
{ "type": "Feature", "id": 608, "properties": { "FID": 608, "class": "solar_panels", "SolarPV_Area(sqm)": 23.7734999338 }, "geometry": { "type": "Polygon", "coordinates": [ [ [ 73.214578167772558, 33.682173595737453 ], [ 73.214587139846742, 33.682159051824371 ], [ 73.214712697077459, 33.682213182469539 ], [ 73.214703725017941, 33.682227726392128 ], [ 73.214578167772558, 33.682173595737453 ] ] ] } },
{ "type": "Feature", "id": 609, "properties": { "FID": 609, "class": "solar_panels", "SolarPV_Area(sqm)": 20.676169715499999 }, "geometry": { "type": "Polygon", "coordinates": [ [ [ 73.214716075033664, 33.682205689793385 ], [ 73.214586552155737, 33.682151218683565 ], [ 73.214594006201239, 33.682138830602298 ], [ 73.214723529066021, 33.682193301703954 ], [ 73.214716075033664, 33.682205689793385 ] ] ] } },
{ "type": "Feature", "id": 610, "properties": { "FID": 610, "class": "solar_panels", "SolarPV_Area(sqm)": 15.8539452464 }, "geometry": { "type": "Polygon", "coordinates": [ [ [ 73.214781346607367, 33.68226840690042 ], [ 73.214789484289355, 33.682255559766567 ], [ 73.214883204414292, 33.682297048174689 ], [ 73.214875066741783, 33.682309895314958 ], [ 73.214781346607367, 33.68226840690042 ] ] ] } },
{ "type": "Feature", "id": 611, "properties": { "FID": 611, "class": "solar_panels", "SolarPV_Area(sqm)": 15.9260736114 }, "geometry": { "type": "Polygon", "coordinates": [ [ [ 73.214884240361783, 33.682291288216867 ], [ 73.214793196878531, 33.682250193785819 ], [ 73.214801702603026, 33.682237022823912 ], [ 73.214892746077027, 33.682278117248458 ], [ 73.214884240361783, 33.682291288216867 ] ] ] } },
{ "type": "Feature", "id": 612, "properties": { "FID": 612, "class": "solar_panels", "SolarPV_Area(sqm)": 19.999791002199999 }, "geometry": { "type": "Polygon", "coordinates": [ [ [ 73.214800158452931, 33.682175125645962 ], [ 73.214809429972931, 33.682160182952579 ], [ 73.214911985152355, 33.682204652205151 ], [ 73.214902713625975, 33.682219595808057 ], [ 73.214800158452931, 33.682175125645962 ] ] ] } },
{ "type": "Feature", "id": 613, "properties": { "FID": 613, "class": "solar_panels", "SolarPV_Area(sqm)": 20.449649672500001 }, "geometry": { "type": "Polygon", "coordinates": [ [ [ 73.214915225979453, 33.682200347999704 ], [ 73.214811826696661, 33.68215502069301 ], [ 73.214821287746616, 33.682139936454426 ], [ 73.214924687017046, 33.682185263752864 ], [ 73.214915225979453, 33.682200347999704 ] ] ] } },
{ "type": "Feature", "id": 614, "properties": { "FID": 614, "class": "solar_panels", "SolarPV_Area(sqm)": 39.830854008499998 }, "geometry": { "type": "Polygon", "coordinates": [ [ [ 73.214688551179421, 33.682011564150436 ], [ 73.21470996212021, 33.681979238556224 ], [ 73.214801663235988, 33.682021690691897 ], [ 73.214780252336169, 33.682054015401064 ], [ 73.214688551179421, 33.682011564150436 ] ] ] } },
{ "type": "Feature", "id": 615, "properties": { "FID": 615, "class": "solar_panels", "SolarPV_Area(sqm)": 5.0432275391900001 }, "geometry": { "type": "Polygon", "coordinates": [ [ [ 73.214964688101929, 33.68197050566517 ], [ 73.214949168546255, 33.681964707585365 ], [ 73.214963248044967, 33.681938368360463 ], [ 73.214978767597003, 33.681944166438392 ], [ 73.214964688101929, 33.68197050566517 ] ] ] } },
{ "type": "Feature", "id": 616, "properties": { "FID": 616, "class": "solar_panels", "SolarPV_Area(sqm)": 4.3236486698799999 }, "geometry": { "type": "Polygon", "coordinates": [ [ [ 73.214974018213809, 33.6819739616924 ], [ 73.214986476404547, 33.681950391816315 ], [ 73.215001399953451, 33.681955905338505 ], [ 73.214988941765853, 33.681979475216174 ], [ 73.214974018213809, 33.6819739616924 ] ] ] } },
{ "type": "Feature", "id": 617, "properties": { "FID": 617, "class": "solar_panels", "SolarPV_Area(sqm)": 4.2367732352800003 }, "geometry": { "type": "Polygon", "coordinates": [ [ [ 73.21499487389697, 33.681983359179959 ], [ 73.21500682999141, 33.68196085785722 ], [ 73.215022122251142, 33.681966537219267 ], [ 73.215010166178402, 33.681989037642076 ], [ 73.21499487389697, 33.681983359179959 ] ] ] } },
{ "type": "Feature", "id": 618, "properties": { "FID": 618, "class": "solar_panels", "SolarPV_Area(sqm)": 4.1377703323799997 }, "geometry": { "type": "Polygon", "coordinates": [ [ [ 73.215016342331765, 33.681993275017 ], [ 73.215028914788618, 33.681972160500571 ], [ 73.215044186604459, 33.681978515891188 ], [ 73.215031614150263, 33.681999630409237 ], [ 73.215016342331765, 33.681993275017 ] ] ] } },
{ "type": "Feature", "id": 619, "properties": { "FID": 619, "class": "solar_panels", "SolarPV_Area(sqm)": 4.1176270643299997 }, "geometry": { "type": "Polygon", "coordinates": [ [ [ 73.21503865262035, 33.682005358241568 ], [ 73.215049679114586, 33.681983107701399 ], [ 73.215065038125502, 33.681988428216926 ], [ 73.215054011653066, 33.682010677857036 ], [ 73.21503865262035, 33.682005358241568 ] ] ] } },
{ "type": "Feature", "id": 620, "properties": { "FID": 620, "class": "solar_panels", "SolarPV_Area(sqm)": 3.4649980792399999 }, "geometry": { "type": "Polygon", "coordinates": [ [ [ 73.215062596923332, 33.682013744372924 ], [ 73.215073208799822, 33.681992870251648 ], [ 73.215086880652251, 33.681997728128167 ], [ 73.21507626877839, 33.682018602250665 ], [ 73.215062596923332, 33.682013744372924 ] ] ] } },
{ "type": "Feature", "id": 621, "properties": { "FID": 621, "class": "solar_panels", "SolarPV_Area(sqm)": 37.966351173100001 }, "geometry": { "type": "Polygon", "coordinates": [ [ [ 73.214995136324191, 33.681926106962898 ], [ 73.215014135455561, 33.681894919666128 ], [ 73.215108131549357, 33.681934942004652 ], [ 73.21508913244179, 33.681966129316514 ], [ 73.214995136324191, 33.681926106962898 ] ] ] } },
{ "type": "Feature", "id": 622, "properties": { "FID": 622, "class": "solar_panels", "SolarPV_Area(sqm)": 58.419231375099997 }, "geometry": { "type": "Polygon", "coordinates": [ [ [ 73.214791465487963, 33.68183628484708 ], [ 73.214808563793781, 33.681804746379427 ], [ 73.214953512712626, 33.68186962472587 ], [ 73.214936413385203, 33.681901162297486 ], [ 73.214791465487963, 33.68183628484708 ] ] ] } },
{ "type": "Feature", "id": 623, "properties": { "FID": 623, "class": "solar_panels", "SolarPV_Area(sqm)": 13.295594874200001 }, "geometry": { "type": "Polygon", "coordinates": [ [ [ 73.215185080953589, 33.681792679711812 ], [ 73.215169614281535, 33.681786254792783 ], [ 73.215209461546067, 33.681719216750324 ], [ 73.215224928209537, 33.681725641664123 ], [ 73.215185080953589, 33.681792679711812 ] ] ] } },
{ "type": "Feature", "id": 624, "properties": { "FID": 624, "class": "solar_panels", "SolarPV_Area(sqm)": 2.4838052752799999 }, "geometry": { "type": "Polygon", "coordinates": [ [ [ 73.21514880194168, 33.681776901246117 ], [ 73.215156290467547, 33.681765396458069 ], [ 73.215172487306191, 33.681772764356836 ], [ 73.215164998763129, 33.681784270047388 ], [ 73.21514880194168, 33.681776901246117 ] ] ] } },
{ "type": "Feature", "id": 625, "properties": { "FID": 625, "class": "solar_panels", "SolarPV_Area(sqm)": 9.0817609615600006 }, "geometry": { "type": "Polygon", "coordinates": [ [ [ 73.215162990063675, 33.681750364274457 ], [ 73.215185867692952, 33.6817115697513 ], [ 73.215204180350099, 33.681719117907505 ], [ 73.21518130272672, 33.681757912434207 ], [ 73.215162990063675, 33.681750364274457 ] ] ] } },
{ "type": "Feature", "id": 626, "properties": { "FID": 626, "class": "solar_panels", "SolarPV_Area(sqm)": 13.5571469999 }, "geometry": { "type": "Polygon", "coordinates": [ [ [ 73.215142198639271, 33.681774751613858 ], [ 73.215126446689609, 33.681768143115903 ], [ 73.215166579262061, 33.681701288661664 ], [ 73.215182331203067, 33.681707897154283 ], [ 73.215142198639271, 33.681774751613858 ] ] ] } },
{ "type": "Feature", "id": 627, "properties": { "FID": 627, "class": "solar_panels", "SolarPV_Area(sqm)": 3.3455085756399998 }, "geometry": { "type": "Polygon", "coordinates": [ [ [ 73.215124896437544, 33.681761266372718 ], [ 73.21510890552419, 33.681754007851744 ], [ 73.215119109699828, 33.681738295872002 ], [ 73.215135100629894, 33.681745553490096 ], [ 73.215124896437544, 33.681761266372718 ] ] ] } },
{ "type": "Feature", "id": 628, "properties": { "FID": 628, "class": "solar_panels", "SolarPV_Area(sqm)": 7.9300369568000004 }, "geometry": { "type": "Polygon", "coordinates": [ [ [ 73.215138756659684, 33.681736242343433 ], [ 73.215123508103531, 33.681729807043595 ], [ 73.215147842846051, 33.68168950688505 ], [ 73.215163091397159, 33.681695942181754 ], [ 73.215138756659684, 33.681736242343433 ] ] ] } },
{ "type": "Feature", "id": 629, "properties": { "FID": 629, "class": "solar_panels", "SolarPV_Area(sqm)": 11.565125886200001 }, "geometry": { "type": "Polygon", "coordinates": [ [ [ 73.215103553355945, 33.681750193593125 ], [ 73.215088703843534, 33.68174365674389 ], [ 73.215126052542416, 33.681684363091072 ], [ 73.215140900950928, 33.681690900821565 ], [ 73.215103553355945, 33.681750193593125 ] ] ] } },
{ "type": "Feature", "id": 630, "properties": { "FID": 630, "class": "solar_panels", "SolarPV_Area(sqm)": 12.6783804372 }, "geometry": { "type": "Polygon", "coordinates": [ [ [ 73.215088651084088, 33.6815106722634 ], [ 73.215117192785982, 33.681456009097403 ], [ 73.215136136570436, 33.681462922518314 ], [ 73.215107594877864, 33.681517585688958 ], [ 73.215088651084088, 33.6815106722634 ] ] ] } },
{ "type": "Feature", "id": 631, "properties": { "FID": 631, "class": "solar_panels", "SolarPV_Area(sqm)": 10.7258655484 }, "geometry": { "type": "Polygon", "coordinates": [ [ [ 73.215117098217206, 33.681520799828213 ], [ 73.215145300351978, 33.681467117382944 ], [ 73.215161587297388, 33.681473097860099 ], [ 73.215133385170446, 33.681526780309305 ], [ 73.215117098217206, 33.681520799828213 ] ] ] } },
{ "type": "Feature", "id": 632, "properties": { "FID": 632, "class": "solar_panels", "SolarPV_Area(sqm)": 11.9734735945 }, "geometry": { "type": "Polygon", "coordinates": [ [ [ 73.215144536524207, 33.681529010980732 ], [ 73.215169107840794, 33.681478045405299 ], [ 73.215188759849667, 33.681484667859515 ], [ 73.215164189639381, 33.681535632553214 ], [ 73.215144536524207, 33.681529010980732 ] ] ] } },
{ "type": "Feature", "id": 633, "properties": { "FID": 633, "class": "solar_panels", "SolarPV_Area(sqm)": 25.2835300096 }, "geometry": { "type": "Polygon", "coordinates": [ [ [ 73.215320930902891, 33.68148785962142 ], [ 73.21534177203209, 33.681455738494286 ], [ 73.215400912344791, 33.681482556557825 ], [ 73.21538007230852, 33.681514677710886 ], [ 73.215320930902891, 33.68148785962142 ] ] ] } },
{ "type": "Feature", "id": 634, "properties": { "FID": 634, "class": "solar_panels", "SolarPV_Area(sqm)": 24.526168887499999 }, "geometry": { "type": "Polygon", "coordinates": [ [ [ 73.215057851332404, 33.682562365152648 ], [ 73.2150672629176, 33.682547221566459 ], [ 73.215191275365029, 33.682601087743514 ], [ 73.215181863794825, 33.682616231339544 ], [ 73.215057851332404, 33.682562365152648 ] ] ] } },
{ "type": "Feature", "id": 635, "properties": { "FID": 635, "class": "solar_panels", "SolarPV_Area(sqm)": 22.526438839400001 }, "geometry": { "type": "Polygon", "coordinates": [ [ [ 73.215068859913103, 33.68254328046514 ], [ 73.21507758567968, 33.68252943092665 ], [ 73.215201404403572, 33.682583953487288 ], [ 73.215192679747517, 33.682597802148969 ], [ 73.215068859913103, 33.68254328046514 ] ] ] } },
{ "type": "Feature", "id": 636, "properties": { "FID": 636, "class": "solar_panels", "SolarPV_Area(sqm)": 5.7657488707100004 }, "geometry": { "type": "Polygon", "coordinates": [ [ [ 73.215390302788961, 33.682047748395007 ], [ 73.21540535044069, 33.682020174153578 ], [ 73.215422180708998, 33.682026593492289 ], [ 73.215407131983014, 33.68205416772031 ], [ 73.215390302788961, 33.682047748395007 ] ] ] } },
{ "type": "Feature", "id": 637, "properties": { "FID": 637, "class": "solar_panels", "SolarPV_Area(sqm)": 5.1685916178199998 }, "geometry": { "type": "Polygon", "coordinates": [ [ [ 73.215412529404361, 33.682057046583758 ], [ 73.215427571693439, 33.682030775318161 ], [ 73.215443136324765, 33.682037004133441 ], [ 73.215428094039154, 33.682063275401028 ], [ 73.215412529404361, 33.682057046583758 ] ] ] } },
{ "type": "Feature", "id": 638, "properties": { "FID": 638, "class": "solar_panels", "SolarPV_Area(sqm)": 5.3448134832900003 }, "geometry": { "type": "Polygon", "coordinates": [ [ [ 73.215433333905864, 33.682066731825046 ], [ 73.215448145890576, 33.682040069469409 ], [ 73.21546418088397, 33.682046295157164 ], [ 73.215449367824647, 33.682072957499244 ], [ 73.215433333905864, 33.682066731825046 ] ] ] } },
{ "type": "Feature", "id": 639, "properties": { "FID": 639, "class": "solar_panels", "SolarPV_Area(sqm)": 6.0781251992399996 }, "geometry": { "type": "Polygon", "coordinates": [ [ [ 73.215455400851269, 33.682076292819779 ], [ 73.215472219693339, 33.682046158783862 ], [ 73.215488326842674, 33.682052442322245 ], [ 73.215471506926448, 33.682082576344918 ], [ 73.215455400851269, 33.682076292819779 ] ] ] } },
{ "type": "Feature", "id": 640, "properties": { "FID": 640, "class": "solar_panels", "SolarPV_Area(sqm)": 5.7060854887400003 }, "geometry": { "type": "Polygon", "coordinates": [ [ [ 73.2154783379831, 33.682085398362489 ], [ 73.215494664519113, 33.682057007545509 ], [ 73.215510538840419, 33.682063387814232 ], [ 73.215494213386577, 33.682091778648989 ], [ 73.2154783379831, 33.682085398362489 ] ] ] } },
{ "type": "Feature", "id": 641, "properties": { "FID": 641, "class": "solar_panels", "SolarPV_Area(sqm)": 18.287457014899999 }, "geometry": { "type": "Polygon", "coordinates": [ [ [ 73.215463153463674, 33.681939854449404 ], [ 73.21547209826754, 33.681925943116198 ], [ 73.215571275301556, 33.681970510915896 ], [ 73.215562330527007, 33.681984421355068 ], [ 73.215463153463674, 33.681939854449404 ] ] ] } },
{ "type": "Feature", "id": 642, "properties": { "FID": 642, "class": "solar_panels", "SolarPV_Area(sqm)": 7.4666954489300004 }, "geometry": { "type": "Polygon", "coordinates": [ [ [ 73.215473952613536, 33.681922126563222 ], [ 73.215482940602953, 33.681908213147651 ], [ 73.215523342170741, 33.681926453378544 ], [ 73.215514354185657, 33.681940366797178 ], [ 73.215473952613536, 33.681922126563222 ] ] ] } },
{ "type": "Feature", "id": 643, "properties": { "FID": 643, "class": "solar_panels", "SolarPV_Area(sqm)": 7.1785190416000004 }, "geometry": { "type": "Polygon", "coordinates": [ [ [ 73.215532214378001, 33.681948256452912 ], [ 73.215541482434574, 33.681934674420575 ], [ 73.215580257572881, 33.681953167983231 ], [ 73.21557098952016, 33.681966750018553 ], [ 73.215532214378001, 33.681948256452912 ] ] ] } },
{ "type": "Feature", "id": 644, "properties": { "FID": 644, "class": "solar_panels", "SolarPV_Area(sqm)": 15.662070333100001 }, "geometry": { "type": "Polygon", "coordinates": [ [ [ 73.215569992624708, 33.681768375304607 ], [ 73.215579109276916, 33.681753558363518 ], [ 73.215660391584962, 33.681788509054911 ], [ 73.215651274942473, 33.681803326002253 ], [ 73.215569992624708, 33.681768375304607 ] ] ] } },
{ "type": "Feature", "id": 645, "properties": { "FID": 645, "class": "solar_panels", "SolarPV_Area(sqm)": 13.6435947936 }, "geometry": { "type": "Polygon", "coordinates": [ [ [ 73.215662879956852, 33.681783450001063 ], [ 73.215581097921671, 33.681748462334816 ], [ 73.215588967023251, 33.681735606755929 ], [ 73.215670749068536, 33.681770593515239 ], [ 73.215662879956852, 33.681783450001063 ] ] ] } },
{ "type": "Feature", "id": 646, "properties": { "FID": 646, "class": "solar_panels", "SolarPV_Area(sqm)": 9.9434751968300006 }, "geometry": { "type": "Polygon", "coordinates": [ [ [ 73.215641771090702, 33.681728157043182 ], [ 73.2156717305337, 33.681674766780155 ], [ 73.215686574348354, 33.681680589276539 ], [ 73.215656613852488, 33.681733978626269 ], [ 73.215641771090702, 33.681728157043182 ] ] ] } },
{ "type": "Feature", "id": 647, "properties": { "FID": 647, "class": "solar_panels", "SolarPV_Area(sqm)": 2.0088634080399999 }, "geometry": { "type": "Polygon", "coordinates": [ [ [ 73.215619152293627, 33.681718526791364 ], [ 73.215624915911036, 33.681709531030037 ], [ 73.215641789557338, 33.681717085390211 ], [ 73.215636027000812, 33.681726082069432 ], [ 73.215619152293627, 33.681718526791364 ] ] ] } },
{ "type": "Feature", "id": 648, "properties": { "FID": 648, "class": "solar_panels", "SolarPV_Area(sqm)": 3.4167812064400001 }, "geometry": { "type": "Polygon", "coordinates": [ [ [ 73.215639515842312, 33.681680231517745 ], [ 73.215650153478478, 33.681664052324045 ], [ 73.215665924594063, 33.681671300386704 ], [ 73.215655285900127, 33.681687478664735 ], [ 73.215639515842312, 33.681680231517745 ] ] ] } },
{ "type": "Feature", "id": 649, "properties": { "FID": 649, "class": "solar_panels", "SolarPV_Area(sqm)": 10.6640971502 }, "geometry": { "type": "Polygon", "coordinates": [ [ [ 73.215610751435619, 33.68171478394585 ], [ 73.215595177542809, 33.681707909351864 ], [ 73.215628064096677, 33.681655841890993 ], [ 73.215643637964476, 33.681662717382146 ], [ 73.215610751435619, 33.68171478394585 ] ] ] } },
{ "type": "Feature", "id": 650, "properties": { "FID": 650, "class": "solar_panels", "SolarPV_Area(sqm)": 18.970173064400001 }, "geometry": { "type": "Polygon", "coordinates": [ [ [ 73.215421247483874, 33.682642159003578 ], [ 73.215431590671045, 33.682626508525772 ], [ 73.21552189729212, 33.68266821768006 ], [ 73.215511555212586, 33.682683867279763 ], [ 73.215421247483874, 33.682642159003578 ] ] ] } },
{ "type": "Feature", "id": 651, "properties": { "FID": 651, "class": "solar_panels", "SolarPV_Area(sqm)": 3.8948813368000001 }, "geometry": { "type": "Polygon", "coordinates": [ [ [ 73.215434424142046, 33.682619210862129 ], [ 73.215444517688539, 33.682604365663543 ], [ 73.215463800359259, 33.682613527534308 ], [ 73.215453706796211, 33.682628373636042 ], [ 73.215434424142046, 33.682619210862129 ] ] ] } },
{ "type": "Feature", "id": 652, "properties": { "FID": 652, "class": "solar_panels", "SolarPV_Area(sqm)": 5.8551114788299996 }, "geometry": { "type": "Polygon", "coordinates": [ [ [ 73.215462267264286, 33.682635201044761 ], [ 73.215472275397715, 33.682620730647677 ], [ 73.215501764862523, 33.682634984350564 ], [ 73.215491757829128, 33.682649453864201 ], [ 73.215462267264286, 33.682635201044761 ] ] ] } },
{ "type": "Feature", "id": 653, "properties": { "FID": 653, "class": "solar_panels", "SolarPV_Area(sqm)": 2.7295895749099999 }, "geometry": { "type": "Polygon", "coordinates": [ [ [ 73.215507646762376, 33.68265617611619 ], [ 73.215517590484055, 33.682642629999776 ], [ 73.215531824601172, 33.682649933431911 ], [ 73.215521880899388, 33.682663478647974 ], [ 73.215507646762376, 33.68265617611619 ] ] ] } },
{ "type": "Feature", "id": 654, "properties": { "FID": 654, "class": "solar_panels", "SolarPV_Area(sqm)": 15.038483683700001 }, "geometry": { "type": "Polygon", "coordinates": [ [ [ 73.21552897816683, 33.682641940518046 ], [ 73.215452482486086, 33.682605307640635 ], [ 73.215462345576967, 33.682590913602951 ], [ 73.215538841231094, 33.682627547375553 ], [ 73.21552897816683, 33.682641940518046 ] ] ] } },
{ "type": "Feature", "id": 655, "properties": { "FID": 655, "class": "solar_panels", "SolarPV_Area(sqm)": 17.046776109500001 }, "geometry": { "type": "Polygon", "coordinates": [ [ [ 73.215496105764117, 33.682589391232689 ], [ 73.215506718129845, 33.682572823930393 ], [ 73.21558447567692, 33.682607638097934 ], [ 73.215573863339841, 33.68262420450565 ], [ 73.215496105764117, 33.682589391232689 ] ] ] } },
{ "type": "Feature", "id": 656, "properties": { "FID": 656, "class": "solar_panels", "SolarPV_Area(sqm)": 18.0113413911 }, "geometry": { "type": "Polygon", "coordinates": [ [ [ 73.215508793924513, 33.68256935775733 ], [ 73.215519740267951, 33.682552079273592 ], [ 73.215598899450754, 33.682587131906395 ], [ 73.215587953118074, 33.682604410397417 ], [ 73.215508793924513, 33.68256935775733 ] ] ] } },
{ "type": "Feature", "id": 657, "properties": { "FID": 657, "class": "solar_panels", "SolarPV_Area(sqm)": 17.513194721200001 }, "geometry": { "type": "Polygon", "coordinates": [ [ [ 73.215518688556926, 33.682495244527487 ], [ 73.215528453808432, 33.682479215967142 ], [ 73.215612817877471, 33.682515136428421 ], [ 73.215603052636951, 33.682531164995716 ], [ 73.215518688556926, 33.682495244527487 ] ] ] } },
{ "type": "Feature", "id": 658, "properties": { "FID": 658, "class": "solar_panels", "SolarPV_Area(sqm)": 14.409672238800001 }, "geometry": { "type": "Polygon", "coordinates": [ [ [ 73.215532352573305, 33.682473608273582 ], [ 73.215540781434484, 33.682460237760097 ], [ 73.215622800350403, 33.682496373227615 ], [ 73.215614371497878, 33.682509743746905 ], [ 73.215532352573305, 33.682473608273582 ] ] ] } },
{ "type": "Feature", "id": 659, "properties": { "FID": 659, "class": "solar_panels", "SolarPV_Area(sqm)": 23.430846235499999 }, "geometry": { "type": "Polygon", "coordinates": [ [ [ 73.215624410855369, 33.682275694863549 ], [ 73.215632187252723, 33.682262264419613 ], [ 73.2157696282693, 33.68231788764421 ], [ 73.215761851887521, 33.682331318097219 ], [ 73.215624410855369, 33.682275694863549 ] ] ] } },
{ "type": "Feature", "id": 660, "properties": { "FID": 660, "class": "solar_panels", "SolarPV_Area(sqm)": 21.5104199574 }, "geometry": { "type": "Polygon", "coordinates": [ [ [ 73.215640359539051, 33.682255096166053 ], [ 73.215648038102159, 33.682242067398604 ], [ 73.21577721999833, 33.682295279926549 ], [ 73.215769540370886, 33.682308308686821 ], [ 73.215640359539051, 33.682255096166053 ] ] ] } },
{ "type": "Feature", "id": 661, "properties": { "FID": 661, "class": "solar_panels", "SolarPV_Area(sqm)": 5.6296695634300002 }, "geometry": { "type": "Polygon", "coordinates": [ [ [ 73.215916763317068, 33.681893719340231 ], [ 73.215902491673887, 33.681888340688282 ], [ 73.215919680780402, 33.681856460698825 ], [ 73.215933952438206, 33.681861838447169 ], [ 73.215916763317068, 33.681893719340231 ] ] ] } },
{ "type": "Feature", "id": 662, "properties": { "FID": 662, "class": "solar_panels", "SolarPV_Area(sqm)": 6.5048951945500004 }, "geometry": { "type": "Polygon", "coordinates": [ [ [ 73.215929039253112, 33.681898428913748 ], [ 73.215937500886, 33.681884980389277 ], [ 73.215974343045573, 33.68190118157252 ], [ 73.215965881435253, 33.681914629198104 ], [ 73.215929039253112, 33.681898428913748 ] ] ] } },
{ "type": "Feature", "id": 663, "properties": { "FID": 663, "class": "solar_panels", "SolarPV_Area(sqm)": 6.0038127296599999 }, "geometry": { "type": "Polygon", "coordinates": [ [ [ 73.215976011901404, 33.681921271836984 ], [ 73.215983514753418, 33.681908494807992 ], [ 73.216020334161357, 33.681923605410482 ], [ 73.216012831313293, 33.681936382441812 ], [ 73.215976011901404, 33.681921271836984 ] ] ] } },
{ "type": "Feature", "id": 664, "properties": { "FID": 664, "class": "solar_panels", "SolarPV_Area(sqm)": 12.990854019 }, "geometry": { "type": "Polygon", "coordinates": [ [ [ 73.216020259239386, 33.681918147724105 ], [ 73.215940489994722, 33.681883406684108 ], [ 73.215948251561443, 33.681870950816091 ], [ 73.216028020798191, 33.681905691850872 ], [ 73.216020259239386, 33.681918147724105 ] ] ] } },
{ "type": "Feature", "id": 665, "properties": { "FID": 665, "class": "solar_panels", "SolarPV_Area(sqm)": 6.3690969633499996 }, "geometry": { "type": "Polygon", "coordinates": [ [ [ 73.216014197003119, 33.681724995034664 ], [ 73.215998621662408, 33.681718084399328 ], [ 73.216018317077683, 33.681687059393461 ], [ 73.216033892395984, 33.681693970927718 ], [ 73.216014197003119, 33.681724995034664 ] ] ] } },
{ "type": "Feature", "id": 666, "properties": { "FID": 666, "class": "solar_panels", "SolarPV_Area(sqm)": 5.6019683449400004 }, "geometry": { "type": "Polygon", "coordinates": [ [ [ 73.216020002285788, 33.681728128649752 ], [ 73.216038528626484, 33.681698347431578 ], [ 73.216052925505792, 33.681704607100812 ], [ 73.216034400246826, 33.681734388336814 ], [ 73.216020002285788, 33.681728128649752 ] ] ] } },
{ "type": "Feature", "id": 667, "properties": { "FID": 667, "class": "solar_panels", "SolarPV_Area(sqm)": 1.7818539903199999 }, "geometry": { "type": "Polygon", "coordinates": [ [ [ 73.216037359542568, 33.681735353580301 ], [ 73.21604218013124, 33.681728457927612 ], [ 73.2160609106474, 33.681737608123434 ], [ 73.216056090059666, 33.681744503776848 ], [ 73.216037359542568, 33.681735353580301 ] ] ] } },
{ "type": "Feature", "id": 668, "properties": { "FID": 668, "class": "solar_panels", "SolarPV_Area(sqm)": 1.68338025948 }, "geometry": { "type": "Polygon", "coordinates": [ [ [ 73.216062240016115, 33.68174776590957 ], [ 73.216066779664999, 33.681741259370369 ], [ 73.216085549991803, 33.681750414646245 ], [ 73.216081009265451, 33.68175692117056 ], [ 73.216062240016115, 33.68174776590957 ] ] ] } },
{ "type": "Feature", "id": 669, "properties": { "FID": 669, "class": "solar_panels", "SolarPV_Area(sqm)": 5.6881943204100001 }, "geometry": { "type": "Polygon", "coordinates": [ [ [ 73.216083032407383, 33.681758768351465 ], [ 73.216101750860688, 33.681728041236724 ], [ 73.216116044552422, 33.681734127170827 ], [ 73.21609732610267, 33.681764854287835 ], [ 73.216083032407383, 33.681758768351465 ] ] ] } },
{ "type": "Feature", "id": 670, "properties": { "FID": 670, "class": "solar_panels", "SolarPV_Area(sqm)": 1.2830665802700001 }, "geometry": { "type": "Polygon", "coordinates": [ [ [ 73.216075701643447, 33.681723069668777 ], [ 73.216079880688426, 33.681717362299864 ], [ 73.21609578231579, 33.681725500435519 ], [ 73.216091603271437, 33.681731207804972 ], [ 73.216075701643447, 33.681723069668777 ] ] ] } },
{ "type": "Feature", "id": 671, "properties": { "FID": 671, "class": "solar_panels", "SolarPV_Area(sqm)": 1.2448832967500001 }, "geometry": { "type": "Polygon", "coordinates": [ [ [ 73.21605364684703, 33.681712190573926 ], [ 73.216057590302071, 33.681706817967168 ], [ 73.216073959000397, 33.681715216247348 ], [ 73.21607001448622, 33.681720587937548 ], [ 73.21605364684703, 33.681712190573926 ] ] ] } },
{ "type": "Feature", "id": 672, "properties": { "FID": 672, "class": "solar_panels", "SolarPV_Area(sqm)": 21.114972347999998 }, "geometry": { "type": "Polygon", "coordinates": [ [ [ 73.215729881398389, 33.682897080641943 ], [ 73.215739186920445, 33.682882211413123 ], [ 73.215847594684703, 33.68292962935724 ], [ 73.215838288078487, 33.682944499480456 ], [ 73.215729881398389, 33.682897080641943 ] ] ] } },
{ "type": "Feature", "id": 673, "properties": { "FID": 673, "class": "solar_panels", "SolarPV_Area(sqm)": 6.5217226392400001 }, "geometry": { "type": "Polygon", "coordinates": [ [ [ 73.215743116728845, 33.682876876495882 ], [ 73.215753355657824, 33.682861311055099 ], [ 73.215784637513636, 33.682875692479676 ], [ 73.215774397491359, 33.682891258809072 ], [ 73.215743116728845, 33.682876876495882 ] ] ] } },
{ "type": "Feature", "id": 674, "properties": { "FID": 674, "class": "solar_panels", "SolarPV_Area(sqm)": 10.4660996442 }, "geometry": { "type": "Polygon", "coordinates": [ [ [ 73.215794748717258, 33.682902219761374 ], [ 73.215804237369966, 33.682887152979703 ], [ 73.215857125536104, 33.682910432177657 ], [ 73.215847636889691, 33.682925498963556 ], [ 73.215794748717258, 33.682902219761374 ] ] ] } },
{ "type": "Feature", "id": 675, "properties": { "FID": 675, "class": "solar_panels", "SolarPV_Area(sqm)": 5.8932626697400003 }, "geometry": { "type": "Polygon", "coordinates": [ [ [ 73.215752402742282, 33.682857574790219 ], [ 73.215761535700253, 33.682843643612088 ], [ 73.215793169050102, 33.682858136519805 ], [ 73.215784034998507, 33.682872068586285 ], [ 73.215752402742282, 33.682857574790219 ] ] ] } },
{ "type": "Feature", "id": 676, "properties": { "FID": 676, "class": "solar_panels", "SolarPV_Area(sqm)": 6.6864459170200004 }, "geometry": { "type": "Polygon", "coordinates": [ [ [ 73.21582490684591, 33.682891639314107 ], [ 73.215834759692854, 33.682877061137916 ], [ 73.215868567344032, 33.682893030964259 ], [ 73.215858714500726, 33.682907609143221 ], [ 73.21582490684591, 33.682891639314107 ] ] ] } },
{ "type": "Feature", "id": 677, "properties": { "FID": 677, "class": "solar_panels", "SolarPV_Area(sqm)": 4.7582104847700002 }, "geometry": { "type": "Polygon", "coordinates": [ [ [ 73.216002871810048, 33.682922597122591 ], [ 73.216017322527023, 33.682900471694374 ], [ 73.216033432567684, 33.682907825605916 ], [ 73.216018981872068, 33.682929950134586 ], [ 73.216002871810048, 33.682922597122591 ] ] ] } },
{ "type": "Feature", "id": 678, "properties": { "FID": 678, "class": "solar_panels", "SolarPV_Area(sqm)": 4.3010406610900001 }, "geometry": { "type": "Polygon", "coordinates": [ [ [ 73.216023593721985, 33.682932742781134 ], [ 73.216037920033159, 33.68291115661529 ], [ 73.21605273485342, 33.682918028311228 ], [ 73.216038408544634, 33.68293961447884 ], [ 73.216023593721985, 33.682932742781134 ] ] ] } },
{ "type": "Feature", "id": 679, "properties": { "FID": 679, "class": "solar_panels", "SolarPV_Area(sqm)": 4.4620509526200003 }, "geometry": { "type": "Polygon", "coordinates": [ [ [ 73.216041322772924, 33.68294260624851 ], [ 73.216055749424171, 33.682921488645853 ], [ 73.216071242656341, 33.682928885948101 ], [ 73.21605681600748, 33.682950003552627 ], [ 73.216041322772924, 33.68294260624851 ] ] ] } },
{ "type": "Feature", "id": 680, "properties": { "FID": 680, "class": "solar_panels", "SolarPV_Area(sqm)": 18.034963877900001 }, "geometry": { "type": "Polygon", "coordinates": [ [ [ 73.215892760787483, 33.682653948999885 ], [ 73.215902857949743, 33.682638455442884 ], [ 73.215990139591881, 33.682678212429636 ], [ 73.215980041361632, 33.682693705978458 ], [ 73.215892760787483, 33.682653948999885 ] ] ] } },
{ "type": "Feature", "id": 681, "properties": { "FID": 681, "class": "solar_panels", "SolarPV_Area(sqm)": 5.2668135980699997 }, "geometry": { "type": "Polygon", "coordinates": [ [ [ 73.215991593466242, 33.68267420071448 ], [ 73.215964346942087, 33.682662011203348 ], [ 73.215973699945948, 33.682647398743228 ], [ 73.216000947526723, 33.682659589169283 ], [ 73.215991593466242, 33.68267420071448 ] ] ] } },
{ "type": "Feature", "id": 682, "properties": { "FID": 682, "class": "solar_panels", "SolarPV_Area(sqm)": 6.8712041062200004 }, "geometry": { "type": "Polygon", "coordinates": [ [ [ 73.215941096899527, 33.682652535110918 ], [ 73.215906539530621, 33.68263641470395 ], [ 73.215916380663671, 33.682621670425284 ], [ 73.215950938028769, 33.682637790829403 ], [ 73.215941096899527, 33.682652535110918 ] ] ] } },
{ "type": "Feature", "id": 683, "properties": { "FID": 683, "class": "solar_panels", "SolarPV_Area(sqm)": 19.667108579000001 }, "geometry": { "type": "Polygon", "coordinates": [ [ [ 73.216051702729544, 33.682581397491752 ], [ 73.215952789935486, 33.682536942093101 ], [ 73.215962435692958, 33.682521942493395 ], [ 73.21606134847552, 33.682566397884031 ], [ 73.216051702729544, 33.682581397491752 ] ] ] } },
{ "type": "Feature", "id": 684, "properties": { "FID": 684, "class": "solar_panels", "SolarPV_Area(sqm)": 14.5809410288 }, "geometry": { "type": "Polygon", "coordinates": [ [ [ 73.215965212849454, 33.682514340107176 ], [ 73.215973556353191, 33.682501808779072 ], [ 73.216059935603624, 33.682542008978828 ], [ 73.216051591029654, 33.682554540297396 ], [ 73.215965212849454, 33.682514340107176 ] ] ] } },
{ "type": "Feature", "id": 685, "properties": { "FID": 685, "class": "solar_panels", "SolarPV_Area(sqm)": 8.1279080491200002 }, "geometry": { "type": "Polygon", "coordinates": [ [ [ 73.216128058477182, 33.682624501780893 ], [ 73.216110638350884, 33.682617596080782 ], [ 73.216131651273116, 33.682580553647313 ], [ 73.216149070296908, 33.682587460230238 ], [ 73.216128058477182, 33.682624501780893 ] ] ] } },
{ "type": "Feature", "id": 686, "properties": { "FID": 686, "class": "solar_panels", "SolarPV_Area(sqm)": 2.9699106143499998 }, "geometry": { "type": "Polygon", "coordinates": [ [ [ 73.216134917016873, 33.682628972593598 ], [ 73.21614316596775, 33.6826154308092 ], [ 73.216160100886754, 33.682622640608798 ], [ 73.216151850859404, 33.682636182378836 ], [ 73.216134917016873, 33.682628972593598 ] ] ] } },
{ "type": "Feature", "id": 687, "properties": { "FID": 687, "class": "solar_panels", "SolarPV_Area(sqm)": 8.2472134594500002 }, "geometry": { "type": "Polygon", "coordinates": [ [ [ 73.21615488516241, 33.682641350044676 ], [ 73.216177381267954, 33.682602008768463 ], [ 73.216193974336804, 33.682608640102224 ], [ 73.216171478236802, 33.682647981381585 ], [ 73.21615488516241, 33.682641350044676 ] ] ] } },
{ "type": "Feature", "id": 688, "properties": { "FID": 688, "class": "solar_panels", "SolarPV_Area(sqm)": 8.4720721986700003 }, "geometry": { "type": "Polygon", "coordinates": [ [ [ 73.216177222929659, 33.682650344004486 ], [ 73.216200419514934, 33.682610198541219 ], [ 73.21621705822767, 33.682616918002573 ], [ 73.216193861648051, 33.682657063469122 ], [ 73.216177222929659, 33.682650344004486 ] ] ] } },
{ "type": "Feature", "id": 689, "properties": { "FID": 689, "class": "solar_panels", "SolarPV_Area(sqm)": 2.1845485099799999 }, "geometry": { "type": "Polygon", "coordinates": [ [ [ 73.216149456993534, 33.682600538758848 ], [ 73.216155837533051, 33.68259081603869 ], [ 73.216172631725215, 33.682598519777414 ], [ 73.216166251205564, 33.682608241596995 ], [ 73.216149456993534, 33.682600538758848 ] ] ] } },
{ "type": "Feature", "id": 690, "properties": { "FID": 690, "class": "solar_panels", "SolarPV_Area(sqm)": 6.58686841977 }, "geometry": { "type": "Polygon", "coordinates": [ [ [ 73.215987577621064, 33.682478642821096 ], [ 73.216005240111514, 33.68244609603876 ], [ 73.21602156072386, 33.682452286102603 ], [ 73.216003897141107, 33.682484833773309 ], [ 73.215987577621064, 33.682478642821096 ] ] ] } },
{ "type": "Feature", "id": 691, "properties": { "FID": 691, "class": "solar_panels", "SolarPV_Area(sqm)": 6.77169699391 }, "geometry": { "type": "Polygon", "coordinates": [ [ [ 73.216008812864118, 33.682486909393198 ], [ 73.216026722336821, 33.68245504250109 ], [ 73.216043649408675, 33.6824616904007 ], [ 73.216025739921989, 33.68249355819691 ], [ 73.216008812864118, 33.682486909393198 ] ] ] } },
{ "type": "Feature", "id": 692, "properties": { "FID": 692, "class": "solar_panels", "SolarPV_Area(sqm)": 6.3694093900800004 }, "geometry": { "type": "Polygon", "coordinates": [ [ [ 73.216035549204847, 33.682486148436588 ], [ 73.216052997966571, 33.682455957588402 ], [ 73.216069630204942, 33.682462675172012 ], [ 73.216052181428836, 33.682492866924157 ], [ 73.216035549204847, 33.682486148436588 ] ] ] } },
{ "type": "Feature", "id": 693, "properties": { "FID": 693, "class": "solar_panels", "SolarPV_Area(sqm)": 6.5757658729 }, "geometry": { "type": "Polygon", "coordinates": [ [ [ 73.216054080408441, 33.682493780785315 ], [ 73.21607206816509, 33.682463188314621 ], [ 73.216088902290309, 33.682470106298425 ], [ 73.216070914537966, 33.682500698771662 ], [ 73.216054080408441, 33.682493780785315 ] ] ] } },
{ "type": "Feature", "id": 694, "properties": { "FID": 694, "class": "solar_panels", "SolarPV_Area(sqm)": 7.9120344353799998 }, "geometry": { "type": "Polygon", "coordinates": [ [ [ 73.21610596251017, 33.682310188558276 ], [ 73.21612904854635, 33.68227178823561 ], [ 73.216145043216514, 33.682278508325282 ], [ 73.216121958245083, 33.682316909568158 ], [ 73.21610596251017, 33.682310188558276 ] ] ] } },
{ "type": "Feature", "id": 695, "properties": { "FID": 695, "class": "solar_panels", "SolarPV_Area(sqm)": 9.2013719861399998 }, "geometry": { "type": "Polygon", "coordinates": [ [ [ 73.216127319677156, 33.682318765275248 ], [ 73.216155250397932, 33.682271886133883 ], [ 73.216170542582873, 33.68227825430619 ], [ 73.216142611868037, 33.682325133451165 ], [ 73.216127319677156, 33.682318765275248 ] ] ] } },
{ "type": "Feature", "id": 696, "properties": { "FID": 696, "class": "solar_panels", "SolarPV_Area(sqm)": 6.6910767593399996 }, "geometry": { "type": "Polygon", "coordinates": [ [ [ 73.216150134571308, 33.682329512855041 ], [ 73.216172633663604, 33.682292581146427 ], [ 73.216186622714829, 33.682298537328883 ], [ 73.216164123626726, 33.682335469040169 ], [ 73.216150134571308, 33.682329512855041 ] ] ] } },
{ "type": "Feature", "id": 697, "properties": { "FID": 697, "class": "solar_panels", "SolarPV_Area(sqm)": 6.0988959797 }, "geometry": { "type": "Polygon", "coordinates": [ [ [ 73.216172472258833, 33.682338506813508 ], [ 73.216193346785829, 33.682304242521823 ], [ 73.216207089908593, 33.682310094152839 ], [ 73.216186216463768, 33.682344358462522 ], [ 73.216172472258833, 33.682338506813508 ] ] ] } },
{ "type": "Feature", "id": 698, "properties": { "FID": 698, "class": "solar_panels", "SolarPV_Area(sqm)": 6.77506219193 }, "geometry": { "type": "Polygon", "coordinates": [ [ [ 73.216195176757353, 33.682347915467652 ], [ 73.216213486008272, 33.682312982893251 ], [ 73.216229307782953, 33.682318778867817 ], [ 73.216210998536994, 33.682353711444705 ], [ 73.216195176757353, 33.682347915467652 ] ] ] } },
{ "type": "Feature", "id": 699, "properties": { "FID": 699, "class": "solar_panels", "SolarPV_Area(sqm)": 7.0214140835699999 }, "geometry": { "type": "Polygon", "coordinates": [ [ [ 73.216216777737017, 33.68235659578626 ], [ 73.216235949467176, 33.682323720874074 ], [ 73.216252729107993, 33.682330560496553 ], [ 73.216233558460786, 33.682363435427035 ], [ 73.216216777737017, 33.68235659578626 ] ] ] } },
{ "type": "Feature", "id": 700, "properties": { "FID": 700, "class": "solar_panels", "SolarPV_Area(sqm)": 52.087629984800003 }, "geometry": { "type": "Polygon", "coordinates": [ [ [ 73.216316723367612, 33.682309228825218 ], [ 73.21633737079712, 33.682275146091591 ], [ 73.216455644677069, 33.682325226390887 ], [ 73.216434997299061, 33.682359308243647 ], [ 73.216316723367612, 33.682309228825218 ] ] ] } },
{ "type": "Feature", "id": 701, "properties": { "FID": 701, "class": "solar_panels", "SolarPV_Area(sqm)": 16.693582402200001 }, "geometry": { "type": "Polygon", "coordinates": [ [ [ 73.216181394854331, 33.682193470677461 ], [ 73.216190740936625, 33.682178562318128 ], [ 73.216276162215394, 33.682215990922138 ], [ 73.216266816143218, 33.682230899288228 ], [ 73.216181394854331, 33.682193470677461 ] ] ] } },
{ "type": "Feature", "id": 702, "properties": { "FID": 702, "class": "solar_panels", "SolarPV_Area(sqm)": 18.855510830499998 }, "geometry": { "type": "Polygon", "coordinates": [ [ [ 73.21627473579737, 33.682210216138273 ], [ 73.216194775501066, 33.682174889054252 ], [ 73.216206107129281, 33.682156964991229 ], [ 73.216286066354613, 33.682192291150557 ], [ 73.21627473579737, 33.682210216138273 ] ] ] } },
{ "type": "Feature", "id": 703, "properties": { "FID": 703, "class": "solar_panels", "SolarPV_Area(sqm)": 17.028462639800001 }, "geometry": { "type": "Polygon", "coordinates": [ [ [ 73.216211536352787, 33.682141964002902 ], [ 73.216221804425828, 33.682125866895532 ], [ 73.216301894913329, 33.682161573682656 ], [ 73.216291626850364, 33.682177670796953 ], [ 73.216211536352787, 33.682141964002902 ] ] ] } },
{ "type": "Feature", "id": 704, "properties": { "FID": 704, "class": "solar_panels", "SolarPV_Area(sqm)": 14.4230157844 }, "geometry": { "type": "Polygon", "coordinates": [ [ [ 73.21630155214396, 33.682158585681542 ], [ 73.216223770219941, 33.682123650776617 ], [ 73.216232761909126, 33.682109658002766 ], [ 73.216310543824719, 33.682144592901821 ], [ 73.21630155214396, 33.682158585681542 ] ] ] } },
{ "type": "Feature", "id": 705, "properties": { "FID": 705, "class": "solar_panels", "SolarPV_Area(sqm)": 14.478901824699999 }, "geometry": { "type": "Polygon", "coordinates": [ [ [ 73.216491020657998, 33.682113935004267 ], [ 73.216499551716922, 33.682100725509827 ], [ 73.2165820794458, 33.68213797686446 ], [ 73.216573548395289, 33.682151186364813 ], [ 73.216491020657998, 33.682113935004267 ] ] ] } },
{ "type": "Feature", "id": 706, "properties": { "FID": 706, "class": "solar_panels", "SolarPV_Area(sqm)": 14.128413477200001 }, "geometry": { "type": "Polygon", "coordinates": [ [ [ 73.216582249360869, 33.682132622808815 ], [ 73.216501270293136, 33.682094863571869 ], [ 73.216509902573193, 33.682081923363342 ], [ 73.216590882711415, 33.682119682610001 ], [ 73.216582249360869, 33.682132622808815 ] ] ] } },
{ "type": "Feature", "id": 707, "properties": { "FID": 707, "class": "solar_panels", "SolarPV_Area(sqm)": 4.9202573414200002 }, "geometry": { "type": "Polygon", "coordinates": [ [ [ 73.216300038411006, 33.683121885769893 ], [ 73.216282004872468, 33.683113861157985 ], [ 73.216295167842233, 33.683093186986973 ], [ 73.216313201377858, 33.683101211596892 ], [ 73.216300038411006, 33.683121885769893 ] ] ] } },
{ "type": "Feature", "id": 708, "properties": { "FID": 708, "class": "solar_panels", "SolarPV_Area(sqm)": 2.78522429035 }, "geometry": { "type": "Polygon", "coordinates": [ [ [ 73.216305846299321, 33.68312468936297 ], [ 73.216314542528877, 33.683111688775512 ], [ 73.216330412904853, 33.683119107723272 ], [ 73.216321716676831, 33.683132108311888 ], [ 73.216305846299321, 33.68312468936297 ] ] ] } },
{ "type": "Feature", "id": 709, "properties": { "FID": 709, "class": "solar_panels", "SolarPV_Area(sqm)": 3.9487161103799999 }, "geometry": { "type": "Polygon", "coordinates": [ [ [ 73.216325706658665, 33.683134302211727 ], [ 73.216338587887762, 33.683113794402438 ], [ 73.216353264921281, 33.683120237537025 ], [ 73.216340382616238, 33.683140745332331 ], [ 73.216325706658665, 33.683134302211727 ] ] ] } },
{ "type": "Feature", "id": 710, "properties": { "FID": 710, "class": "solar_panels", "SolarPV_Area(sqm)": 5.864019009 }, "geometry": { "type": "Polygon", "coordinates": [ [ [ 73.216511830570923, 33.682783944146244 ], [ 73.216496550313764, 33.682777724076928 ], [ 73.216514120349672, 33.682747558359821 ], [ 73.216529400584335, 33.682753779328344 ], [ 73.216511830570923, 33.682783944146244 ] ] ] } },
{ "type": "Feature", "id": 711, "properties": { "FID": 711, "class": "solar_panels", "SolarPV_Area(sqm)": 6.1851767714700001 }, "geometry": { "type": "Polygon", "coordinates": [ [ [ 73.216517099630849, 33.68278714033567 ], [ 73.216535144045309, 33.682756254638193 ], [ 73.216550866732604, 33.682762674970249 ], [ 73.216532822322208, 33.682793560670135 ], [ 73.216517099630849, 33.68278714033567 ] ] ] } },
{ "type": "Feature", "id": 712, "properties": { "FID": 712, "class": "solar_panels", "SolarPV_Area(sqm)": 5.7134630392499997 }, "geometry": { "type": "Polygon", "coordinates": [ [ [ 73.216539228404287, 33.68279508065303 ], [ 73.216557269950172, 33.682764176875438 ], [ 73.216571789372622, 33.682770101896345 ], [ 73.216553747849105, 33.68280100477466 ], [ 73.216539228404287, 33.68279508065303 ] ] ] } },
{ "type": "Feature", "id": 713, "properties": { "FID": 713, "class": "solar_panels", "SolarPV_Area(sqm)": 2.28142071066 }, "geometry": { "type": "Polygon", "coordinates": [ [ [ 73.216561504661229, 33.682803400936855 ], [ 73.216568664148994, 33.682791841715584 ], [ 73.216583798417957, 33.682798393323104 ], [ 73.216576640009947, 33.682809952560874 ], [ 73.216561504661229, 33.682803400936855 ] ] ] } },
{ "type": "Feature", "id": 714, "properties": { "FID": 714, "class": "solar_panels", "SolarPV_Area(sqm)": 5.8571990448499998 }, "geometry": { "type": "Polygon", "coordinates": [ [ [ 73.216580952258582, 33.682812210621513 ], [ 73.216597573708782, 33.682784728389358 ], [ 73.216614078802166, 33.682791705578708 ], [ 73.216597458452654, 33.682819186927254 ], [ 73.216580952258582, 33.682812210621513 ] ] ] } },
{ "type": "Feature", "id": 715, "properties": { "FID": 715, "class": "solar_panels", "SolarPV_Area(sqm)": 6.5171613086100004 }, "geometry": { "type": "Polygon", "coordinates": [ [ [ 73.216587694408076, 33.682659439164006 ], [ 73.216571231515715, 33.682652822386565 ], [ 73.216589212586911, 33.682621554316967 ], [ 73.216605675493525, 33.682628170190391 ], [ 73.216587694408076, 33.682659439164006 ] ] ] } },
{ "type": "Feature", "id": 716, "properties": { "FID": 716, "class": "solar_panels", "SolarPV_Area(sqm)": 5.6423840364700002 }, "geometry": { "type": "Polygon", "coordinates": [ [ [ 73.216593025745098, 33.682662701176589 ], [ 73.216610181969685, 33.68263324457326 ], [ 73.216625238661805, 33.682639373027584 ], [ 73.216608082422312, 33.682668830534602 ], [ 73.216593025745098, 33.682662701176589 ] ] ] } },
{ "type": "Feature", "id": 717, "properties": { "FID": 717, "class": "solar_panels", "SolarPV_Area(sqm)": 5.6655731198900003 }, "geometry": { "type": "Polygon", "coordinates": [ [ [ 73.216615024707977, 33.682671076062299 ], [ 73.216631671440453, 33.682642420085962 ], [ 73.216647227997782, 33.682648736107446 ], [ 73.216630581269044, 33.682677392085992 ], [ 73.216615024707977, 33.682671076062299 ] ] ] } },
{ "type": "Feature", "id": 718, "properties": { "FID": 718, "class": "solar_panels", "SolarPV_Area(sqm)": 2.25675598 }, "geometry": { "type": "Polygon", "coordinates": [ [ [ 73.216645119947316, 33.68266421069336 ], [ 73.21665269167508, 33.68265081329983 ], [ 73.216666083009784, 33.682656101607641 ], [ 73.216658511283569, 33.682669499002039 ], [ 73.216645119947316, 33.68266421069336 ] ] ] } },
{ "type": "Feature", "id": 719, "properties": { "FID": 719, "class": "solar_panels", "SolarPV_Area(sqm)": 4.8867710333199996 }, "geometry": { "type": "Polygon", "coordinates": [ [ [ 73.2166575166206, 33.682688671583698 ], [ 73.216673520828607, 33.682661459978029 ], [ 73.216687583698828, 33.682667241325767 ], [ 73.216671580590969, 33.682694452047386 ], [ 73.2166575166206, 33.682688671583698 ] ] ] } },
{ "type": "Feature", "id": 720, "properties": { "FID": 720, "class": "solar_panels", "SolarPV_Area(sqm)": 9.7171094386399997 }, "geometry": { "type": "Polygon", "coordinates": [ [ [ 73.216840510754921, 33.682261657979822 ], [ 73.21685044290497, 33.682246048335756 ], [ 73.216897625936369, 33.682267029994762 ], [ 73.216887693792088, 33.68228263964275 ], [ 73.216840510754921, 33.682261657979822 ] ] ] } },
{ "type": "Feature", "id": 721, "properties": { "FID": 721, "class": "solar_panels", "SolarPV_Area(sqm)": 29.460152300099999 }, "geometry": { "type": "Polygon", "coordinates": [ [ [ 73.21690445111156, 33.682302157729616 ], [ 73.216934621301789, 33.682253473823735 ], [ 73.216981012622398, 33.682273567504595 ], [ 73.216950842450245, 33.682322251422299 ], [ 73.21690445111156, 33.682302157729616 ] ] ] } },
{ "type": "Feature", "id": 722, "properties": { "FID": 722, "class": "solar_panels", "SolarPV_Area(sqm)": 37.457007691400001 }, "geometry": { "type": "Polygon", "coordinates": [ [ [ 73.217031416345279, 33.682136601126189 ], [ 73.216932485541378, 33.682091083965901 ], [ 73.216947732958644, 33.682061282335809 ], [ 73.217046664816095, 33.682106799498804 ], [ 73.217031416345279, 33.682136601126189 ] ] ] } },
{ "type": "Feature", "id": 723, "properties": { "FID": 723, "class": "solar_panels", "SolarPV_Area(sqm)": 15.923875860900001 }, "geometry": { "type": "Polygon", "coordinates": [ [ [ 73.217235107971476, 33.681852563497948 ], [ 73.217136586610479, 33.68181026451407 ], [ 73.217144226799661, 33.68179782755648 ], [ 73.217242747072447, 33.681840126518431 ], [ 73.217235107971476, 33.681852563497948 ] ] ] } },
{ "type": "Feature", "id": 724, "properties": { "FID": 724, "class": "solar_panels", "SolarPV_Area(sqm)": 14.8526601235 }, "geometry": { "type": "Polygon", "coordinates": [ [ [ 73.217148782990449, 33.681790672842723 ], [ 73.217156990168036, 33.681777000526893 ], [ 73.217241375798736, 33.681812400770482 ], [ 73.217233168630642, 33.681826073092175 ], [ 73.217148782990449, 33.681790672842723 ] ] ] } },
{ "type": "Feature", "id": 725, "properties": { "FID": 725, "class": "solar_panels", "SolarPV_Area(sqm)": 13.9070755081 }, "geometry": { "type": "Polygon", "coordinates": [ [ [ 73.216467411820702, 33.683291203505235 ], [ 73.216449251459892, 33.683283989579891 ], [ 73.216483780214787, 33.683223238132769 ], [ 73.216501940566175, 33.683230452052776 ], [ 73.216467411820702, 33.683291203505235 ] ] ] } },
{ "type": "Feature", "id": 726, "properties": { "FID": 726, "class": "solar_panels", "SolarPV_Area(sqm)": 4.3262947288499998 }, "geometry": { "type": "Polygon", "coordinates": [ [ [ 73.216471838367951, 33.683292054657002 ], [ 73.216483492261432, 33.683271432624167 ], [ 73.216500170543071, 33.683278019158884 ], [ 73.216488516652547, 33.68329864119336 ], [ 73.216471838367951, 33.683292054657002 ] ] ] } },
{ "type": "Feature", "id": 727, "properties": { "FID": 727, "class": "solar_panels", "SolarPV_Area(sqm)": 11.89903336 }, "geometry": { "type": "Polygon", "coordinates": [ [ [ 73.216491552451771, 33.683305357210102 ], [ 73.216526197090928, 33.683242911196523 ], [ 73.216541446020358, 33.683248824209564 ], [ 73.216506801389443, 33.683311270227648 ], [ 73.216491552451771, 33.683305357210102 ] ] ] } },
{ "type": "Feature", "id": 728, "properties": { "FID": 728, "class": "solar_panels", "SolarPV_Area(sqm)": 3.41218385085 }, "geometry": { "type": "Polygon", "coordinates": [ [ [ 73.216508840587466, 33.683258713912991 ], [ 73.216494648522854, 33.683253177763369 ], [ 73.216505363691098, 33.683233978693615 ], [ 73.216519556831699, 33.683239514857512 ], [ 73.216508840587466, 33.683258713912991 ] ] ] } },
{ "type": "Feature", "id": 729, "properties": { "FID": 729, "class": "solar_panels", "SolarPV_Area(sqm)": 14.496518758400001 }, "geometry": { "type": "Polygon", "coordinates": [ [ [ 73.216522674356099, 33.683212666409162 ], [ 73.216538515889042, 33.683184042110462 ], [ 73.216579079892583, 33.683199732346083 ], [ 73.21656323836973, 33.683228356650268 ], [ 73.216522674356099, 33.683212666409162 ] ] ] } },
{ "type": "Feature", "id": 730, "properties": { "FID": 730, "class": "solar_panels", "SolarPV_Area(sqm)": 11.3391217187 }, "geometry": { "type": "Polygon", "coordinates": [ [ [ 73.216464922364636, 33.683168957130732 ], [ 73.216496612490232, 33.683117737875115 ], [ 73.216513596542299, 33.683125081799155 ], [ 73.216481906423667, 33.683176301059319 ], [ 73.216464922364636, 33.683168957130732 ] ] ] } },
{ "type": "Feature", "id": 731, "properties": { "FID": 731, "class": "solar_panels", "SolarPV_Area(sqm)": 9.9724235768200007 }, "geometry": { "type": "Polygon", "coordinates": [ [ [ 73.216486631961786, 33.683179492108664 ], [ 73.216516553637788, 33.683128401518942 ], [ 73.216531864261185, 33.683134668917006 ], [ 73.216501942610336, 33.683185758609113 ], [ 73.216486631961786, 33.683179492108664 ] ] ] } },
{ "type": "Feature", "id": 732, "properties": { "FID": 732, "class": "solar_panels", "SolarPV_Area(sqm)": 9.8086328763200008 }, "geometry": { "type": "Polygon", "coordinates": [ [ [ 73.21662747998252, 33.683018202483311 ], [ 73.216655327595006, 33.682968870123027 ], [ 73.216671140377613, 33.682975108681902 ], [ 73.21664329277182, 33.683024441045909 ], [ 73.21662747998252, 33.683018202483311 ] ] ] } },
{ "type": "Feature", "id": 733, "properties": { "FID": 733, "class": "solar_panels", "SolarPV_Area(sqm)": 9.9456264374500005 }, "geometry": { "type": "Polygon", "coordinates": [ [ [ 73.216648056926601, 33.683026963533969 ], [ 73.216676282368169, 33.682977407573802 ], [ 73.216692191365652, 33.682983740401149 ], [ 73.216663965930806, 33.683033296365132 ], [ 73.216648056926601, 33.683026963533969 ] ] ] } },
{ "type": "Feature", "id": 734, "properties": { "FID": 734, "class": "solar_panels", "SolarPV_Area(sqm)": 9.4966644802300006 }, "geometry": { "type": "Polygon", "coordinates": [ [ [ 73.216668858243793, 33.683036977672089 ], [ 73.216696543331466, 33.682988045145166 ], [ 73.216711965298416, 33.682994143693726 ], [ 73.216684280217208, 33.68304307622428 ], [ 73.216668858243793, 33.683036977672089 ] ] ] } },
{ "type": "Feature", "id": 735, "properties": { "FID": 735, "class": "solar_panels", "SolarPV_Area(sqm)": 19.0413933317 }, "geometry": { "type": "Polygon", "coordinates": [ [ [ 73.216805049772958, 33.682693274788356 ], [ 73.216825128104659, 33.682660315478799 ], [ 73.216869736658111, 33.682679308562015 ], [ 73.216849658338333, 33.682712267879147 ], [ 73.216805049772958, 33.682693274788356 ] ] ] } },
{ "type": "Feature", "id": 736, "properties": { "FID": 736, "class": "solar_panels", "SolarPV_Area(sqm)": 13.0622868791 }, "geometry": { "type": "Polygon", "coordinates": [ [ [ 73.216869934409758, 33.682719247162559 ], [ 73.216888774883031, 33.682688720081899 ], [ 73.216921636009332, 33.682702894064683 ], [ 73.216902795544144, 33.682733421150566 ], [ 73.216869934409758, 33.682719247162559 ] ] ] } },
{ "type": "Feature", "id": 737, "properties": { "FID": 737, "class": "solar_panels", "SolarPV_Area(sqm)": 22.299218091699998 }, "geometry": { "type": "Polygon", "coordinates": [ [ [ 73.216902447337759, 33.682573010337357 ], [ 73.216915807754418, 33.682551329864538 ], [ 73.217000285288108, 33.682589518975817 ], [ 73.216992035489199, 33.682602272661605 ], [ 73.216977244862377, 33.682595586289601 ], [ 73.216971621289247, 33.682604281141238 ], [ 73.216902447337759, 33.682573010337357 ] ] ] } },
{ "type": "Feature", "id": 738, "properties": { "FID": 738, "class": "solar_panels", "SolarPV_Area(sqm)": 20.239323071200001 }, "geometry": { "type": "Polygon", "coordinates": [ [ [ 73.217226178471293, 33.682260795431496 ], [ 73.217113756910763, 33.682213697708221 ], [ 73.217122144413651, 33.682199705165459 ], [ 73.217234565961235, 33.682246802880734 ], [ 73.217226178471293, 33.682260795431496 ] ] ] } },
{ "type": "Feature", "id": 739, "properties": { "FID": 739, "class": "solar_panels", "SolarPV_Area(sqm)": 5.35237842093 }, "geometry": { "type": "Polygon", "coordinates": [ [ [ 73.217102534291925, 33.682230373578832 ], [ 73.21711066117571, 33.682216361043842 ], [ 73.217140734896873, 33.682228550524634 ], [ 73.217132608016627, 33.682242563061699 ], [ 73.217102534291925, 33.682230373578832 ] ] ] } },
{ "type": "Feature", "id": 740, "properties": { "FID": 740, "class": "solar_panels", "SolarPV_Area(sqm)": 4.62544371145 }, "geometry": { "type": "Polygon", "coordinates": [ [ [ 73.217148549903357, 33.682250223707982 ], [ 73.217156289930045, 33.682237237210934 ], [ 73.217184036013023, 33.682248795216971 ], [ 73.217176295989304, 33.68226178171583 ], [ 73.217148549903357, 33.682250223707982 ] ] ] } },
{ "type": "Feature", "id": 741, "properties": { "FID": 741, "class": "solar_panels", "SolarPV_Area(sqm)": 4.4172389479199996 }, "geometry": { "type": "Polygon", "coordinates": [ [ [ 73.217192967058551, 33.682269651268825 ], [ 73.217200565879267, 33.682256450815416 ], [ 73.217226986031051, 33.682267081595612 ], [ 73.217219386134971, 33.682280282035165 ], [ 73.217192967058551, 33.682269651268825 ] ] ] } },
{ "type": "Feature", "id": 742, "properties": { "FID": 742, "class": "solar_panels", "SolarPV_Area(sqm)": 5.6316595076300002 }, "geometry": { "type": "Polygon", "coordinates": [ [ [ 73.216849311736254, 33.683392460053547 ], [ 73.216864560827446, 33.683368388308551 ], [ 73.216882328071932, 33.683376254790794 ], [ 73.216867077905775, 33.683400326522509 ], [ 73.216849311736254, 33.683392460053547 ] ] ] } },
{ "type": "Feature", "id": 743, "properties": { "FID": 743, "class": "solar_panels", "SolarPV_Area(sqm)": 4.6779944221800003 }, "geometry": { "type": "Polygon", "coordinates": [ [ [ 73.21687120988183, 33.683403271824709 ], [ 73.216885808226635, 33.683379632550917 ], [ 73.216901001838735, 33.68338618948669 ], [ 73.216886403478213, 33.683409829663859 ], [ 73.21687120988183, 33.683403271824709 ] ] ] } },
{ "type": "Feature", "id": 744, "properties": { "FID": 744, "class": "solar_panels", "SolarPV_Area(sqm)": 18.094891985 }, "geometry": { "type": "Polygon", "coordinates": [ [ [ 73.217672295712603, 33.682317186945518 ], [ 73.217576482640567, 33.682274392626411 ], [ 73.217585612871702, 33.682260105969156 ], [ 73.217681425933051, 33.682302900280924 ], [ 73.217672295712603, 33.682317186945518 ] ] ] } },
{ "type": "Feature", "id": 745, "properties": { "FID": 745, "class": "solar_panels", "SolarPV_Area(sqm)": 17.832852211700001 }, "geometry": { "type": "Polygon", "coordinates": [ [ [ 73.217682558194852, 33.682297743165883 ], [ 73.217588099572581, 33.682255697928355 ], [ 73.217597208567923, 33.682241394731911 ], [ 73.217691667198224, 33.68228343906069 ], [ 73.217682558194852, 33.682297743165883 ] ] ] } },
{ "type": "Feature", "id": 746, "properties": { "FID": 746, "class": "solar_panels", "SolarPV_Area(sqm)": 9.1813115410900004 }, "geometry": { "type": "Polygon", "coordinates": [ [ [ 73.217692177361116, 33.682279678828756 ], [ 73.217638679117769, 33.682255117411103 ], [ 73.217647101694908, 33.682242295833859 ], [ 73.217700599933053, 33.682266857247733 ], [ 73.217692177361116, 33.682279678828756 ] ] ] } },
{ "type": "Feature", "id": 747, "properties": { "FID": 747, "class": "solar_panels", "SolarPV_Area(sqm)": 3.9905670289400001 }, "geometry": { "type": "Polygon", "coordinates": [ [ [ 73.217622146723699, 33.682247216552931 ], [ 73.217598777781902, 33.682236337706016 ], [ 73.21760721999317, 33.68222366250145 ], [ 73.217630588932735, 33.682234541346702 ], [ 73.217622146723699, 33.682247216552931 ] ] ] } },
{ "type": "Feature", "id": 748, "properties": { "FID": 748, "class": "solar_panels", "SolarPV_Area(sqm)": 11.7064803714 }, "geometry": { "type": "Polygon", "coordinates": [ [ [ 73.21760944153408, 33.682221962254744 ], [ 73.21761884558866, 33.682207107823679 ], [ 73.217678711292876, 33.682233594411926 ], [ 73.217669307245288, 33.682248448847737 ], [ 73.21760944153408, 33.682221962254744 ] ] ] } },
{ "type": "Feature", "id": 749, "properties": { "FID": 749, "class": "solar_panels", "SolarPV_Area(sqm)": 4.6649844417099997 }, "geometry": { "type": "Polygon", "coordinates": [ [ [ 73.217725093120009, 33.682123360369019 ], [ 73.21773798539229, 33.682103652430563 ], [ 73.217755703417296, 33.682111752535185 ], [ 73.217742811129071, 33.682131461377054 ], [ 73.217725093120009, 33.682123360369019 ] ] ] } },
{ "type": "Feature", "id": 750, "properties": { "FID": 750, "class": "solar_panels", "SolarPV_Area(sqm)": 2.3636855083600001 }, "geometry": { "type": "Polygon", "coordinates": [ [ [ 73.217744706241291, 33.682134026296282 ], [ 73.217750548448834, 33.682124871953334 ], [ 73.217770093915234, 33.682133589980587 ], [ 73.217764252806049, 33.682142743438554 ], [ 73.217744706241291, 33.682134026296282 ] ] ] } },
{ "type": "Feature", "id": 751, "properties": { "FID": 751, "class": "solar_panels", "SolarPV_Area(sqm)": 5.6376041322199999 }, "geometry": { "type": "Polygon", "coordinates": [ [ [ 73.217769149693112, 33.68214228384349 ], [ 73.217785032191372, 33.682118176922842 ], [ 73.217802479767073, 33.682126210897174 ], [ 73.217786597271981, 33.682150317820124 ], [ 73.217769149693112, 33.68214228384349 ] ] ] } },
{ "type": "Feature", "id": 752, "properties": { "FID": 752, "class": "solar_panels", "SolarPV_Area(sqm)": 5.0079727979799999 }, "geometry": { "type": "Polygon", "coordinates": [ [ [ 73.217789406151567, 33.68215156941838 ], [ 73.217804851235996, 33.682128273187892 ], [ 73.217820842569168, 33.682135682867823 ], [ 73.217805397487524, 33.682158979100379 ], [ 73.217789406151567, 33.68215156941838 ] ] ] } },
{ "type": "Feature", "id": 753, "properties": { "FID": 753, "class": "solar_panels", "SolarPV_Area(sqm)": 16.401490817900001 }, "geometry": { "type": "Polygon", "coordinates": [ [ [ 73.217781816187653, 33.682109475345193 ], [ 73.217802100567951, 33.68208056597804 ], [ 73.21784314654937, 33.682100694043257 ], [ 73.217822862177456, 33.682129603417344 ], [ 73.217781816187653, 33.682109475345193 ] ] ] } },
{ "type": "Feature", "id": 754, "properties": { "FID": 754, "class": "solar_panels", "SolarPV_Area(sqm)": 10.4201349959 }, "geometry": { "type": "Polygon", "coordinates": [ [ [ 73.217878099875264, 33.681963434063732 ], [ 73.21781499992602, 33.681936399532034 ], [ 73.217822796840991, 33.681923681636448 ], [ 73.217885895705422, 33.681950716148421 ], [ 73.217878099875264, 33.681963434063732 ] ] ] } },
{ "type": "Feature", "id": 755, "properties": { "FID": 755, "class": "solar_panels", "SolarPV_Area(sqm)": 3.7619053288300002 }, "geometry": { "type": "Polygon", "coordinates": [ [ [ 73.217888552487707, 33.681949198020028 ], [ 73.217866477685462, 33.681939326232104 ], [ 73.217874721361284, 33.681926441638225 ], [ 73.217896796179929, 33.681936312523128 ], [ 73.217888552487707, 33.681949198020028 ] ] ] } },
{ "type": "Feature", "id": 756, "properties": { "FID": 756, "class": "solar_panels", "SolarPV_Area(sqm)": 4.2668590288699999 }, "geometry": { "type": "Polygon", "coordinates": [ [ [ 73.217848596559506, 33.681930036160487 ], [ 73.217824070260406, 33.681919419307626 ], [ 73.21783233306077, 33.681906078697217 ], [ 73.217856859338639, 33.681916696449854 ], [ 73.217848596559506, 33.681930036160487 ] ] ] } },
{ "type": "Feature", "id": 757, "properties": { "FID": 757, "class": "solar_panels", "SolarPV_Area(sqm)": 12.7564103808 }, "geometry": { "type": "Polygon", "coordinates": [ [ [ 73.217836063105992, 33.681903201756271 ], [ 73.217844521212456, 33.681889805347389 ], [ 73.217916938427578, 33.681921759056955 ], [ 73.217908479231809, 33.681935156356928 ], [ 73.217836063105992, 33.681903201756271 ] ] ] } },
{ "type": "Feature", "id": 758, "properties": { "FID": 758, "class": "solar_panels", "SolarPV_Area(sqm)": 7.7097312766800004 }, "geometry": { "type": "Polygon", "coordinates": [ [ [ 73.216792540216304, 33.681755582552348 ], [ 73.216801023506477, 33.681742279463151 ], [ 73.216844907993533, 33.681761838328285 ], [ 73.216836424726537, 33.681775140519129 ], [ 73.216792540216304, 33.681755582552348 ] ] ] } },
{ "type": "Feature", "id": 759, "properties": { "FID": 759, "class": "solar_panels", "SolarPV_Area(sqm)": 7.1150306630099998 }, "geometry": { "type": "Polygon", "coordinates": [ [ [ 73.216805361746566, 33.681741030910153 ], [ 73.216814152571558, 33.681727408523841 ], [ 73.216853490281636, 33.681745151422632 ], [ 73.216844699442149, 33.681758774713344 ], [ 73.216805361746566, 33.681741030910153 ] ] ] } },
{ "type": "Feature", "id": 760, "properties": { "FID": 760, "class": "solar_panels", "SolarPV_Area(sqm)": 5.6766633038099998 }, "geometry": { "type": "Polygon", "coordinates": [ [ [ 73.216820468217435, 33.681717530626308 ], [ 73.216827860347053, 33.681706556385016 ], [ 73.216866049806754, 33.681724535201177 ], [ 73.216858657680248, 33.681735509444827 ], [ 73.216820468217435, 33.681717530626308 ] ] ] } },
{ "type": "Feature", "id": 761, "properties": { "FID": 761, "class": "solar_panels", "SolarPV_Area(sqm)": 6.7020766036900001 }, "geometry": { "type": "Polygon", "coordinates": [ [ [ 73.216830216515262, 33.68170282911472 ], [ 73.2168396629433, 33.681689060183331 ], [ 73.216875277906738, 33.681706138843126 ], [ 73.216865830403933, 33.681719907761774 ], [ 73.216830216515262, 33.68170282911472 ] ] ] } },
{ "type": "Feature", "id": 762, "properties": { "FID": 762, "class": "solar_panels", "SolarPV_Area(sqm)": 19.666396899199999 }, "geometry": { "type": "Polygon", "coordinates": [ [ [ 73.213669009853859, 33.68011519638393 ], [ 73.213687856540119, 33.680076728903998 ], [ 73.213728681759747, 33.680094869421723 ], [ 73.213709835087045, 33.680133336908241 ], [ 73.213669009853859, 33.68011519638393 ] ] ] } },
{ "type": "Feature", "id": 763, "properties": { "FID": 763, "class": "solar_panels", "SolarPV_Area(sqm)": 16.235417296800001 }, "geometry": { "type": "Polygon", "coordinates": [ [ [ 73.213845041237931, 33.680237697554659 ], [ 73.213826958398897, 33.680236997853051 ], [ 73.213831780649983, 33.680149880052255 ], [ 73.21384986347087, 33.680150579752549 ], [ 73.213845041237931, 33.680237697554659 ] ] ] } },
{ "type": "Feature", "id": 764, "properties": { "FID": 764, "class": "solar_panels", "SolarPV_Area(sqm)": 16.18727485 }, "geometry": { "type": "Polygon", "coordinates": [ [ [ 73.213822996751347, 33.680237354487026 ], [ 73.2138053967887, 33.680237297510793 ], [ 73.213805808952685, 33.680147865134167 ], [ 73.213823408897085, 33.680147922109747 ], [ 73.213822996751347, 33.680237354487026 ] ] ] } },
{ "type": "Feature", "id": 765, "properties": { "FID": 765, "class": "solar_panels", "SolarPV_Area(sqm)": 15.2240871224 }, "geometry": { "type": "Polygon", "coordinates": [ [ [ 73.213796080154921, 33.680230802632501 ], [ 73.213778593713911, 33.680230159340518 ], [ 73.213783042473082, 33.680145664798481 ], [ 73.213800528897082, 33.680146308089284 ], [ 73.213796080154921, 33.680230802632501 ] ] ] } },
{ "type": "Feature", "id": 766, "properties": { "FID": 766, "class": "solar_panels", "SolarPV_Area(sqm)": 16.9045819233 }, "geometry": { "type": "Polygon", "coordinates": [ [ [ 73.21385740938031, 33.680245806527161 ], [ 73.213896537856016, 33.68017202139179 ], [ 73.213915155775084, 33.6801789221674 ], [ 73.213876028389919, 33.680252707324598 ], [ 73.21385740938031, 33.680245806527161 ] ] ] } },
{ "type": "Feature", "id": 767, "properties": { "FID": 767, "class": "solar_panels", "SolarPV_Area(sqm)": 5.9599562406900004 }, "geometry": { "type": "Polygon", "coordinates": [ [ [ 73.213880969561302, 33.680255838464142 ], [ 73.213893931857783, 33.680229122495838 ], [ 73.213912559715467, 33.680235439069477 ], [ 73.21389959742362, 33.68026215503987 ], [ 73.213880969561302, 33.680255838464142 ] ] ] } },
{ "type": "Feature", "id": 768, "properties": { "FID": 768, "class": "solar_panels", "SolarPV_Area(sqm)": 14.862785405 }, "geometry": { "type": "Polygon", "coordinates": [ [ [ 73.213903427348669, 33.680265142061508 ], [ 73.21394235333598, 33.680191914884034 ], [ 73.213958834394731, 33.680198038095618 ], [ 73.213919908399504, 33.680271266180092 ], [ 73.213903427348669, 33.680265142061508 ] ] ] } },
{ "type": "Feature", "id": 769, "properties": { "FID": 769, "class": "solar_panels", "SolarPV_Area(sqm)": 6.0770181771600003 }, "geometry": { "type": "Polygon", "coordinates": [ [ [ 73.213922846222488, 33.680214496313191 ], [ 73.213905530108818, 33.680207391622496 ], [ 73.213921675520211, 33.680179889337793 ], [ 73.213938990532966, 33.680186994912034 ], [ 73.213922846222488, 33.680214496313191 ] ] ] } },
{ "type": "Feature", "id": 770, "properties": { "FID": 770, "class": "solar_panels", "SolarPV_Area(sqm)": 14.999110507699999 }, "geometry": { "type": "Polygon", "coordinates": [ [ [ 73.21431176851361, 33.680428421680183 ], [ 73.214348787466122, 33.680351583176936 ], [ 73.214365119683976, 33.680357082865086 ], [ 73.214328099664868, 33.680433921357995 ], [ 73.21431176851361, 33.680428421680183 ] ] ] } },
{ "type": "Feature", "id": 771, "properties": { "FID": 771, "class": "solar_panels", "SolarPV_Area(sqm)": 13.989636532600001 }, "geometry": { "type": "Polygon", "coordinates": [ [ [ 73.21434050439774, 33.680438073850063 ], [ 73.214378976558692, 33.680364923836322 ], [ 73.214394559804987, 33.680370651664063 ], [ 73.214356088713913, 33.680443802600024 ], [ 73.21434050439774, 33.680438073850063 ] ] ] } },
{ "type": "Feature", "id": 772, "properties": { "FID": 772, "class": "solar_panels", "SolarPV_Area(sqm)": 15.509922123300001 }, "geometry": { "type": "Polygon", "coordinates": [ [ [ 73.214668349662745, 33.680594982888195 ], [ 73.214712618756252, 33.68052446764603 ], [ 73.214729387206233, 33.680531825824325 ], [ 73.214685118122105, 33.680602341072735 ], [ 73.214668349662745, 33.680594982888195 ] ] ] } },
{ "type": "Feature", "id": 773, "properties": { "FID": 773, "class": "solar_panels", "SolarPV_Area(sqm)": 14.2556283265 }, "geometry": { "type": "Polygon", "coordinates": [ [ [ 73.214691895362606, 33.680606559194253 ], [ 73.214736694886255, 33.680534542949168 ], [ 73.214751845144022, 33.680541130173822 ], [ 73.214707046707403, 33.680613146440237 ], [ 73.214691895362606, 33.680606559194253 ] ] ] } },
{ "type": "Feature", "id": 774, "properties": { "FID": 774, "class": "solar_panels", "SolarPV_Area(sqm)": 6.5004547719400003 }, "geometry": { "type": "Polygon", "coordinates": [ [ [ 73.215093321188903, 33.680758363229522 ], [ 73.215103100868333, 33.680742621667619 ], [ 73.215134725332334, 33.680756354412871 ], [ 73.215124944597179, 33.680772095060284 ], [ 73.215093321188903, 33.680758363229522 ] ] ] } },
{ "type": "Feature", "id": 775, "properties": { "FID": 775, "class": "solar_panels", "SolarPV_Area(sqm)": 16.5709995966 }, "geometry": { "type": "Polygon", "coordinates": [ [ [ 73.215352368494706, 33.680876466205703 ], [ 73.215325442775139, 33.680865852078256 ], [ 73.215353055052503, 33.680816893536992 ], [ 73.215379981839078, 33.680827507673705 ], [ 73.215352368494706, 33.680876466205703 ] ] ] } },
{ "type": "Feature", "id": 776, "properties": { "FID": 776, "class": "solar_panels", "SolarPV_Area(sqm)": 11.176231592900001 }, "geometry": { "type": "Polygon", "coordinates": [ [ [ 73.215866431736913, 33.68116881239407 ], [ 73.215874650292875, 33.681156684157919 ], [ 73.215942485838497, 33.681188812708456 ], [ 73.215934267288603, 33.681200940949253 ], [ 73.215866431736913, 33.68116881239407 ] ] ] } },
{ "type": "Feature", "id": 777, "properties": { "FID": 777, "class": "solar_panels", "SolarPV_Area(sqm)": 3.1384759951099999 }, "geometry": { "type": "Polygon", "coordinates": [ [ [ 73.215921041158495, 33.68117206106443 ], [ 73.215928926793111, 33.681160175101489 ], [ 73.215948562040751, 33.681169278861333 ], [ 73.215940676389238, 33.681181165727097 ], [ 73.215921041158495, 33.68117206106443 ] ] ] } },
{ "type": "Feature", "id": 778, "properties": { "FID": 778, "class": "solar_panels", "SolarPV_Area(sqm)": 3.9473965799099999 }, "geometry": { "type": "Polygon", "coordinates": [ [ [ 73.215897950807047, 33.681158843129992 ], [ 73.215876923290054, 33.681148630820203 ], [ 73.215886407222513, 33.681134982439232 ], [ 73.215907434737446, 33.681145194747351 ], [ 73.215897950807047, 33.681158843129992 ] ] ] } },
{ "type": "Feature", "id": 779, "properties": { "FID": 779, "class": "solar_panels", "SolarPV_Area(sqm)": 15.6280252226 }, "geometry": { "type": "Polygon", "coordinates": [ [ [ 73.216329568147657, 33.681345957853544 ], [ 73.216376974820022, 33.681267470576742 ], [ 73.21639240299119, 33.681273984064184 ], [ 73.216344996347374, 33.681352470445674 ], [ 73.216329568147657, 33.681345957853544 ] ] ] } },
{ "type": "Feature", "id": 780, "properties": { "FID": 780, "class": "solar_panels", "SolarPV_Area(sqm)": 13.6792475958 }, "geometry": { "type": "Polygon", "coordinates": [ [ [ 73.216358515072756, 33.681352991165937 ], [ 73.216399756446748, 33.681278511604013 ], [ 73.216414463787999, 33.681284203991275 ], [ 73.216373223520463, 33.681358682672446 ], [ 73.216358515072756, 33.681352991165937 ] ] ] } },
{ "type": "Feature", "id": 781, "properties": { "FID": 781, "class": "solar_panels", "SolarPV_Area(sqm)": 7.8919074154800004 }, "geometry": { "type": "Polygon", "coordinates": [ [ [ 73.216925176990884, 33.681630580204867 ], [ 73.216880305563592, 33.681609612086618 ], [ 73.216889018353143, 33.681596581030327 ], [ 73.216933889776072, 33.681617549145294 ], [ 73.216925176990884, 33.681630580204867 ] ] ] } },
{ "type": "Feature", "id": 782, "properties": { "FID": 782, "class": "solar_panels", "SolarPV_Area(sqm)": 9.4724112985400009 }, "geometry": { "type": "Polygon", "coordinates": [ [ [ 73.216939541417915, 33.681608014249171 ], [ 73.216892127708419, 33.681586258268325 ], [ 73.216901929231952, 33.681571328469161 ], [ 73.216949342917459, 33.6815930853476 ], [ 73.216939541417915, 33.681608014249171 ] ] ] } },
{ "type": "Feature", "id": 783, "properties": { "FID": 783, "class": "solar_panels", "SolarPV_Area(sqm)": 9.2313168794999996 }, "geometry": { "type": "Polygon", "coordinates": [ [ [ 73.216951309129442, 33.681586668781186 ], [ 73.216905858921237, 33.681565470483584 ], [ 73.216915910188447, 33.681550408120657 ], [ 73.216961360391537, 33.681571606414437 ], [ 73.216951309129442, 33.681586668781186 ] ] ] } },
{ "type": "Feature", "id": 784, "properties": { "FID": 784, "class": "solar_panels", "SolarPV_Area(sqm)": 8.9593390224499991 }, "geometry": { "type": "Polygon", "coordinates": [ [ [ 73.216962571434038, 33.681566657850055 ], [ 73.216922600575629, 33.681547610907565 ], [ 73.216933817419687, 33.681531159507877 ], [ 73.216973788254663, 33.681550207348117 ], [ 73.216962571434038, 33.681566657850055 ] ] ] } },
{ "type": "Feature", "id": 785, "properties": { "FID": 785, "class": "solar_panels", "SolarPV_Area(sqm)": 12.7225409453 }, "geometry": { "type": "Polygon", "coordinates": [ [ [ 73.216500023804969, 33.68097230797089 ], [ 73.216508338685969, 33.680958539860796 ], [ 73.216579940376334, 33.680988763790495 ], [ 73.216571624425072, 33.681002531890044 ], [ 73.216500023804969, 33.68097230797089 ] ] ] } },
{ "type": "Feature", "id": 786, "properties": { "FID": 786, "class": "solar_panels", "SolarPV_Area(sqm)": 12.547651397499999 }, "geometry": { "type": "Polygon", "coordinates": [ [ [ 73.216582939325789, 33.680983839236234 ], [ 73.216510295146563, 33.680952909503176 ], [ 73.216518419909519, 33.6809395723987 ], [ 73.216591064062271, 33.680970503028277 ], [ 73.216582939325789, 33.680983839236234 ] ] ] } },
{ "type": "Feature", "id": 787, "properties": { "FID": 787, "class": "solar_panels", "SolarPV_Area(sqm)": 11.7883664311 }, "geometry": { "type": "Polygon", "coordinates": [ [ [ 73.216589137477285, 33.680965547949043 ], [ 73.216521124851923, 33.680935774420171 ], [ 73.216529410222179, 33.680922546944018 ], [ 73.216597421762074, 33.680952320452562 ], [ 73.216589137477285, 33.680965547949043 ] ] ] } },
{ "type": "Feature", "id": 788, "properties": { "FID": 788, "class": "solar_panels", "SolarPV_Area(sqm)": 7.7419504089700002 }, "geometry": { "type": "Polygon", "coordinates": [ [ [ 73.216582858709486, 33.680937294153274 ], [ 73.216537494811845, 33.680917734584817 ], [ 73.216545580331356, 33.680904625961212 ], [ 73.216590945302499, 33.680924185542125 ], [ 73.216582858709486, 33.680937294153274 ] ] ] } },
{ "type": "Feature", "id": 789, "properties": { "FID": 789, "class": "solar_panels", "SolarPV_Area(sqm)": 11.8640230757 }, "geometry": { "type": "Polygon", "coordinates": [ [ [ 73.216549705755853, 33.680897855516143 ], [ 73.216559130160618, 33.680882225935839 ], [ 73.216617985228254, 33.680907031060109 ], [ 73.21660856083102, 33.680922660645102 ], [ 73.216549705755853, 33.680897855516143 ] ] ] } },
{ "type": "Feature", "id": 790, "properties": { "FID": 790, "class": "solar_panels", "SolarPV_Area(sqm)": 14.615718424900001 }, "geometry": { "type": "Polygon", "coordinates": [ [ [ 73.214337282537528, 33.687370596828416 ], [ 73.214374359550192, 33.687314419695632 ], [ 73.214393755481098, 33.687323365153723 ], [ 73.214356679536436, 33.68737954320963 ], [ 73.214337282537528, 33.687370596828416 ] ] ] } },
{ "type": "Feature", "id": 791, "properties": { "FID": 791, "class": "solar_panels", "SolarPV_Area(sqm)": 4.0367844612799999 }, "geometry": { "type": "Polygon", "coordinates": [ [ [ 73.214383942445764, 33.68734531572067 ], [ 73.214389215204861, 33.687337703464536 ], [ 73.21442783406475, 33.687356397151362 ], [ 73.214422561289112, 33.687364010310681 ], [ 73.214383942445764, 33.68734531572067 ] ] ] } },
{ "type": "Feature", "id": 792, "properties": { "FID": 792, "class": "solar_panels", "SolarPV_Area(sqm)": 10.106747307899999 }, "geometry": { "type": "Polygon", "coordinates": [ [ [ 73.214408227736143, 33.687389226667463 ], [ 73.214438944660685, 33.687346448029977 ], [ 73.214455833667046, 33.687354923491434 ], [ 73.21442511782584, 33.687397702148807 ], [ 73.214408227736143, 33.687389226667463 ] ] ] } },
{ "type": "Feature", "id": 793, "properties": { "FID": 793, "class": "solar_panels", "SolarPV_Area(sqm)": 7.7336265814100003 }, "geometry": { "type": "Polygon", "coordinates": [ [ [ 73.215012343934291, 33.687620806154555 ], [ 73.214995092148371, 33.687615680102738 ], [ 73.215011550185977, 33.687576975067756 ], [ 73.215028800886941, 33.687582101101498 ], [ 73.215012343934291, 33.687620806154555 ] ] ] } },
{ "type": "Feature", "id": 794, "properties": { "FID": 794, "class": "solar_panels", "SolarPV_Area(sqm)": 8.0315661588899996 }, "geometry": { "type": "Polygon", "coordinates": [ [ [ 73.2149854974666, 33.687607722226517 ], [ 73.214967895217768, 33.68760128624826 ], [ 73.214987383446186, 33.687564039878097 ], [ 73.215004985689134, 33.687570475853398 ], [ 73.2149854974666, 33.687607722226517 ] ] ] } },
{ "type": "Feature", "id": 795, "properties": { "FID": 795, "class": "solar_panels", "SolarPV_Area(sqm)": 10.6430080021 }, "geometry": { "type": "Polygon", "coordinates": [ [ [ 73.215610779699389, 33.687862035267742 ], [ 73.215636602297778, 33.687807449114658 ], [ 73.215652999122099, 33.687812869329399 ], [ 73.215627176532124, 33.68786745548617 ], [ 73.215610779699389, 33.687862035267742 ] ] ] } },
{ "type": "Feature", "id": 796, "properties": { "FID": 796, "class": "solar_panels", "SolarPV_Area(sqm)": 5.8058227226700003 }, "geometry": { "type": "Polygon", "coordinates": [ [ [ 73.215631620979082, 33.687876531957741 ], [ 73.215646964525561, 33.687846173734442 ], [ 73.215662745468407, 33.687851747369926 ], [ 73.215647401926304, 33.687882105595293 ], [ 73.215631620979082, 33.687876531957741 ] ] ] } },
{ "type": "Feature", "id": 797, "properties": { "FID": 797, "class": "solar_panels", "SolarPV_Area(sqm)": 4.7547493770999996 }, "geometry": { "type": "Polygon", "coordinates": [ [ [ 73.21565631195827, 33.687883736645617 ], [ 73.215668639743868, 33.687854299749226 ], [ 73.215682632514515, 33.687858394803904 ], [ 73.215670304732967, 33.687887831701815 ], [ 73.21565631195827, 33.687883736645617 ] ] ] } },
{ "type": "Feature", "id": 798, "properties": { "FID": 798, "class": "solar_panels", "SolarPV_Area(sqm)": 2.3380958993499998 }, "geometry": { "type": "Polygon", "coordinates": [ [ [ 73.215664703339399, 33.687838597210671 ], [ 73.215650881630978, 33.687833271907877 ], [ 73.215658362604657, 33.687819703753199 ], [ 73.215672184311458, 33.687825029055105 ], [ 73.215664703339399, 33.687838597210671 ] ] ] } },
{ "type": "Feature", "id": 799, "properties": { "FID": 799, "class": "solar_panels", "SolarPV_Area(sqm)": 2.3893345293400001 }, "geometry": { "type": "Polygon", "coordinates": [ [ [ 73.215671530651562, 33.687842561709786 ], [ 73.215678903153417, 33.687828918042001 ], [ 73.215693047064462, 33.687834259718748 ], [ 73.215685674564313, 33.687847903387429 ], [ 73.215671530651562, 33.687842561709786 ] ] ] } },
{ "type": "Feature", "id": 800, "properties": { "FID": 800, "class": "solar_panels", "SolarPV_Area(sqm)": 11.4043225968 }, "geometry": { "type": "Polygon", "coordinates": [ [ [ 73.21571008978033, 33.687882488075964 ], [ 73.215719190697115, 33.687867838650689 ], [ 73.215778814291241, 33.687893722124691 ], [ 73.215769714441223, 33.687908372471611 ], [ 73.21571008978033, 33.687882488075964 ] ] ] } },
{ "type": "Feature", "id": 801, "properties": { "FID": 801, "class": "solar_panels", "SolarPV_Area(sqm)": 8.2953949096000006 }, "geometry": { "type": "Polygon", "coordinates": [ [ [ 73.215726540263802, 33.687841004485257 ], [ 73.215733912346678, 33.687830303277622 ], [ 73.215790522788026, 33.687857555392014 ], [ 73.215783150709541, 33.687868256603153 ], [ 73.215726540263802, 33.687841004485257 ] ] ] } },
{ "type": "Feature", "id": 802, "properties": { "FID": 802, "class": "solar_panels", "SolarPV_Area(sqm)": 5.87001858044 }, "geometry": { "type": "Polygon", "coordinates": [ [ [ 73.215860978140512, 33.687929358211164 ], [ 73.215873744142414, 33.687899540763986 ], [ 73.21589066225296, 33.687904741231094 ], [ 73.215877896255961, 33.687934558680134 ], [ 73.215860978140512, 33.687929358211164 ] ] ] } },
{ "type": "Feature", "id": 803, "properties": { "FID": 803, "class": "solar_panels", "SolarPV_Area(sqm)": 6.0942929430700001 }, "geometry": { "type": "Polygon", "coordinates": [ [ [ 73.215881497691242, 33.687936824536877 ], [ 73.215895953763635, 33.687906447151278 ], [ 73.215912797784384, 33.687912048733935 ], [ 73.215898341716795, 33.687942426121644 ], [ 73.215881497691242, 33.687936824536877 ] ] ] } },
{ "type": "Feature", "id": 804, "properties": { "FID": 804, "class": "solar_panels", "SolarPV_Area(sqm)": 4.9284587139799996 }, "geometry": { "type": "Polygon", "coordinates": [ [ [ 73.215903470297079, 33.687945439055831 ], [ 73.215916929956919, 33.687920160302482 ], [ 73.215932755114935, 33.687926049259623 ], [ 73.215919294398859, 33.687951327097707 ], [ 73.215903470297079, 33.687945439055831 ] ] ] } },
{ "type": "Feature", "id": 805, "properties": { "FID": 805, "class": "solar_panels", "SolarPV_Area(sqm)": 4.9530788649400002 }, "geometry": { "type": "Polygon", "coordinates": [ [ [ 73.215922552813026, 33.687955680101403 ], [ 73.215936619628508, 33.687930043996957 ], [ 73.215952142497841, 33.687935997120206 ], [ 73.215938075704472, 33.68796163232502 ], [ 73.215922552813026, 33.687955680101403 ] ] ] } },
{ "type": "Feature", "id": 806, "properties": { "FID": 806, "class": "solar_panels", "SolarPV_Area(sqm)": 3.0782271305600002 }, "geometry": { "type": "Polygon", "coordinates": [ [ [ 73.215947625987965, 33.687967308014251 ], [ 73.215955925905988, 33.687950649586057 ], [ 73.215971239409157, 33.687955981070232 ], [ 73.21596293949348, 33.687972639499506 ], [ 73.215947625987965, 33.687967308014251 ] ] ] } },
{ "type": "Feature", "id": 807, "properties": { "FID": 807, "class": "solar_panels", "SolarPV_Area(sqm)": 15.352107138 }, "geometry": { "type": "Polygon", "coordinates": [ [ [ 73.215901721344196, 33.688023120064756 ], [ 73.215917317726621, 33.687994617690833 ], [ 73.215935391319945, 33.688002421111733 ], [ 73.215941387931437, 33.68799271541733 ], [ 73.215959988617783, 33.68800074738045 ], [ 73.215936804673333, 33.688038268775536 ], [ 73.215901721344196, 33.688023120064756 ] ] ] } },
{ "type": "Feature", "id": 808, "properties": { "FID": 808, "class": "solar_panels", "SolarPV_Area(sqm)": 18.7729934523 }, "geometry": { "type": "Polygon", "coordinates": [ [ [ 73.21676034088209, 33.688293248847877 ], [ 73.216766056255395, 33.688279608244336 ], [ 73.216885266720041, 33.688314517786843 ], [ 73.216879550284347, 33.688328158380813 ], [ 73.21676034088209, 33.688293248847877 ] ] ] } },
{ "type": "Feature", "id": 809, "properties": { "FID": 809, "class": "solar_panels", "SolarPV_Area(sqm)": 6.17126774852 }, "geometry": { "type": "Polygon", "coordinates": [ [ [ 73.216767367671409, 33.68827424542242 ], [ 73.216773453797032, 33.688258793107394 ], [ 73.216808493589994, 33.688268437453637 ], [ 73.2168024074698, 33.688283889770538 ], [ 73.216767367671409, 33.68827424542242 ] ] ] } },
{ "type": "Feature", "id": 810, "properties": { "FID": 810, "class": "solar_panels", "SolarPV_Area(sqm)": 2.77575554023 }, "geometry": { "type": "Polygon", "coordinates": [ [ [ 73.216820848447924, 33.688288745977829 ], [ 73.216827648317476, 33.688274721543124 ], [ 73.216844179642479, 33.688280322995695 ], [ 73.216837380853491, 33.688294347446941 ], [ 73.216820848447924, 33.688288745977829 ] ] ] } },
{ "type": "Feature", "id": 811, "properties": { "FID": 811, "class": "solar_panels", "SolarPV_Area(sqm)": 3.9397856226000001 }, "geometry": { "type": "Polygon", "coordinates": [ [ [ 73.21685740938959, 33.688299846982474 ], [ 73.216863637454779, 33.688285773712003 ], [ 73.216887584496135, 33.688293179333776 ], [ 73.216881356434186, 33.688307252605554 ], [ 73.21685740938959, 33.688299846982474 ] ] ] } },
{ "type": "Feature", "id": 812, "properties": { "FID": 812, "class": "solar_panels", "SolarPV_Area(sqm)": 19.1520572875 }, "geometry": { "type": "Polygon", "coordinates": [ [ [ 73.216772429907834, 33.688254571577311 ], [ 73.216778823860864, 33.688239726988726 ], [ 73.216889890143634, 33.688273159090869 ], [ 73.216883496206677, 33.688288003685678 ], [ 73.216772429907834, 33.688254571577311 ] ] ] } },
{ "type": "Feature", "id": 813, "properties": { "FID": 813, "class": "solar_panels", "SolarPV_Area(sqm)": 32.653649596699999 }, "geometry": { "type": "Polygon", "coordinates": [ [ [ 73.217199776797415, 33.68850712384544 ], [ 73.217218048465426, 33.688429610926988 ], [ 73.217257484519124, 33.68843610739853 ], [ 73.217239212884593, 33.688513620323846 ], [ 73.217199776797415, 33.68850712384544 ] ] ] } },
{ "type": "Feature", "id": 814, "properties": { "FID": 814, "class": "solar_panels", "SolarPV_Area(sqm)": 10.214299052299999 }, "geometry": { "type": "Polygon", "coordinates": [ [ [ 73.217210102783056, 33.688400555798559 ], [ 73.217215365214486, 33.688379593490851 ], [ 73.217260752551041, 33.688387556459247 ], [ 73.217255489051553, 33.688408518753633 ], [ 73.217210102783056, 33.688400555798559 ] ] ] } },
{ "type": "Feature", "id": 815, "properties": { "FID": 815, "class": "solar_panels", "SolarPV_Area(sqm)": 13.6797266573 }, "geometry": { "type": "Polygon", "coordinates": [ [ [ 73.217242322669989, 33.688358708026549 ], [ 73.217246879962389, 33.688340914274235 ], [ 73.217318366761376, 33.688353708623943 ], [ 73.217313809482803, 33.688371502379319 ], [ 73.217242322669989, 33.688358708026549 ] ] ] } },
{ "type": "Feature", "id": 816, "properties": { "FID": 816, "class": "solar_panels", "SolarPV_Area(sqm)": 6.2418032605500002 }, "geometry": { "type": "Polygon", "coordinates": [ [ [ 73.21717021994327, 33.688417312176206 ], [ 73.217175428075194, 33.688402896827128 ], [ 73.217214016053362, 33.688412640063362 ], [ 73.217208807927165, 33.688427055414216 ], [ 73.21717021994327, 33.688417312176206 ] ] ] } },
{ "type": "Feature", "id": 817, "properties": { "FID": 817, "class": "solar_panels", "SolarPV_Area(sqm)": 4.9985068643200004 }, "geometry": { "type": "Polygon", "coordinates": [ [ [ 73.218146911896866, 33.688571503394144 ], [ 73.218150524097524, 33.688549526195189 ], [ 73.218172232936539, 33.688552019815326 ], [ 73.218168619662833, 33.688573996999537 ], [ 73.218146911896866, 33.688571503394144 ] ] ] } },
{ "type": "Feature", "id": 818, "properties": { "FID": 818, "class": "solar_panels", "SolarPV_Area(sqm)": 3.4406407699799999 }, "geometry": { "type": "Polygon", "coordinates": [ [ [ 73.218176948269416, 33.688571557015585 ], [ 73.218178638383776, 33.688555369399424 ], [ 73.218199152076011, 33.688556865552947 ], [ 73.218197461965431, 33.68857305316952 ], [ 73.218176948269416, 33.688571557015585 ] ] ] } },
{ "type": "Feature", "id": 819, "properties": { "FID": 819, "class": "solar_panels", "SolarPV_Area(sqm)": 4.7794476291399999 }, "geometry": { "type": "Polygon", "coordinates": [ [ [ 73.218189731576558, 33.688543428580992 ], [ 73.218168100524409, 33.68854260165255 ], [ 73.218169273440907, 33.688521159184731 ], [ 73.218190904487741, 33.688521986112796 ], [ 73.218189731576558, 33.688543428580992 ] ] ] } },
{ "type": "Feature", "id": 820, "properties": { "FID": 820, "class": "solar_panels", "SolarPV_Area(sqm)": 3.02603838932 }, "geometry": { "type": "Polygon", "coordinates": [ [ [ 73.218196987359264, 33.688543210408518 ], [ 73.218197367230061, 33.68852809954128 ], [ 73.218216823298732, 33.688528833771741 ], [ 73.218216443431345, 33.688543944639171 ], [ 73.218196987359264, 33.688543210408518 ] ] ] } },
{ "type": "Feature", "id": 821, "properties": { "FID": 821, "class": "solar_panels", "SolarPV_Area(sqm)": 30.519699051900002 }, "geometry": { "type": "Polygon", "coordinates": [ [ [ 73.2182297465136, 33.688618674912767 ], [ 73.218233604337797, 33.688547900243847 ], [ 73.218275453442629, 33.688549494917204 ], [ 73.218271595671155, 33.688620268687025 ], [ 73.2182297465136, 33.688618674912767 ] ] ] } },
{ "type": "Feature", "id": 822, "properties": { "FID": 822, "class": "solar_panels", "SolarPV_Area(sqm)": 19.401038830499999 }, "geometry": { "type": "Polygon", "coordinates": [ [ [ 73.218169422408934, 33.688664764370451 ], [ 73.218174745683086, 33.688627570160484 ], [ 73.218224061865413, 33.688637421844042 ], [ 73.218218738611611, 33.688674616056737 ], [ 73.218169422408934, 33.688664764370451 ] ] ] } },
{ "type": "Feature", "id": 823, "properties": { "FID": 823, "class": "solar_panels", "SolarPV_Area(sqm)": 12.024033211700001 }, "geometry": { "type": "Polygon", "coordinates": [ [ [ 73.218315117289265, 33.688673374850758 ], [ 73.218329090875557, 33.688612297615208 ], [ 73.218347560514246, 33.68861525037682 ], [ 73.218333585843325, 33.688676328500804 ], [ 73.218315117289265, 33.688673374850758 ] ] ] } },
{ "type": "Feature", "id": 824, "properties": { "FID": 824, "class": "solar_panels", "SolarPV_Area(sqm)": 11.4379665914 }, "geometry": { "type": "Polygon", "coordinates": [ [ [ 73.218339985487845, 33.688678339768465 ], [ 73.21835449294862, 33.688619827645716 ], [ 73.218372719961394, 33.688622985212739 ], [ 73.218358212493641, 33.688681498239482 ], [ 73.218339985487845, 33.688678339768465 ] ] ] } },
{ "type": "Feature", "id": 825, "properties": { "FID": 825, "class": "solar_panels", "SolarPV_Area(sqm)": 10.712616989800001 }, "geometry": { "type": "Polygon", "coordinates": [ [ [ 73.218365408149609, 33.688683043951237 ], [ 73.218378724284577, 33.688626536407995 ], [ 73.218396471797291, 33.688629458908274 ], [ 73.218383155673337, 33.688685966453747 ], [ 73.218365408149609, 33.688683043951237 ] ] ] } },
{ "type": "Feature", "id": 826, "properties": { "FID": 826, "class": "solar_panels", "SolarPV_Area(sqm)": 11.1340117806 }, "geometry": { "type": "Polygon", "coordinates": [ [ [ 73.218389646166031, 33.688688071009565 ], [ 73.218403681291491, 33.688633051832063 ], [ 73.218422505081051, 33.688636407370382 ], [ 73.218408469966846, 33.688691426550363 ], [ 73.218389646166031, 33.688688071009565 ] ] ] } },
{ "type": "Feature", "id": 827, "properties": { "FID": 827, "class": "solar_panels", "SolarPV_Area(sqm)": 6.9679760396799999 }, "geometry": { "type": "Polygon", "coordinates": [ [ [ 73.218443351145964, 33.688730778720718 ], [ 73.218453729112724, 33.688695526764313 ], [ 73.218471853743935, 33.688699255463497 ], [ 73.218461475783982, 33.688734507421614 ], [ 73.218443351145964, 33.688730778720718 ] ] ] } },
{ "type": "Feature", "id": 828, "properties": { "FID": 828, "class": "solar_panels", "SolarPV_Area(sqm)": 6.02641984067 }, "geometry": { "type": "Polygon", "coordinates": [ [ [ 73.218469230813184, 33.688737331786847 ], [ 73.218478826481899, 33.688703971277462 ], [ 73.218495433840516, 33.688707309267478 ], [ 73.218485838177727, 33.688740669778333 ], [ 73.218469230813184, 33.688737331786847 ] ] ] } },
{ "type": "Feature", "id": 829, "properties": { "FID": 829, "class": "solar_panels", "SolarPV_Area(sqm)": 6.3620825103299996 }, "geometry": { "type": "Polygon", "coordinates": [ [ [ 73.218494245222416, 33.688743681193863 ], [ 73.218501995050573, 33.688710691741697 ], [ 73.21852005346733, 33.688713656582678 ], [ 73.218512303664298, 33.688746645134685 ], [ 73.218494245222416, 33.688743681193863 ] ] ] } },
{ "type": "Feature", "id": 830, "properties": { "FID": 830, "class": "solar_panels", "SolarPV_Area(sqm)": 5.7915948350499997 }, "geometry": { "type": "Polygon", "coordinates": [ [ [ 73.218519034168892, 33.688748776591218 ], [ 73.21852599172901, 33.688718109488612 ], [ 73.218543720004988, 33.688720919871358 ], [ 73.218536761353846, 33.688751587861105 ], [ 73.218519034168892, 33.688748776591218 ] ] ] } },
{ "type": "Feature", "id": 831, "properties": { "FID": 831, "class": "solar_panels", "SolarPV_Area(sqm)": 5.1150127304100002 }, "geometry": { "type": "Polygon", "coordinates": [ [ [ 73.218541929317155, 33.688754058391083 ], [ 73.218549265737664, 33.688725732331577 ], [ 73.21856604005788, 33.688728768824028 ], [ 73.218558703642515, 33.688757094884707 ], [ 73.218541929317155, 33.688754058391083 ] ] ] } },
{ "type": "Feature", "id": 832, "properties": { "FID": 832, "class": "solar_panels", "SolarPV_Area(sqm)": 10.5922643806 }, "geometry": { "type": "Polygon", "coordinates": [ [ [ 73.219062935141395, 33.688927241307361 ], [ 73.219071760895773, 33.688913254068666 ], [ 73.219129373498234, 33.688938657877053 ], [ 73.219120546653201, 33.688952646005966 ], [ 73.219062935141395, 33.688927241307361 ] ] ] } },
{ "type": "Feature", "id": 833, "properties": { "FID": 833, "class": "solar_panels", "SolarPV_Area(sqm)": 3.0821235797700002 }, "geometry": { "type": "Polygon", "coordinates": [ [ [ 73.219072246478149, 33.688908384304412 ], [ 73.219081889198819, 33.688892967817033 ], [ 73.219097157031825, 33.688899641896008 ], [ 73.219087514313003, 33.688915058384623 ], [ 73.219072246478149, 33.688908384304412 ] ] ] } },
{ "type": "Feature", "id": 834, "properties": { "FID": 834, "class": "solar_panels", "SolarPV_Area(sqm)": 11.0207185135 }, "geometry": { "type": "Polygon", "coordinates": [ [ [ 73.219083997514332, 33.688890070170316 ], [ 73.219093050548238, 33.688876046528833 ], [ 73.219152237194848, 33.688902749022418 ], [ 73.219143184167336, 33.688916772668406 ], [ 73.219083997514332, 33.688890070170316 ] ] ] } },
{ "type": "Feature", "id": 835, "properties": { "FID": 835, "class": "solar_panels", "SolarPV_Area(sqm)": 2.46154646421 }, "geometry": { "type": "Polygon", "coordinates": [ [ [ 73.219134551358124, 33.688887944010595 ], [ 73.219143946669504, 33.688874218374643 ], [ 73.219157085533922, 33.688880503751086 ], [ 73.219147690242465, 33.688894228486589 ], [ 73.219134551358124, 33.688887944010595 ] ] ] } },
{ "type": "Feature", "id": 836, "properties": { "FID": 836, "class": "solar_panels", "SolarPV_Area(sqm)": 7.9055817045800003 }, "geometry": { "type": "Polygon", "coordinates": [ [ [ 73.219159325344066, 33.688876827067048 ], [ 73.219168272719202, 33.688862277067109 ], [ 73.219210067002265, 33.688880237738545 ], [ 73.219201119632046, 33.688894787741638 ], [ 73.219159325344066, 33.688876827067048 ] ] ] } },
{ "type": "Feature", "id": 837, "properties": { "FID": 837, "class": "solar_panels", "SolarPV_Area(sqm)": 3.4426454929200001 }, "geometry": { "type": "Polygon", "coordinates": [ [ [ 73.219169544966533, 33.688915905558751 ], [ 73.219178625583453, 33.688901694740601 ], [ 73.219196955022596, 33.688909879221072 ], [ 73.219187873329247, 33.688924090025075 ], [ 73.219169544966533, 33.688915905558751 ] ] ] } },
{ "type": "Feature", "id": 838, "properties": { "FID": 838, "class": "solar_panels", "SolarPV_Area(sqm)": 6.0903747486600004 }, "geometry": { "type": "Polygon", "coordinates": [ [ [ 73.219230085781291, 33.688987981995929 ], [ 73.219236166500536, 33.688978002310371 ], [ 73.219283291809106, 33.688998064281236 ], [ 73.219277212172102, 33.689008043984764 ], [ 73.219230085781291, 33.688987981995929 ] ] ] } },
{ "type": "Feature", "id": 839, "properties": { "FID": 839, "class": "solar_panels", "SolarPV_Area(sqm)": 2.6033257647300001 }, "geometry": { "type": "Polygon", "coordinates": [ [ [ 73.219236278506841, 33.688974246254816 ], [ 73.21924633845299, 33.688957062891809 ], [ 73.219258225127305, 33.688961926152288 ], [ 73.219248164104442, 33.688979109500778 ], [ 73.219236278506841, 33.688974246254816 ] ] ] } },
{ "type": "Feature", "id": 840, "properties": { "FID": 840, "class": "solar_panels", "SolarPV_Area(sqm)": 2.4056255005599998 }, "geometry": { "type": "Polygon", "coordinates": [ [ [ 73.219268015446332, 33.688987095879192 ], [ 73.219277134361263, 33.6889721263166 ], [ 73.219289544203292, 33.6889774092243 ], [ 73.219280425289867, 33.688992378787844 ], [ 73.219268015446332, 33.688987095879192 ] ] ] } },
{ "type": "Feature", "id": 841, "properties": { "FID": 841, "class": "solar_panels", "SolarPV_Area(sqm)": 2.1941992 }, "geometry": { "type": "Polygon", "coordinates": [ [ [ 73.219245704292135, 33.688951304072368 ], [ 73.219254584222796, 33.688936728746171 ], [ 73.219266209172417, 33.688941676606198 ], [ 73.219257329224533, 33.68895625283475 ], [ 73.219245704292135, 33.688951304072368 ] ] ] } },
{ "type": "Feature", "id": 842, "properties": { "FID": 842, "class": "solar_panels", "SolarPV_Area(sqm)": 2.1059259503300001 }, "geometry": { "type": "Polygon", "coordinates": [ [ [ 73.219278767083225, 33.688965875346724 ], [ 73.219288102196671, 33.68895151128136 ], [ 73.219299111203156, 33.68895651067762 ], [ 73.219289775012498, 33.688970874728277 ], [ 73.219278767083225, 33.688965875346724 ] ] ] } },
{ "type": "Feature", "id": 843, "properties": { "FID": 843, "class": "solar_panels", "SolarPV_Area(sqm)": 2.2861253402 }, "geometry": { "type": "Polygon", "coordinates": [ [ [ 73.219253839482334, 33.688931780826273 ], [ 73.219263409839414, 33.688917726755363 ], [ 73.219275357213775, 33.688923412400484 ], [ 73.219265786857918, 33.688937466472368 ], [ 73.219253839482334, 33.688931780826273 ] ] ] } },
{ "type": "Feature", "id": 844, "properties": { "FID": 844, "class": "solar_panels", "SolarPV_Area(sqm)": 1.6237622900099999 }, "geometry": { "type": "Polygon", "coordinates": [ [ [ 73.219288937617449, 33.688947880178851 ], [ 73.21929783467921, 33.688934461163875 ], [ 73.219306837039767, 33.68893863266532 ], [ 73.219297939997503, 33.688952050779477 ], [ 73.219288937617449, 33.688947880178851 ] ] ] } },
{ "type": "Feature", "id": 845, "properties": { "FID": 845, "class": "solar_panels", "SolarPV_Area(sqm)": 6.1378500378699998 }, "geometry": { "type": "Polygon", "coordinates": [ [ [ 73.219269040590675, 33.68891559679043 ], [ 73.21927691922383, 33.688903803412742 ], [ 73.219315500018396, 33.688921814213487 ], [ 73.219307621388637, 33.688933607593718 ], [ 73.219269040590675, 33.68891559679043 ] ] ] } },
{ "type": "Feature", "id": 846, "properties": { "FID": 846, "class": "solar_panels", "SolarPV_Area(sqm)": 9.2898722191900003 }, "geometry": { "type": "Polygon", "coordinates": [ [ [ 73.219433092352602, 33.689043893627733 ], [ 73.219386602504585, 33.689025132206041 ], [ 73.21939570318429, 33.689009372422206 ], [ 73.219442194104545, 33.689028133855842 ], [ 73.219433092352602, 33.689043893627733 ] ] ] } },
{ "type": "Feature", "id": 847, "properties": { "FID": 847, "class": "solar_panels", "SolarPV_Area(sqm)": 8.9731275825499992 }, "geometry": { "type": "Polygon", "coordinates": [ [ [ 73.219395864644127, 33.689005048964972 ], [ 73.219404843082799, 33.688990508413134 ], [ 73.219452231221581, 33.689010957360615 ], [ 73.219443251728606, 33.689025496999001 ], [ 73.219395864644127, 33.689005048964972 ] ] ] } },
{ "type": "Feature", "id": 848, "properties": { "FID": 848, "class": "solar_panels", "SolarPV_Area(sqm)": 3.3113540208000001 }, "geometry": { "type": "Polygon", "coordinates": [ [ [ 73.219406869042686, 33.688986477853888 ], [ 73.219416411925209, 33.688970146408735 ], [ 73.219432331706798, 33.688976646785427 ], [ 73.219422788826449, 33.688992978231866 ], [ 73.219406869042686, 33.688986477853888 ] ] ] } },
{ "type": "Feature", "id": 849, "properties": { "FID": 849, "class": "solar_panels", "SolarPV_Area(sqm)": 2.6276076798900001 }, "geometry": { "type": "Polygon", "coordinates": [ [ [ 73.219439017150606, 33.689000680604167 ], [ 73.219448665767686, 33.688985446329625 ], [ 73.219461766184821, 33.688991244164924 ], [ 73.219452118629135, 33.689006479357573 ], [ 73.219439017150606, 33.689000680604167 ] ] ] } },
{ "type": "Feature", "id": 850, "properties": { "FID": 850, "class": "solar_panels", "SolarPV_Area(sqm)": 8.4106785987299997 }, "geometry": { "type": "Polygon", "coordinates": [ [ [ 73.219417897998497, 33.688967866516066 ], [ 73.219426893756847, 33.688954002538644 ], [ 73.219472506926422, 33.688974628790767 ], [ 73.219463511172933, 33.688988492771642 ], [ 73.219417897998497, 33.688967866516066 ] ] ] } },
{ "type": "Feature", "id": 851, "properties": { "FID": 851, "class": "solar_panels", "SolarPV_Area(sqm)": 11.524043818599999 }, "geometry": { "type": "Polygon", "coordinates": [ [ [ 73.219795377280391, 33.689226482359025 ], [ 73.219806587571114, 33.689210008086242 ], [ 73.219857983169305, 33.689234447248438 ], [ 73.219846772866191, 33.689250922427554 ], [ 73.219795377280391, 33.689226482359025 ] ] ] } },
{ "type": "Feature", "id": 852, "properties": { "FID": 852, "class": "solar_panels", "SolarPV_Area(sqm)": 13.624650583099999 }, "geometry": { "type": "Polygon", "coordinates": [ [ [ 73.219881310939257, 33.689235448028924 ], [ 73.219811687770289, 33.68920216766481 ], [ 73.219821498075632, 33.689187826638531 ], [ 73.219891121255927, 33.68922110609541 ], [ 73.219881310939257, 33.689235448028924 ] ] ] } },
{ "type": "Feature", "id": 853, "properties": { "FID": 853, "class": "solar_panels", "SolarPV_Area(sqm)": 11.9765905446 }, "geometry": { "type": "Polygon", "coordinates": [ [ [ 73.219812034664912, 33.689179331762205 ], [ 73.219820898019975, 33.689166759885843 ], [ 73.21988965881576, 33.68920063651089 ], [ 73.219880795466793, 33.689213208392339 ], [ 73.219812034664912, 33.689179331762205 ] ] ] } },
{ "type": "Feature", "id": 854, "properties": { "FID": 854, "class": "solar_panels", "SolarPV_Area(sqm)": 10.4380479533 }, "geometry": { "type": "Polygon", "coordinates": [ [ [ 73.2198860098311, 33.689194286874269 ], [ 73.21982148147876, 33.689163314519789 ], [ 73.219829607858401, 33.689151484097046 ], [ 73.219894136205212, 33.689182456447156 ], [ 73.2198860098311, 33.689194286874269 ] ] ] } },
{ "type": "Feature", "id": 855, "properties": { "FID": 855, "class": "solar_panels", "SolarPV_Area(sqm)": 48.663690521 }, "geometry": { "type": "Polygon", "coordinates": [ [ [ 73.22008229600911, 33.689428994407955 ], [ 73.220121288827542, 33.68935432349241 ], [ 73.220173428684916, 33.689375845206499 ], [ 73.220134436997284, 33.689450515253434 ], [ 73.22008229600911, 33.689428994407955 ] ] ] } },
{ "type": "Feature", "id": 856, "properties": { "FID": 856, "class": "solar_panels", "SolarPV_Area(sqm)": 11.435191458 }, "geometry": { "type": "Polygon", "coordinates": [ [ [ 73.220456226964473, 33.689598760877445 ], [ 73.220464811700481, 33.689585835054494 ], [ 73.220530574329885, 33.68961635413789 ], [ 73.22052198958167, 33.689629280867095 ], [ 73.220456226964473, 33.689598760877445 ] ] ] } },
{ "type": "Feature", "id": 857, "properties": { "FID": 857, "class": "solar_panels", "SolarPV_Area(sqm)": 10.7304658338 }, "geometry": { "type": "Polygon", "coordinates": [ [ [ 73.220464421750975, 33.689581412572849 ], [ 73.220472591851248, 33.689569081353973 ], [ 73.220537349367362, 33.689599062927833 ], [ 73.220529178176093, 33.689611395037119 ], [ 73.220464421750975, 33.689581412572849 ] ] ] } },
{ "type": "Feature", "id": 858, "properties": { "FID": 858, "class": "solar_panels", "SolarPV_Area(sqm)": 11.225669617099999 }, "geometry": { "type": "Polygon", "coordinates": [ [ [ 73.220473709794902, 33.689565191898296 ], [ 73.220482420294843, 33.689552549237618 ], [ 73.220547260166313, 33.689583768317732 ], [ 73.220538548593879, 33.689596410967617 ], [ 73.220473709794902, 33.689565191898296 ] ] ] } },
{ "type": "Feature", "id": 859, "properties": { "FID": 859, "class": "solar_panels", "SolarPV_Area(sqm)": 9.0638266061199992 }, "geometry": { "type": "Polygon", "coordinates": [ [ [ 73.220488101755464, 33.689551309092096 ], [ 73.220496903023871, 33.689538449509826 ], [ 73.220548545000227, 33.68956314894379 ], [ 73.220539743755211, 33.689576007628347 ], [ 73.220488101755464, 33.689551309092096 ] ] ] } },
{ "type": "Feature", "id": 860, "properties": { "FID": 860, "class": "solar_panels", "SolarPV_Area(sqm)": 3.8788425287499999 }, "geometry": { "type": "Polygon", "coordinates": [ [ [ 73.220549172270083, 33.689608231094169 ], [ 73.220554003050452, 33.689601055873091 ], [ 73.220593929824474, 33.689619842256455 ], [ 73.22058909906481, 33.689627016577631 ], [ 73.220549172270083, 33.689608231094169 ] ] ] } },
{ "type": "Feature", "id": 861, "properties": { "FID": 861, "class": "solar_panels", "SolarPV_Area(sqm)": 4.0204742295400004 }, "geometry": { "type": "Polygon", "coordinates": [ [ [ 73.22055696993057, 33.68959591253973 ], [ 73.220562178545521, 33.689588200798113 ], [ 73.220600623376072, 33.689606346315919 ], [ 73.220595414763309, 33.68961405805922 ], [ 73.22055696993057, 33.68959591253973 ] ] ] } },
{ "type": "Feature", "id": 862, "properties": { "FID": 862, "class": "solar_panels", "SolarPV_Area(sqm)": 3.3082932391900002 }, "geometry": { "type": "Polygon", "coordinates": [ [ [ 73.220579738791571, 33.689554380423026 ], [ 73.220584626206048, 33.689547545081538 ], [ 73.220619304686608, 33.689564873441448 ], [ 73.220614417273765, 33.689571708784356 ], [ 73.220579738791571, 33.689554380423026 ] ] ] } },
{ "type": "Feature", "id": 863, "properties": { "FID": 863, "class": "solar_panels", "SolarPV_Area(sqm)": 1.97226792019 }, "geometry": { "type": "Polygon", "coordinates": [ [ [ 73.220583895973675, 33.689534877334069 ], [ 73.220588035114304, 33.689528965445881 ], [ 73.220612201391162, 33.689540787672499 ], [ 73.220608062251557, 33.689546699561525 ], [ 73.220583895973675, 33.689534877334069 ] ] ] } },
{ "type": "Feature", "id": 864, "properties": { "FID": 864, "class": "solar_panels", "SolarPV_Area(sqm)": 1.1386846645 }, "geometry": { "type": "Polygon", "coordinates": [ [ [ 73.220597766480552, 33.689518344820023 ], [ 73.220602132355708, 33.689512946598668 ], [ 73.220616211057717, 33.689520904616138 ], [ 73.220611844123155, 33.689526301920957 ], [ 73.220597766480552, 33.689518344820023 ] ] ] } },
{ "type": "Feature", "id": 865, "properties": { "FID": 865, "class": "solar_panels", "SolarPV_Area(sqm)": 3.7045950911699999 }, "geometry": { "type": "Polygon", "coordinates": [ [ [ 73.220613509019145, 33.68954695386757 ], [ 73.220625754608591, 33.689525622175168 ], [ 73.220639482555526, 33.689531128638386 ], [ 73.220627236968568, 33.689552460332216 ], [ 73.220613509019145, 33.68954695386757 ] ] ] } },
{ "type": "Feature", "id": 866, "properties": { "FID": 866, "class": "solar_panels", "SolarPV_Area(sqm)": 11.621924400299999 }, "geometry": { "type": "Polygon", "coordinates": [ [ [ 73.220787211884812, 33.689766284478182 ], [ 73.220766742512538, 33.689759638483537 ], [ 73.220789033585106, 33.689711661717894 ], [ 73.220809504026491, 33.689718307724114 ], [ 73.220787211884812, 33.689766284478182 ] ] ] } },
{ "type": "Feature", "id": 867, "properties": { "FID": 867, "class": "solar_panels", "SolarPV_Area(sqm)": 3.1641050786 }, "geometry": { "type": "Polygon", "coordinates": [ [ [ 73.220797105365904, 33.689770826710955 ], [ 73.220803333871032, 33.689757334882245 ], [ 73.220823184723642, 33.68976373840394 ], [ 73.220816956221057, 33.689777230233716 ], [ 73.220797105365904, 33.689770826710955 ] ] ] } },
{ "type": "Feature", "id": 868, "properties": { "FID": 868, "class": "solar_panels", "SolarPV_Area(sqm)": 3.27575669851 }, "geometry": { "type": "Polygon", "coordinates": [ [ [ 73.22080872145672, 33.689741044475014 ], [ 73.220817152564095, 33.689723271209928 ], [ 73.220832641185652, 33.689728406233733 ], [ 73.220824210099437, 33.689746178598433 ], [ 73.22080872145672, 33.689741044475014 ] ] ] } },
{ "type": "Feature", "id": 869, "properties": { "FID": 869, "class": "solar_panels", "SolarPV_Area(sqm)": 2.95578699052 }, "geometry": { "type": "Polygon", "coordinates": [ [ [ 73.220823359753155, 33.689779687806393 ], [ 73.220829295455829, 33.689767264863974 ], [ 73.22084935023048, 33.689773719112438 ], [ 73.220843414530179, 33.689786142055887 ], [ 73.220823359753155, 33.689779687806393 ] ] ] } },
{ "type": "Feature", "id": 870, "properties": { "FID": 870, "class": "solar_panels", "SolarPV_Area(sqm)": 3.39392306934 }, "geometry": { "type": "Polygon", "coordinates": [ [ [ 73.220833550063659, 33.689750621777122 ], [ 73.220840490900102, 33.689734076897267 ], [ 73.22085824728623, 33.689739305901377 ], [ 73.220851304295792, 33.68975585075124 ], [ 73.220833550063659, 33.689750621777122 ] ] ] } },
{ "type": "Feature", "id": 871, "properties": { "FID": 871, "class": "solar_panels", "SolarPV_Area(sqm)": 10.0936182816 }, "geometry": { "type": "Polygon", "coordinates": [ [ [ 73.220849421828419, 33.689792436357529 ], [ 73.220866698613079, 33.68974577788326 ], [ 73.220885897274627, 33.689750746304682 ], [ 73.220868620517692, 33.689797403880412 ], [ 73.220849421828419, 33.689792436357529 ] ] ] } },
{ "type": "Feature", "id": 872, "properties": { "FID": 872, "class": "solar_panels", "SolarPV_Area(sqm)": 10.624006230899999 }, "geometry": { "type": "Polygon", "coordinates": [ [ [ 73.220874093262751, 33.689801946460612 ], [ 73.22089082819852, 33.689756663492105 ], [ 73.220911657034222, 33.689762042247601 ], [ 73.220894921029668, 33.689807325203681 ], [ 73.220874093262751, 33.689801946460612 ] ] ] } },
{ "type": "Feature", "id": 873, "properties": { "FID": 873, "class": "solar_panels", "SolarPV_Area(sqm)": 19.488959544699998 }, "geometry": { "type": "Polygon", "coordinates": [ [ [ 73.220937766007737, 33.689787275544809 ], [ 73.220947194356484, 33.689772618718436 ], [ 73.221047502898656, 33.689817710782137 ], [ 73.221038074579894, 33.689832366714967 ], [ 73.220937766007737, 33.689787275544809 ] ] ] } },
{ "type": "Feature", "id": 874, "properties": { "FID": 874, "class": "solar_panels", "SolarPV_Area(sqm)": 6.5023444621 }, "geometry": { "type": "Polygon", "coordinates": [ [ [ 73.220947043415521, 33.689769003156407 ], [ 73.220955780771604, 33.689754898179352 ], [ 73.22099113331042, 33.689770200852628 ], [ 73.220982394879897, 33.689784305816744 ], [ 73.220947043415521, 33.689769003156407 ] ] ] } },
{ "type": "Feature", "id": 875, "properties": { "FID": 875, "class": "solar_panels", "SolarPV_Area(sqm)": 5.0946338781199998 }, "geometry": { "type": "Polygon", "coordinates": [ [ [ 73.221015630214794, 33.689800009036539 ], [ 73.22102338003657, 33.689787287574184 ], [ 73.221054306300431, 33.689800452414786 ], [ 73.221046557560271, 33.689813173894706 ], [ 73.221015630214794, 33.689800009036539 ] ] ] } },
{ "type": "Feature", "id": 876, "properties": { "FID": 876, "class": "solar_panels", "SolarPV_Area(sqm)": 16.555393459000001 }, "geometry": { "type": "Polygon", "coordinates": [ [ [ 73.220956681401731, 33.689751659371737 ], [ 73.22096534082003, 33.689738247633528 ], [ 73.221058304253532, 33.689780191333305 ], [ 73.221049644844882, 33.689793603078293 ], [ 73.220956681401731, 33.689751659371737 ] ] ] } },
{ "type": "Feature", "id": 877, "properties": { "FID": 877, "class": "solar_panels", "SolarPV_Area(sqm)": 45.9868100371 }, "geometry": { "type": "Polygon", "coordinates": [ [ [ 73.214684065810133, 33.686946549792737 ], [ 73.214681223203897, 33.686905821833875 ], [ 73.214790735162495, 33.686901671973402 ], [ 73.214793577801828, 33.686942400832947 ], [ 73.214684065810133, 33.686946549792737 ] ] ] } },
{ "type": "Feature", "id": 878, "properties": { "FID": 878, "class": "solar_panels", "SolarPV_Area(sqm)": 8.3491349159400006 }, "geometry": { "type": "Polygon", "coordinates": [ [ [ 73.215139943958803, 33.687207457822986 ], [ 73.2151485589565, 33.687194398449265 ], [ 73.215196231728171, 33.687216374395803 ], [ 73.215187616716534, 33.687229434674471 ], [ 73.215139943958803, 33.687207457822986 ] ] ] } },
{ "type": "Feature", "id": 879, "properties": { "FID": 879, "class": "solar_panels", "SolarPV_Area(sqm)": 2.4835628236399998 }, "geometry": { "type": "Polygon", "coordinates": [ [ [ 73.215151147199322, 33.687188744787363 ], [ 73.215159431338051, 33.687175879021268 ], [ 73.215173985955019, 33.687182427844888 ], [ 73.215165701799094, 33.687195294513486 ], [ 73.215151147199322, 33.687188744787363 ] ] ] } },
{ "type": "Feature", "id": 880, "properties": { "FID": 880, "class": "solar_panels", "SolarPV_Area(sqm)": 2.8093989608399998 }, "geometry": { "type": "Polygon", "coordinates": [ [ [ 73.21518035782654, 33.687201842998121 ], [ 73.215188933276337, 33.687188661311332 ], [ 73.215204928156822, 33.687195932516666 ], [ 73.21519635269, 33.6872091151061 ], [ 73.21518035782654, 33.687201842998121 ] ] ] } },
{ "type": "Feature", "id": 881, "properties": { "FID": 881, "class": "solar_panels", "SolarPV_Area(sqm)": 2.3518024504000001 }, "geometry": { "type": "Polygon", "coordinates": [ [ [ 73.215162489388447, 33.687172076263153 ], [ 73.215172220071011, 33.687157646088316 ], [ 73.215184247130594, 33.687163313434134 ], [ 73.2151745175277, 33.687177743625512 ], [ 73.215162489388447, 33.687172076263153 ] ] ] } },
{ "type": "Feature", "id": 882, "properties": { "FID": 882, "class": "solar_panels", "SolarPV_Area(sqm)": 2.34611785373 }, "geometry": { "type": "Polygon", "coordinates": [ [ [ 73.215194301838821, 33.687185124592041 ], [ 73.215202522095012, 33.687172061314449 ], [ 73.215216202104074, 33.687178077176213 ], [ 73.215207982946339, 33.687191139568831 ], [ 73.215194301838821, 33.687185124592041 ] ] ] } },
{ "type": "Feature", "id": 883, "properties": { "FID": 883, "class": "solar_panels", "SolarPV_Area(sqm)": 6.3088016477700002 }, "geometry": { "type": "Polygon", "coordinates": [ [ [ 73.215179750453146, 33.687154784467431 ], [ 73.215188500175216, 33.687141886650146 ], [ 73.215224492700813, 33.687158950522267 ], [ 73.215215743000812, 33.687171847440673 ], [ 73.215179750453146, 33.687154784467431 ] ] ] } },
{ "type": "Feature", "id": 884, "properties": { "FID": 884, "class": "solar_panels", "SolarPV_Area(sqm)": 10.8390941622 }, "geometry": { "type": "Polygon", "coordinates": [ [ [ 73.216033464659503, 33.687578911678273 ], [ 73.216042647997767, 33.687563975753143 ], [ 73.216098471528909, 33.687587960978057 ], [ 73.216089288178765, 33.687602897809008 ], [ 73.216033464659503, 33.687578911678273 ] ] ] } },
{ "type": "Feature", "id": 885, "properties": { "FID": 885, "class": "solar_panels", "SolarPV_Area(sqm)": 2.3151587083199998 }, "geometry": { "type": "Polygon", "coordinates": [ [ [ 73.21604513762999, 33.687559750852373 ], [ 73.216054486776969, 33.687543472784256 ], [ 73.21606572663282, 33.68754798433342 ], [ 73.216056377487405, 33.687564262402425 ], [ 73.21604513762999, 33.687559750852373 ] ] ] } },
{ "type": "Feature", "id": 886, "properties": { "FID": 886, "class": "solar_panels", "SolarPV_Area(sqm)": 3.9879158613299999 }, "geometry": { "type": "Polygon", "coordinates": [ [ [ 73.216076560798356, 33.687572388442263 ], [ 73.216085527049358, 33.687558926475219 ], [ 73.216107517831858, 33.687569163500605 ], [ 73.216098551601704, 33.68758262456781 ], [ 73.216076560798356, 33.687572388442263 ] ] ] } },
{ "type": "Feature", "id": 887, "properties": { "FID": 887, "class": "solar_panels", "SolarPV_Area(sqm)": 10.1783116528 }, "geometry": { "type": "Polygon", "coordinates": [ [ [ 73.216060277256759, 33.687542382305402 ], [ 73.216070598929321, 33.687527119243498 ], [ 73.216119743602093, 33.687550343402854 ], [ 73.216109421935073, 33.687565606469001 ], [ 73.216060277256759, 33.687542382305402 ] ] ] } },
{ "type": "Feature", "id": 888, "properties": { "FID": 888, "class": "solar_panels", "SolarPV_Area(sqm)": 18.582726364199999 }, "geometry": { "type": "Polygon", "coordinates": [ [ [ 73.216892808667495, 33.687943657176795 ], [ 73.216898896475698, 33.687928747742873 ], [ 73.217007452267111, 33.68795972224757 ], [ 73.21700136445638, 33.687974632588812 ], [ 73.216892808667495, 33.687943657176795 ] ] ] } },
{ "type": "Feature", "id": 889, "properties": { "FID": 889, "class": "solar_panels", "SolarPV_Area(sqm)": 21.0298485402 }, "geometry": { "type": "Polygon", "coordinates": [ [ [ 73.216902908801842, 33.687924805415307 ], [ 73.21691063992624, 33.687906585863757 ], [ 73.21701034154907, 33.687936146636069 ], [ 73.217002611502295, 33.687954367111438 ], [ 73.216902908801842, 33.687924805415307 ] ] ] } },
{ "type": "Feature", "id": 890, "properties": { "FID": 890, "class": "solar_panels", "SolarPV_Area(sqm)": 10.5001900871 }, "geometry": { "type": "Polygon", "coordinates": [ [ [ 73.217565449115639, 33.687996521655123 ], [ 73.217558175243653, 33.687978131536653 ], [ 73.217608227109068, 33.687964295597531 ], [ 73.217615502069236, 33.687982685728947 ], [ 73.217565449115639, 33.687996521655123 ] ] ] } },
{ "type": "Feature", "id": 891, "properties": { "FID": 891, "class": "solar_panels", "SolarPV_Area(sqm)": 14.489902602600001 }, "geometry": { "type": "Polygon", "coordinates": [ [ [ 73.217619022166957, 33.688089777347216 ], [ 73.217631291897206, 33.688010249771189 ], [ 73.217648720997488, 33.688012128944813 ], [ 73.217636450204466, 33.688091656507495 ], [ 73.217619022166957, 33.688089777347216 ] ] ] } },
{ "type": "Feature", "id": 892, "properties": { "FID": 892, "class": "solar_panels", "SolarPV_Area(sqm)": 4.9898022388600003 }, "geometry": { "type": "Polygon", "coordinates": [ [ [ 73.217641934155694, 33.688093082876776 ], [ 73.21764497936816, 33.688067589632482 ], [ 73.217663825780079, 33.688069162814053 ], [ 73.217660780573084, 33.688094656058972 ], [ 73.217641934155694, 33.688093082876776 ] ] ] } },
{ "type": "Feature", "id": 893, "properties": { "FID": 893, "class": "solar_panels", "SolarPV_Area(sqm)": 12.4241475577 }, "geometry": { "type": "Polygon", "coordinates": [ [ [ 73.217665984253784, 33.688092572307191 ], [ 73.217675218959116, 33.68803642347104 ], [ 73.217696337874287, 33.688038850947571 ], [ 73.2176871031823, 33.688094999785726 ], [ 73.217665984253784, 33.688092572307191 ] ] ] } },
{ "type": "Feature", "id": 894, "properties": { "FID": 894, "class": "solar_panels", "SolarPV_Area(sqm)": 11.2864053398 }, "geometry": { "type": "Polygon", "coordinates": [ [ [ 73.21766418510974, 33.688055260022495 ], [ 73.217647029138192, 33.688054101697816 ], [ 73.217653168849083, 33.68799053985537 ], [ 73.217670324808168, 33.687991698178813 ], [ 73.21766418510974, 33.688055260022495 ] ] ] } },
{ "type": "Feature", "id": 895, "properties": { "FID": 895, "class": "solar_panels", "SolarPV_Area(sqm)": 4.4874302904799999 }, "geometry": { "type": "Polygon", "coordinates": [ [ [ 73.21767141622999, 33.688031051775795 ], [ 73.217674502333594, 33.68800399545367 ], [ 73.217690486562901, 33.688005269427983 ], [ 73.217687399385824, 33.688032325735101 ], [ 73.21767141622999, 33.688031051775795 ] ] ] } },
{ "type": "Feature", "id": 896, "properties": { "FID": 896, "class": "solar_panels", "SolarPV_Area(sqm)": 10.2989735815 }, "geometry": { "type": "Polygon", "coordinates": [ [ [ 73.218533666870485, 33.688225985251158 ], [ 73.218517319567269, 33.688221706866358 ], [ 73.218538218388687, 33.688165909232296 ], [ 73.218554565682624, 33.68817018761407 ], [ 73.218533666870485, 33.688225985251158 ] ] ] } },
{ "type": "Feature", "id": 897, "properties": { "FID": 897, "class": "solar_panels", "SolarPV_Area(sqm)": 13.2018974608 }, "geometry": { "type": "Polygon", "coordinates": [ [ [ 73.218539093560054, 33.688227469370112 ], [ 73.218568568588324, 33.688153833082161 ], [ 73.21858424808255, 33.68815821905936 ], [ 73.218554773065819, 33.68823185535139 ], [ 73.218539093560054, 33.688227469370112 ] ] ] } },
{ "type": "Feature", "id": 898, "properties": { "FID": 898, "class": "solar_panels", "SolarPV_Area(sqm)": 13.311684269500001 }, "geometry": { "type": "Polygon", "coordinates": [ [ [ 73.218559786459267, 33.688232144076231 ], [ 73.218589510348011, 33.688161293328385 ], [ 73.218605780624728, 33.688166062958423 ], [ 73.218576056747324, 33.688236913710512 ], [ 73.218559786459267, 33.688232144076231 ] ] ] } },
{ "type": "Feature", "id": 899, "properties": { "FID": 899, "class": "solar_panels", "SolarPV_Area(sqm)": 19.626114151300001 }, "geometry": { "type": "Polygon", "coordinates": [ [ [ 73.218732918448026, 33.68834634555931 ], [ 73.218751281461863, 33.688307152561613 ], [ 73.21879350272134, 33.68832097589884 ], [ 73.21877513864473, 33.688360168887684 ], [ 73.218732918448026, 33.68834634555931 ] ] ] } },
{ "type": "Feature", "id": 900, "properties": { "FID": 900, "class": "solar_panels", "SolarPV_Area(sqm)": 8.1748851909599995 }, "geometry": { "type": "Polygon", "coordinates": [ [ [ 73.218752255542483, 33.688300357352205 ], [ 73.218759137851592, 33.688285616186263 ], [ 73.218805938688305, 33.688300886163589 ], [ 73.218799056385748, 33.688315627332329 ], [ 73.218752255542483, 33.688300357352205 ] ] ] } },
{ "type": "Feature", "id": 901, "properties": { "FID": 901, "class": "solar_panels", "SolarPV_Area(sqm)": 7.6113826291000004 }, "geometry": { "type": "Polygon", "coordinates": [ [ [ 73.218761630201442, 33.688283345401061 ], [ 73.21876800860646, 33.688268872007818 ], [ 73.218813036870074, 33.688282740323217 ], [ 73.218806657374344, 33.688297214604916 ], [ 73.218761630201442, 33.688283345401061 ] ] ] } },
{ "type": "Feature", "id": 902, "properties": { "FID": 902, "class": "solar_panels", "SolarPV_Area(sqm)": 7.4868995799400002 }, "geometry": { "type": "Polygon", "coordinates": [ [ [ 73.218770538227602, 33.688265474548977 ], [ 73.218777839949638, 33.688249802491917 ], [ 73.218818179024865, 33.688262934978127 ], [ 73.21881087730884, 33.688278607037724 ], [ 73.218770538227602, 33.688265474548977 ] ] ] } },
{ "type": "Feature", "id": 903, "properties": { "FID": 903, "class": "solar_panels", "SolarPV_Area(sqm)": 7.6596309185100004 }, "geometry": { "type": "Polygon", "coordinates": [ [ [ 73.218779325338787, 33.68824358276936 ], [ 73.218787025401099, 33.688227896616667 ], [ 73.218827668145579, 33.688241838757897 ], [ 73.218819968089164, 33.688257524913297 ], [ 73.218779325338787, 33.68824358276936 ] ] ] } },
{ "type": "Feature", "id": 904, "properties": { "FID": 904, "class": "solar_panels", "SolarPV_Area(sqm)": 6.6543312998199999 }, "geometry": { "type": "Polygon", "coordinates": [ [ [ 73.218788168629217, 33.688224196010815 ], [ 73.218794628907091, 33.688210041219072 ], [ 73.218834537274276, 33.688222768907316 ], [ 73.218828078080236, 33.688236923716865 ], [ 73.218788168629217, 33.688224196010815 ] ] ] } },
{ "type": "Feature", "id": 905, "properties": { "FID": 905, "class": "solar_panels", "SolarPV_Area(sqm)": 7.84865770637 }, "geometry": { "type": "Polygon", "coordinates": [ [ [ 73.218803661318645, 33.688362426093363 ], [ 73.218810191092572, 33.688349870237502 ], [ 73.218861316298231, 33.688368449818462 ], [ 73.218854786511471, 33.688381006578702 ], [ 73.218803661318645, 33.688362426093363 ] ] ] } },
{ "type": "Feature", "id": 906, "properties": { "FID": 906, "class": "solar_panels", "SolarPV_Area(sqm)": 4.2854019154199996 }, "geometry": { "type": "Polygon", "coordinates": [ [ [ 73.218814834775571, 33.688347008251796 ], [ 73.218823424717172, 33.688329600827352 ], [ 73.218843859263217, 33.688336708340294 ], [ 73.218835268265082, 33.688354114849211 ], [ 73.218814834775571, 33.688347008251796 ] ] ] } },
{ "type": "Feature", "id": 907, "properties": { "FID": 907, "class": "solar_panels", "SolarPV_Area(sqm)": 4.4008406311300003 }, "geometry": { "type": "Polygon", "coordinates": [ [ [ 73.218845812134163, 33.688356557375606 ], [ 73.218853375118385, 33.688341659191849 ], [ 73.218877717666928, 33.688350295637292 ], [ 73.218870153607568, 33.688365193807087 ], [ 73.218845812134163, 33.688356557375606 ] ] ] } },
{ "type": "Feature", "id": 908, "properties": { "FID": 908, "class": "solar_panels", "SolarPV_Area(sqm)": 4.3443958248300003 }, "geometry": { "type": "Polygon", "coordinates": [ [ [ 73.218824400733283, 33.6883261097258 ], [ 73.21883128662985, 33.688312448926361 ], [ 73.21885755063775, 33.68832170103483 ], [ 73.218850665841458, 33.68833536094985 ], [ 73.218824400733283, 33.6883261097258 ] ] ] } },
{ "type": "Feature", "id": 909, "properties": { "FID": 909, "class": "solar_panels", "SolarPV_Area(sqm)": 4.1580673819499996 }, "geometry": { "type": "Polygon", "coordinates": [ [ [ 73.218856936843068, 33.688337646276864 ], [ 73.218866123273102, 33.688321913918664 ], [ 73.218886880311658, 33.688330383236483 ], [ 73.218877694962785, 33.68834611561185 ], [ 73.218856936843068, 33.688337646276864 ] ] ] } },
{ "type": "Feature", "id": 910, "properties": { "FID": 910, "class": "solar_panels", "SolarPV_Area(sqm)": 3.7697714999700001 }, "geometry": { "type": "Polygon", "coordinates": [ [ [ 73.218866580694069, 33.688316945456101 ], [ 73.218874933539439, 33.688303761199144 ], [ 73.218896648606702, 33.688313375146983 ], [ 73.218888296841982, 33.688326559421 ], [ 73.218866580694069, 33.688316945456101 ] ] ] } },
{ "type": "Feature", "id": 911, "properties": { "FID": 911, "class": "solar_panels", "SolarPV_Area(sqm)": 19.774857927599999 }, "geometry": { "type": "Polygon", "coordinates": [ [ [ 73.218848710765187, 33.688287178309182 ], [ 73.218858026562927, 33.688271501922884 ], [ 73.218956416416532, 33.688312359424465 ], [ 73.218947100612951, 33.68832803672003 ], [ 73.218848710765187, 33.688287178309182 ] ] ] } },
{ "type": "Feature", "id": 912, "properties": { "FID": 912, "class": "solar_panels", "SolarPV_Area(sqm)": 17.972517768300001 }, "geometry": { "type": "Polygon", "coordinates": [ [ [ 73.218865431465517, 33.68826849939542 ], [ 73.218871999670753, 33.688254132436533 ], [ 73.21897815409325, 33.688288043732904 ], [ 73.218971586999601, 33.688302409811875 ], [ 73.218865431465517, 33.68826849939542 ] ] ] } },
{ "type": "Feature", "id": 913, "properties": { "FID": 913, "class": "solar_panels", "SolarPV_Area(sqm)": 9.1443408039699996 }, "geometry": { "type": "Polygon", "coordinates": [ [ [ 73.218938739494519, 33.688260845312286 ], [ 73.218947295376722, 33.688245818958585 ], [ 73.218995543711841, 33.688265018902349 ], [ 73.218986987835862, 33.688280045259539 ], [ 73.218938739494519, 33.688260845312286 ] ] ] } },
{ "type": "Feature", "id": 914, "properties": { "FID": 914, "class": "solar_panels", "SolarPV_Area(sqm)": 2.1888417007599998 }, "geometry": { "type": "Polygon", "coordinates": [ [ [ 73.218869784827689, 33.688373708400604 ], [ 73.218878578682649, 33.688359749570779 ], [ 73.218890516475341, 33.688365005871702 ], [ 73.218881722621688, 33.688378964702423 ], [ 73.218869784827689, 33.688373708400604 ] ] ] } },
{ "type": "Feature", "id": 915, "properties": { "FID": 915, "class": "solar_panels", "SolarPV_Area(sqm)": 1.89372586022 }, "geometry": { "type": "Polygon", "coordinates": [ [ [ 73.21888114712047, 33.688354732190966 ], [ 73.218890332040814, 33.688341373264478 ], [ 73.21890069413908, 33.688346351644284 ], [ 73.218891509201114, 33.688359711473041 ], [ 73.21888114712047, 33.688354732190966 ] ] ] } },
{ "type": "Feature", "id": 916, "properties": { "FID": 916, "class": "solar_panels", "SolarPV_Area(sqm)": 2.0866736057400002 }, "geometry": { "type": "Polygon", "coordinates": [ [ [ 73.218891176102517, 33.688335023456375 ], [ 73.218900241876966, 33.688321165034786 ], [ 73.218911514061432, 33.688326317952502 ], [ 73.218902447209771, 33.688340176359411 ], [ 73.218891176102517, 33.688335023456375 ] ] ] } },
{ "type": "Feature", "id": 917, "properties": { "FID": 917, "class": "solar_panels", "SolarPV_Area(sqm)": 16.242510446400001 }, "geometry": { "type": "Polygon", "coordinates": [ [ [ 73.219044924694686, 33.68834210165938 ], [ 73.219052156879371, 33.688328281717737 ], [ 73.219148092136351, 33.688363365725188 ], [ 73.219140859963559, 33.688377185672756 ], [ 73.219044924694686, 33.68834210165938 ] ] ] } },
{ "type": "Feature", "id": 918, "properties": { "FID": 918, "class": "solar_panels", "SolarPV_Area(sqm)": 15.056807126700001 }, "geometry": { "type": "Polygon", "coordinates": [ [ [ 73.2190547196426, 33.688322127121864 ], [ 73.2190618643926, 33.688309146367473 ], [ 73.219154956238071, 33.6883449549765 ], [ 73.219147811498601, 33.688357935736562 ], [ 73.2190547196426, 33.688322127121864 ] ] ] } },
{ "type": "Feature", "id": 919, "properties": { "FID": 919, "class": "solar_panels", "SolarPV_Area(sqm)": 16.5278717367 }, "geometry": { "type": "Polygon", "coordinates": [ [ [ 73.219068652118878, 33.688306725588241 ], [ 73.219076572724788, 33.688291432160526 ], [ 73.219165079025899, 33.68832346747925 ], [ 73.219157158432225, 33.68833876091297 ], [ 73.219068652118878, 33.688306725588241 ] ] ] } },
{ "type": "Feature", "id": 920, "properties": { "FID": 920, "class": "solar_panels", "SolarPV_Area(sqm)": 9.9972146391500001 }, "geometry": { "type": "Polygon", "coordinates": [ [ [ 73.219155888521342, 33.688426879682183 ], [ 73.219164641838603, 33.688413262919056 ], [ 73.219220041532381, 33.688438149627238 ], [ 73.219211287142542, 33.688451766378904 ], [ 73.219155888521342, 33.688426879682183 ] ] ] } },
{ "type": "Feature", "id": 921, "properties": { "FID": 921, "class": "solar_panels", "SolarPV_Area(sqm)": 9.24672506932 }, "geometry": { "type": "Polygon", "coordinates": [ [ [ 73.219170620464368, 33.688410164964544 ], [ 73.219179355164727, 33.688396718366171 ], [ 73.21923100046385, 33.68842015951509 ], [ 73.219222266828652, 33.688433607034291 ], [ 73.219170620464368, 33.688410164964544 ] ] ] } },
{ "type": "Feature", "id": 922, "properties": { "FID": 922, "class": "solar_panels", "SolarPV_Area(sqm)": 4.6423502219200001 }, "geometry": { "type": "Polygon", "coordinates": [ [ [ 73.219209786736158, 33.688403025788418 ], [ 73.219220124089631, 33.688388811439928 ], [ 73.219243314371539, 33.68840059641137 ], [ 73.219232977020283, 33.688414810761856 ], [ 73.219209786736158, 33.688403025788418 ] ] ] } },
{ "type": "Feature", "id": 923, "properties": { "FID": 923, "class": "solar_panels", "SolarPV_Area(sqm)": 2.0724357308700001 }, "geometry": { "type": "Polygon", "coordinates": [ [ [ 73.219180569027216, 33.688390586704394 ], [ 73.219190053167623, 33.688377049009524 ], [ 73.219201138494412, 33.688382476050407 ], [ 73.219191654355086, 33.688396013746143 ], [ 73.219180569027216, 33.688390586704394 ] ] ] } },
{ "type": "Feature", "id": 924, "properties": { "FID": 924, "class": "solar_panels", "SolarPV_Area(sqm)": 6.6857039917499996 }, "geometry": { "type": "Polygon", "coordinates": [ [ [ 73.219632970200664, 33.688599823717226 ], [ 73.219641454434779, 33.688586175086485 ], [ 73.219678962720309, 33.68860246867763 ], [ 73.219670479568705, 33.688616117326589 ], [ 73.219632970200664, 33.688599823717226 ] ] ] } },
{ "type": "Feature", "id": 925, "properties": { "FID": 925, "class": "solar_panels", "SolarPV_Area(sqm)": 5.5334843708800001 }, "geometry": { "type": "Polygon", "coordinates": [ [ [ 73.219642435515297, 33.688579298810787 ], [ 73.219652458146442, 33.68856465064755 ], [ 73.219680138533917, 33.688577886271453 ], [ 73.2196701159057, 33.688592534436999 ], [ 73.219642435515297, 33.688579298810787 ] ] ] } },
{ "type": "Feature", "id": 926, "properties": { "FID": 926, "class": "solar_panels", "SolarPV_Area(sqm)": 7.27715851531 }, "geometry": { "type": "Polygon", "coordinates": [ [ [ 73.219654225932089, 33.68855828258485 ], [ 73.21966355801834, 33.688544687653504 ], [ 73.219702719285252, 33.688563474104065 ], [ 73.219693386143064, 33.688577068121411 ], [ 73.219654225932089, 33.68855828258485 ] ] ] } },
{ "type": "Feature", "id": 927, "properties": { "FID": 927, "class": "solar_panels", "SolarPV_Area(sqm)": 4.21900104868 }, "geometry": { "type": "Polygon", "coordinates": [ [ [ 73.219720610721296, 33.688588554047918 ], [ 73.21973110706378, 33.688573845974382 ], [ 73.21975168060888, 33.688584106122818 ], [ 73.219741184268486, 33.688598814198166 ], [ 73.219720610721296, 33.688588554047918 ] ] ] } },
{ "type": "Feature", "id": 928, "properties": { "FID": 928, "class": "solar_panels", "SolarPV_Area(sqm)": 3.85862796886 }, "geometry": { "type": "Polygon", "coordinates": [ [ [ 73.219712771306561, 33.688607865166517 ], [ 73.219721010599955, 33.688595997600572 ], [ 73.219744662646264, 33.688607471712039 ], [ 73.21973642441472, 33.688619340196645 ], [ 73.219712771306561, 33.688607865166517 ] ] ] } },
{ "type": "Feature", "id": 929, "properties": { "FID": 929, "class": "solar_panels", "SolarPV_Area(sqm)": 4.0461666453999996 }, "geometry": { "type": "Polygon", "coordinates": [ [ [ 73.219698481099911, 33.688626335747685 ], [ 73.219706840250709, 33.688614828814202 ], [ 73.219731822271328, 33.688627511529134 ], [ 73.219723462044058, 33.688639018448818 ], [ 73.219698481099911, 33.688626335747685 ] ] ] } },
{ "type": "Feature", "id": 930, "properties": { "FID": 930, "class": "solar_panels", "SolarPV_Area(sqm)": 6.7252478250700003 }, "geometry": { "type": "Polygon", "coordinates": [ [ [ 73.219783257327634, 33.688648032199062 ], [ 73.219793155126993, 33.688633787119457 ], [ 73.219827485306325, 33.688650455990938 ], [ 73.219817588588896, 33.688664701088911 ], [ 73.219783257327634, 33.688648032199062 ] ] ] } },
{ "type": "Feature", "id": 931, "properties": { "FID": 931, "class": "solar_panels", "SolarPV_Area(sqm)": 6.9829910997700004 }, "geometry": { "type": "Polygon", "coordinates": [ [ [ 73.219823649351852, 33.688667767876687 ], [ 73.219833838935045, 33.688653967963752 ], [ 73.219869473539958, 33.688672352751112 ], [ 73.219859285038453, 33.688686152682635 ], [ 73.219823649351852, 33.688667767876687 ] ] ] } },
{ "type": "Feature", "id": 932, "properties": { "FID": 932, "class": "solar_panels", "SolarPV_Area(sqm)": 4.5826081992200001 }, "geometry": { "type": "Polygon", "coordinates": [ [ [ 73.219793864291034, 33.688629581570126 ], [ 73.219803909998248, 33.688615853531154 ], [ 73.219827533391992, 33.68862793320276 ], [ 73.219817487686939, 33.6886416612437 ], [ 73.219793864291034, 33.688629581570126 ] ] ] } },
{ "type": "Feature", "id": 933, "properties": { "FID": 933, "class": "solar_panels", "SolarPV_Area(sqm)": 5.8482660007199998 }, "geometry": { "type": "Polygon", "coordinates": [ [ [ 73.219839380556351, 33.688651921453953 ], [ 73.219850186971755, 33.68863786981759 ], [ 73.219878825113241, 33.688653260901077 ], [ 73.219868018700353, 33.688667312540005 ], [ 73.219839380556351, 33.688651921453953 ] ] ] } },
{ "type": "Feature", "id": 934, "properties": { "FID": 934, "class": "solar_panels", "SolarPV_Area(sqm)": 16.991173299300002 }, "geometry": { "type": "Polygon", "coordinates": [ [ [ 73.219805287480867, 33.6886102075688 ], [ 73.219816781347291, 33.688594520114215 ], [ 73.219893377544153, 33.688633738105935 ], [ 73.219881883685773, 33.688649425567853 ], [ 73.219805287480867, 33.6886102075688 ] ] ] } },
{ "type": "Feature", "id": 935, "properties": { "FID": 935, "class": "solar_panels", "SolarPV_Area(sqm)": 10.4900743892 }, "geometry": { "type": "Polygon", "coordinates": [ [ [ 73.220063629072811, 33.688872848055873 ], [ 73.220096495934712, 33.688825096845193 ], [ 73.220112545943678, 33.688832816399206 ], [ 73.220079679068718, 33.688880568515785 ], [ 73.220063629072811, 33.688872848055873 ] ] ] } },
{ "type": "Feature", "id": 936, "properties": { "FID": 936, "class": "solar_panels", "SolarPV_Area(sqm)": 9.9038481941299992 }, "geometry": { "type": "Polygon", "coordinates": [ [ [ 73.220088597513197, 33.688884469122733 ], [ 73.220122607704411, 33.688837822814499 ], [ 73.220137663059432, 33.688845492864452 ], [ 73.220103651775943, 33.688892140062919 ], [ 73.220088597513197, 33.688884469122733 ] ] ] } },
{ "type": "Feature", "id": 937, "properties": { "FID": 937, "class": "solar_panels", "SolarPV_Area(sqm)": 35.136351559399998 }, "geometry": { "type": "Polygon", "coordinates": [ [ [ 73.220076184916792, 33.688781121592939 ], [ 73.220096803638, 33.688749068633719 ], [ 73.220179496202803, 33.688786239807655 ], [ 73.220158877502143, 33.688818292781207 ], [ 73.220076184916792, 33.688781121592939 ] ] ] } },
{ "type": "Feature", "id": 938, "properties": { "FID": 938, "class": "solar_panels", "SolarPV_Area(sqm)": 8.4230423597200001 }, "geometry": { "type": "Polygon", "coordinates": [ [ [ 73.220212279954424, 33.688939602576092 ], [ 73.220224190285791, 33.688923334934472 ], [ 73.220260822036877, 33.688942076650811 ], [ 73.220248912787909, 33.688958344311573 ], [ 73.220212279954424, 33.688939602576092 ] ] ] } },
{ "type": "Feature", "id": 939, "properties": { "FID": 939, "class": "solar_panels", "SolarPV_Area(sqm)": 7.2539930979399996 }, "geometry": { "type": "Polygon", "coordinates": [ [ [ 73.220225705107353, 33.688919188784233 ], [ 73.22023593813195, 33.688905530139827 ], [ 73.220273035910907, 33.688924951286609 ], [ 73.220262802889593, 33.688938609934162 ], [ 73.220225705107353, 33.688919188784233 ] ] ] } },
{ "type": "Feature", "id": 940, "properties": { "FID": 940, "class": "solar_panels", "SolarPV_Area(sqm)": 7.5848775918399998 }, "geometry": { "type": "Polygon", "coordinates": [ [ [ 73.220239331592708, 33.688902665417316 ], [ 73.220250141411327, 33.688887714731258 ], [ 73.220286171707187, 33.68890611862863 ], [ 73.220275361892234, 33.688921069317928 ], [ 73.220239331592708, 33.688902665417316 ] ] ] } },
{ "type": "Feature", "id": 941, "properties": { "FID": 941, "class": "solar_panels", "SolarPV_Area(sqm)": 8.1018695807200007 }, "geometry": { "type": "Polygon", "coordinates": [ [ [ 73.220251179800414, 33.688882242428328 ], [ 73.220262861177332, 33.688866352932081 ], [ 73.22029885409512, 33.688884842856986 ], [ 73.220287172722024, 33.688900732356728 ], [ 73.220251179800414, 33.688882242428328 ] ] ] } },
{ "type": "Feature", "id": 942, "properties": { "FID": 942, "class": "solar_panels", "SolarPV_Area(sqm)": 7.3197482175399999 }, "geometry": { "type": "Polygon", "coordinates": [ [ [ 73.220262634322395, 33.688861816471217 ], [ 73.220273505383275, 33.688847505117629 ], [ 73.220308951147729, 33.68886631990906 ], [ 73.220298078993054, 33.688880632151808 ], [ 73.220262634322395, 33.688861816471217 ] ] ] } },
{ "type": "Feature", "id": 943, "properties": { "FID": 943, "class": "solar_panels", "SolarPV_Area(sqm)": 18.6019471185 }, "geometry": { "type": "Polygon", "coordinates": [ [ [ 73.220469441476865, 33.688877919368601 ], [ 73.220479935487674, 33.688861854936192 ], [ 73.220566677523493, 33.688901453138726 ], [ 73.220556182444895, 33.68891751756324 ], [ 73.220469441476865, 33.688877919368601 ] ] ] } },
{ "type": "Feature", "id": 944, "properties": { "FID": 944, "class": "solar_panels", "SolarPV_Area(sqm)": 17.3648052769 }, "geometry": { "type": "Polygon", "coordinates": [ [ [ 73.22048183696792, 33.688857894706523 ], [ 73.220491844597205, 33.688842870219936 ], [ 73.220577642278798, 33.688882803794939 ], [ 73.22056763465919, 33.688897828288717 ], [ 73.22048183696792, 33.688857894706523 ] ] ] } },
{ "type": "Feature", "id": 945, "properties": { "FID": 945, "class": "solar_panels", "SolarPV_Area(sqm)": 9.41466359048 }, "geometry": { "type": "Polygon", "coordinates": [ [ [ 73.220640740350731, 33.688942242036035 ], [ 73.220667094799367, 33.688904003404168 ], [ 73.220685071603057, 33.688912660524188 ], [ 73.220658716062374, 33.688950900045981 ], [ 73.220640740350731, 33.688942242036035 ] ] ] } },
{ "type": "Feature", "id": 946, "properties": { "FID": 946, "class": "solar_panels", "SolarPV_Area(sqm)": 8.8530045262199994 }, "geometry": { "type": "Polygon", "coordinates": [ [ [ 73.220664780253841, 33.688951814320049 ], [ 73.220691373103634, 33.688913784720292 ], [ 73.22070824621494, 33.688922030062507 ], [ 73.220681653369709, 33.688960059666002 ], [ 73.220664780253841, 33.688951814320049 ] ] ] } },
{ "type": "Feature", "id": 947, "properties": { "FID": 947, "class": "solar_panels", "SolarPV_Area(sqm)": 24.54332437 }, "geometry": { "type": "Polygon", "coordinates": [ [ [ 73.220666710193029, 33.688840185082469 ], [ 73.220697258183378, 33.688799985082355 ], [ 73.220740910228798, 33.688820673700306 ], [ 73.220710362250486, 33.688860873711512 ], [ 73.220666710193029, 33.688840185082469 ] ] ] } },
{ "type": "Feature", "id": 948, "properties": { "FID": 948, "class": "solar_panels", "SolarPV_Area(sqm)": 25.229252212700001 }, "geometry": { "type": "Polygon", "coordinates": [ [ [ 73.215069343632393, 33.686439503681441 ], [ 73.215078692465454, 33.68642522580322 ], [ 73.215210916023963, 33.686485724147893 ], [ 73.215201568283661, 33.686500002052092 ], [ 73.215069343632393, 33.686439503681441 ] ] ] } },
{ "type": "Feature", "id": 949, "properties": { "FID": 949, "class": "solar_panels", "SolarPV_Area(sqm)": 9.9204657063799999 }, "geometry": { "type": "Polygon", "coordinates": [ [ [ 73.215139044308359, 33.686438420490219 ], [ 73.215147008966312, 33.686426603371508 ], [ 73.215208974000603, 33.686455791649372 ], [ 73.215201009348078, 33.686467608772205 ], [ 73.215139044308359, 33.686438420490219 ] ] ] } },
{ "type": "Feature", "id": 950, "properties": { "FID": 950, "class": "solar_panels", "SolarPV_Area(sqm)": 5.5543500291100001 }, "geometry": { "type": "Polygon", "coordinates": [ [ [ 73.21508185072301, 33.686416053562375 ], [ 73.215091976241411, 33.686401983490981 ], [ 73.215120163263009, 33.686416159865416 ], [ 73.215110037747337, 33.686430229939205 ], [ 73.21508185072301, 33.686416053562375 ] ] ] } },
{ "type": "Feature", "id": 951, "properties": { "FID": 951, "class": "solar_panels", "SolarPV_Area(sqm)": 18.424335016600001 }, "geometry": { "type": "Polygon", "coordinates": [ [ [ 73.215367292450935, 33.686436211081471 ], [ 73.215376343747607, 33.686422339185889 ], [ 73.215475884220666, 33.686467727575128 ], [ 73.215466832915936, 33.686481600379778 ], [ 73.215367292450935, 33.686436211081471 ] ] ] } },
{ "type": "Feature", "id": 952, "properties": { "FID": 952, "class": "solar_panels", "SolarPV_Area(sqm)": 5.4267184907599999 }, "geometry": { "type": "Polygon", "coordinates": [ [ [ 73.215404951935369, 33.686429920636584 ], [ 73.215414048966124, 33.686417175707433 ], [ 73.215444584174762, 33.686432406733658 ], [ 73.215435488225054, 33.686445151680715 ], [ 73.215404951935369, 33.686429920636584 ] ] ] } },
{ "type": "Feature", "id": 953, "properties": { "FID": 953, "class": "solar_panels", "SolarPV_Area(sqm)": 2.68174364998 }, "geometry": { "type": "Polygon", "coordinates": [ [ [ 73.215458975823168, 33.686454244453842 ], [ 73.215467121875051, 33.686442312704294 ], [ 73.215483608103071, 33.686450178923238 ], [ 73.215475462052609, 33.686462110673894 ], [ 73.215458975823168, 33.686454244453842 ] ] ] } },
{ "type": "Feature", "id": 954, "properties": { "FID": 954, "class": "solar_panels", "SolarPV_Area(sqm)": 2.3876594453000002 }, "geometry": { "type": "Polygon", "coordinates": [ [ [ 73.215373711322044, 33.686414634321373 ], [ 73.215381252124331, 33.686403124878886 ], [ 73.215396770276513, 33.686410230459423 ], [ 73.215389230553981, 33.68642173991848 ], [ 73.215373711322044, 33.686414634321373 ] ] ] } },
{ "type": "Feature", "id": 955, "properties": { "FID": 955, "class": "solar_panels", "SolarPV_Area(sqm)": 14.765921882600001 }, "geometry": { "type": "Polygon", "coordinates": [ [ [ 73.215394449923124, 33.685507794608938 ], [ 73.215401642789587, 33.68549385708392 ], [ 73.215488503690707, 33.685525183156209 ], [ 73.215481310853832, 33.685539119785112 ], [ 73.215394449923124, 33.685507794608938 ] ] ] } },
{ "type": "Feature", "id": 956, "properties": { "FID": 956, "class": "solar_panels", "SolarPV_Area(sqm)": 13.0583727478 }, "geometry": { "type": "Polygon", "coordinates": [ [ [ 73.215404470783596, 33.685489073477086 ], [ 73.21541077198826, 33.685476472115738 ], [ 73.215496552904739, 33.685506450668321 ], [ 73.215490251709994, 33.685519052034337 ], [ 73.215404470783596, 33.685489073477086 ] ] ] } },
{ "type": "Feature", "id": 957, "properties": { "FID": 957, "class": "solar_panels", "SolarPV_Area(sqm)": 3.8631141748200002 }, "geometry": { "type": "Polygon", "coordinates": [ [ [ 73.215410036471383, 33.685465975726622 ], [ 73.215417605862726, 33.685451826313681 ], [ 73.215439730533973, 33.685460096823668 ], [ 73.21543216112677, 33.685474247139538 ], [ 73.215410036471383, 33.685465975726622 ] ] ] } },
{ "type": "Feature", "id": 958, "properties": { "FID": 958, "class": "solar_panels", "SolarPV_Area(sqm)": 3.4848245914999998 }, "geometry": { "type": "Polygon", "coordinates": [ [ [ 73.215441003813723, 33.68547651477882 ], [ 73.215447984895363, 33.685463846586664 ], [ 73.215470051999148, 33.685472345308902 ], [ 73.215463070919924, 33.685485013502344 ], [ 73.215441003813723, 33.68547651477882 ] ] ] } },
{ "type": "Feature", "id": 959, "properties": { "FID": 959, "class": "solar_panels", "SolarPV_Area(sqm)": 16.3994295627 }, "geometry": { "type": "Polygon", "coordinates": [ [ [ 73.215419958667056, 33.685440599018442 ], [ 73.215427490781977, 33.685426321916914 ], [ 73.215521002489226, 33.685460798334205 ], [ 73.215513470386227, 33.685475075441765 ], [ 73.215419958667056, 33.685440599018442 ] ] ] } },
{ "type": "Feature", "id": 960, "properties": { "FID": 960, "class": "solar_panels", "SolarPV_Area(sqm)": 14.2452508757 }, "geometry": { "type": "Polygon", "coordinates": [ [ [ 73.215431484540503, 33.685421031222752 ], [ 73.215439171747249, 33.685407652718744 ], [ 73.215523303351773, 33.685441437236548 ], [ 73.2155156150762, 33.685454815730466 ], [ 73.215431484540503, 33.685421031222752 ] ] ] } },
{ "type": "Feature", "id": 961, "properties": { "FID": 961, "class": "solar_panels", "SolarPV_Area(sqm)": 1.7078860896100001 }, "geometry": { "type": "Polygon", "coordinates": [ [ [ 73.21549740219173, 33.6854945875479 ], [ 73.215488210083194, 33.685491220118053 ], [ 73.215496154098474, 33.685476063425895 ], [ 73.215505347284136, 33.685479430870686 ], [ 73.21549740219173, 33.6854945875479 ] ] ] } },
{ "type": "Feature", "id": 962, "properties": { "FID": 962, "class": "solar_panels", "SolarPV_Area(sqm)": 44.948699119499999 }, "geometry": { "type": "Polygon", "coordinates": [ [ [ 73.215820781682297, 33.685695100130062 ], [ 73.215833702176297, 33.68566034772028 ], [ 73.215942162088098, 33.685706924127786 ], [ 73.215929241629382, 33.685741676549867 ], [ 73.215820781682297, 33.685695100130062 ] ] ] } },
{ "type": "Feature", "id": 963, "properties": { "FID": 963, "class": "solar_panels", "SolarPV_Area(sqm)": 9.1378537575499994 }, "geometry": { "type": "Polygon", "coordinates": [ [ [ 73.215867494626693, 33.685565821840335 ], [ 73.215877351578158, 33.685550538548171 ], [ 73.215922398153893, 33.685570841370847 ], [ 73.215912541189113, 33.68558612556825 ], [ 73.215867494626693, 33.685565821840335 ] ] ] } },
{ "type": "Feature", "id": 964, "properties": { "FID": 964, "class": "solar_panels", "SolarPV_Area(sqm)": 7.8166856917500001 }, "geometry": { "type": "Polygon", "coordinates": [ [ [ 73.215930473794629, 33.685593628461866 ], [ 73.2159405678143, 33.685578356704269 ], [ 73.215978699418699, 33.685595970662554 ], [ 73.215968605403461, 33.685611242423398 ], [ 73.215930473794629, 33.685593628461866 ] ] ] } },
{ "type": "Feature", "id": 965, "properties": { "FID": 965, "class": "solar_panels", "SolarPV_Area(sqm)": 8.2638592870899998 }, "geometry": { "type": "Polygon", "coordinates": [ [ [ 73.21588530964631, 33.685548270108782 ], [ 73.215895606679254, 33.685532622544024 ], [ 73.215935031730126, 33.685550752972155 ], [ 73.21592473576159, 33.685566401457386 ], [ 73.21588530964631, 33.685548270108782 ] ] ] } },
{ "type": "Feature", "id": 966, "properties": { "FID": 966, "class": "solar_panels", "SolarPV_Area(sqm)": 5.7585790602199998 }, "geometry": { "type": "Polygon", "coordinates": [ [ [ 73.215949456290517, 33.685577731193554 ], [ 73.215959615276375, 33.685562708358837 ], [ 73.215987863478631, 33.685576058496245 ], [ 73.215977704495899, 33.685591081333349 ], [ 73.215949456290517, 33.685577731193554 ] ] ] } },
{ "type": "Feature", "id": 967, "properties": { "FID": 967, "class": "solar_panels", "SolarPV_Area(sqm)": 16.934289399699999 }, "geometry": { "type": "Polygon", "coordinates": [ [ [ 73.216002051135888, 33.685469645489022 ], [ 73.216011740166195, 33.68545559608495 ], [ 73.216099712180721, 33.685497996164791 ], [ 73.216090023159353, 33.685512045576004 ], [ 73.216002051135888, 33.685469645489022 ] ] ] } },
{ "type": "Feature", "id": 968, "properties": { "FID": 968, "class": "solar_panels", "SolarPV_Area(sqm)": 6.7922278283599997 }, "geometry": { "type": "Polygon", "coordinates": [ [ [ 73.216009338572533, 33.685447942359723 ], [ 73.216018970589914, 33.685433989522622 ], [ 73.21605448223012, 33.685451121950834 ], [ 73.216044850216321, 33.685465074790791 ], [ 73.216009338572533, 33.685447942359723 ] ] ] } },
{ "type": "Feature", "id": 969, "properties": { "FID": 969, "class": "solar_panels", "SolarPV_Area(sqm)": 5.9174408007699997 }, "geometry": { "type": "Polygon", "coordinates": [ [ [ 73.216068832500412, 33.685477572453351 ], [ 73.216079366410014, 33.685462622654889 ], [ 73.216107942714956, 33.685476694408891 ], [ 73.21609740772999, 33.685491644194272 ], [ 73.216068832500412, 33.685477572453351 ] ] ] } },
{ "type": "Feature", "id": 970, "properties": { "FID": 970, "class": "solar_panels", "SolarPV_Area(sqm)": 16.001027157199999 }, "geometry": { "type": "Polygon", "coordinates": [ [ [ 73.21516863281694, 33.686998383475384 ], [ 73.215177150277029, 33.686985136023502 ], [ 73.215268287096066, 33.687026083695528 ], [ 73.215259770742378, 33.687039330268014 ], [ 73.21516863281694, 33.686998383475384 ] ] ] } },
{ "type": "Feature", "id": 971, "properties": { "FID": 971, "class": "solar_panels", "SolarPV_Area(sqm)": 6.2941395701599996 }, "geometry": { "type": "Polygon", "coordinates": [ [ [ 73.215180346535178, 33.686981065632928 ], [ 73.215189332054933, 33.686966675188401 ], [ 73.215222758736857, 33.68698126270457 ], [ 73.215213772161178, 33.686995652234536 ], [ 73.215180346535178, 33.686981065632928 ] ] ] } },
{ "type": "Feature", "id": 972, "properties": { "FID": 972, "class": "solar_panels", "SolarPV_Area(sqm)": 6.4686936103599999 }, "geometry": { "type": "Polygon", "coordinates": [ [ [ 73.215233732282869, 33.687006110764024 ], [ 73.215243088198392, 33.686992274843888 ], [ 73.215277543476631, 33.687008557200897 ], [ 73.215268187564618, 33.687022393123733 ], [ 73.215233732282869, 33.687006110764024 ] ] ] } },
{ "type": "Feature", "id": 973, "properties": { "FID": 973, "class": "solar_panels", "SolarPV_Area(sqm)": 14.453591080700001 }, "geometry": { "type": "Polygon", "coordinates": [ [ [ 73.215193199859584, 33.686962889539558 ], [ 73.215201770827619, 33.686950288524933 ], [ 73.215286061965685, 33.686990354539688 ], [ 73.215277491005438, 33.687002955560367 ], [ 73.215193199859584, 33.686962889539558 ] ] ] } },
{ "type": "Feature", "id": 974, "properties": { "FID": 974, "class": "solar_panels", "SolarPV_Area(sqm)": 28.298873460199999 }, "geometry": { "type": "Polygon", "coordinates": [ [ [ 73.215453113488991, 33.687132753927877 ], [ 73.215460655282371, 33.687120364371211 ], [ 73.215634391717487, 33.687199848134128 ], [ 73.215626849941088, 33.68721223770185 ], [ 73.215453113488991, 33.687132753927877 ] ] ] } },
{ "type": "Feature", "id": 975, "properties": { "FID": 975, "class": "solar_panels", "SolarPV_Area(sqm)": 11.979373184 }, "geometry": { "type": "Polygon", "coordinates": [ [ [ 73.215464135173818, 33.687116610082455 ], [ 73.215473085801079, 33.687103384197478 ], [ 73.215539812504986, 33.687134939712358 ], [ 73.215530862962638, 33.687148165617906 ], [ 73.215464135173818, 33.687116610082455 ] ] ] } },
{ "type": "Feature", "id": 976, "properties": { "FID": 976, "class": "solar_panels", "SolarPV_Area(sqm)": 13.0503235134 }, "geometry": { "type": "Polygon", "coordinates": [ [ [ 73.21555159282083, 33.687157815509131 ], [ 73.215559482465238, 33.687146131645093 ], [ 73.21564185593985, 33.687185000127087 ], [ 73.215633966302548, 33.687196683996582 ], [ 73.21555159282083, 33.687157815509131 ] ] ] } },
{ "type": "Feature", "id": 977, "properties": { "FID": 977, "class": "solar_panels", "SolarPV_Area(sqm)": 27.181163053799999 }, "geometry": { "type": "Polygon", "coordinates": [ [ [ 73.215476968811032, 33.687100741299723 ], [ 73.215484999331096, 33.687089235320343 ], [ 73.215656390786762, 33.687172832408393 ], [ 73.215648360299383, 33.687184337497762 ], [ 73.215476968811032, 33.687100741299723 ] ] ] } },
{ "type": "Feature", "id": 978, "properties": { "FID": 978, "class": "solar_panels", "SolarPV_Area(sqm)": 13.5934882748 }, "geometry": { "type": "Polygon", "coordinates": [ [ [ 73.215614623781818, 33.687124038592394 ], [ 73.215663898858239, 33.687056234910514 ], [ 73.215678036249599, 33.687063608177056 ], [ 73.215628762257964, 33.687131411880294 ], [ 73.215614623781818, 33.687124038592394 ] ] ] } },
{ "type": "Feature", "id": 979, "properties": { "FID": 979, "class": "solar_panels", "SolarPV_Area(sqm)": 14.3656087773 }, "geometry": { "type": "Polygon", "coordinates": [ [ [ 73.215634034081091, 33.687133545866516 ], [ 73.215682304850333, 33.68706683864864 ], [ 73.215697706022041, 33.687074496189275 ], [ 73.215649435259877, 33.68714120341334 ], [ 73.215634034081091, 33.687133545866516 ] ] ] } },
{ "type": "Feature", "id": 980, "properties": { "FID": 980, "class": "solar_panels", "SolarPV_Area(sqm)": 8.7014377850199995 }, "geometry": { "type": "Polygon", "coordinates": [ [ [ 73.215656579959656, 33.687142648447853 ], [ 73.215684679891666, 33.687105003325335 ], [ 73.215700988682968, 33.687113267339257 ], [ 73.215672888736407, 33.687150913367091 ], [ 73.215656579959656, 33.687142648447853 ] ] ] } },
{ "type": "Feature", "id": 981, "properties": { "FID": 981, "class": "solar_panels", "SolarPV_Area(sqm)": 4.0331980966599996 }, "geometry": { "type": "Polygon", "coordinates": [ [ [ 73.215690340473941, 33.687096000675581 ], [ 73.215703641856905, 33.687077488327695 ], [ 73.215719211255546, 33.687085305203311 ], [ 73.215705909855942, 33.687103818454418 ], [ 73.215690340473941, 33.687096000675581 ] ] ] } },
{ "type": "Feature", "id": 982, "properties": { "FID": 982, "class": "solar_panels", "SolarPV_Area(sqm)": 13.6356704163 }, "geometry": { "type": "Polygon", "coordinates": [ [ [ 73.215677293161207, 33.687153783289951 ], [ 73.215724649342746, 33.68708858052058 ], [ 73.215739613652289, 33.687095976545557 ], [ 73.215692258537246, 33.687161180237929 ], [ 73.215677293161207, 33.687153783289951 ] ] ] } },
{ "type": "Feature", "id": 983, "properties": { "FID": 983, "class": "solar_panels", "SolarPV_Area(sqm)": 14.3648144434 }, "geometry": { "type": "Polygon", "coordinates": [ [ [ 73.215695977197512, 33.687162730887117 ], [ 73.215743884623336, 33.687099092524747 ], [ 73.215759456622379, 33.687107566822036 ], [ 73.215711548124361, 33.687171205175019 ], [ 73.215695977197512, 33.687162730887117 ] ] ] } },
{ "type": "Feature", "id": 984, "properties": { "FID": 984, "class": "solar_panels", "SolarPV_Area(sqm)": 25.163032252699999 }, "geometry": { "type": "Polygon", "coordinates": [ [ [ 73.215704787185118, 33.687253797865694 ], [ 73.215714914139141, 33.6872385103784 ], [ 73.215837416471885, 33.687295217300928 ], [ 73.215827289531973, 33.687310504798631 ], [ 73.215704787185118, 33.687253797865694 ] ] ] } },
{ "type": "Feature", "id": 985, "properties": { "FID": 985, "class": "solar_panels", "SolarPV_Area(sqm)": 22.873933035 }, "geometry": { "type": "Polygon", "coordinates": [ [ [ 73.215719760699457, 33.687236690276954 ], [ 73.215729196641846, 33.687222529035282 ], [ 73.215849076515696, 33.687278352208253 ], [ 73.215839639507635, 33.687292513443836 ], [ 73.215719760699457, 33.687236690276954 ] ] ] } },
{ "type": "Feature", "id": 986, "properties": { "FID": 986, "class": "solar_panels", "SolarPV_Area(sqm)": 5.9161541288299997 }, "geometry": { "type": "Polygon", "coordinates": [ [ [ 73.215747054857417, 33.687208125129921 ], [ 73.215767804764184, 33.687181316782954 ], [ 73.215782931915925, 33.687189498791646 ], [ 73.215762181993028, 33.687216308042743 ], [ 73.215747054857417, 33.687208125129921 ] ] ] } },
{ "type": "Feature", "id": 987, "properties": { "FID": 987, "class": "solar_panels", "SolarPV_Area(sqm)": 5.8347393923200004 }, "geometry": { "type": "Polygon", "coordinates": [ [ [ 73.215769502169124, 33.687219336405207 ], [ 73.215790044705216, 33.68719290560545 ], [ 73.215805140233599, 33.687201104288341 ], [ 73.215784597699951, 33.68722753509067 ], [ 73.215769502169124, 33.687219336405207 ] ] ] } },
{ "type": "Feature", "id": 988, "properties": { "FID": 988, "class": "solar_panels", "SolarPV_Area(sqm)": 10.429758697900001 }, "geometry": { "type": "Polygon", "coordinates": [ [ [ 73.215865874015648, 33.68733098124212 ], [ 73.215875470577345, 33.687314945729213 ], [ 73.215926060202591, 33.687336099631978 ], [ 73.215916464707348, 33.687352136066053 ], [ 73.215865874015648, 33.68733098124212 ] ] ] } },
{ "type": "Feature", "id": 989, "properties": { "FID": 989, "class": "solar_panels", "SolarPV_Area(sqm)": 13.268179352100001 }, "geometry": { "type": "Polygon", "coordinates": [ [ [ 73.215853702320473, 33.687299009095028 ], [ 73.215862904026366, 33.687284958984456 ], [ 73.21593355863601, 33.687317297846946 ], [ 73.215924355859272, 33.687331347947421 ], [ 73.215853702320473, 33.687299009095028 ] ] ] } },
{ "type": "Feature", "id": 990, "properties": { "FID": 990, "class": "solar_panels", "SolarPV_Area(sqm)": 14.135910600900001 }, "geometry": { "type": "Polygon", "coordinates": [ [ [ 73.215869723968041, 33.687279205008863 ], [ 73.215880011026016, 33.68726378996535 ], [ 73.215948021579607, 33.687295507187415 ], [ 73.215937733451071, 33.687310922221215 ], [ 73.215869723968041, 33.687279205008863 ] ] ] } },
{ "type": "Feature", "id": 991, "properties": { "FID": 991, "class": "solar_panels", "SolarPV_Area(sqm)": 11.061047432400001 }, "geometry": { "type": "Polygon", "coordinates": [ [ [ 73.215891008932616, 33.687261477059856 ], [ 73.215900452604146, 33.687247305996856 ], [ 73.215958379038952, 33.687274283962445 ], [ 73.215948935373561, 33.687288455030028 ], [ 73.215891008932616, 33.687261477059856 ] ] ] } },
{ "type": "Feature", "id": 992, "properties": { "FID": 992, "class": "solar_panels", "SolarPV_Area(sqm)": 3.7211305800400001 }, "geometry": { "type": "Polygon", "coordinates": [ [ [ 73.216048396198019, 33.687329147219117 ], [ 73.216058706347695, 33.687309481557904 ], [ 73.216074142503203, 33.687315136730412 ], [ 73.216063832356255, 33.687334802392996 ], [ 73.216048396198019, 33.687329147219117 ] ] ] } },
{ "type": "Feature", "id": 993, "properties": { "FID": 993, "class": "solar_panels", "SolarPV_Area(sqm)": 3.6873767394199999 }, "geometry": { "type": "Polygon", "coordinates": [ [ [ 73.216069762546411, 33.687337912564388 ], [ 73.216079347325547, 33.687319000223809 ], [ 73.216095422379738, 33.687324693476853 ], [ 73.216085837603387, 33.687343605818732 ], [ 73.216069762546411, 33.687337912564388 ] ] ] } },
{ "type": "Feature", "id": 994, "properties": { "FID": 994, "class": "solar_panels", "SolarPV_Area(sqm)": 5.9682561617100003 }, "geometry": { "type": "Polygon", "coordinates": [ [ [ 73.216091673685909, 33.687347407188135 ], [ 73.216108740763218, 33.687318771820095 ], [ 73.216124978169233, 33.687325535107583 ], [ 73.216107911095762, 33.687354170477974 ], [ 73.216091673685909, 33.687347407188135 ] ] ] } },
{ "type": "Feature", "id": 995, "properties": { "FID": 995, "class": "solar_panels", "SolarPV_Area(sqm)": 5.4762559478600004 }, "geometry": { "type": "Polygon", "coordinates": [ [ [ 73.216113525159059, 33.687354725881221 ], [ 73.216128806922143, 33.687328336282967 ], [ 73.216145156305245, 33.687334953294886 ], [ 73.21612987348604, 33.687361341978175 ], [ 73.216113525159059, 33.687354725881221 ] ] ] } },
{ "type": "Feature", "id": 996, "properties": { "FID": 996, "class": "solar_panels", "SolarPV_Area(sqm)": 5.2712858984500004 }, "geometry": { "type": "Polygon", "coordinates": [ [ [ 73.21613607007059, 33.687363828362656 ], [ 73.216151542747028, 33.687338744573758 ], [ 73.216167686592016, 33.687345703090124 ], [ 73.216152213918832, 33.687370786881125 ], [ 73.21613607007059, 33.687363828362656 ] ] ] } },
{ "type": "Feature", "id": 997, "properties": { "FID": 997, "class": "solar_panels", "SolarPV_Area(sqm)": 3.7311008513599999 }, "geometry": { "type": "Polygon", "coordinates": [ [ [ 73.216061101907457, 33.687283290926572 ], [ 73.21607231335976, 33.687267512276847 ], [ 73.2160893111257, 33.687275952115598 ], [ 73.216078099656642, 33.687291731668417 ], [ 73.216061101907457, 33.687283290926572 ] ] ] } },
{ "type": "Feature", "id": 998, "properties": { "FID": 998, "class": "solar_panels", "SolarPV_Area(sqm)": 3.85556390633 }, "geometry": { "type": "Polygon", "coordinates": [ [ [ 73.216081272897227, 33.68729336731176 ], [ 73.216092578033823, 33.687277231109306 ], [ 73.216109879372382, 33.687285701480512 ], [ 73.216098575316181, 33.68730183770019 ], [ 73.216081272897227, 33.68729336731176 ] ] ] } },
{ "type": "Feature", "id": 999, "properties": { "FID": 999, "class": "solar_panels", "SolarPV_Area(sqm)": 3.4961793792 }, "geometry": { "type": "Polygon", "coordinates": [ [ [ 73.216104115045979, 33.687304580622104 ], [ 73.216114515327519, 33.687288434957573 ], [ 73.216130839888322, 33.687295782946933 ], [ 73.216120439608829, 33.6873119286129 ], [ 73.216104115045979, 33.687304580622104 ] ] ] } },
{ "type": "Feature", "id": 1000, "properties": { "FID": 1000, "class": "solar_panels", "SolarPV_Area(sqm)": 5.9569981085199997 }, "geometry": { "type": "Polygon", "coordinates": [ [ [ 73.216378797930375, 33.687516119697399 ], [ 73.216358881545304, 33.687518933305768 ], [ 73.21635316501397, 33.687490654270889 ], [ 73.216373081392589, 33.687487840663202 ], [ 73.216378797930375, 33.687516119697399 ] ] ] } },
{ "type": "Feature", "id": 1001, "properties": { "FID": 1001, "class": "solar_panels", "SolarPV_Area(sqm)": 2.9467994801600002 }, "geometry": { "type": "Polygon", "coordinates": [ [ [ 73.216402059500012, 33.687497744775548 ], [ 73.216381151017174, 33.687500281648376 ], [ 73.216378821083353, 33.687486858549875 ], [ 73.21639972956298, 33.687484321677331 ], [ 73.216402059500012, 33.687497744775548 ] ] ] } },
{ "type": "Feature", "id": 1002, "properties": { "FID": 1002, "class": "solar_panels", "SolarPV_Area(sqm)": 8.4828825307100004 }, "geometry": { "type": "Polygon", "coordinates": [ [ [ 73.216409059347839, 33.687517427744609 ], [ 73.216404682018862, 33.687481814126997 ], [ 73.216427603520685, 33.687479845572639 ], [ 73.216431980859085, 33.687515459189747 ], [ 73.216409059347839, 33.687517427744609 ] ] ] } },
{ "type": "Feature", "id": 1003, "properties": { "FID": 1003, "class": "solar_panels", "SolarPV_Area(sqm)": 7.9381150593100003 }, "geometry": { "type": "Polygon", "coordinates": [ [ [ 73.216435340615618, 33.687514228992008 ], [ 73.216430059273435, 33.687479713301173 ], [ 73.216452065316602, 33.687477360897567 ], [ 73.216457345589106, 33.687511876572181 ], [ 73.216435340615618, 33.687514228992008 ] ] ] } },
{ "type": "Feature", "id": 1004, "properties": { "FID": 1004, "class": "solar_panels", "SolarPV_Area(sqm)": 10.9212070808 }, "geometry": { "type": "Polygon", "coordinates": [ [ [ 73.216531153052287, 33.687600168457273 ], [ 73.216557375097977, 33.68754292404067 ], [ 73.216573555780414, 33.687548102946039 ], [ 73.216547333743563, 33.68760534736635 ], [ 73.216531153052287, 33.687600168457273 ] ] ] } },
{ "type": "Feature", "id": 1005, "properties": { "FID": 1005, "class": "solar_panels", "SolarPV_Area(sqm)": 2.23179622974 }, "geometry": { "type": "Polygon", "coordinates": [ [ [ 73.216556940122373, 33.687610083274166 ], [ 73.216562402273652, 33.68759914342597 ], [ 73.216579298463728, 33.687605038745517 ], [ 73.216573837411175, 33.687615977708575 ], [ 73.216556940122373, 33.687610083274166 ] ] ] } },
{ "type": "Feature", "id": 1006, "properties": { "FID": 1006, "class": "solar_panels", "SolarPV_Area(sqm)": 9.4761078137299997 }, "geometry": { "type": "Polygon", "coordinates": [ [ [ 73.216577792921569, 33.687618283826076 ], [ 73.216603404987822, 33.687558503837828 ], [ 73.216617067750192, 33.687562594924074 ], [ 73.216591455710557, 33.687622374013891 ], [ 73.216577792921569, 33.687618283826076 ] ] ] } },
{ "type": "Feature", "id": 1007, "properties": { "FID": 1007, "class": "solar_panels", "SolarPV_Area(sqm)": 4.1888080795700002 }, "geometry": { "type": "Polygon", "coordinates": [ [ [ 73.216563691488219, 33.68758796297729 ], [ 73.216574814433585, 33.687565031078691 ], [ 73.216590069738729, 33.687570202032582 ], [ 73.216578946796631, 33.687593133932637 ], [ 73.216563691488219, 33.68758796297729 ] ] ] } },
{ "type": "Feature", "id": 1008, "properties": { "FID": 1008, "class": "solar_panels", "SolarPV_Area(sqm)": 1.49746168026 }, "geometry": { "type": "Polygon", "coordinates": [ [ [ 73.216577792918443, 33.687556305284197 ], [ 73.216581660652551, 33.687548292100246 ], [ 73.216597289265636, 33.687553564030225 ], [ 73.216593420454288, 33.687561577199126 ], [ 73.216577792918443, 33.687556305284197 ] ] ] } },
{ "type": "Feature", "id": 1009, "properties": { "FID": 1009, "class": "solar_panels", "SolarPV_Area(sqm)": 13.289309078700001 }, "geometry": { "type": "Polygon", "coordinates": [ [ [ 73.217099540244021, 33.687800580806702 ], [ 73.217119698396104, 33.68774151103748 ], [ 73.217139930607914, 33.687746336237112 ], [ 73.217119771389847, 33.687805405994453 ], [ 73.217099540244021, 33.687800580806702 ] ] ] } },
{ "type": "Feature", "id": 1010, "properties": { "FID": 1010, "class": "solar_panels", "SolarPV_Area(sqm)": 3.61230106518 }, "geometry": { "type": "Polygon", "coordinates": [ [ [ 73.217123444834172, 33.687807477171042 ], [ 73.217130058281583, 33.687790513868322 ], [ 73.217148777863486, 33.687795613015091 ], [ 73.217142165479046, 33.687812577235967 ], [ 73.217123444834172, 33.687807477171042 ] ] ] } },
{ "type": "Feature", "id": 1011, "properties": { "FID": 1011, "class": "solar_panels", "SolarPV_Area(sqm)": 12.8737325795 }, "geometry": { "type": "Polygon", "coordinates": [ [ [ 73.217149188441851, 33.687811981529862 ], [ 73.217174588905095, 33.687750261365892 ], [ 73.217192726770278, 33.687755478357857 ], [ 73.21716732525833, 33.687817197608823 ], [ 73.217149188441851, 33.687811981529862 ] ] ] } },
{ "type": "Feature", "id": 1012, "properties": { "FID": 1012, "class": "solar_panels", "SolarPV_Area(sqm)": 3.6775533443000001 }, "geometry": { "type": "Polygon", "coordinates": [ [ [ 73.217134207697114, 33.687771523897325 ], [ 73.21714224875528, 33.687752919238974 ], [ 73.217159252396968, 33.687758054938463 ], [ 73.217151211360488, 33.687776658696514 ], [ 73.217134207697114, 33.687771523897325 ] ] ] } },
{ "type": "Feature", "id": 1013, "properties": { "FID": 1013, "class": "solar_panels", "SolarPV_Area(sqm)": 66.2837816288 }, "geometry": { "type": "Polygon", "coordinates": [ [ [ 73.217599044975017, 33.687911684687151 ], [ 73.217605456668309, 33.687857886611745 ], [ 73.217724095250659, 33.687867766619057 ], [ 73.217717683611397, 33.687921565604405 ], [ 73.217599044975017, 33.687911684687151 ] ] ] } },
{ "type": "Feature", "id": 1014, "properties": { "FID": 1014, "class": "solar_panels", "SolarPV_Area(sqm)": 9.4399097298800001 }, "geometry": { "type": "Polygon", "coordinates": [ [ [ 73.21773777401539, 33.687828609894368 ], [ 73.217739684473614, 33.687808545152571 ], [ 73.21778514870455, 33.687811570047003 ], [ 73.217783238256771, 33.687831634789845 ], [ 73.21773777401539, 33.687828609894368 ] ] ] } },
{ "type": "Feature", "id": 1015, "properties": { "FID": 1015, "class": "solar_panels", "SolarPV_Area(sqm)": 9.9711914301500002 }, "geometry": { "type": "Polygon", "coordinates": [ [ [ 73.217740141419554, 33.687801669447509 ], [ 73.217742279330608, 33.687781455588365 ], [ 73.217789876795308, 33.687784973866265 ], [ 73.217787738876638, 33.687805188628097 ], [ 73.217740141419554, 33.687801669447509 ] ] ] } },
{ "type": "Feature", "id": 1016, "properties": { "FID": 1016, "class": "solar_panels", "SolarPV_Area(sqm)": 10.292614696699999 }, "geometry": { "type": "Polygon", "coordinates": [ [ [ 73.217806154047679, 33.687932304297398 ], [ 73.217808867414405, 33.68791185706565 ], [ 73.217857223856726, 33.687916341241902 ], [ 73.217854511579617, 33.687936788490639 ], [ 73.217806154047679, 33.687932304297398 ] ] ] } },
{ "type": "Feature", "id": 1017, "properties": { "FID": 1017, "class": "solar_panels", "SolarPV_Area(sqm)": 33.576854805099998 }, "geometry": { "type": "Polygon", "coordinates": [ [ [ 73.217813689608576, 33.687900453435702 ], [ 73.217821264480904, 33.687834459476043 ], [ 73.21787029138315, 33.687838391517545 ], [ 73.217862716547685, 33.687904385481382 ], [ 73.217813689608576, 33.687900453435702 ] ] ] } },
{ "type": "Feature", "id": 1018, "properties": { "FID": 1018, "class": "solar_panels", "SolarPV_Area(sqm)": 13.712325379 }, "geometry": { "type": "Polygon", "coordinates": [ [ [ 73.217827031398571, 33.687818155738043 ], [ 73.217830186239198, 33.687788289589108 ], [ 73.217874490073754, 33.687791560123848 ], [ 73.217871334169814, 33.687821426258836 ], [ 73.217827031398571, 33.687818155738043 ] ] ] } },
{ "type": "Feature", "id": 1019, "properties": { "FID": 1019, "class": "solar_panels", "SolarPV_Area(sqm)": 17.401926237800001 }, "geometry": { "type": "Polygon", "coordinates": [ [ [ 73.217973881121495, 33.687954429506988 ], [ 73.217977319519918, 33.687939565660301 ], [ 73.218087065882841, 33.687957304005941 ], [ 73.218083627483736, 33.687972168757746 ], [ 73.217973881121495, 33.687954429506988 ] ] ] } },
{ "type": "Feature", "id": 1020, "properties": { "FID": 1020, "class": "solar_panels", "SolarPV_Area(sqm)": 6.1096587998 }, "geometry": { "type": "Polygon", "coordinates": [ [ [ 73.217978086325843, 33.687933564630931 ], [ 73.217981568592521, 33.687918247827298 ], [ 73.21801900722258, 33.68792419491735 ], [ 73.218015524962212, 33.687939511722234 ], [ 73.217978086325843, 33.687933564630931 ] ] ] } },
{ "type": "Feature", "id": 1021, "properties": { "FID": 1021, "class": "solar_panels", "SolarPV_Area(sqm)": 6.1251850590799997 }, "geometry": { "type": "Polygon", "coordinates": [ [ [ 73.218046657602116, 33.68794440113922 ], [ 73.218050526632211, 33.687929212553243 ], [ 73.218088042942668, 33.687935891175677 ], [ 73.218084173918768, 33.687951079763025 ], [ 73.218046657602116, 33.68794440113922 ] ] ] } },
{ "type": "Feature", "id": 1022, "properties": { "FID": 1022, "class": "solar_panels", "SolarPV_Area(sqm)": 17.9770214495 }, "geometry": { "type": "Polygon", "coordinates": [ [ [ 73.217983239677906, 33.687912441098547 ], [ 73.217986729703981, 33.687896696066502 ], [ 73.218094077186549, 33.687913323988816 ], [ 73.218090587179091, 33.687929069024477 ], [ 73.217983239677906, 33.687912441098547 ] ] ] } },
{ "type": "Feature", "id": 1023, "properties": { "FID": 1023, "class": "solar_panels", "SolarPV_Area(sqm)": 33.0012525219 }, "geometry": { "type": "Polygon", "coordinates": [ [ [ 73.218104978163382, 33.687982129275632 ], [ 73.21810961963773, 33.68796077020626 ], [ 73.218255077202684, 33.6879828587549 ], [ 73.218250435781258, 33.688004216929286 ], [ 73.218104978163382, 33.687982129275632 ] ] ] } },
{ "type": "Feature", "id": 1024, "properties": { "FID": 1024, "class": "solar_panels", "SolarPV_Area(sqm)": 15.104739911099999 }, "geometry": { "type": "Polygon", "coordinates": [ [ [ 73.218564809943544, 33.688082968391818 ], [ 73.218570309048246, 33.68806709089889 ], [ 73.218655666823025, 33.688087747741207 ], [ 73.218650167713761, 33.688103626139871 ], [ 73.218564809943544, 33.688082968391818 ] ] ] } },
{ "type": "Feature", "id": 1025, "properties": { "FID": 1025, "class": "solar_panels", "SolarPV_Area(sqm)": 15.7730302264 }, "geometry": { "type": "Polygon", "coordinates": [ [ [ 73.218572396789895, 33.688063046815785 ], [ 73.218578095070399, 33.68804656079557 ], [ 73.218663967786512, 33.688067302610079 ], [ 73.218658269520674, 33.688083788634692 ], [ 73.218572396789895, 33.688063046815785 ] ] ] } },
{ "type": "Feature", "id": 1026, "properties": { "FID": 1026, "class": "solar_panels", "SolarPV_Area(sqm)": 12.1253032288 }, "geometry": { "type": "Polygon", "coordinates": [ [ [ 73.218595481327839, 33.688046910720146 ], [ 73.218601243295609, 33.688031101943714 ], [ 73.21866949510968, 33.688048488458506 ], [ 73.218663732074532, 33.688064297222901 ], [ 73.218595481327839, 33.688046910720146 ] ] ] } },
{ "type": "Feature", "id": 1027, "properties": { "FID": 1027, "class": "solar_panels", "SolarPV_Area(sqm)": 13.727998264 }, "geometry": { "type": "Polygon", "coordinates": [ [ [ 73.218723654717678, 33.688102139254156 ], [ 73.218733818863242, 33.688081892321335 ], [ 73.218789882547895, 33.688101559435502 ], [ 73.218779719491152, 33.688121806388772 ], [ 73.218723654717678, 33.688102139254156 ] ] ] } },
{ "type": "Feature", "id": 1028, "properties": { "FID": 1028, "class": "solar_panels", "SolarPV_Area(sqm)": 14.380553597800001 }, "geometry": { "type": "Polygon", "coordinates": [ [ [ 73.218741647154417, 33.688064487445281 ], [ 73.218751582434663, 33.688043359789532 ], [ 73.218808914486274, 33.688062200227087 ], [ 73.218798979217468, 33.688083327887767 ], [ 73.218741647154417, 33.688064487445281 ] ] ] } },
{ "type": "Feature", "id": 1029, "properties": { "FID": 1029, "class": "solar_panels", "SolarPV_Area(sqm)": 11.035006503 }, "geometry": { "type": "Polygon", "coordinates": [ [ [ 73.218759704301959, 33.688028351537923 ], [ 73.218770419326503, 33.688002683897182 ], [ 73.218807689558176, 33.688013555585812 ], [ 73.218796974543068, 33.688039223230049 ], [ 73.218759704301959, 33.688028351537923 ] ] ] } },
{ "type": "Feature", "id": 1030, "properties": { "FID": 1030, "class": "solar_panels", "SolarPV_Area(sqm)": 6.5062309041399997 }, "geometry": { "type": "Polygon", "coordinates": [ [ [ 73.218829286026633, 33.688130075225949 ], [ 73.218826508242529, 33.688096670630358 ], [ 73.218845357967879, 33.688095575345983 ], [ 73.218848135740686, 33.688128980842905 ], [ 73.218829286026633, 33.688130075225949 ] ] ] } },
{ "type": "Feature", "id": 1031, "properties": { "FID": 1031, "class": "solar_panels", "SolarPV_Area(sqm)": 38.038177060099997 }, "geometry": { "type": "Polygon", "coordinates": [ [ [ 73.21920240491545, 33.688274862791047 ], [ 73.219223363685074, 33.688240297142748 ], [ 73.219308506181733, 33.688276374289437 ], [ 73.219287546357691, 33.68831093993726 ], [ 73.21920240491545, 33.688274862791047 ] ] ] } },
{ "type": "Feature", "id": 1032, "properties": { "FID": 1032, "class": "solar_panels", "SolarPV_Area(sqm)": 4.8930728481100001 }, "geometry": { "type": "Polygon", "coordinates": [ [ [ 73.219914955863331, 33.68860704559323 ], [ 73.219901189770567, 33.688601410451284 ], [ 73.219917521865653, 33.688573529553508 ], [ 73.219931287973793, 33.688579163792063 ], [ 73.219914955863331, 33.68860704559323 ] ] ] } },
{ "type": "Feature", "id": 1033, "properties": { "FID": 1033, "class": "solar_panels", "SolarPV_Area(sqm)": 4.4361782520700004 }, "geometry": { "type": "Polygon", "coordinates": [ [ [ 73.219923095672087, 33.688610934089354 ], [ 73.219938162373481, 33.688584571568107 ], [ 73.219951486183149, 33.688589892829349 ], [ 73.21993641840632, 33.688616255336747 ], [ 73.219923095672087, 33.688610934089354 ] ] ] } },
{ "type": "Feature", "id": 1034, "properties": { "FID": 1034, "class": "solar_panels", "SolarPV_Area(sqm)": 1.7482754110300001 }, "geometry": { "type": "Polygon", "coordinates": [ [ [ 73.219944864189998, 33.68862000576118 ], [ 73.219950185468633, 33.688611485879264 ], [ 73.219965866211481, 33.688618329923408 ], [ 73.219960544933912, 33.688626849806049 ], [ 73.219944864189998, 33.68862000576118 ] ] ] } },
{ "type": "Feature", "id": 1035, "properties": { "FID": 1035, "class": "solar_panels", "SolarPV_Area(sqm)": 4.5862420506500001 }, "geometry": { "type": "Polygon", "coordinates": [ [ [ 73.219966964409338, 33.68863119685718 ], [ 73.219983187539128, 33.688604989866981 ], [ 73.219996611371045, 33.688610796814679 ], [ 73.219980388244082, 33.688637003806697 ], [ 73.219966964409338, 33.68863119685718 ] ] ] } },
{ "type": "Feature", "id": 1036, "properties": { "FID": 1036, "class": "solar_panels", "SolarPV_Area(sqm)": 4.3324094221499996 }, "geometry": { "type": "Polygon", "coordinates": [ [ [ 73.219988223014298, 33.688640776083666 ], [ 73.220004434131141, 33.688615203762822 ], [ 73.220017259182953, 33.68862096240219 ], [ 73.220001048068681, 33.688646534724768 ], [ 73.219988223014298, 33.688640776083666 ] ] ] } },
{ "type": "Feature", "id": 1037, "properties": { "FID": 1037, "class": "solar_panels", "SolarPV_Area(sqm)": 4.3319006139800003 }, "geometry": { "type": "Polygon", "coordinates": [ [ [ 73.21999534527906, 33.688582739869716 ], [ 73.220009473907709, 33.688562946734777 ], [ 73.220025168838347, 33.688570776609239 ], [ 73.220011039133439, 33.688590569730486 ], [ 73.21999534527906, 33.688582739869716 ] ] ] } },
{ "type": "Feature", "id": 1038, "properties": { "FID": 1038, "class": "solar_panels", "SolarPV_Area(sqm)": 3.64390556128 }, "geometry": { "type": "Polygon", "coordinates": [ [ [ 73.220017791431431, 33.68859494141379 ], [ 73.220032093106084, 33.688575126422016 ], [ 73.220045203660291, 33.688581739540481 ], [ 73.220030901987414, 33.688601554533818 ], [ 73.220017791431431, 33.68859494141379 ] ] ] } },
{ "type": "Feature", "id": 1039, "properties": { "FID": 1039, "class": "solar_panels", "SolarPV_Area(sqm)": 2.39369680141 }, "geometry": { "type": "Polygon", "coordinates": [ [ [ 73.220052414008421, 33.688507972330399 ], [ 73.220063959776169, 33.688494159475205 ], [ 73.220075283903356, 33.688500773902291 ], [ 73.220063737058013, 33.688514586743018 ], [ 73.220052414008421, 33.688507972330399 ] ] ] } },
{ "type": "Feature", "id": 1040, "properties": { "FID": 1040, "class": "solar_panels", "SolarPV_Area(sqm)": 2.6508722605199999 }, "geometry": { "type": "Polygon", "coordinates": [ [ [ 73.220067127072099, 33.688487352571485 ], [ 73.220080199527175, 33.688471328933169 ], [ 73.220091180360782, 33.688477589427627 ], [ 73.220078107906687, 33.688493613067138 ], [ 73.220067127072099, 33.688487352571485 ] ] ] } },
{ "type": "Feature", "id": 1041, "properties": { "FID": 1041, "class": "solar_panels", "SolarPV_Area(sqm)": 4.6185763991300002 }, "geometry": { "type": "Polygon", "coordinates": [ [ [ 73.215659269823988, 33.686732677600652 ], [ 73.215674470046764, 33.686707728806553 ], [ 73.215688764514411, 33.686713814811377 ], [ 73.215673564294519, 33.686738763607309 ], [ 73.215659269823988, 33.686732677600652 ] ] ] } },
{ "type": "Feature", "id": 1042, "properties": { "FID": 1042, "class": "solar_panels", "SolarPV_Area(sqm)": 4.1427654411 }, "geometry": { "type": "Polygon", "coordinates": [ [ [ 73.215682517583033, 33.68674257575455 ], [ 73.215695780737121, 33.686718655850413 ], [ 73.2157096444773, 33.686724026841389 ], [ 73.215696381307467, 33.686747947648584 ], [ 73.215682517583033, 33.68674257575455 ] ] ] } },
{ "type": "Feature", "id": 1043, "properties": { "FID": 1043, "class": "solar_panels", "SolarPV_Area(sqm)": 4.2317263945099999 }, "geometry": { "type": "Polygon", "coordinates": [ [ [ 73.215703580431324, 33.686749889438573 ], [ 73.215717816592303, 33.686727169411746 ], [ 73.215732029492855, 33.68673339220404 ], [ 73.215717793315832, 33.686756113134088 ], [ 73.215703580431324, 33.686749889438573 ] ] ] } },
{ "type": "Feature", "id": 1044, "properties": { "FID": 1044, "class": "solar_panels", "SolarPV_Area(sqm)": 9.8213727219700004 }, "geometry": { "type": "Polygon", "coordinates": [ [ [ 73.215761527082719, 33.686811934849011 ], [ 73.21578950478667, 33.686758588145537 ], [ 73.215804522173954, 33.686764092116903 ], [ 73.215776543398789, 33.686817438808404 ], [ 73.215761527082719, 33.686811934849011 ] ] ] } },
{ "type": "Feature", "id": 1045, "properties": { "FID": 1045, "class": "solar_panels", "SolarPV_Area(sqm)": 3.8034862597000001 }, "geometry": { "type": "Polygon", "coordinates": [ [ [ 73.215783760997041, 33.686820574801985 ], [ 73.21579363099282, 33.686801641352318 ], [ 73.215810048402545, 33.686807622740943 ], [ 73.215800178409566, 33.686826556192003 ], [ 73.215783760997041, 33.686820574801985 ] ] ] } },
{ "type": "Feature", "id": 1046, "properties": { "FID": 1046, "class": "solar_panels", "SolarPV_Area(sqm)": 8.5817792950400005 }, "geometry": { "type": "Polygon", "coordinates": [ [ [ 73.215805602673456, 33.686828881743843 ], [ 73.215832932054454, 33.686777726882831 ], [ 73.215846533255231, 33.686782805500926 ], [ 73.215819203899059, 33.686833959463627 ], [ 73.215805602673456, 33.686828881743843 ] ] ] } },
{ "type": "Feature", "id": 1047, "properties": { "FID": 1047, "class": "solar_panels", "SolarPV_Area(sqm)": 2.9884360501399998 }, "geometry": { "type": "Polygon", "coordinates": [ [ [ 73.215801291414451, 33.686781733639904 ], [ 73.215809037987356, 33.686767104319649 ], [ 73.21582564828708, 33.686773251712204 ], [ 73.215817900637944, 33.686787881017985 ], [ 73.215801291414451, 33.686781733639904 ] ] ] } },
{ "type": "Feature", "id": 1048, "properties": { "FID": 1048, "class": "solar_panels", "SolarPV_Area(sqm)": 8.8556599329699992 }, "geometry": { "type": "Polygon", "coordinates": [ [ [ 73.215965620265393, 33.686307906552948 ], [ 73.215989477734368, 33.686267939345683 ], [ 73.216006728603816, 33.686275135702822 ], [ 73.215982872218916, 33.686315102929136 ], [ 73.215965620265393, 33.686307906552948 ] ] ] } },
{ "type": "Feature", "id": 1049, "properties": { "FID": 1049, "class": "solar_panels", "SolarPV_Area(sqm)": 2.74284450137 }, "geometry": { "type": "Polygon", "coordinates": [ [ [ 73.215988319819814, 33.686319899655238 ], [ 73.21599601154206, 33.686307085690437 ], [ 73.216012640254192, 33.68631406114622 ], [ 73.216004947455303, 33.686326875096512 ], [ 73.215988319819814, 33.686319899655238 ] ] ] } },
{ "type": "Feature", "id": 1050, "properties": { "FID": 1050, "class": "solar_panels", "SolarPV_Area(sqm)": 2.6242510808100001 }, "geometry": { "type": "Polygon", "coordinates": [ [ [ 73.216005398777668, 33.68628854022316 ], [ 73.216013702916499, 33.686276418641945 ], [ 73.216029556275473, 33.686284008725345 ], [ 73.216021252138034, 33.686296130307653 ], [ 73.216005398777668, 33.68628854022316 ] ] ] } },
{ "type": "Feature", "id": 1051, "properties": { "FID": 1051, "class": "solar_panels", "SolarPV_Area(sqm)": 1.9579728199899999 }, "geometry": { "type": "Polygon", "coordinates": [ [ [ 73.216025605365758, 33.68629714363901 ], [ 73.21603190600284, 33.686287857139519 ], [ 73.216047419031867, 33.686295212354835 ], [ 73.216041118395822, 33.686304498855137 ], [ 73.216025605365758, 33.68629714363901 ] ] ] } },
{ "type": "Feature", "id": 1052, "properties": { "FID": 1052, "class": "solar_panels", "SolarPV_Area(sqm)": 2.2732372896 }, "geometry": { "type": "Polygon", "coordinates": [ [ [ 73.216012662943243, 33.686328570928332 ], [ 73.216020321649737, 33.686316936900099 ], [ 73.216034906290332, 33.686323647471703 ], [ 73.216027247603748, 33.686335280599359 ], [ 73.216012662943243, 33.686328570928332 ] ] ] } },
{ "type": "Feature", "id": 1053, "properties": { "FID": 1053, "class": "solar_panels", "SolarPV_Area(sqm)": 7.6389354973400003 }, "geometry": { "type": "Polygon", "coordinates": [ [ [ 73.216032493492165, 33.686339659597039 ], [ 73.216058016044173, 33.686298825475326 ], [ 73.216072306173359, 33.686305067378633 ], [ 73.216046784704375, 33.686345901518976 ], [ 73.216032493492165, 33.686339659597039 ] ] ] } },
{ "type": "Feature", "id": 1054, "properties": { "FID": 1054, "class": "solar_panels", "SolarPV_Area(sqm)": 8.1677347506700002 }, "geometry": { "type": "Polygon", "coordinates": [ [ [ 73.216054559592351, 33.686349160069021 ], [ 73.216079121943025, 33.68630927245971 ], [ 73.216094863807527, 33.686316046627844 ], [ 73.216070300383507, 33.686355934224849 ], [ 73.216054559592351, 33.686349160069021 ] ] ] } },
{ "type": "Feature", "id": 1055, "properties": { "FID": 1055, "class": "solar_panels", "SolarPV_Area(sqm)": 7.0380868005900004 }, "geometry": { "type": "Polygon", "coordinates": [ [ [ 73.216077663967525, 33.686355292997519 ], [ 73.216100721738584, 33.686319988085764 ], [ 73.216115655854608, 33.686326804692776 ], [ 73.216092598087585, 33.686362109607401 ], [ 73.216077663967525, 33.686355292997519 ] ] ] } },
{ "type": "Feature", "id": 1056, "properties": { "FID": 1056, "class": "solar_panels", "SolarPV_Area(sqm)": 14.3950323635 }, "geometry": { "type": "Polygon", "coordinates": [ [ [ 73.216128274219287, 33.686218188544075 ], [ 73.216136983912463, 33.686204814843421 ], [ 73.216217724299597, 33.686241561838422 ], [ 73.216209014614677, 33.686254935544959 ], [ 73.216128274219287, 33.686218188544075 ] ] ] } },
{ "type": "Feature", "id": 1057, "properties": { "FID": 1057, "class": "solar_panels", "SolarPV_Area(sqm)": 4.8428866351600002 }, "geometry": { "type": "Polygon", "coordinates": [ [ [ 73.216139702302996, 33.686198182815325 ], [ 73.216149282525052, 33.686183973120507 ], [ 73.216174435820548, 33.686195824875291 ], [ 73.216164856698157, 33.686210033686201 ], [ 73.216139702302996, 33.686198182815325 ] ] ] } },
{ "type": "Feature", "id": 1058, "properties": { "FID": 1058, "class": "solar_panels", "SolarPV_Area(sqm)": 6.5069486542700004 }, "geometry": { "type": "Polygon", "coordinates": [ [ [ 73.216186289362085, 33.686218970399771 ], [ 73.21619610030605, 33.686204557527951 ], [ 73.216229265011378, 33.686220333125831 ], [ 73.216219455149314, 33.686234746015941 ], [ 73.216186289362085, 33.686218970399771 ] ] ] } },
{ "type": "Feature", "id": 1059, "properties": { "FID": 1059, "class": "solar_panels", "SolarPV_Area(sqm)": 14.9719772864 }, "geometry": { "type": "Polygon", "coordinates": [ [ [ 73.21614934981983, 33.686174243108397 ], [ 73.216158725649763, 33.686160893453646 ], [ 73.216239832096036, 33.686200700911598 ], [ 73.216230457352154, 33.686214050588269 ], [ 73.21614934981983, 33.686174243108397 ] ] ] } },
{ "type": "Feature", "id": 1060, "properties": { "FID": 1060, "class": "solar_panels", "SolarPV_Area(sqm)": 8.897784579 }, "geometry": { "type": "Polygon", "coordinates": [ [ [ 73.216149362605051, 33.686081745290174 ], [ 73.216159709814633, 33.686064871122525 ], [ 73.216200317399299, 33.686082271881858 ], [ 73.216189970195259, 33.686099146053046 ], [ 73.216149362605051, 33.686081745290174 ] ] ] } },
{ "type": "Feature", "id": 1061, "properties": { "FID": 1061, "class": "solar_panels", "SolarPV_Area(sqm)": 7.7392749605000004 }, "geometry": { "type": "Polygon", "coordinates": [ [ [ 73.216169164123997, 33.686050698383376 ], [ 73.216179905514153, 33.686034271772492 ], [ 73.216215180521147, 33.686050392563764 ], [ 73.216204439135396, 33.686066819177839 ], [ 73.216169164123997, 33.686050698383376 ] ] ] } },
{ "type": "Feature", "id": 1062, "properties": { "FID": 1062, "class": "solar_panels", "SolarPV_Area(sqm)": 6.70941736316 }, "geometry": { "type": "Polygon", "coordinates": [ [ [ 73.216221352524627, 33.686111125620513 ], [ 73.216230689505025, 33.686097044966353 ], [ 73.216266135162599, 33.686113470300185 ], [ 73.216256799264343, 33.686127550972678 ], [ 73.216221352524627, 33.686111125620513 ] ] ] } },
{ "type": "Feature", "id": 1063, "properties": { "FID": 1063, "class": "solar_panels", "SolarPV_Area(sqm)": 6.7435762803100001 }, "geometry": { "type": "Polygon", "coordinates": [ [ [ 73.216238229795167, 33.686085501193794 ], [ 73.216248264315809, 33.686070499083577 ], [ 73.216281564902587, 33.686086065615193 ], [ 73.216271530385683, 33.68610106772821 ], [ 73.216238229795167, 33.686085501193794 ] ] ] } },
{ "type": "Feature", "id": 1064, "properties": { "FID": 1064, "class": "solar_panels", "SolarPV_Area(sqm)": 7.7033446684499998 }, "geometry": { "type": "Polygon", "coordinates": [ [ [ 73.216156551046438, 33.685993679579312 ], [ 73.216168038652015, 33.68597684712784 ], [ 73.216201613638404, 33.685992861312855 ], [ 73.216190126036949, 33.686009693767552 ], [ 73.216156551046438, 33.685993679579312 ] ] ] } },
{ "type": "Feature", "id": 1065, "properties": { "FID": 1065, "class": "solar_panels", "SolarPV_Area(sqm)": 15.817022826700001 }, "geometry": { "type": "Polygon", "coordinates": [ [ [ 73.216246612163502, 33.685914013875852 ], [ 73.216272392040452, 33.685861914918839 ], [ 73.216297601379949, 33.685870632909378 ], [ 73.216271821515122, 33.685922731871997 ], [ 73.216246612163502, 33.685914013875852 ] ] ] } },
{ "type": "Feature", "id": 1066, "properties": { "FID": 1066, "class": "solar_panels", "SolarPV_Area(sqm)": 39.004177004699997 }, "geometry": { "type": "Polygon", "coordinates": [ [ [ 73.216348794624196, 33.685991181964958 ], [ 73.216290002629606, 33.685967548977231 ], [ 73.216320142359791, 33.685915149550979 ], [ 73.216378934346906, 33.685938781622148 ], [ 73.216348794624196, 33.685991181964958 ] ] ] } },
{ "type": "Feature", "id": 1067, "properties": { "FID": 1067, "class": "solar_panels", "SolarPV_Area(sqm)": 4.82514428019 }, "geometry": { "type": "Polygon", "coordinates": [ [ [ 73.216513436779522, 33.686022912569904 ], [ 73.216498142661422, 33.686023758551841 ], [ 73.216495725297918, 33.685993212310542 ], [ 73.216511019410589, 33.685992366328726 ], [ 73.216513436779522, 33.686022912569904 ] ] ] } },
{ "type": "Feature", "id": 1068, "properties": { "FID": 1068, "class": "solar_panels", "SolarPV_Area(sqm)": 1.74323893038 }, "geometry": { "type": "Polygon", "coordinates": [ [ [ 73.216484980676185, 33.68602253870317 ], [ 73.216468908861643, 33.686022703439221 ], [ 73.216468753498745, 33.686012157717848 ], [ 73.216484825329943, 33.686011992080239 ], [ 73.216484980676185, 33.68602253870317 ] ] ] } },
{ "type": "Feature", "id": 1069, "properties": { "FID": 1069, "class": "solar_panels", "SolarPV_Area(sqm)": 1.76824431785 }, "geometry": { "type": "Polygon", "coordinates": [ [ [ 73.216470257328623, 33.686002544934411 ], [ 73.216470151958603, 33.685992085602827 ], [ 73.216486591680933, 33.68599196946316 ], [ 73.216486697071588, 33.686002427893293 ], [ 73.216470257328623, 33.686002544934411 ] ] ] } },
{ "type": "Feature", "id": 1070, "properties": { "FID": 1070, "class": "solar_panels", "SolarPV_Area(sqm)": 5.2726678432999998 }, "geometry": { "type": "Polygon", "coordinates": [ [ [ 73.21646310647138, 33.68602662081198 ], [ 73.21644712968245, 33.686026310783348 ], [ 73.216448021043604, 33.685994235119743 ], [ 73.216463997826608, 33.68599454514807 ], [ 73.21646310647138, 33.68602662081198 ] ] ] } },
{ "type": "Feature", "id": 1071, "properties": { "FID": 1071, "class": "solar_panels", "SolarPV_Area(sqm)": 5.9196287199500004 }, "geometry": { "type": "Polygon", "coordinates": [ [ [ 73.216424775805081, 33.686046352674076 ], [ 73.216424661914118, 33.686037767996432 ], [ 73.216491709923034, 33.686037145314799 ], [ 73.216491823820661, 33.6860457299926 ], [ 73.216424775805081, 33.686046352674076 ] ] ] } },
{ "type": "Feature", "id": 1072, "properties": { "FID": 1072, "class": "solar_panels", "SolarPV_Area(sqm)": 14.238886284399999 }, "geometry": { "type": "Polygon", "coordinates": [ [ [ 73.216386029609467, 33.685707611985627 ], [ 73.216394034775902, 33.685695493273244 ], [ 73.21648159180593, 33.685735914927513 ], [ 73.216473586647524, 33.685748033645794 ], [ 73.216386029609467, 33.685707611985627 ] ] ] } },
{ "type": "Feature", "id": 1073, "properties": { "FID": 1073, "class": "solar_panels", "SolarPV_Area(sqm)": 15.5247131267 }, "geometry": { "type": "Polygon", "coordinates": [ [ [ 73.216398393669749, 33.685690226756272 ], [ 73.216407651160395, 33.685676230606823 ], [ 73.216490258912316, 33.685714415648953 ], [ 73.216481000352033, 33.685728411789242 ], [ 73.216398393669749, 33.685690226756272 ] ] ] } },
{ "type": "Feature", "id": 1074, "properties": { "FID": 1074, "class": "solar_panels", "SolarPV_Area(sqm)": 62.478487679200001 }, "geometry": { "type": "Polygon", "coordinates": [ [ [ 73.216700809446806, 33.685820231703651 ], [ 73.216747284172385, 33.685752089537729 ], [ 73.216814572452677, 33.685784161965032 ], [ 73.216768097760593, 33.685852304157102 ], [ 73.216700809446806, 33.685820231703651 ] ] ] } },
{ "type": "Feature", "id": 1075, "properties": { "FID": 1075, "class": "solar_panels", "SolarPV_Area(sqm)": 34.150303586500002 }, "geometry": { "type": "Polygon", "coordinates": [ [ [ 73.216921161465621, 33.685561143894709 ], [ 73.216872328542394, 33.685538484562763 ], [ 73.216883381873572, 33.685521882034806 ], [ 73.216833472514722, 33.685498749051668 ], [ 73.216844658608011, 33.685481881519983 ], [ 73.216947531027472, 33.685529563124426 ], [ 73.216937455021068, 33.685544754970437 ], [ 73.216933306142678, 33.685542832031246 ], [ 73.216921161465621, 33.685561143894709 ] ] ] } },
{ "type": "Feature", "id": 1076, "properties": { "FID": 1076, "class": "solar_panels", "SolarPV_Area(sqm)": 9.2305175412900002 }, "geometry": { "type": "Polygon", "coordinates": [ [ [ 73.216709869388239, 33.685322515839204 ], [ 73.216728725901589, 33.685295004552138 ], [ 73.216753288601751, 33.685306770109484 ], [ 73.216734433171681, 33.68533428141599 ], [ 73.216709869388239, 33.685322515839204 ] ] ] } },
{ "type": "Feature", "id": 1077, "properties": { "FID": 1077, "class": "solar_panels", "SolarPV_Area(sqm)": 6.5419520537200002 }, "geometry": { "type": "Polygon", "coordinates": [ [ [ 73.216698477983769, 33.685371412121597 ], [ 73.216720043232527, 33.685339665555581 ], [ 73.216735195966166, 33.685346859476304 ], [ 73.216713630739548, 33.685378605143555 ], [ 73.216698477983769, 33.685371412121597 ] ] ] } },
{ "type": "Feature", "id": 1078, "properties": { "FID": 1078, "class": "solar_panels", "SolarPV_Area(sqm)": 6.4327419815000004 }, "geometry": { "type": "Polygon", "coordinates": [ [ [ 73.216676291612075, 33.685313015229084 ], [ 73.216695250702358, 33.685282836192634 ], [ 73.216711497401505, 33.685289969258157 ], [ 73.216692537218123, 33.685320149183127 ], [ 73.216676291612075, 33.685313015229084 ] ] ] } },
{ "type": "Feature", "id": 1079, "properties": { "FID": 1079, "class": "solar_panels", "SolarPV_Area(sqm)": 17.3669822604 }, "geometry": { "type": "Polygon", "coordinates": [ [ [ 73.216734057879009, 33.685386394623322 ], [ 73.216771555148185, 33.685332887503357 ], [ 73.216795053105969, 33.685344396008709 ], [ 73.216757555845689, 33.685397903136042 ], [ 73.216734057879009, 33.685386394623322 ] ] ] } },
{ "type": "Feature", "id": 1080, "properties": { "FID": 1080, "class": "solar_panels", "SolarPV_Area(sqm)": 21.758066581200001 }, "geometry": { "type": "Polygon", "coordinates": [ [ [ 73.216645479984635, 33.686717632339253 ], [ 73.216616628780329, 33.686690630784575 ], [ 73.216667810430835, 33.686652413274487 ], [ 73.21668528856371, 33.686668771180926 ], [ 73.21666670913072, 33.686682644495818 ], [ 73.216677601759159, 33.686692838429792 ], [ 73.216645479984635, 33.686717632339253 ] ] ] } },
{ "type": "Feature", "id": 1081, "properties": { "FID": 1081, "class": "solar_panels", "SolarPV_Area(sqm)": 54.413199798800001 }, "geometry": { "type": "Polygon", "coordinates": [ [ [ 73.216764429801842, 33.686763644384854 ], [ 73.216674407099106, 33.686723466868862 ], [ 73.216703619732328, 33.686677725255059 ], [ 73.216793642402948, 33.686717902748917 ], [ 73.216764429801842, 33.686763644384854 ] ] ] } },
{ "type": "Feature", "id": 1082, "properties": { "FID": 1082, "class": "solar_panels", "SolarPV_Area(sqm)": 22.027963228400001 }, "geometry": { "type": "Polygon", "coordinates": [ [ [ 73.216781919800866, 33.686818387128994 ], [ 73.21680096260431, 33.686786311975723 ], [ 73.216853255059533, 33.686810722919731 ], [ 73.216834211190942, 33.68684279806584 ], [ 73.216781919800866, 33.686818387128994 ] ] ] } },
{ "type": "Feature", "id": 1083, "properties": { "FID": 1083, "class": "solar_panels", "SolarPV_Area(sqm)": 52.64966974 }, "geometry": { "type": "Polygon", "coordinates": [ [ [ 73.216861730223414, 33.686709423348155 ], [ 73.216903803468938, 33.686639331103926 ], [ 73.216962156865506, 33.686663808747092 ], [ 73.216920083653591, 33.686733901012076 ], [ 73.216861730223414, 33.686709423348155 ] ] ] } },
{ "type": "Feature", "id": 1084, "properties": { "FID": 1084, "class": "solar_panels", "SolarPV_Area(sqm)": 55.759620141699997 }, "geometry": { "type": "Polygon", "coordinates": [ [ [ 73.216960977001008, 33.686602325365939 ], [ 73.216981955723881, 33.686569426855186 ], [ 73.217110303100043, 33.686626625385152 ], [ 73.217089323331777, 33.68665952390301 ], [ 73.216960977001008, 33.686602325365939 ] ] ] } },
{ "type": "Feature", "id": 1085, "properties": { "FID": 1085, "class": "solar_panels", "SolarPV_Area(sqm)": 16.121498671400001 }, "geometry": { "type": "Polygon", "coordinates": [ [ [ 73.216899222520965, 33.686186831435755 ], [ 73.216923452039396, 33.686149928208337 ], [ 73.21695609933829, 33.686164907998879 ], [ 73.21693186982904, 33.68620181123292 ], [ 73.216899222520965, 33.686186831435755 ] ] ] } },
{ "type": "Feature", "id": 1086, "properties": { "FID": 1086, "class": "solar_panels", "SolarPV_Area(sqm)": 11.643958915000001 }, "geometry": { "type": "Polygon", "coordinates": [ [ [ 73.21693920834953, 33.686220557617922 ], [ 73.216946928922326, 33.68620795862833 ], [ 73.217018121868463, 33.686238445189723 ], [ 73.217010402381305, 33.686251044199537 ], [ 73.21693920834953, 33.686220557617922 ] ] ] } },
{ "type": "Feature", "id": 1087, "properties": { "FID": 1087, "class": "solar_panels", "SolarPV_Area(sqm)": 12.063262935799999 }, "geometry": { "type": "Polygon", "coordinates": [ [ [ 73.217022290715434, 33.68623062841143 ], [ 73.216954161118579, 33.68620145666096 ], [ 73.216962518059802, 33.686187816295131 ], [ 73.217030647649153, 33.686216988040819 ], [ 73.217022290715434, 33.68623062841143 ] ] ] } },
{ "type": "Feature", "id": 1088, "properties": { "FID": 1088, "class": "solar_panels", "SolarPV_Area(sqm)": 10.739645703300001 }, "geometry": { "type": "Polygon", "coordinates": [ [ [ 73.217034338003643, 33.686214424372402 ], [ 73.2169649201021, 33.686183754231031 ], [ 73.216972355818555, 33.686171994281736 ], [ 73.217041772635312, 33.686202664403211 ], [ 73.217034338003643, 33.686214424372402 ] ] ] } },
{ "type": "Feature", "id": 1089, "properties": { "FID": 1089, "class": "solar_panels", "SolarPV_Area(sqm)": 19.398275098100001 }, "geometry": { "type": "Polygon", "coordinates": [ [ [ 73.217389664559846, 33.68570487871434 ], [ 73.217436618466266, 33.685606499668772 ], [ 73.217453159689668, 33.685612017311705 ], [ 73.217406205798525, 33.685710396363994 ], [ 73.217389664559846, 33.68570487871434 ] ] ] } },
{ "type": "Feature", "id": 1090, "properties": { "FID": 1090, "class": "solar_panels", "SolarPV_Area(sqm)": 18.33011201 }, "geometry": { "type": "Polygon", "coordinates": [ [ [ 73.217412618553809, 33.685712335723906 ], [ 73.217459943683821, 33.685615411168499 ], [ 73.217475707866086, 33.685620790446514 ], [ 73.217428382750271, 33.68571771500838 ], [ 73.217412618553809, 33.685712335723906 ] ] ] } },
{ "type": "Feature", "id": 1091, "properties": { "FID": 1091, "class": "solar_panels", "SolarPV_Area(sqm)": 14.8660639207 }, "geometry": { "type": "Polygon", "coordinates": [ [ [ 73.218073244587714, 33.686266124116372 ], [ 73.218082162118819, 33.686251708121098 ], [ 73.218161286041109, 33.686285912804053 ], [ 73.218152369597547, 33.686300328820828 ], [ 73.218073244587714, 33.686266124116372 ] ] ] } },
{ "type": "Feature", "id": 1092, "properties": { "FID": 1092, "class": "solar_panels", "SolarPV_Area(sqm)": 14.3587919018 }, "geometry": { "type": "Polygon", "coordinates": [ [ [ 73.218087866475813, 33.686244071264156 ], [ 73.21809711850112, 33.68623001629139 ], [ 73.21817337440244, 33.68626509579309 ], [ 73.218164122385261, 33.686279150771774 ], [ 73.218087866475813, 33.686244071264156 ] ] ] } },
{ "type": "Feature", "id": 1093, "properties": { "FID": 1093, "class": "solar_panels", "SolarPV_Area(sqm)": 5.5204174010799996 }, "geometry": { "type": "Polygon", "coordinates": [ [ [ 73.218133824914318, 33.686199804465872 ], [ 73.218147741786211, 33.68617318119118 ], [ 73.218164672825964, 33.68617936626228 ], [ 73.218150755958121, 33.686205989538998 ], [ 73.218133824914318, 33.686199804465872 ] ] ] } },
{ "type": "Feature", "id": 1094, "properties": { "FID": 1094, "class": "solar_panels", "SolarPV_Area(sqm)": 4.9687685611300001 }, "geometry": { "type": "Polygon", "coordinates": [ [ [ 73.218157932058517, 33.686210563117406 ], [ 73.218171273130579, 33.686184555558583 ], [ 73.218186965505453, 33.686190180796906 ], [ 73.21817362549686, 33.686216189274582 ], [ 73.218157932058517, 33.686210563117406 ] ] ] } },
{ "type": "Feature", "id": 1095, "properties": { "FID": 1095, "class": "solar_panels", "SolarPV_Area(sqm)": 2.2614410902199999 }, "geometry": { "type": "Polygon", "coordinates": [ [ [ 73.218186467219596, 33.686202040888141 ], [ 73.218193022409082, 33.686190967032502 ], [ 73.218208975146908, 33.686197566326854 ], [ 73.218202418880495, 33.686208640167841 ], [ 73.218186467219596, 33.686202040888141 ] ] ] } },
{ "type": "Feature", "id": 1096, "properties": { "FID": 1096, "class": "solar_panels", "SolarPV_Area(sqm)": 7.0817341648700003 }, "geometry": { "type": "Polygon", "coordinates": [ [ [ 73.218199303625681, 33.686230326962026 ], [ 73.218217112315003, 33.68619979112966 ], [ 73.218235218564175, 33.686207416133499 ], [ 73.218217408801024, 33.686237951953046 ], [ 73.218199303625681, 33.686230326962026 ] ] ] } },
{ "type": "Feature", "id": 1097, "properties": { "FID": 1097, "class": "solar_panels", "SolarPV_Area(sqm)": 6.01622344961 }, "geometry": { "type": "Polygon", "coordinates": [ [ [ 73.218226824131932, 33.686238405179964 ], [ 73.21824082987925, 33.686211499119231 ], [ 73.218258928463243, 33.686218502690338 ], [ 73.218244922720231, 33.686245408753237 ], [ 73.218226824131932, 33.686238405179964 ] ] ] } },
{ "type": "Feature", "id": 1098, "properties": { "FID": 1098, "class": "solar_panels", "SolarPV_Area(sqm)": 14.3058819494 }, "geometry": { "type": "Polygon", "coordinates": [ [ [ 73.218202999081953, 33.686864608719524 ], [ 73.218210740199424, 33.686852785467252 ], [ 73.218301281637395, 33.686894213799967 ], [ 73.21829354052808, 33.686906037058129 ], [ 73.218202999081953, 33.686864608719524 ] ] ] } },
{ "type": "Feature", "id": 1099, "properties": { "FID": 1099, "class": "solar_panels", "SolarPV_Area(sqm)": 2.8821180315800001 }, "geometry": { "type": "Polygon", "coordinates": [ [ [ 73.218213232867797, 33.686848459565667 ], [ 73.21822082805916, 33.686836964255221 ], [ 73.218239510306859, 33.68684559041575 ], [ 73.218231915117116, 33.686857085727375 ], [ 73.218213232867797, 33.686848459565667 ] ] ] } },
{ "type": "Feature", "id": 1100, "properties": { "FID": 1100, "class": "solar_panels", "SolarPV_Area(sqm)": 3.9242427523600001 }, "geometry": { "type": "Polygon", "coordinates": [ [ [ 73.218250600316964, 33.686866353086486 ], [ 73.218258156278992, 33.686854510928669 ], [ 73.218283243968131, 33.68686569761315 ], [ 73.218275688008433, 33.686877539772567 ], [ 73.218250600316964, 33.686866353086486 ] ] ] } },
{ "type": "Feature", "id": 1101, "properties": { "FID": 1101, "class": "solar_panels", "SolarPV_Area(sqm)": 1.74602108054 }, "geometry": { "type": "Polygon", "coordinates": [ [ [ 73.218291287286476, 33.68688334401044 ], [ 73.218297271382838, 33.686873182619948 ], [ 73.218310720918723, 33.686878718683886 ], [ 73.218304736823498, 33.686888880075045 ], [ 73.218291287286476, 33.68688334401044 ] ] ] } },
{ "type": "Feature", "id": 1102, "properties": { "FID": 1102, "class": "solar_panels", "SolarPV_Area(sqm)": 13.7419819772 }, "geometry": { "type": "Polygon", "coordinates": [ [ [ 73.218310862122038, 33.686871667986537 ], [ 73.218222046313812, 33.686830778559553 ], [ 73.218229652231287, 33.686819233805913 ], [ 73.218318468031754, 33.686860123227255 ], [ 73.218310862122038, 33.686871667986537 ] ] ] } },
{ "type": "Feature", "id": 1103, "properties": { "FID": 1103, "class": "solar_panels", "SolarPV_Area(sqm)": 36.146309347299997 }, "geometry": { "type": "Polygon", "coordinates": [ [ [ 73.218415736566556, 33.686806675109786 ], [ 73.2183587328485, 33.686781430367141 ], [ 73.218385652906562, 33.686731689295037 ], [ 73.218442658757695, 33.686756934055751 ], [ 73.218415736566556, 33.686806675109786 ] ] ] } },
{ "type": "Feature", "id": 1104, "properties": { "FID": 1104, "class": "solar_panels", "SolarPV_Area(sqm)": 3.8807883201100002 }, "geometry": { "type": "Polygon", "coordinates": [ [ [ 73.218437569556755, 33.686567497311906 ], [ 73.218446119257962, 33.686548427366951 ], [ 73.218463471422027, 33.686553864593101 ], [ 73.218454921723989, 33.686572934539349 ], [ 73.218437569556755, 33.686567497311906 ] ] ] } },
{ "type": "Feature", "id": 1105, "properties": { "FID": 1105, "class": "solar_panels", "SolarPV_Area(sqm)": 3.4048781745099999 }, "geometry": { "type": "Polygon", "coordinates": [ [ [ 73.218460452244869, 33.686575863889644 ], [ 73.218468269204678, 33.686558846622823 ], [ 73.218485226420142, 33.686564290774854 ], [ 73.218477409481707, 33.686581307141324 ], [ 73.218460452244869, 33.686575863889644 ] ] ] } },
{ "type": "Feature", "id": 1106, "properties": { "FID": 1106, "class": "solar_panels", "SolarPV_Area(sqm)": 3.4056268801399998 }, "geometry": { "type": "Polygon", "coordinates": [ [ [ 73.218484228589475, 33.686585880061791 ], [ 73.218492114259476, 33.68656934893599 ], [ 73.218509399306356, 33.686575111628194 ], [ 73.218501513639055, 33.686591642755168 ], [ 73.218484228589475, 33.686585880061791 ] ] ] } },
{ "type": "Feature", "id": 1107, "properties": { "FID": 1107, "class": "solar_panels", "SolarPV_Area(sqm)": 3.4923203376199998 }, "geometry": { "type": "Polygon", "coordinates": [ [ [ 73.218507591864949, 33.686596990430402 ], [ 73.21851594439876, 33.686579110677272 ], [ 73.218532425083978, 33.686584490237465 ], [ 73.218524072534365, 33.68660237089329 ], [ 73.218507591864949, 33.686596990430402 ] ] ] } },
{ "type": "Feature", "id": 1108, "properties": { "FID": 1108, "class": "solar_panels", "SolarPV_Area(sqm)": 1.42440167003 }, "geometry": { "type": "Polygon", "coordinates": [ [ [ 73.218535488237919, 33.686608973250976 ], [ 73.218540296194845, 33.686599662387692 ], [ 73.218552836724484, 33.686604187057796 ], [ 73.218548028768623, 33.686613497921606 ], [ 73.218535488237919, 33.686608973250976 ] ] ] } },
{ "type": "Feature", "id": 1109, "properties": { "FID": 1109, "class": "solar_panels", "SolarPV_Area(sqm)": 3.2671375252499999 }, "geometry": { "type": "Polygon", "coordinates": [ [ [ 73.218551856865261, 33.686618058364608 ], [ 73.21856031939582, 33.686601173042234 ], [ 73.218576326168971, 33.686606779320513 ], [ 73.218567862562494, 33.686623664628499 ], [ 73.218551856865261, 33.686618058364608 ] ] ] } },
{ "type": "Feature", "id": 1110, "properties": { "FID": 1110, "class": "solar_panels", "SolarPV_Area(sqm)": 22.111227656299999 }, "geometry": { "type": "Polygon", "coordinates": [ [ [ 73.218364297553364, 33.687093854488189 ], [ 73.218372482745551, 33.687080898696919 ], [ 73.218502253780798, 33.687138192087048 ], [ 73.218494068601871, 33.687151147887249 ], [ 73.218364297553364, 33.687093854488189 ] ] ] } },
{ "type": "Feature", "id": 1111, "properties": { "FID": 1111, "class": "solar_panels", "SolarPV_Area(sqm)": 6.3951029802399999 }, "geometry": { "type": "Polygon", "coordinates": [ [ [ 73.218374613389258, 33.687070959470638 ], [ 73.218383730286178, 33.687057338986037 ], [ 73.218418501562311, 33.687073603392193 ], [ 73.218409384650315, 33.687087224780953 ], [ 73.218374613389258, 33.687070959470638 ] ] ] } },
{ "type": "Feature", "id": 1112, "properties": { "FID": 1112, "class": "solar_panels", "SolarPV_Area(sqm)": 5.8743211195000002 }, "geometry": { "type": "Polygon", "coordinates": [ [ [ 73.218430890774513, 33.687099053242015 ], [ 73.218440464733931, 33.687084454613483 ], [ 73.21847055261091, 33.687098243737786 ], [ 73.218460978654818, 33.687112842368748 ], [ 73.218430890774513, 33.687099053242015 ] ] ] } },
{ "type": "Feature", "id": 1113, "properties": { "FID": 1113, "class": "solar_panels", "SolarPV_Area(sqm)": 4.1577755132099998 }, "geometry": { "type": "Polygon", "coordinates": [ [ [ 73.218479666103804, 33.687119652406686 ], [ 73.218488346134208, 33.687106919266739 ], [ 73.21851231588407, 33.687118338671631 ], [ 73.218503634777491, 33.687131071797772 ], [ 73.218479666103804, 33.687119652406686 ] ] ] } },
{ "type": "Feature", "id": 1114, "properties": { "FID": 1114, "class": "solar_panels", "SolarPV_Area(sqm)": 23.850492508399999 }, "geometry": { "type": "Polygon", "coordinates": [ [ [ 73.218385462419164, 33.687047631177123 ], [ 73.218394769405492, 33.687034155912627 ], [ 73.218523860861893, 33.687096464134093 ], [ 73.218514553906687, 33.68710993850712 ], [ 73.218385462419164, 33.687047631177123 ] ] ] } },
{ "type": "Feature", "id": 1115, "properties": { "FID": 1115, "class": "solar_panels", "SolarPV_Area(sqm)": 6.2531858982899999 }, "geometry": { "type": "Polygon", "coordinates": [ [ [ 73.218440987792079, 33.686964605357439 ], [ 73.218458108824052, 33.686933941445574 ], [ 73.218474392547833, 33.686940295691265 ], [ 73.218457270441775, 33.686970959589949 ], [ 73.218440987792079, 33.686964605357439 ] ] ] } },
{ "type": "Feature", "id": 1116, "properties": { "FID": 1116, "class": "solar_panels", "SolarPV_Area(sqm)": 6.7156820441400003 }, "geometry": { "type": "Polygon", "coordinates": [ [ [ 73.218460302288676, 33.686973489491834 ], [ 73.218477496413215, 33.686943674294085 ], [ 73.218495269342, 33.686950837258287 ], [ 73.218478076300329, 33.686980652474205 ], [ 73.218460302288676, 33.686973489491834 ] ] ] } },
{ "type": "Feature", "id": 1117, "properties": { "FID": 1117, "class": "solar_panels", "SolarPV_Area(sqm)": 6.1442525218300004 }, "geometry": { "type": "Polygon", "coordinates": [ [ [ 73.218481982106724, 33.686982388798313 ], [ 73.218496479274435, 33.686956344676247 ], [ 73.21851533815213, 33.686963680206617 ], [ 73.218500840988668, 33.686989724331006 ], [ 73.218481982106724, 33.686982388798313 ] ] ] } },
{ "type": "Feature", "id": 1118, "properties": { "FID": 1118, "class": "solar_panels", "SolarPV_Area(sqm)": 7.10691745967 }, "geometry": { "type": "Polygon", "coordinates": [ [ [ 73.218503642378721, 33.68699359454385 ], [ 73.218525715549177, 33.686953324256862 ], [ 73.218539899689219, 33.686958757267405 ], [ 73.218517826523751, 33.686999027557071 ], [ 73.218503642378721, 33.68699359454385 ] ] ] } },
{ "type": "Feature", "id": 1119, "properties": { "FID": 1119, "class": "solar_panels", "SolarPV_Area(sqm)": 36.938668999199997 }, "geometry": { "type": "Polygon", "coordinates": [ [ [ 73.218498646236299, 33.686824680702479 ], [ 73.218541297604972, 33.686750715002233 ], [ 73.218580705487838, 33.68676659534291 ], [ 73.218538054143821, 33.68684056105743 ], [ 73.218498646236299, 33.686824680702479 ] ] ] } },
{ "type": "Feature", "id": 1120, "properties": { "FID": 1120, "class": "solar_panels", "SolarPV_Area(sqm)": 23.148957660499999 }, "geometry": { "type": "Polygon", "coordinates": [ [ [ 73.218594926499989, 33.686726852060694 ], [ 73.218603059725439, 33.686714111025552 ], [ 73.218740579140373, 33.686775465646022 ], [ 73.218732445928566, 33.686788206690601 ], [ 73.218594926499989, 33.686726852060694 ] ] ] } },
{ "type": "Feature", "id": 1121, "properties": { "FID": 1121, "class": "solar_panels", "SolarPV_Area(sqm)": 13.051505029499999 }, "geometry": { "type": "Polygon", "coordinates": [ [ [ 73.218604053465484, 33.68670212822262 ], [ 73.218611950417355, 33.686690172827312 ], [ 73.218693305735499, 33.686727723357038 ], [ 73.218685408772359, 33.686739679659233 ], [ 73.218604053465484, 33.68670212822262 ] ] ] } },
{ "type": "Feature", "id": 1122, "properties": { "FID": 1122, "class": "solar_panels", "SolarPV_Area(sqm)": 5.4199559103699997 }, "geometry": { "type": "Polygon", "coordinates": [ [ [ 73.218707357227544, 33.686752391871423 ], [ 73.21871533208018, 33.686739901941991 ], [ 73.218748174360869, 33.686754554932776 ], [ 73.218740200571219, 33.686767045781458 ], [ 73.218707357227544, 33.686752391871423 ] ] ] } },
{ "type": "Feature", "id": 1123, "properties": { "FID": 1123, "class": "solar_panels", "SolarPV_Area(sqm)": 43.888080734500001 }, "geometry": { "type": "Polygon", "coordinates": [ [ [ 73.218877175909654, 33.686546308258045 ], [ 73.218811889605362, 33.686518514034411 ], [ 73.218843513019905, 33.686466604284881 ], [ 73.218908799296671, 33.686494398491064 ], [ 73.218877175909654, 33.686546308258045 ] ] ] } },
{ "type": "Feature", "id": 1124, "properties": { "FID": 1124, "class": "solar_panels", "SolarPV_Area(sqm)": 12.0293973909 }, "geometry": { "type": "Polygon", "coordinates": [ [ [ 73.218583300013776, 33.687649962215886 ], [ 73.218587302711057, 33.687625206869654 ], [ 73.218631107252122, 33.687637406460091 ], [ 73.218627406857735, 33.687663613506238 ], [ 73.218583300013776, 33.687649962215886 ] ] ] } },
{ "type": "Feature", "id": 1125, "properties": { "FID": 1125, "class": "solar_panels", "SolarPV_Area(sqm)": 6.9027804881800003 }, "geometry": { "type": "Polygon", "coordinates": [ [ [ 73.218620644680342, 33.687620939879366 ], [ 73.218623809844601, 33.687605353361697 ], [ 73.218665580471693, 33.68761742080757 ], [ 73.218662927789424, 33.687632167053998 ], [ 73.218620644680342, 33.687620939879366 ] ] ] } },
{ "type": "Feature", "id": 1126, "properties": { "FID": 1126, "class": "solar_panels", "SolarPV_Area(sqm)": 6.77499044224 }, "geometry": { "type": "Polygon", "coordinates": [ [ [ 73.218760344302808, 33.687429487094612 ], [ 73.218778138546924, 33.687400595805592 ], [ 73.218796164661285, 33.687408354841075 ], [ 73.218778370439949, 33.687437245231301 ], [ 73.218760344302808, 33.687429487094612 ] ] ] } },
{ "type": "Feature", "id": 1127, "properties": { "FID": 1127, "class": "solar_panels", "SolarPV_Area(sqm)": 0.85038887994400003 }, "geometry": { "type": "Polygon", "coordinates": [ [ [ 73.21878128705572, 33.687441544538025 ], [ 73.218783874127922, 33.687437504945265 ], [ 73.218799786193657, 33.687444624802971 ], [ 73.218797199121965, 33.687448664396058 ], [ 73.21878128705572, 33.687441544538025 ] ] ] } },
{ "type": "Feature", "id": 1128, "properties": { "FID": 1128, "class": "solar_panels", "SolarPV_Area(sqm)": 2.156505028 }, "geometry": { "type": "Polygon", "coordinates": [ [ [ 73.21879566644418, 33.687420214935038 ], [ 73.21880251114284, 33.687410220132257 ], [ 73.218818313724881, 33.687417783882658 ], [ 73.218811467948953, 33.687427778670795 ], [ 73.21879566644418, 33.687420214935038 ] ] ] } },
{ "type": "Feature", "id": 1129, "properties": { "FID": 1129, "class": "solar_panels", "SolarPV_Area(sqm)": 7.4298950900999996 }, "geometry": { "type": "Polygon", "coordinates": [ [ [ 73.218803355746473, 33.687451104983438 ], [ 73.218824308188928, 33.687418986707428 ], [ 73.218841647404219, 33.687426890936187 ], [ 73.218820694947411, 33.687459010116726 ], [ 73.218803355746473, 33.687451104983438 ] ] ] } },
{ "type": "Feature", "id": 1130, "properties": { "FID": 1130, "class": "solar_panels", "SolarPV_Area(sqm)": 7.0681792901799998 }, "geometry": { "type": "Polygon", "coordinates": [ [ [ 73.218824484842358, 33.687459934970647 ], [ 73.218845218564567, 33.687428222038562 ], [ 73.218861907675759, 33.687435847261817 ], [ 73.2188411739576, 33.687467560196794 ], [ 73.218824484842358, 33.687459934970647 ] ] ] } },
{ "type": "Feature", "id": 1131, "properties": { "FID": 1131, "class": "solar_panels", "SolarPV_Area(sqm)": 7.2533191811500002 }, "geometry": { "type": "Polygon", "coordinates": [ [ [ 73.218845767574805, 33.687469161242568 ], [ 73.218866496640331, 33.687437830589694 ], [ 73.218883736315078, 33.687445801911814 ], [ 73.218863008350638, 33.687477131681732 ], [ 73.218845767574805, 33.687469161242568 ] ] ] } },
{ "type": "Feature", "id": 1132, "properties": { "FID": 1132, "class": "solar_panels", "SolarPV_Area(sqm)": 25.0514069687 }, "geometry": { "type": "Polygon", "coordinates": [ [ [ 73.218884580832153, 33.687314526461897 ], [ 73.218832592677487, 33.687291426513532 ], [ 73.218852246200768, 33.687253299953156 ], [ 73.218904235435616, 33.687276399006862 ], [ 73.218884580832153, 33.687314526461897 ] ] ] } },
{ "type": "Feature", "id": 1133, "properties": { "FID": 1133, "class": "solar_panels", "SolarPV_Area(sqm)": 9.9796430851100002 }, "geometry": { "type": "Polygon", "coordinates": [ [ [ 73.219169812509165, 33.687457123424956 ], [ 73.219119661374975, 33.68743495906115 ], [ 73.219129225594514, 33.687419835408555 ], [ 73.219179377819742, 33.687441998882349 ], [ 73.219169812509165, 33.687457123424956 ] ] ] } },
{ "type": "Feature", "id": 1134, "properties": { "FID": 1134, "class": "solar_panels", "SolarPV_Area(sqm)": 9.2217869821799994 }, "geometry": { "type": "Polygon", "coordinates": [ [ [ 73.219133568561858, 33.687410108416238 ], [ 73.219142810920815, 33.687396520343576 ], [ 73.219192685366409, 33.687420226340954 ], [ 73.219183444090831, 33.687433814432993 ], [ 73.219133568561858, 33.687410108416238 ] ] ] } },
{ "type": "Feature", "id": 1135, "properties": { "FID": 1135, "class": "solar_panels", "SolarPV_Area(sqm)": 25.4993075593 }, "geometry": { "type": "Polygon", "coordinates": [ [ [ 73.219169421529188, 33.687385351411571 ], [ 73.21911909317005, 33.687362942819071 ], [ 73.219143547859787, 33.687324560790756 ], [ 73.219193877282208, 33.68734696938845 ], [ 73.219169421529188, 33.687385351411571 ] ] ] } },
{ "type": "Feature", "id": 1136, "properties": { "FID": 1136, "class": "solar_panels", "SolarPV_Area(sqm)": 18.838571981299999 }, "geometry": { "type": "Polygon", "coordinates": [ [ [ 73.218995303295557, 33.687069453909778 ], [ 73.219008074755095, 33.687049822573137 ], [ 73.219080093124731, 33.687082565272277 ], [ 73.219067321676036, 33.68710219661665 ], [ 73.218995303295557, 33.687069453909778 ] ] ] } },
{ "type": "Feature", "id": 1137, "properties": { "FID": 1137, "class": "solar_panels", "SolarPV_Area(sqm)": 3.74959606008 }, "geometry": { "type": "Polygon", "coordinates": [ [ [ 73.219060029868302, 33.68706029720515 ], [ 73.219073845922267, 33.687038240734651 ], [ 73.2190868200925, 33.687043920457306 ], [ 73.219073004040823, 33.68706597692929 ], [ 73.219060029868302, 33.68706029720515 ] ] ] } },
{ "type": "Feature", "id": 1138, "properties": { "FID": 1138, "class": "solar_panels", "SolarPV_Area(sqm)": 13.7208676425 }, "geometry": { "type": "Polygon", "coordinates": [ [ [ 73.219017934751307, 33.686988465891901 ], [ 73.219031638351353, 33.686969716394835 ], [ 73.219083457623086, 33.686996185537225 ], [ 73.219069754029533, 33.687014935040182 ], [ 73.219017934751307, 33.686988465891901 ] ] ] } },
{ "type": "Feature", "id": 1139, "properties": { "FID": 1139, "class": "solar_panels", "SolarPV_Area(sqm)": 6.52209323736 }, "geometry": { "type": "Polygon", "coordinates": [ [ [ 73.21931136565037, 33.687119524465054 ], [ 73.219317409642883, 33.687110690389162 ], [ 73.219371508997625, 33.687136556533531 ], [ 73.219365465008593, 33.687145390612159 ], [ 73.21931136565037, 33.687119524465054 ] ] ] } },
{ "type": "Feature", "id": 1140, "properties": { "FID": 1140, "class": "solar_panels", "SolarPV_Area(sqm)": 6.3253224702999997 }, "geometry": { "type": "Polygon", "coordinates": [ [ [ 73.219322293528435, 33.687104703608263 ], [ 73.219328748725999, 33.687095022385826 ], [ 73.219377226492625, 33.687117611623243 ], [ 73.219370771317173, 33.687127291946815 ], [ 73.219322293528435, 33.687104703608263 ] ] ] } },
{ "type": "Feature", "id": 1141, "properties": { "FID": 1141, "class": "solar_panels", "SolarPV_Area(sqm)": 4.2629057881900003 }, "geometry": { "type": "Polygon", "coordinates": [ [ [ 73.219209089758408, 33.687080263280976 ], [ 73.219221260950775, 33.687055529175147 ], [ 73.21923559577931, 33.687060458386632 ], [ 73.21922342459024, 33.687085192493967 ], [ 73.219209089758408, 33.687080263280976 ] ] ] } },
{ "type": "Feature", "id": 1142, "properties": { "FID": 1142, "class": "solar_panels", "SolarPV_Area(sqm)": 4.5390211099500002 }, "geometry": { "type": "Polygon", "coordinates": [ [ [ 73.21923179213826, 33.687089432399254 ], [ 73.219243435454999, 33.68706304314955 ], [ 73.219258159106303, 33.687067582988789 ], [ 73.219246515793316, 33.687093972239985 ], [ 73.21923179213826, 33.687089432399254 ] ] ] } },
{ "type": "Feature", "id": 1143, "properties": { "FID": 1143, "class": "solar_panels", "SolarPV_Area(sqm)": 2.4737413309499998 }, "geometry": { "type": "Polygon", "coordinates": [ [ [ 73.21926225132367, 33.687104053607669 ], [ 73.219267772340672, 33.68709296117995 ], [ 73.219286259515272, 33.687099390368616 ], [ 73.21928073850016, 33.687110482797209 ], [ 73.21926225132367, 33.687104053607669 ] ] ] } },
{ "type": "Feature", "id": 1144, "properties": { "FID": 1144, "class": "solar_panels", "SolarPV_Area(sqm)": 1.88755942934 }, "geometry": { "type": "Polygon", "coordinates": [ [ [ 73.219280434123206, 33.687089468995978 ], [ 73.219285116287665, 33.687079351010318 ], [ 73.219300896253628, 33.687084454347158 ], [ 73.219296215169081, 33.687094572349018 ], [ 73.219280434123206, 33.687089468995978 ] ] ] } },
{ "type": "Feature", "id": 1145, "properties": { "FID": 1145, "class": "solar_panels", "SolarPV_Area(sqm)": 6.0634572014100003 }, "geometry": { "type": "Polygon", "coordinates": [ [ [ 73.219149347719423, 33.686980248024447 ], [ 73.219158436723561, 33.686967398090381 ], [ 73.219192436431115, 33.686984204843661 ], [ 73.219183347430047, 33.686997054780292 ], [ 73.219149347719423, 33.686980248024447 ] ] ] } },
{ "type": "Feature", "id": 1146, "properties": { "FID": 1146, "class": "solar_panels", "SolarPV_Area(sqm)": 8.4408363146699994 }, "geometry": { "type": "Polygon", "coordinates": [ [ [ 73.219146163912583, 33.68695689861184 ], [ 73.219155357262807, 33.68694317366279 ], [ 73.219200888290956, 33.686964485964701 ], [ 73.21919169494538, 33.686978210917246 ], [ 73.219146163912583, 33.68695689861184 ] ] ] } },
{ "type": "Feature", "id": 1147, "properties": { "FID": 1147, "class": "solar_panels", "SolarPV_Area(sqm)": 15.396861339399999 }, "geometry": { "type": "Polygon", "coordinates": [ [ [ 73.219122657679264, 33.686922747005184 ], [ 73.219132625360047, 33.686908142273225 ], [ 73.219209967847689, 33.686945034039752 ], [ 73.21920000017515, 33.68695963877817 ], [ 73.219122657679264, 33.686922747005184 ] ] ] } },
{ "type": "Feature", "id": 1148, "properties": { "FID": 1148, "class": "solar_panels", "SolarPV_Area(sqm)": 16.896337840499999 }, "geometry": { "type": "Polygon", "coordinates": [ [ [ 73.219123883036161, 33.686899951719283 ], [ 73.219133472824865, 33.686886147720699 ], [ 73.219222483923502, 33.686929360468916 ], [ 73.219212894143581, 33.68694316447462 ], [ 73.219123883036161, 33.686899951719283 ] ] ] } },
{ "type": "Feature", "id": 1149, "properties": { "FID": 1149, "class": "solar_panels", "SolarPV_Area(sqm)": 11.3844078162 }, "geometry": { "type": "Polygon", "coordinates": [ [ [ 73.219088976917831, 33.686799759731741 ], [ 73.21909223216818, 33.686781787514391 ], [ 73.219152451768906, 33.68678940992357 ], [ 73.219149196530665, 33.686807382142881 ], [ 73.219088976917831, 33.686799759731741 ] ] ] } },
{ "type": "Feature", "id": 1150, "properties": { "FID": 1150, "class": "solar_panels", "SolarPV_Area(sqm)": 11.919361174800001 }, "geometry": { "type": "Polygon", "coordinates": [ [ [ 73.219089537921974, 33.686771886024609 ], [ 73.219092500141912, 33.686754470482896 ], [ 73.219157737368008, 33.686762223842145 ], [ 73.219154776239222, 33.686779639401387 ], [ 73.219089537921974, 33.686771886024609 ] ] ] } },
{ "type": "Feature", "id": 1151, "properties": { "FID": 1151, "class": "solar_panels", "SolarPV_Area(sqm)": 2.8258694591400002 }, "geometry": { "type": "Polygon", "coordinates": [ [ [ 73.21913208221541, 33.686748159724026 ], [ 73.219135916660548, 33.686730974983519 ], [ 73.219151370258515, 33.686733384558238 ], [ 73.219147535816319, 33.686750569299292 ], [ 73.21913208221541, 33.686748159724026 ] ] ] } },
{ "type": "Feature", "id": 1152, "properties": { "FID": 1152, "class": "solar_panels", "SolarPV_Area(sqm)": 2.30882251382 }, "geometry": { "type": "Polygon", "coordinates": [ [ [ 73.219146804934468, 33.686723668011183 ], [ 73.219147157343713, 33.686707787528974 ], [ 73.219161290471348, 33.686708006606246 ], [ 73.219160938046087, 33.686723887990098 ], [ 73.219146804934468, 33.686723668011183 ] ] ] } },
{ "type": "Feature", "id": 1153, "properties": { "FID": 1153, "class": "solar_panels", "SolarPV_Area(sqm)": 5.8835162030800001 }, "geometry": { "type": "Polygon", "coordinates": [ [ [ 73.219243073864988, 33.686811782552908 ], [ 73.219243708950671, 33.686794591366017 ], [ 73.219276958856483, 33.686795450322926 ], [ 73.219276323777393, 33.686812641510194 ], [ 73.219243073864988, 33.686811782552908 ] ] ] } },
{ "type": "Feature", "id": 1154, "properties": { "FID": 1154, "class": "solar_panels", "SolarPV_Area(sqm)": 4.27994545529 }, "geometry": { "type": "Polygon", "coordinates": [ [ [ 73.219252625947632, 33.686783436975539 ], [ 73.219253985710438, 33.686766988471511 ], [ 73.219279168552831, 33.68676844263247 ], [ 73.219277808776184, 33.686784892038396 ], [ 73.219252625947632, 33.686783436975539 ] ] ] } },
{ "type": "Feature", "id": 1155, "properties": { "FID": 1155, "class": "solar_panels", "SolarPV_Area(sqm)": 33.095852003200001 }, "geometry": { "type": "Polygon", "coordinates": [ [ [ 73.219450481359502, 33.68671453614089 ], [ 73.219468850489832, 33.686681236163857 ], [ 73.219546333160494, 33.686715983529865 ], [ 73.219527964051508, 33.686749283518992 ], [ 73.219450481359502, 33.68671453614089 ] ] ] } },
{ "type": "Feature", "id": 1156, "properties": { "FID": 1156, "class": "solar_panels", "SolarPV_Area(sqm)": 19.304628131200001 }, "geometry": { "type": "Polygon", "coordinates": [ [ [ 73.219533013768725, 33.686760255082753 ], [ 73.219545631238503, 33.686732024902483 ], [ 73.219601240261582, 33.686756392320881 ], [ 73.219588621727411, 33.686784622491651 ], [ 73.219533013768725, 33.686760255082753 ] ] ] } },
{ "type": "Feature", "id": 1157, "properties": { "FID": 1157, "class": "solar_panels", "SolarPV_Area(sqm)": 10.5593593156 }, "geometry": { "type": "Polygon", "coordinates": [ [ [ 73.219371679839426, 33.687710912772424 ], [ 73.219395148039879, 33.687656501059962 ], [ 73.219411849708862, 33.687661534707409 ], [ 73.219388380438843, 33.687715946407742 ], [ 73.219371679839426, 33.687710912772424 ] ] ] } },
{ "type": "Feature", "id": 1158, "properties": { "FID": 1158, "class": "solar_panels", "SolarPV_Area(sqm)": 1.8169961455899999 }, "geometry": { "type": "Polygon", "coordinates": [ [ [ 73.219395090468083, 33.687720218319996 ], [ 73.219399289768901, 33.68771159842337 ], [ 73.219416873621498, 33.687717584429741 ], [ 73.219412674340688, 33.687726203425512 ], [ 73.219395090468083, 33.687720218319996 ] ] ] } },
{ "type": "Feature", "id": 1159, "properties": { "FID": 1159, "class": "solar_panels", "SolarPV_Area(sqm)": 5.9467004406399999 }, "geometry": { "type": "Polygon", "coordinates": [ [ [ 73.219403794508537, 33.687698786998546 ], [ 73.219417021162002, 33.687667076675666 ], [ 73.219433281227182, 33.687671816290518 ], [ 73.219420054578791, 33.687703526615309 ], [ 73.219403794508537, 33.687698786998546 ] ] ] } },
{ "type": "Feature", "id": 1160, "properties": { "FID": 1160, "class": "solar_panels", "SolarPV_Area(sqm)": 9.7685135293799998 }, "geometry": { "type": "Polygon", "coordinates": [ [ [ 73.219417002114653, 33.687729711466737 ], [ 73.219440596893591, 33.687675490039616 ], [ 73.219456069129535, 33.687680194849634 ], [ 73.219432475437173, 33.687734416295491 ], [ 73.219417002114653, 33.687729711466737 ] ] ] } },
{ "type": "Feature", "id": 1161, "properties": { "FID": 1161, "class": "solar_panels", "SolarPV_Area(sqm)": 9.6752111287599991 }, "geometry": { "type": "Polygon", "coordinates": [ [ [ 73.219437509700271, 33.687737614391558 ], [ 73.219457791780883, 33.687688095729811 ], [ 73.219474798909729, 33.687692964239233 ], [ 73.219454515759068, 33.687742482888467 ], [ 73.219437509700271, 33.687737614391558 ] ] ] } },
{ "type": "Feature", "id": 1162, "properties": { "FID": 1162, "class": "solar_panels", "SolarPV_Area(sqm)": 10.387173114699999 }, "geometry": { "type": "Polygon", "coordinates": [ [ [ 73.219459296221331, 33.687748728911394 ], [ 73.219481183299209, 33.687697804978171 ], [ 73.219498751574818, 33.687703081958034 ], [ 73.219476864524268, 33.687754004993117 ], [ 73.219459296221331, 33.687748728911394 ] ] ] } },
{ "type": "Feature", "id": 1163, "properties": { "FID": 1163, "class": "solar_panels", "SolarPV_Area(sqm)": 9.8976452256700007 }, "geometry": { "type": "Polygon", "coordinates": [ [ [ 73.219482062334322, 33.687758949465852 ], [ 73.219505672923063, 33.687704953696041 ], [ 73.219521397664181, 33.687709759528559 ], [ 73.219497787102313, 33.687763754400116 ], [ 73.219482062334322, 33.687758949465852 ] ] ] } },
{ "type": "Feature", "id": 1164, "properties": { "FID": 1164, "class": "solar_panels", "SolarPV_Area(sqm)": 10.0322647503 }, "geometry": { "type": "Polygon", "coordinates": [ [ [ 73.219505749582353, 33.687767658401881 ], [ 73.219525316873202, 33.687714771238412 ], [ 73.219542153418772, 33.687719124173462 ], [ 73.219522586137003, 33.687772011339852 ], [ 73.219505749582353, 33.687767658401881 ] ] ] } },
{ "type": "Feature", "id": 1165, "properties": { "FID": 1165, "class": "solar_panels", "SolarPV_Area(sqm)": 31.255222746400001 }, "geometry": { "type": "Polygon", "coordinates": [ [ [ 73.219910567912436, 33.687340033920279 ], [ 73.219934832255177, 33.687286278331754 ], [ 73.219981726990852, 33.687307651483785 ], [ 73.219957463748685, 33.68736140709764 ], [ 73.219910567912436, 33.687340033920279 ] ] ] } },
{ "type": "Feature", "id": 1166, "properties": { "FID": 1166, "class": "solar_panels", "SolarPV_Area(sqm)": 63.317341121799998 }, "geometry": { "type": "Polygon", "coordinates": [ [ [ 73.219862658192355, 33.686997829141276 ], [ 73.219900381781017, 33.686930883453499 ], [ 73.219974041719098, 33.686963388680034 ], [ 73.219936319268115, 33.687030333505419 ], [ 73.219862658192355, 33.686997829141276 ] ] ] } },
{ "type": "Feature", "id": 1167, "properties": { "FID": 1167, "class": "solar_panels", "SolarPV_Area(sqm)": 6.2729324002900002 }, "geometry": { "type": "Polygon", "coordinates": [ [ [ 73.219903731003924, 33.688168601596836 ], [ 73.219914367454876, 33.688153790919124 ], [ 73.21994464378443, 33.688168985561092 ], [ 73.219934007336562, 33.688183796241468 ], [ 73.219903731003924, 33.688168601596836 ] ] ] } },
{ "type": "Feature", "id": 1168, "properties": { "FID": 1168, "class": "solar_panels", "SolarPV_Area(sqm)": 10.3557843635 }, "geometry": { "type": "Polygon", "coordinates": [ [ [ 73.220171199017173, 33.687760394106306 ], [ 73.220181005583086, 33.687744548839675 ], [ 73.220231142270791, 33.687766232830057 ], [ 73.220221335711244, 33.687782078100831 ], [ 73.220171199017173, 33.687760394106306 ] ] ] } },
{ "type": "Feature", "id": 1169, "properties": { "FID": 1169, "class": "solar_panels", "SolarPV_Area(sqm)": 14.9933098798 }, "geometry": { "type": "Polygon", "coordinates": [ [ [ 73.220247067541308, 33.687793022081173 ], [ 73.2202564967547, 33.687778108309736 ], [ 73.220332912556927, 33.687811872230697 ], [ 73.220323482255509, 33.687826786894171 ], [ 73.220247067541308, 33.687793022081173 ] ] ] } },
{ "type": "Feature", "id": 1170, "properties": { "FID": 1170, "class": "solar_panels", "SolarPV_Area(sqm)": 6.5250784491699996 }, "geometry": { "type": "Polygon", "coordinates": [ [ [ 73.220341288311459, 33.687836440761117 ], [ 73.2203502906371, 33.687822192650231 ], [ 73.220385112228371, 33.687837567191551 ], [ 73.220376109906653, 33.687851815305081 ], [ 73.220341288311459, 33.687836440761117 ] ] ] } },
{ "type": "Feature", "id": 1171, "properties": { "FID": 1171, "class": "solar_panels", "SolarPV_Area(sqm)": 12.6794528646 }, "geometry": { "type": "Polygon", "coordinates": [ [ [ 73.220381234200588, 33.68783029356274 ], [ 73.220319940182861, 33.687802747002365 ], [ 73.220329976969552, 33.687787140402122 ], [ 73.220391270961272, 33.687814687858825 ], [ 73.220381234200588, 33.68783029356274 ] ] ] } },
{ "type": "Feature", "id": 1172, "properties": { "FID": 1172, "class": "solar_panels", "SolarPV_Area(sqm)": 20.405608794399999 }, "geometry": { "type": "Polygon", "coordinates": [ [ [ 73.220290480501433, 33.687787029469433 ], [ 73.220185637933454, 33.687740663129574 ], [ 73.220194996609223, 33.687725874594136 ], [ 73.220299839164994, 33.687772240925767 ], [ 73.220290480501433, 33.687787029469433 ] ] ] } },
{ "type": "Feature", "id": 1173, "properties": { "FID": 1173, "class": "solar_panels", "SolarPV_Area(sqm)": 6.3701501134000003 }, "geometry": { "type": "Polygon", "coordinates": [ [ [ 73.220254129199731, 33.687725250370313 ], [ 73.220238907295254, 33.68771954559719 ], [ 73.220257080214168, 33.687685661038067 ], [ 73.220272303192488, 33.687691365824364 ], [ 73.220254129199731, 33.687725250370313 ] ] ] } },
{ "type": "Feature", "id": 1174, "properties": { "FID": 1174, "class": "solar_panels", "SolarPV_Area(sqm)": 4.5956271108299998 }, "geometry": { "type": "Polygon", "coordinates": [ [ [ 73.220265986455132, 33.687721698701445 ], [ 73.220280201157337, 33.68769646459301 ], [ 73.220294697050591, 33.687702170624199 ], [ 73.220280482332939, 33.687727405635897 ], [ 73.220265986455132, 33.687721698701445 ] ] ] } },
{ "type": "Feature", "id": 1175, "properties": { "FID": 1175, "class": "solar_panels", "SolarPV_Area(sqm)": 4.21849879016 }, "geometry": { "type": "Polygon", "coordinates": [ [ [ 73.220285930088679, 33.687730850427606 ], [ 73.220300519694973, 33.687704907517031 ], [ 73.22031347061764, 33.687709997021528 ], [ 73.220298881014244, 33.687735939933702 ], [ 73.220285930088679, 33.687730850427606 ] ] ] } },
{ "type": "Feature", "id": 1176, "properties": { "FID": 1176, "class": "solar_panels", "SolarPV_Area(sqm)": 5.9157353074900003 }, "geometry": { "type": "Polygon", "coordinates": [ [ [ 73.220309627194169, 33.687743584849891 ], [ 73.220326444925675, 33.68771217324565 ], [ 73.220341703426698, 33.68771788214238 ], [ 73.220324884621036, 33.68774929373329 ], [ 73.220309627194169, 33.687743584849891 ] ] ] } },
{ "type": "Feature", "id": 1177, "properties": { "FID": 1177, "class": "solar_panels", "SolarPV_Area(sqm)": 5.6562138495600003 }, "geometry": { "type": "Polygon", "coordinates": [ [ [ 73.220332332360243, 33.687752423762753 ], [ 73.220348490158642, 33.687721366060764 ], [ 73.220363383637604, 33.687726781129939 ], [ 73.220347225843369, 33.687757838834003 ], [ 73.220332332360243, 33.687752423762753 ] ] ] } },
{ "type": "Feature", "id": 1178, "properties": { "FID": 1178, "class": "solar_panels", "SolarPV_Area(sqm)": 5.3113845611999997 }, "geometry": { "type": "Polygon", "coordinates": [ [ [ 73.220352827968185, 33.6877616447509 ], [ 73.220369003183961, 33.687730683786363 ], [ 73.220383013985909, 33.687735798472445 ], [ 73.220366838774027, 33.687766759438937 ], [ 73.220352827968185, 33.6877616447509 ] ] ] } },
{ "type": "Feature", "id": 1179, "properties": { "FID": 1179, "class": "solar_panels", "SolarPV_Area(sqm)": 5.1279091193499999 }, "geometry": { "type": "Polygon", "coordinates": [ [ [ 73.220372931297106, 33.687770533643885 ], [ 73.220388125504513, 33.687741059087536 ], [ 73.220402394681372, 33.687746199136207 ], [ 73.220387200477788, 33.687775673694404 ], [ 73.220372931297106, 33.687770533643885 ] ] ] } },
{ "type": "Feature", "id": 1180, "properties": { "FID": 1180, "class": "solar_panels", "SolarPV_Area(sqm)": 18.520881210900001 }, "geometry": { "type": "Polygon", "coordinates": [ [ [ 73.220269764079845, 33.687633015442501 ], [ 73.220277377852014, 33.687614121255393 ], [ 73.220358467853814, 33.687649444929605 ], [ 73.220350855155473, 33.687668340039146 ], [ 73.220269764079845, 33.687633015442501 ] ] ] } },
{ "type": "Feature", "id": 1181, "properties": { "FID": 1181, "class": "solar_panels", "SolarPV_Area(sqm)": 6.5151901847499998 }, "geometry": { "type": "Polygon", "coordinates": [ [ [ 73.220350327724717, 33.687687487819765 ], [ 73.22036390619057, 33.687658003514784 ], [ 73.220382620927822, 33.687664026417579 ], [ 73.220369043545631, 33.687693510740303 ], [ 73.220350327724717, 33.687687487819765 ] ] ] } },
{ "type": "Feature", "id": 1182, "properties": { "FID": 1182, "class": "solar_panels", "SolarPV_Area(sqm)": 6.2250948090499998 }, "geometry": { "type": "Polygon", "coordinates": [ [ [ 73.220373659180936, 33.687696923701196 ], [ 73.220388101773267, 33.68766874407774 ], [ 73.220406252214588, 33.687675243999273 ], [ 73.220391810686735, 33.687703424542022 ], [ 73.220373659180936, 33.687696923701196 ] ] ] } },
{ "type": "Feature", "id": 1183, "properties": { "FID": 1183, "class": "solar_panels", "SolarPV_Area(sqm)": 6.0373851221299999 }, "geometry": { "type": "Polygon", "coordinates": [ [ [ 73.220398712668612, 33.687707754173879 ], [ 73.2204128371271, 33.687679831477325 ], [ 73.220430674423554, 33.687686137512564 ], [ 73.220416549988201, 33.687714059309776 ], [ 73.220398712668612, 33.687707754173879 ] ] ] } },
{ "type": "Feature", "id": 1184, "properties": { "FID": 1184, "class": "solar_panels", "SolarPV_Area(sqm)": 5.7833794306900002 }, "geometry": { "type": "Polygon", "coordinates": [ [ [ 73.220421095994581, 33.687717448721628 ], [ 73.220436433663863, 33.687690275736607 ], [ 73.220453362558189, 33.6876969537375 ], [ 73.220438024911445, 33.687724125823209 ], [ 73.220421095994581, 33.687717448721628 ] ] ] } },
{ "type": "Feature", "id": 1185, "properties": { "FID": 1185, "class": "solar_panels", "SolarPV_Area(sqm)": 17.073808203799999 }, "geometry": { "type": "Polygon", "coordinates": [ [ [ 73.220270095882157, 33.687559732546809 ], [ 73.220274556985714, 33.687541130199328 ], [ 73.220355654307383, 33.687575153628899 ], [ 73.220351193219088, 33.687593755979734 ], [ 73.220270095882157, 33.687559732546809 ] ] ] } },
{ "type": "Feature", "id": 1186, "properties": { "FID": 1186, "class": "solar_panels", "SolarPV_Area(sqm)": 3.0866270495400001 }, "geometry": { "type": "Polygon", "coordinates": [ [ [ 73.220402881773538, 33.687403324676268 ], [ 73.220437911988654, 33.687396222003038 ], [ 73.22044026076027, 33.687404314048642 ], [ 73.220405229444992, 33.687411417608388 ], [ 73.220402881773538, 33.687403324676268 ] ] ] } },
{ "type": "Feature", "id": 1187, "properties": { "FID": 1187, "class": "solar_panels", "SolarPV_Area(sqm)": 5.0704229338499998 }, "geometry": { "type": "Polygon", "coordinates": [ [ [ 73.220381391873573, 33.687391424645305 ], [ 73.220437112705241, 33.687381462955805 ], [ 73.220439276924353, 33.687389925675177 ], [ 73.220383557184363, 33.68739988647954 ], [ 73.220381391873573, 33.687391424645305 ] ] ] } },
{ "type": "Feature", "id": 1188, "properties": { "FID": 1188, "class": "solar_panels", "SolarPV_Area(sqm)": 2.8987506461099999 }, "geometry": { "type": "Polygon", "coordinates": [ [ [ 73.220376316217965, 33.687377727594622 ], [ 73.220410440128347, 33.687371574961794 ], [ 73.220412476920032, 33.687379468633075 ], [ 73.220378351928233, 33.68738562125084 ], [ 73.220376316217965, 33.687377727594622 ] ] ] } },
{ "type": "Feature", "id": 1189, "properties": { "FID": 1189, "class": "solar_panels", "SolarPV_Area(sqm)": 44.187090849699999 }, "geometry": { "type": "Polygon", "coordinates": [ [ [ 73.220449722955422, 33.687424112535403 ], [ 73.220457179405926, 33.687385269837208 ], [ 73.220522543283451, 33.687411190449545 ], [ 73.22052242568725, 33.687401614672261 ], [ 73.22055319066142, 33.687414500459617 ], [ 73.22054428617345, 33.687462992877478 ], [ 73.220449722955422, 33.687424112535403 ] ] ] } },
{ "type": "Feature", "id": 1190, "properties": { "FID": 1190, "class": "solar_panels", "SolarPV_Area(sqm)": 58.659315105600001 }, "geometry": { "type": "Polygon", "coordinates": [ [ [ 73.220585590966024, 33.687596473479338 ], [ 73.220606744018923, 33.687539991976927 ], [ 73.220694224203868, 33.687578887407852 ], [ 73.220674028918125, 33.687634122048344 ], [ 73.220585590966024, 33.687596473479338 ] ] ] } },
{ "type": "Feature", "id": 1191, "properties": { "FID": 1191, "class": "solar_panels", "SolarPV_Area(sqm)": 9.6256557277100008 }, "geometry": { "type": "Polygon", "coordinates": [ [ [ 73.220642086597437, 33.688369150240042 ], [ 73.220670591920253, 33.688318296173946 ], [ 73.220685685630627, 33.688324208259637 ], [ 73.220657179235999, 33.688375062313867 ], [ 73.220642086597437, 33.688369150240042 ] ] ] } },
{ "type": "Feature", "id": 1192, "properties": { "FID": 1192, "class": "solar_panels", "SolarPV_Area(sqm)": 3.8716731007099998 }, "geometry": { "type": "Polygon", "coordinates": [ [ [ 73.220664027648652, 33.688375347627549 ], [ 73.220674859486493, 33.688355710723897 ], [ 73.220690635267786, 33.688361869799103 ], [ 73.220679803414072, 33.688381507605712 ], [ 73.220664027648652, 33.688375347627549 ] ] ] } },
{ "type": "Feature", "id": 1193, "properties": { "FID": 1193, "class": "solar_panels", "SolarPV_Area(sqm)": 3.9911516804399998 }, "geometry": { "type": "Polygon", "coordinates": [ [ [ 73.220679792188463, 33.688348820118733 ], [ 73.2206916025754, 33.688328129614121 ], [ 73.220706882373889, 33.688334224731527 ], [ 73.220695071989624, 33.688354915237689 ], [ 73.220679792188463, 33.688348820118733 ] ] ] } },
{ "type": "Feature", "id": 1194, "properties": { "FID": 1194, "class": "solar_panels", "SolarPV_Area(sqm)": 12.4204593496 }, "geometry": { "type": "Polygon", "coordinates": [ [ [ 73.220698325599628, 33.688374900217354 ], [ 73.220709415264906, 33.688358245567564 ], [ 73.220764783302798, 33.688384008555246 ], [ 73.220753693625866, 33.68840066411169 ], [ 73.220698325599628, 33.688374900217354 ] ] ] } },
{ "type": "Feature", "id": 1195, "properties": { "FID": 1195, "class": "solar_panels", "SolarPV_Area(sqm)": 11.8068456805 }, "geometry": { "type": "Polygon", "coordinates": [ [ [ 73.220713779855686, 33.688356674429627 ], [ 73.220725064247034, 33.688340254337788 ], [ 73.220777639247686, 33.688365502758423 ], [ 73.220766355940995, 33.688381922870761 ], [ 73.220713779855686, 33.688356674429627 ] ] ] } },
{ "type": "Feature", "id": 1196, "properties": { "FID": 1196, "class": "solar_panels", "SolarPV_Area(sqm)": 14.017099143399999 }, "geometry": { "type": "Polygon", "coordinates": [ [ [ 73.220679359335819, 33.688317380919152 ], [ 73.220688592439018, 33.688302926898245 ], [ 73.220761976804994, 33.688335683807566 ], [ 73.220752744788484, 33.68835013784971 ], [ 73.220679359335819, 33.688317380919152 ] ] ] } },
{ "type": "Feature", "id": 1197, "properties": { "FID": 1197, "class": "solar_panels", "SolarPV_Area(sqm)": 9.6072347261100006 }, "geometry": { "type": "Polygon", "coordinates": [ [ [ 73.2207817732602, 33.688424315263802 ], [ 73.220807874725153, 33.688383737369186 ], [ 73.22082573496013, 33.688391765157427 ], [ 73.22079963348223, 33.688432343957473 ], [ 73.2207817732602, 33.688424315263802 ] ] ] } },
{ "type": "Feature", "id": 1198, "properties": { "FID": 1198, "class": "solar_panels", "SolarPV_Area(sqm)": 9.5048779034400006 }, "geometry": { "type": "Polygon", "coordinates": [ [ [ 73.220802887193585, 33.688434792232734 ], [ 73.220826912867835, 33.688396897859008 ], [ 73.220845955615914, 33.688405334044013 ], [ 73.220821931007151, 33.688443229338603 ], [ 73.220802887193585, 33.688434792232734 ] ] ] } },
{ "type": "Feature", "id": 1199, "properties": { "FID": 1199, "class": "solar_panels", "SolarPV_Area(sqm)": 11.101020244700001 }, "geometry": { "type": "Polygon", "coordinates": [ [ [ 73.220901177956961, 33.688454971013662 ], [ 73.220880333984923, 33.688445945288862 ], [ 73.220905638160048, 33.688405108805142 ], [ 73.220926481046845, 33.688414134509969 ], [ 73.220901177956961, 33.688454971013662 ] ] ] } },
{ "type": "Feature", "id": 1200, "properties": { "FID": 1200, "class": "solar_panels", "SolarPV_Area(sqm)": 11.9123819253 }, "geometry": { "type": "Polygon", "coordinates": [ [ [ 73.220841579452966, 33.687747783920322 ], [ 73.220868978283946, 33.687679156222288 ], [ 73.220884166811075, 33.687683394160906 ], [ 73.220856768009099, 33.687752020961128 ], [ 73.220841579452966, 33.687747783920322 ] ] ] } },
{ "type": "Feature", "id": 1201, "properties": { "FID": 1201, "class": "solar_panels", "SolarPV_Area(sqm)": 2.60403844468 }, "geometry": { "type": "Polygon", "coordinates": [ [ [ 73.220867423375338, 33.687749524127199 ], [ 73.220874019847344, 33.687735494722688 ], [ 73.220889654766353, 33.687740632743264 ], [ 73.220883057218003, 33.687754662133102 ], [ 73.220867423375338, 33.687749524127199 ] ] ] } },
{ "type": "Feature", "id": 1202, "properties": { "FID": 1202, "class": "solar_panels", "SolarPV_Area(sqm)": 6.9744854398099996 }, "geometry": { "type": "Polygon", "coordinates": [ [ [ 73.220876392612467, 33.687724733817575 ], [ 73.220892771449627, 33.687683621792161 ], [ 73.220907622305418, 33.687687756571812 ], [ 73.220891242395965, 33.687728868583847 ], [ 73.220876392612467, 33.687724733817575 ] ] ] } },
{ "type": "Feature", "id": 1203, "properties": { "FID": 1203, "class": "solar_panels", "SolarPV_Area(sqm)": 4.6157735737400003 }, "geometry": { "type": "Polygon", "coordinates": [ [ [ 73.220887522363952, 33.687767838166302 ], [ 73.220898797924917, 33.687738284561441 ], [ 73.22091258383611, 33.687741960332474 ], [ 73.220901309376288, 33.687771513052745 ], [ 73.220887522363952, 33.687767838166302 ] ] ] } },
{ "type": "Feature", "id": 1204, "properties": { "FID": 1204, "class": "solar_panels", "SolarPV_Area(sqm)": 4.0577043014000003 }, "geometry": { "type": "Polygon", "coordinates": [ [ [ 73.220916901929627, 33.687726103591011 ], [ 73.220904214347939, 33.687722785409527 ], [ 73.220914816338194, 33.687694456623845 ], [ 73.22092750389767, 33.68769777570563 ], [ 73.220916901929627, 33.687726103591011 ] ] ] } },
{ "type": "Feature", "id": 1205, "properties": { "FID": 1205, "class": "solar_panels", "SolarPV_Area(sqm)": 10.5564971896 }, "geometry": { "type": "Polygon", "coordinates": [ [ [ 73.220910162835423, 33.687775161070014 ], [ 73.220935530277572, 33.687708003742209 ], [ 73.220949430664291, 33.687711673041832 ], [ 73.220924063231607, 33.687778830372771 ], [ 73.220910162835423, 33.687775161070014 ] ] ] } },
{ "type": "Feature", "id": 1206, "properties": { "FID": 1206, "class": "solar_panels", "SolarPV_Area(sqm)": 10.027367759100001 }, "geometry": { "type": "Polygon", "coordinates": [ [ [ 73.220933274894904, 33.687782684641853 ], [ 73.22096054715243, 33.687712553654059 ], [ 73.220973122656588, 33.687715971213798 ], [ 73.220945850407944, 33.687786102204655 ], [ 73.220933274894904, 33.687782684641853 ] ] ] } },
{ "type": "Feature", "id": 1207, "properties": { "FID": 1207, "class": "solar_panels", "SolarPV_Area(sqm)": 93.806349183400002 }, "geometry": { "type": "Polygon", "coordinates": [ [ [ 73.21710928925107, 33.685182808695608 ], [ 73.217198173618698, 33.685056406433119 ], [ 73.217249708581775, 33.685085747959661 ], [ 73.2171608242557, 33.685212150260135 ], [ 73.21710928925107, 33.685182808695608 ] ] ] } },
{ "type": "Feature", "id": 1208, "properties": { "FID": 1208, "class": "solar_panels", "SolarPV_Area(sqm)": 101.364669689 }, "geometry": { "type": "Polygon", "coordinates": [ [ [ 73.217710588444262, 33.685523563704834 ], [ 73.217630733560966, 33.6854819627114 ], [ 73.217693528294859, 33.685391238180536 ], [ 73.217773384206794, 33.685432839147772 ], [ 73.217710588444262, 33.685523563704834 ] ] ] } },
{ "type": "Feature", "id": 1209, "properties": { "FID": 1209, "class": "solar_panels", "SolarPV_Area(sqm)": 25.9906505475 }, "geometry": { "type": "Polygon", "coordinates": [ [ [ 73.218325886753718, 33.685867648702803 ], [ 73.218300403697711, 33.685859743275977 ], [ 73.218339104274747, 33.685772564739736 ], [ 73.218364586230933, 33.685780470142404 ], [ 73.218325886753718, 33.685867648702803 ] ] ] } },
{ "type": "Feature", "id": 1210, "properties": { "FID": 1210, "class": "solar_panels", "SolarPV_Area(sqm)": 25.552918771400002 }, "geometry": { "type": "Polygon", "coordinates": [ [ [ 73.218331174592564, 33.685875853513615 ], [ 73.218368041285842, 33.685786953192704 ], [ 73.218392993492643, 33.685794184542054 ], [ 73.218356127899682, 33.685883084886598 ], [ 73.218331174592564, 33.685875853513615 ] ] ] } },
{ "type": "Feature", "id": 1211, "properties": { "FID": 1211, "class": "solar_panels", "SolarPV_Area(sqm)": 13.889265118100001 }, "geometry": { "type": "Polygon", "coordinates": [ [ [ 73.220370588624306, 33.686596572281317 ], [ 73.220403507070742, 33.686532555583391 ], [ 73.220421315240671, 33.686538954981131 ], [ 73.220388396804552, 33.686602971684088 ], [ 73.220370588624306, 33.686596572281317 ] ] ] } },
{ "type": "Feature", "id": 1212, "properties": { "FID": 1212, "class": "solar_panels", "SolarPV_Area(sqm)": 3.2250771284700002 }, "geometry": { "type": "Polygon", "coordinates": [ [ [ 73.220392796388708, 33.686608176052083 ], [ 73.220401860273313, 33.686591562576709 ], [ 73.220417487770277, 33.686597520255027 ], [ 73.220408423887946, 33.686614133731602 ], [ 73.220392796388708, 33.686608176052083 ] ] ] } },
{ "type": "Feature", "id": 1213, "properties": { "FID": 1213, "class": "solar_panels", "SolarPV_Area(sqm)": 2.8833699362799998 }, "geometry": { "type": "Polygon", "coordinates": [ [ [ 73.220414711424525, 33.686617339923131 ], [ 73.220422508711209, 33.686602305232867 ], [ 73.220438207550174, 33.686607994307352 ], [ 73.220430410247019, 33.686623029900169 ], [ 73.220414711424525, 33.686617339923131 ] ] ] } },
{ "type": "Feature", "id": 1214, "properties": { "FID": 1214, "class": "solar_panels", "SolarPV_Area(sqm)": 4.7672144401600001 }, "geometry": { "type": "Polygon", "coordinates": [ [ [ 73.220434891308997, 33.686626427393115 ], [ 73.220448544641997, 33.686600522369645 ], [ 73.220463530717865, 33.686606041559855 ], [ 73.220449878448122, 33.686631947502114 ], [ 73.220434891308997, 33.686626427393115 ] ] ] } },
{ "type": "Feature", "id": 1215, "properties": { "FID": 1215, "class": "solar_panels", "SolarPV_Area(sqm)": 10.1938783469 }, "geometry": { "type": "Polygon", "coordinates": [ [ [ 73.220454387261498, 33.686632742888079 ], [ 73.220479258368812, 33.686583696841275 ], [ 73.220496391569839, 33.686589768180582 ], [ 73.220471520470198, 33.68663881423106 ], [ 73.220454387261498, 33.686632742888079 ] ] ] } },
{ "type": "Feature", "id": 1216, "properties": { "FID": 1216, "class": "solar_panels", "SolarPV_Area(sqm)": 4.97177224085 }, "geometry": { "type": "Polygon", "coordinates": [ [ [ 73.220468169234081, 33.686589660109263 ], [ 73.220453424073369, 33.686584437465207 ], [ 73.220467514475757, 33.686556638707721 ], [ 73.220482259632732, 33.686561861349979 ], [ 73.220468169234081, 33.686589660109263 ] ] ] } },
{ "type": "Feature", "id": 1217, "properties": { "FID": 1217, "class": "solar_panels", "SolarPV_Area(sqm)": 4.4650047215799997 }, "geometry": { "type": "Polygon", "coordinates": [ [ [ 73.220448542697739, 33.686580312790703 ], [ 73.220433836657222, 33.686574867069147 ], [ 73.220446915712927, 33.686550184687576 ], [ 73.220461621750218, 33.686555630407518 ], [ 73.220448542697739, 33.686580312790703 ] ] ] } },
{ "type": "Feature", "id": 1218, "properties": { "FID": 1218, "class": "solar_panels", "SolarPV_Area(sqm)": 4.6469752408499998 }, "geometry": { "type": "Polygon", "coordinates": [ [ [ 73.220426051258698, 33.68657404522088 ], [ 73.220411226428581, 33.686568448993455 ], [ 73.220424904363213, 33.686543129575007 ], [ 73.220439729190019, 33.686548725800691 ], [ 73.220426051258698, 33.68657404522088 ] ] ] } },
{ "type": "Feature", "id": 1219, "properties": { "FID": 1219, "class": "solar_panels", "SolarPV_Area(sqm)": 6.32885526934 }, "geometry": { "type": "Polygon", "coordinates": [ [ [ 73.217235378771747, 33.684533094093524 ], [ 73.2172354611006, 33.684519181888909 ], [ 73.217279697545465, 33.684519364880281 ], [ 73.217279615223731, 33.684533277085151 ], [ 73.217235378771747, 33.684533094093524 ] ] ] } },
{ "type": "Feature", "id": 1220, "properties": { "FID": 1220, "class": "solar_panels", "SolarPV_Area(sqm)": 8.2706951792600005 }, "geometry": { "type": "Polygon", "coordinates": [ [ [ 73.217283482216232, 33.684405295226576 ], [ 73.217272098267713, 33.684391061545618 ], [ 73.217311146502453, 33.68436923502496 ], [ 73.217322530454865, 33.684383468702485 ], [ 73.217283482216232, 33.684405295226576 ] ] ] } },
{ "type": "Feature", "id": 1221, "properties": { "FID": 1221, "class": "solar_panels", "SolarPV_Area(sqm)": 3.5893077309799999 }, "geometry": { "type": "Polygon", "coordinates": [ [ [ 73.217305736902375, 33.684416146337114 ], [ 73.217323792421681, 33.684407086207109 ], [ 73.217333995664006, 33.684421298336389 ], [ 73.217315940161285, 33.684430357566285 ], [ 73.217305736902375, 33.684416146337114 ] ] ] } },
{ "type": "Feature", "id": 1222, "properties": { "FID": 1222, "class": "solar_panels", "SolarPV_Area(sqm)": 28.5821953807 }, "geometry": { "type": "Polygon", "coordinates": [ [ [ 73.218074419273236, 33.684887265103939 ], [ 73.218086271555222, 33.684873748116161 ], [ 73.218220026957667, 33.684955716624053 ], [ 73.21820817362439, 33.684969232707743 ], [ 73.218074419273236, 33.684887265103939 ] ] ] } },
{ "type": "Feature", "id": 1223, "properties": { "FID": 1223, "class": "solar_panels", "SolarPV_Area(sqm)": 26.3817376961 }, "geometry": { "type": "Polygon", "coordinates": [ [ [ 73.21808685999487, 33.684868913202635 ], [ 73.218097948712526, 33.684856486259569 ], [ 73.218230583103306, 33.684939197875465 ], [ 73.218219494374409, 33.684951625732062 ], [ 73.21808685999487, 33.684868913202635 ] ] ] } },
{ "type": "Feature", "id": 1224, "properties": { "FID": 1224, "class": "solar_panels", "SolarPV_Area(sqm)": 15.778579300300001 }, "geometry": { "type": "Polygon", "coordinates": [ [ [ 73.218142693195077, 33.684875651297311 ], [ 73.218152803894867, 33.684864617903656 ], [ 73.218240443591739, 33.684920740208156 ], [ 73.218230333974276, 33.684931773624598 ], [ 73.218142693195077, 33.684875651297311 ] ] ] } },
{ "type": "Feature", "id": 1225, "properties": { "FID": 1225, "class": "solar_panels", "SolarPV_Area(sqm)": 14.7789494827 }, "geometry": { "type": "Polygon", "coordinates": [ [ [ 73.218258566908005, 33.685138529041296 ], [ 73.218235675096622, 33.685137993262337 ], [ 73.218238472062524, 33.685075277693123 ], [ 73.218261363857323, 33.685075813471023 ], [ 73.218258566908005, 33.685138529041296 ] ] ] } },
{ "type": "Feature", "id": 1226, "properties": { "FID": 1226, "class": "solar_panels", "SolarPV_Area(sqm)": 13.331958477600001 }, "geometry": { "type": "Polygon", "coordinates": [ [ [ 73.218264725488567, 33.685138566466819 ], [ 73.21826740746414, 33.685079330968357 ], [ 73.21828926264314, 33.68508002312597 ], [ 73.218286580682516, 33.685139258625391 ], [ 73.218264725488567, 33.685138566466819 ] ] ] } },
{ "type": "Feature", "id": 1227, "properties": { "FID": 1227, "class": "solar_panels", "SolarPV_Area(sqm)": 11.8399586499 }, "geometry": { "type": "Polygon", "coordinates": [ [ [ 73.218290337215194, 33.685139651870919 ], [ 73.218293187866834, 33.685084368552843 ], [ 73.218313976106884, 33.685085118361002 ], [ 73.218311125487091, 33.685140400778501 ], [ 73.218290337215194, 33.685139651870919 ] ] ] } },
{ "type": "Feature", "id": 1228, "properties": { "FID": 1228, "class": "solar_panels", "SolarPV_Area(sqm)": 4.1258650100400001 }, "geometry": { "type": "Polygon", "coordinates": [ [ [ 73.218324748917837, 33.685078067697589 ], [ 73.218306246293452, 33.685077324704991 ], [ 73.218307488850684, 33.685055690249328 ], [ 73.218325991470451, 33.685056433241591 ], [ 73.218324748917837, 33.685078067697589 ] ] ] } },
{ "type": "Feature", "id": 1229, "properties": { "FID": 1229, "class": "solar_panels", "SolarPV_Area(sqm)": 4.3294026006299999 }, "geometry": { "type": "Polygon", "coordinates": [ [ [ 73.218299033174404, 33.685076221511196 ], [ 73.218281010405079, 33.685075747850483 ], [ 73.218281887906414, 33.685052411000633 ], [ 73.218299910670865, 33.685052884661054 ], [ 73.218299033174404, 33.685076221511196 ] ] ] } },
{ "type": "Feature", "id": 1230, "properties": { "FID": 1230, "class": "solar_panels", "SolarPV_Area(sqm)": 4.06460074661 }, "geometry": { "type": "Polygon", "coordinates": [ [ [ 73.218274076777931, 33.685074168945228 ], [ 73.218255714526933, 33.685073628162414 ], [ 73.218256613446798, 33.685052128525321 ], [ 73.218274975674632, 33.685052670209359 ], [ 73.218274076777931, 33.685074168945228 ] ] ] } },
{ "type": "Feature", "id": 1231, "properties": { "FID": 1231, "class": "solar_panels", "SolarPV_Area(sqm)": 18.4597315886 }, "geometry": { "type": "Polygon", "coordinates": [ [ [ 73.217622070993698, 33.684314490605573 ], [ 73.217646594763465, 33.684280377922747 ], [ 73.217683752561115, 33.684301889177455 ], [ 73.217659228799178, 33.684336001867848 ], [ 73.217622070993698, 33.684314490605573 ] ] ] } },
{ "type": "Feature", "id": 1232, "properties": { "FID": 1232, "class": "solar_panels", "SolarPV_Area(sqm)": 17.695849382399999 }, "geometry": { "type": "Polygon", "coordinates": [ [ [ 73.217790003850027, 33.684455113173669 ], [ 73.217846493591622, 33.684382739652456 ], [ 73.21786316999443, 33.684391836505661 ], [ 73.217806680260168, 33.684464210034662 ], [ 73.217790003850027, 33.684455113173669 ] ] ] } },
{ "type": "Feature", "id": 1233, "properties": { "FID": 1233, "class": "solar_panels", "SolarPV_Area(sqm)": 6.0337669033300001 }, "geometry": { "type": "Polygon", "coordinates": [ [ [ 73.217822185982484, 33.684462035024943 ], [ 73.217842053408319, 33.684437100966129 ], [ 73.217858353768932, 33.684446177966819 ], [ 73.217838485285711, 33.684471111111264 ], [ 73.217822185982484, 33.684462035024943 ] ] ] } },
{ "type": "Feature", "id": 1234, "properties": { "FID": 1234, "class": "solar_panels", "SolarPV_Area(sqm)": 5.2706764861200002 }, "geometry": { "type": "Polygon", "coordinates": [ [ [ 73.217851203792335, 33.684416674442339 ], [ 73.217869789505684, 33.684394833893109 ], [ 73.217885370792828, 33.684404099807679 ], [ 73.217866786140959, 33.684425941276338 ], [ 73.217851203792335, 33.684416674442339 ] ] ] } },
{ "type": "Feature", "id": 1235, "properties": { "FID": 1235, "class": "solar_panels", "SolarPV_Area(sqm)": 15.994994091700001 }, "geometry": { "type": "Polygon", "coordinates": [ [ [ 73.21799750924697, 33.684551561489897 ], [ 73.218052440515692, 33.684476872193358 ], [ 73.218067553329831, 33.684484639801738 ], [ 73.218012620990251, 33.684559329089616 ], [ 73.21799750924697, 33.684551561489897 ] ] ] } },
{ "type": "Feature", "id": 1236, "properties": { "FID": 1236, "class": "solar_panels", "SolarPV_Area(sqm)": 5.2900706714699997 }, "geometry": { "type": "Polygon", "coordinates": [ [ [ 73.218023778837846, 33.684558445793442 ], [ 73.218043530521129, 33.684531696574659 ], [ 73.218057455847401, 33.684538882547628 ], [ 73.218037704166605, 33.684565631768685 ], [ 73.218023778837846, 33.684558445793442 ] ] ] } },
{ "type": "Feature", "id": 1237, "properties": { "FID": 1237, "class": "solar_panels", "SolarPV_Area(sqm)": 5.1801994098600002 }, "geometry": { "type": "Polygon", "coordinates": [ [ [ 73.21805435774894, 33.684514742588568 ], [ 73.21807462397021, 33.684488567097347 ], [ 73.218088186940193, 33.684495905649577 ], [ 73.218067920721111, 33.684522081143051 ], [ 73.21805435774894, 33.684514742588568 ] ] ] } },
{ "type": "Feature", "id": 1238, "properties": { "FID": 1238, "class": "solar_panels", "SolarPV_Area(sqm)": 4.5886339616200003 }, "geometry": { "type": "Polygon", "coordinates": [ [ [ 73.218378548198345, 33.684790869067299 ], [ 73.218389115530641, 33.684778248813025 ], [ 73.218412844945917, 33.684792135610408 ], [ 73.218402277615198, 33.684804755866729 ], [ 73.218378548198345, 33.684790869067299 ] ] ] } },
{ "type": "Feature", "id": 1239, "properties": { "FID": 1239, "class": "solar_panels", "SolarPV_Area(sqm)": 4.8958307317600003 }, "geometry": { "type": "Polygon", "coordinates": [ [ [ 73.218392311229394, 33.684774925892228 ], [ 73.218403512328123, 33.684761911686039 ], [ 73.218427616375067, 33.684776409872327 ], [ 73.218416415277886, 33.684789424080734 ], [ 73.218392311229394, 33.684774925892228 ] ] ] } },
{ "type": "Feature", "id": 1240, "properties": { "FID": 1240, "class": "solar_panels", "SolarPV_Area(sqm)": 5.1624033361599997 }, "geometry": { "type": "Polygon", "coordinates": [ [ [ 73.218421418863386, 33.684745433097227 ], [ 73.218435643764764, 33.684728748109563 ], [ 73.21845559587149, 33.684740635307442 ], [ 73.218441372031577, 33.684757321214491 ], [ 73.218421418863386, 33.684745433097227 ] ] ] } },
{ "type": "Feature", "id": 1241, "properties": { "FID": 1241, "class": "solar_panels", "SolarPV_Area(sqm)": 5.0109487048599997 }, "geometry": { "type": "Polygon", "coordinates": [ [ [ 73.218436962883942, 33.684726087977417 ], [ 73.218449890261596, 33.684710754964563 ], [ 73.218471122830621, 33.684723266615052 ], [ 73.218458194394898, 33.684738598713132 ], [ 73.218436962883942, 33.684726087977417 ] ] ] } },
{ "type": "Feature", "id": 1242, "properties": { "FID": 1242, "class": "solar_panels", "SolarPV_Area(sqm)": 3.2989674761300001 }, "geometry": { "type": "Polygon", "coordinates": [ [ [ 73.218438677820615, 33.684823847348724 ], [ 73.218449752162428, 33.684810180233072 ], [ 73.218465841614275, 33.684819291086363 ], [ 73.218454767255096, 33.684832959105002 ], [ 73.218438677820615, 33.684823847348724 ] ] ] } },
{ "type": "Feature", "id": 1243, "properties": { "FID": 1243, "class": "solar_panels", "SolarPV_Area(sqm)": 2.0677310182799999 }, "geometry": { "type": "Polygon", "coordinates": [ [ [ 73.218461576983131, 33.684808602234973 ], [ 73.218471614158872, 33.684797418060228 ], [ 73.218483117320346, 33.684804632179045 ], [ 73.218473081204948, 33.684815817271804 ], [ 73.218461576983131, 33.684808602234973 ] ] ] } },
{ "type": "Feature", "id": 1244, "properties": { "FID": 1244, "class": "solar_panels", "SolarPV_Area(sqm)": 33.414002144299999 }, "geometry": { "type": "Polygon", "coordinates": [ [ [ 73.218589151818534, 33.684846445122659 ], [ 73.218538436969055, 33.684831082575862 ], [ 73.218562985146718, 33.684774448377212 ], [ 73.218613699968216, 33.684789810913124 ], [ 73.218589151818534, 33.684846445122659 ] ] ] } },
{ "type": "Feature", "id": 1245, "properties": { "FID": 1245, "class": "solar_panels", "SolarPV_Area(sqm)": 23.307221006300001 }, "geometry": { "type": "Polygon", "coordinates": [ [ [ 73.218922649310102, 33.68508417633673 ], [ 73.218951864795585, 33.685044171244677 ], [ 73.218993136904359, 33.685065235540442 ], [ 73.218963921429946, 33.685105240642528 ], [ 73.218922649310102, 33.68508417633673 ] ] ] } },
{ "type": "Feature", "id": 1246, "properties": { "FID": 1246, "class": "solar_panels", "SolarPV_Area(sqm)": 19.005756029600001 }, "geometry": { "type": "Polygon", "coordinates": [ [ [ 73.218959021099849, 33.685036159400148 ], [ 73.218987124953301, 33.684999527120517 ], [ 73.219022873368743, 33.685018693802739 ], [ 73.218994769523476, 33.685055326090691 ], [ 73.218959021099849, 33.685036159400148 ] ] ] } },
{ "type": "Feature", "id": 1247, "properties": { "FID": 1247, "class": "solar_panels", "SolarPV_Area(sqm)": 65.274837470199998 }, "geometry": { "type": "Polygon", "coordinates": [ [ [ 73.218999470007276, 33.68514251468121 ], [ 73.219084529055777, 33.685040776958985 ], [ 73.219126444620457, 33.685065267290682 ], [ 73.219041386654325, 33.685167005959258 ], [ 73.218999470007276, 33.68514251468121 ] ] ] } },
{ "type": "Feature", "id": 1248, "properties": { "FID": 1248, "class": "solar_panels", "SolarPV_Area(sqm)": 10.541143999299999 }, "geometry": { "type": "Polygon", "coordinates": [ [ [ 73.218877335957231, 33.685064389270387 ], [ 73.218909753235437, 33.685022334640848 ], [ 73.218926976277274, 33.685031612374786 ], [ 73.218894559003573, 33.68507366700895 ], [ 73.218877335957231, 33.685064389270387 ] ] ] } },
{ "type": "Feature", "id": 1249, "properties": { "FID": 1249, "class": "solar_panels", "SolarPV_Area(sqm)": 2.71555694641 }, "geometry": { "type": "Polygon", "coordinates": [ [ [ 73.21889859610468, 33.685076251071443 ], [ 73.218909069788893, 33.68506314877925 ], [ 73.218923002374169, 33.685070931732696 ], [ 73.218912527594028, 33.685084034912059 ], [ 73.21889859610468, 33.685076251071443 ] ] ] } },
{ "type": "Feature", "id": 1250, "properties": { "FID": 1250, "class": "solar_panels", "SolarPV_Area(sqm)": 2.39337958057 }, "geometry": { "type": "Polygon", "coordinates": [ [ [ 73.218921335756562, 33.685045417394441 ], [ 73.218930012098241, 33.685035672624466 ], [ 73.21894538145537, 33.685045235642065 ], [ 73.218936705114373, 33.685054980413128 ], [ 73.218921335756562, 33.685045417394441 ] ] ] } },
{ "type": "Feature", "id": 1251, "properties": { "FID": 1251, "class": "solar_panels", "SolarPV_Area(sqm)": 2.67814644122 }, "geometry": { "type": "Polygon", "coordinates": [ [ [ 73.219218115812012, 33.685173915573323 ], [ 73.219228089244567, 33.685160589617624 ], [ 73.219242134455442, 33.685167934997665 ], [ 73.219232161005507, 33.685181261856052 ], [ 73.219218115812012, 33.685173915573323 ] ] ] } },
{ "type": "Feature", "id": 1252, "properties": { "FID": 1252, "class": "solar_panels", "SolarPV_Area(sqm)": 11.429293078800001 }, "geometry": { "type": "Polygon", "coordinates": [ [ [ 73.219222512832658, 33.68522060313191 ], [ 73.219255098028057, 33.685172180733439 ], [ 73.219272533227638, 33.685180380257137 ], [ 73.219239948038492, 33.685228802660383 ], [ 73.219222512832658, 33.68522060313191 ] ] ] } },
{ "type": "Feature", "id": 1253, "properties": { "FID": 1253, "class": "solar_panels", "SolarPV_Area(sqm)": 10.910267150099999 }, "geometry": { "type": "Polygon", "coordinates": [ [ [ 73.21924599713175, 33.685230435492052 ], [ 73.219279117881584, 33.685181569020898 ], [ 73.21929555305978, 33.685189353740604 ], [ 73.219262432315844, 33.685238220216341 ], [ 73.21924599713175, 33.685230435492052 ] ] ] } },
{ "type": "Feature", "id": 1254, "properties": { "FID": 1254, "class": "solar_panels", "SolarPV_Area(sqm)": 10.2090615618 }, "geometry": { "type": "Polygon", "coordinates": [ [ [ 73.219266643167188, 33.685240382940165 ], [ 73.219297493993196, 33.685196239673793 ], [ 73.21931426060857, 33.685204429554233 ], [ 73.219283409806408, 33.685248571923417 ], [ 73.219266643167188, 33.685240382940165 ] ] ] } },
{ "type": "Feature", "id": 1255, "properties": { "FID": 1255, "class": "solar_panels", "SolarPV_Area(sqm)": 11.262205442500001 }, "geometry": { "type": "Polygon", "coordinates": [ [ [ 73.219305832039865, 33.685292951973409 ], [ 73.219316398025285, 33.685278615553088 ], [ 73.219371770524177, 33.68530713320154 ], [ 73.219361204525427, 33.685321470528216 ], [ 73.219305832039865, 33.685292951973409 ] ] ] } },
{ "type": "Feature", "id": 1256, "properties": { "FID": 1256, "class": "solar_panels", "SolarPV_Area(sqm)": 10.530929029799999 }, "geometry": { "type": "Polygon", "coordinates": [ [ [ 73.219318836464637, 33.685275501724249 ], [ 73.219328557219839, 33.685262031442299 ], [ 73.219384297328148, 33.685290141373684 ], [ 73.219374577656438, 33.685303611675707 ], [ 73.219318836464637, 33.685275501724249 ] ] ] } },
{ "type": "Feature", "id": 1257, "properties": { "FID": 1257, "class": "solar_panels", "SolarPV_Area(sqm)": 15.26290382 }, "geometry": { "type": "Polygon", "coordinates": [ [ [ 73.217385012979463, 33.683914240293845 ], [ 73.217393101976654, 33.683900658244667 ], [ 73.217480671777508, 33.683937107067734 ], [ 73.217472582790151, 33.683950689122931 ], [ 73.217385012979463, 33.683914240293845 ] ] ] } },
{ "type": "Feature", "id": 1258, "properties": { "FID": 1258, "class": "solar_panels", "SolarPV_Area(sqm)": 10.6116957567 }, "geometry": { "type": "Polygon", "coordinates": [ [ [ 73.217395350052115, 33.683895324256746 ], [ 73.217403664567243, 33.683882731094542 ], [ 73.21746646994211, 33.6839117121283 ], [ 73.217458155414349, 33.683924306196374 ], [ 73.217395350052115, 33.683895324256746 ] ] ] } },
{ "type": "Feature", "id": 1259, "properties": { "FID": 1259, "class": "solar_panels", "SolarPV_Area(sqm)": 19.362001944 }, "geometry": { "type": "Polygon", "coordinates": [ [ [ 73.217451033507629, 33.683840997200697 ], [ 73.217461053412947, 33.683824328298257 ], [ 73.217551235239, 33.683862211601046 ], [ 73.217541215346031, 33.683878880511116 ], [ 73.217451033507629, 33.683840997200697 ] ] ] } },
{ "type": "Feature", "id": 1260, "properties": { "FID": 1260, "class": "solar_panels", "SolarPV_Area(sqm)": 17.625578235199999 }, "geometry": { "type": "Polygon", "coordinates": [ [ [ 73.217465241877633, 33.683822240721327 ], [ 73.21747486628, 33.683806441728528 ], [ 73.217561011768126, 33.683843118830431 ], [ 73.217551387395446, 33.683858916928713 ], [ 73.217465241877633, 33.683822240721327 ] ] ] } },
{ "type": "Feature", "id": 1261, "properties": { "FID": 1261, "class": "solar_panels", "SolarPV_Area(sqm)": 13.788391199099999 }, "geometry": { "type": "Polygon", "coordinates": [ [ [ 73.217521892550295, 33.683804499734066 ], [ 73.217542904880844, 33.683771495174391 ], [ 73.217574562374679, 33.683785581285647 ], [ 73.217553550052301, 33.683818585850901 ], [ 73.217521892550295, 33.683804499734066 ] ] ] } },
{ "type": "Feature", "id": 1262, "properties": { "FID": 1262, "class": "solar_panels", "SolarPV_Area(sqm)": 16.0453465284 }, "geometry": { "type": "Polygon", "coordinates": [ [ [ 73.217497794704968, 33.683792751861652 ], [ 73.217459753777732, 33.683775104516357 ], [ 73.217480569287133, 33.683743744659552 ], [ 73.217518610205417, 33.68376139199821 ], [ 73.217497794704968, 33.683792751861652 ] ] ] } },
{ "type": "Feature", "id": 1263, "properties": { "FID": 1263, "class": "solar_panels", "SolarPV_Area(sqm)": 18.0250663293 }, "geometry": { "type": "Polygon", "coordinates": [ [ [ 73.217553970162314, 33.683671638720099 ], [ 73.217576113514454, 33.683636723391821 ], [ 73.217615300334018, 33.683654091453718 ], [ 73.217593156992635, 33.683689006789322 ], [ 73.217553970162314, 33.683671638720099 ] ] ] } },
{ "type": "Feature", "id": 1264, "properties": { "FID": 1264, "class": "solar_panels", "SolarPV_Area(sqm)": 15.865066281400001 }, "geometry": { "type": "Polygon", "coordinates": [ [ [ 73.217613892392109, 33.683697315477389 ], [ 73.217634731454311, 33.683664288561587 ], [ 73.217671275513595, 33.683680403793417 ], [ 73.2176504364609, 33.683713430715613 ], [ 73.217613892392109, 33.683697315477389 ] ] ] } },
{ "type": "Feature", "id": 1265, "properties": { "FID": 1265, "class": "solar_panels", "SolarPV_Area(sqm)": 17.965636580799998 }, "geometry": { "type": "Polygon", "coordinates": [ [ [ 73.217797674412978, 33.683489799751612 ], [ 73.217694900180192, 33.683442940002003 ], [ 73.217703447317021, 33.683429837968433 ], [ 73.217806221520888, 33.683476698612161 ], [ 73.217797674412978, 33.683489799751612 ] ] ] } },
{ "type": "Feature", "id": 1266, "properties": { "FID": 1266, "class": "solar_panels", "SolarPV_Area(sqm)": 12.1711916219 }, "geometry": { "type": "Polygon", "coordinates": [ [ [ 73.217702869489585, 33.683423969034145 ], [ 73.217712321417352, 33.683408943955214 ], [ 73.217774026772673, 33.683436073859497 ], [ 73.217764574852225, 33.683451098943358 ], [ 73.217702869489585, 33.683423969034145 ] ] ] } },
{ "type": "Feature", "id": 1267, "properties": { "FID": 1267, "class": "solar_panels", "SolarPV_Area(sqm)": 3.6186621103499998 }, "geometry": { "type": "Polygon", "coordinates": [ [ [ 73.217789695888513, 33.683464904933359 ], [ 73.217800139359483, 33.683449501882649 ], [ 73.217817429664521, 33.683457695006027 ], [ 73.217806986195512, 33.683473098058236 ], [ 73.217789695888513, 33.683464904933359 ] ] ] } },
{ "type": "Feature", "id": 1268, "properties": { "FID": 1268, "class": "solar_panels", "SolarPV_Area(sqm)": 9.1277030892200006 }, "geometry": { "type": "Polygon", "coordinates": [ [ [ 73.217711106867469, 33.683401678913789 ], [ 73.217721304161202, 33.683386392253361 ], [ 73.217765692315709, 33.683406893206495 ], [ 73.217755495027063, 33.683422179870718 ], [ 73.217711106867469, 33.683401678913789 ] ] ] } },
{ "type": "Feature", "id": 1269, "properties": { "FID": 1269, "class": "solar_panels", "SolarPV_Area(sqm)": 7.9537400479800002 }, "geometry": { "type": "Polygon", "coordinates": [ [ [ 73.217723002468418, 33.683384749383976 ], [ 73.217733056592621, 33.683369709545211 ], [ 73.217772244388186, 33.683388019017443 ], [ 73.21776219028699, 33.683403057958003 ], [ 73.217723002468418, 33.683384749383976 ] ] ] } },
{ "type": "Feature", "id": 1270, "properties": { "FID": 1270, "class": "solar_panels", "SolarPV_Area(sqm)": 19.015915597100001 }, "geometry": { "type": "Polygon", "coordinates": [ [ [ 73.217822835157747, 33.683347368484853 ], [ 73.217835673785274, 33.683325251143216 ], [ 73.217903345029171, 33.683352706017011 ], [ 73.217890506432852, 33.683374822464515 ], [ 73.217822835157747, 33.683347368484853 ] ] ] } },
{ "type": "Feature", "id": 1271, "properties": { "FID": 1271, "class": "solar_panels", "SolarPV_Area(sqm)": 18.4076250277 }, "geometry": { "type": "Polygon", "coordinates": [ [ [ 73.217513982519179, 33.683369804133484 ], [ 73.217523486834864, 33.68335448945561 ], [ 73.217615579175728, 33.683394431957872 ], [ 73.217606073792979, 33.683409746627554 ], [ 73.217513982519179, 33.683369804133484 ] ] ] } },
{ "type": "Feature", "id": 1272, "properties": { "FID": 1272, "class": "solar_panels", "SolarPV_Area(sqm)": 6.2933558004899997 }, "geometry": { "type": "Polygon", "coordinates": [ [ [ 73.217525346831806, 33.683345537377839 ], [ 73.217534719520813, 33.683331425563324 ], [ 73.217567867687109, 33.683346812793118 ], [ 73.217558495020228, 33.683360923708726 ], [ 73.217525346831806, 33.683345537377839 ] ] ] } },
{ "type": "Feature", "id": 1273, "properties": { "FID": 1273, "class": "solar_panels", "SolarPV_Area(sqm)": 7.03269952523 }, "geometry": { "type": "Polygon", "coordinates": [ [ [ 73.217577917570125, 33.683368554266025 ], [ 73.217586976446427, 33.683354751735344 ], [ 73.217625058666087, 33.683372220183315 ], [ 73.217615998715431, 33.683386022701335 ], [ 73.217577917570125, 33.683368554266025 ] ] ] } },
{ "type": "Feature", "id": 1274, "properties": { "FID": 1274, "class": "solar_panels", "SolarPV_Area(sqm)": 16.371779616000001 }, "geometry": { "type": "Polygon", "coordinates": [ [ [ 73.217990448359259, 33.682639512364219 ], [ 73.217999288702401, 33.682624740851956 ], [ 73.218085489301643, 33.682660793445521 ], [ 73.218076650047323, 33.682675564979789 ], [ 73.217990448359259, 33.682639512364219 ] ] ] } },
{ "type": "Feature", "id": 1275, "properties": { "FID": 1275, "class": "solar_panels", "SolarPV_Area(sqm)": 16.074172762700002 }, "geometry": { "type": "Polygon", "coordinates": [ [ [ 73.2180873438611, 33.682656125584728 ], [ 73.218002807525451, 33.682618615392094 ], [ 73.218011966490707, 33.682604189343657 ], [ 73.21809650281682, 33.682641699529754 ], [ 73.2180873438611, 33.682656125584728 ] ] ] } },
{ "type": "Feature", "id": 1276, "properties": { "FID": 1276, "class": "solar_panels", "SolarPV_Area(sqm)": 16.463514535200002 }, "geometry": { "type": "Polygon", "coordinates": [ [ [ 73.218029598768368, 33.68258044038636 ], [ 73.21804283253239, 33.682556677577672 ], [ 73.218098202124722, 33.68257822865769 ], [ 73.218084968372082, 33.68260199147263 ], [ 73.218029598768368, 33.68258044038636 ] ] ] } },
{ "type": "Feature", "id": 1277, "properties": { "FID": 1277, "class": "solar_panels", "SolarPV_Area(sqm)": 4.2350167583299996 }, "geometry": { "type": "Polygon", "coordinates": [ [ [ 73.218050341658611, 33.682534699757554 ], [ 73.218064493106951, 33.682509014986117 ], [ 73.21807772025528, 33.682514108696907 ], [ 73.21806356880991, 33.68253979346995 ], [ 73.218050341658611, 33.682534699757554 ] ] ] } },
{ "type": "Feature", "id": 1278, "properties": { "FID": 1278, "class": "solar_panels", "SolarPV_Area(sqm)": 21.5501130309 }, "geometry": { "type": "Polygon", "coordinates": [ [ [ 73.218187167234532, 33.682653644511909 ], [ 73.218196341995977, 33.682639183508186 ], [ 73.218309435318545, 33.682689328914279 ], [ 73.218300260551331, 33.682703790828228 ], [ 73.218187167234532, 33.682653644511909 ] ] ] } },
{ "type": "Feature", "id": 1279, "properties": { "FID": 1279, "class": "solar_panels", "SolarPV_Area(sqm)": 21.611504169700002 }, "geometry": { "type": "Polygon", "coordinates": [ [ [ 73.218196291334536, 33.6826292506898 ], [ 73.218205746954283, 33.682615449322448 ], [ 73.218320403255504, 33.682670350648664 ], [ 73.218310947647254, 33.682684152025082 ], [ 73.218196291334536, 33.6826292506898 ] ] ] } },
{ "type": "Feature", "id": 1280, "properties": { "FID": 1280, "class": "solar_panels", "SolarPV_Area(sqm)": 15.9258859377 }, "geometry": { "type": "Polygon", "coordinates": [ [ [ 73.218371107331649, 33.682397619429175 ], [ 73.218379356993211, 33.682384077498284 ], [ 73.218470164584062, 33.682422739253205 ], [ 73.218461914932519, 33.682436281190398 ], [ 73.218371107331649, 33.682397619429175 ] ] ] } },
{ "type": "Feature", "id": 1281, "properties": { "FID": 1281, "class": "solar_panels", "SolarPV_Area(sqm)": 5.5839013184099997 }, "geometry": { "type": "Polygon", "coordinates": [ [ [ 73.218383079068445, 33.682381011956302 ], [ 73.218391807428503, 33.682366383081799 ], [ 73.218421529836618, 33.682378777300244 ], [ 73.21841280148017, 33.682393406176956 ], [ 73.218383079068445, 33.682381011956302 ] ] ] } },
{ "type": "Feature", "id": 1282, "properties": { "FID": 1282, "class": "solar_panels", "SolarPV_Area(sqm)": 7.4301880820699999 }, "geometry": { "type": "Polygon", "coordinates": [ [ [ 73.218431674104664, 33.682401700485912 ], [ 73.218441114423541, 33.68238712155302 ], [ 73.218479440563016, 33.682404467005092 ], [ 73.218470000229857, 33.682419046842526 ], [ 73.218431674104664, 33.682401700485912 ] ] ] } },
{ "type": "Feature", "id": 1283, "properties": { "FID": 1283, "class": "solar_panels", "SolarPV_Area(sqm)": 17.088240455699999 }, "geometry": { "type": "Polygon", "coordinates": [ [ [ 73.218395934434326, 33.682361937359495 ], [ 73.218405751009939, 33.682346636127519 ], [ 73.218490087869654, 33.682384452474281 ], [ 73.218480271304045, 33.682399753713206 ], [ 73.218395934434326, 33.682361937359495 ] ] ] } },
{ "type": "Feature", "id": 1284, "properties": { "FID": 1284, "class": "solar_panels", "SolarPV_Area(sqm)": 23.194041144100002 }, "geometry": { "type": "Polygon", "coordinates": [ [ [ 73.218226943435639, 33.682235985682404 ], [ 73.218235636788108, 33.682222060595841 ], [ 73.21836292989147, 33.682277603134693 ], [ 73.218354236553097, 33.682291528230586 ], [ 73.218226943435639, 33.682235985682404 ] ] ] } },
{ "type": "Feature", "id": 1285, "properties": { "FID": 1285, "class": "solar_panels", "SolarPV_Area(sqm)": 21.8668599415 }, "geometry": { "type": "Polygon", "coordinates": [ [ [ 73.218237827328053, 33.682217105404632 ], [ 73.218246324112414, 33.682203924147259 ], [ 73.218371335794586, 33.68226025257956 ], [ 73.218362839041575, 33.682273432944363 ], [ 73.218237827328053, 33.682217105404632 ] ] ] } },
{ "type": "Feature", "id": 1286, "properties": { "FID": 1286, "class": "solar_panels", "SolarPV_Area(sqm)": 24.7984971791 }, "geometry": { "type": "Polygon", "coordinates": [ [ [ 73.218263756768721, 33.682154244598692 ], [ 73.218273130741238, 33.682138855834076 ], [ 73.218397561068599, 33.682191832995009 ], [ 73.218388187111643, 33.682207221769474 ], [ 73.218263756768721, 33.682154244598692 ] ] ] } },
{ "type": "Feature", "id": 1287, "properties": { "FID": 1287, "class": "solar_panels", "SolarPV_Area(sqm)": 22.9509427178 }, "geometry": { "type": "Polygon", "coordinates": [ [ [ 73.218273078595274, 33.682130823923394 ], [ 73.218281593068269, 33.682117359762657 ], [ 73.218411139574528, 33.682174617451643 ], [ 73.218402624036912, 33.682188081606114 ], [ 73.218273078595274, 33.682130823923394 ] ] ] } },
{ "type": "Feature", "id": 1288, "properties": { "FID": 1288, "class": "solar_panels", "SolarPV_Area(sqm)": 40.322968440099999 }, "geometry": { "type": "Polygon", "coordinates": [ [ [ 73.217897166468774, 33.683953938208845 ], [ 73.217918761089336, 33.683919684016054 ], [ 73.218008348432406, 33.683959156348799 ], [ 73.217986753836044, 33.683993410557875 ], [ 73.217897166468774, 33.683953938208845 ] ] ] } },
{ "type": "Feature", "id": 1289, "properties": { "FID": 1289, "class": "solar_panels", "SolarPV_Area(sqm)": 14.961942981 }, "geometry": { "type": "Polygon", "coordinates": [ [ [ 73.218008601693285, 33.684041949623392 ], [ 73.218050766220415, 33.683978819894797 ], [ 73.218068335875486, 33.683987020621323 ], [ 73.218026171356641, 33.684050150356128 ], [ 73.218008601693285, 33.684041949623392 ] ] ] } },
{ "type": "Feature", "id": 1290, "properties": { "FID": 1290, "class": "solar_panels", "SolarPV_Area(sqm)": 13.015696462499999 }, "geometry": { "type": "Polygon", "coordinates": [ [ [ 73.218029838602135, 33.684050215880369 ], [ 73.2180724051575, 33.683986108113309 ], [ 73.218087498063255, 33.683993111632631 ], [ 73.218044931515166, 33.684057219405091 ], [ 73.218029838602135, 33.684050215880369 ] ] ] } },
{ "type": "Feature", "id": 1291, "properties": { "FID": 1291, "class": "solar_panels", "SolarPV_Area(sqm)": 5.39596185118 }, "geometry": { "type": "Polygon", "coordinates": [ [ [ 73.21807158709089, 33.684023287978256 ], [ 73.218090869812556, 33.683994689668395 ], [ 73.218104793933762, 33.684001250691665 ], [ 73.218085511215065, 33.684029849003771 ], [ 73.21807158709089, 33.684023287978256 ] ] ] } },
{ "type": "Feature", "id": 1292, "properties": { "FID": 1292, "class": "solar_panels", "SolarPV_Area(sqm)": 12.051787707700001 }, "geometry": { "type": "Polygon", "coordinates": [ [ [ 73.218061499098326, 33.684063695022104 ], [ 73.218069922599852, 33.684051043869161 ], [ 73.218140645645192, 33.684083955060821 ], [ 73.218132222150373, 33.684096606218738 ], [ 73.218061499098326, 33.684063695022104 ] ] ] } },
{ "type": "Feature", "id": 1293, "properties": { "FID": 1293, "class": "solar_panels", "SolarPV_Area(sqm)": 15.6862653797 }, "geometry": { "type": "Polygon", "coordinates": [ [ [ 73.217999416116214, 33.684105737222218 ], [ 73.21801826284657, 33.684076262428384 ], [ 73.218063717249521, 33.6840970726373 ], [ 73.218054444264524, 33.684111370791328 ], [ 73.218044469079516, 33.684106748716822 ], [ 73.218034905686224, 33.684121581036401 ], [ 73.217999416116214, 33.684105737222218 ] ] ] } },
{ "type": "Feature", "id": 1294, "properties": { "FID": 1294, "class": "solar_panels", "SolarPV_Area(sqm)": 15.1648500267 }, "geometry": { "type": "Polygon", "coordinates": [ [ [ 73.21806198271365, 33.684134441278097 ], [ 73.218080877892163, 33.684104290846555 ], [ 73.218119254610684, 33.684121099693805 ], [ 73.218100359441351, 33.684151250131471 ], [ 73.21806198271365, 33.684134441278097 ] ] ] } },
{ "type": "Feature", "id": 1295, "properties": { "FID": 1295, "class": "solar_panels", "SolarPV_Area(sqm)": 36.842192649200001 }, "geometry": { "type": "Polygon", "coordinates": [ [ [ 73.218126613112688, 33.683949945442023 ], [ 73.218147246906767, 33.683915150715372 ], [ 73.218229898229822, 33.68394940620631 ], [ 73.218209264459588, 33.683984200947407 ], [ 73.218126613112688, 33.683949945442023 ] ] ] } },
{ "type": "Feature", "id": 1296, "properties": { "FID": 1296, "class": "solar_panels", "SolarPV_Area(sqm)": 23.143072011800001 }, "geometry": { "type": "Polygon", "coordinates": [ [ [ 73.218124226246331, 33.683889201207677 ], [ 73.218132749566749, 33.683874952652694 ], [ 73.21825910333618, 33.683927775569963 ], [ 73.218250581127563, 33.683942023248107 ], [ 73.218124226246331, 33.683889201207677 ] ] ] } },
{ "type": "Feature", "id": 1297, "properties": { "FID": 1297, "class": "solar_panels", "SolarPV_Area(sqm)": 10.8798331518 }, "geometry": { "type": "Polygon", "coordinates": [ [ [ 73.218138557721531, 33.683872365388893 ], [ 73.21814719554547, 33.683858317775361 ], [ 73.218206767998311, 33.683883918866506 ], [ 73.218198130181122, 33.683897966484359 ], [ 73.218138557721531, 33.683872365388893 ] ] ] } },
{ "type": "Feature", "id": 1298, "properties": { "FID": 1298, "class": "solar_panels", "SolarPV_Area(sqm)": 6.5547958408899998 }, "geometry": { "type": "Polygon", "coordinates": [ [ [ 73.218218040832312, 33.683906886299432 ], [ 73.218226045561011, 33.683893931510937 ], [ 73.218264883533564, 33.68391070548364 ], [ 73.218256878808916, 33.683923660274758 ], [ 73.218218040832312, 33.683906886299432 ] ] ] } },
{ "type": "Feature", "id": 1299, "properties": { "FID": 1299, "class": "solar_panels", "SolarPV_Area(sqm)": 17.687153742100001 }, "geometry": { "type": "Polygon", "coordinates": [ [ [ 73.217986125076919, 33.683811327984209 ], [ 73.217994942079855, 33.683798111692113 ], [ 73.218094201478792, 33.683844396573285 ], [ 73.218085383407313, 33.68385761285716 ], [ 73.217986125076919, 33.683811327984209 ] ] ] } },
{ "type": "Feature", "id": 1300, "properties": { "FID": 1300, "class": "solar_panels", "SolarPV_Area(sqm)": 6.4983409305300004 }, "geometry": { "type": "Polygon", "coordinates": [ [ [ 73.217999259260949, 33.683795117871973 ], [ 73.218008671381597, 33.68378087132529 ], [ 73.218042659211278, 33.683796562716523 ], [ 73.218033247075681, 33.683810810167387 ], [ 73.217999259260949, 33.683795117871973 ] ] ] } },
{ "type": "Feature", "id": 1301, "properties": { "FID": 1301, "class": "solar_panels", "SolarPV_Area(sqm)": 6.4323932215799999 }, "geometry": { "type": "Polygon", "coordinates": [ [ [ 73.218064488936108, 33.683825387935755 ], [ 73.218074343733036, 33.683810023263213 ], [ 73.218105963943188, 33.68382419617371 ], [ 73.218096109150039, 33.68383956084886 ], [ 73.218064488936108, 33.683825387935755 ] ] ] } },
{ "type": "Feature", "id": 1302, "properties": { "FID": 1302, "class": "solar_panels", "SolarPV_Area(sqm)": 3.0027693107100002 }, "geometry": { "type": "Polygon", "coordinates": [ [ [ 73.218090167438675, 33.683810884552081 ], [ 73.218099162761206, 33.683797860195924 ], [ 73.218115976903476, 33.683805976072527 ], [ 73.218106981582508, 33.683819000429978 ], [ 73.218090167438675, 33.683810884552081 ] ] ] } },
{ "type": "Feature", "id": 1303, "properties": { "FID": 1303, "class": "solar_panels", "SolarPV_Area(sqm)": 1.7593550902499999 }, "geometry": { "type": "Polygon", "coordinates": [ [ [ 73.218104051121855, 33.683795675381909 ], [ 73.218115781085629, 33.683778669480532 ], [ 73.218123331155113, 33.683782308809555 ], [ 73.218111601192277, 33.683799314711656 ], [ 73.218104051121855, 33.683795675381909 ] ] ] } },
{ "type": "Feature", "id": 1304, "properties": { "FID": 1304, "class": "solar_panels", "SolarPV_Area(sqm)": 5.8528131709800002 }, "geometry": { "type": "Polygon", "coordinates": [ [ [ 73.218041281981655, 33.683682879353924 ], [ 73.218060515710036, 33.683648602800595 ], [ 73.218074125247455, 33.683653940096931 ], [ 73.21805489152311, 33.683688216652477 ], [ 73.218041281981655, 33.683682879353924 ] ] ] } },
{ "type": "Feature", "id": 1305, "properties": { "FID": 1305, "class": "solar_panels", "SolarPV_Area(sqm)": 5.9836097664199999 }, "geometry": { "type": "Polygon", "coordinates": [ [ [ 73.218062104124414, 33.68369106387275 ], [ 73.218080648784536, 33.683657508711597 ], [ 73.218094938430241, 33.683663028955465 ], [ 73.218076394871247, 33.683696583232965 ], [ 73.218062104124414, 33.68369106387275 ] ] ] } },
{ "type": "Feature", "id": 1306, "properties": { "FID": 1306, "class": "solar_panels", "SolarPV_Area(sqm)": 5.8630845844100001 }, "geometry": { "type": "Polygon", "coordinates": [ [ [ 73.218083357220834, 33.68369943044938 ], [ 73.218101350585002, 33.683666402082075 ], [ 73.218115647225446, 33.683671844872343 ], [ 73.21809765384684, 33.683704874143338 ], [ 73.218083357220834, 33.68369943044938 ] ] ] } },
{ "type": "Feature", "id": 1307, "properties": { "FID": 1307, "class": "solar_panels", "SolarPV_Area(sqm)": 2.9661863903 }, "geometry": { "type": "Polygon", "coordinates": [ [ [ 73.218113635115188, 33.683691201182071 ], [ 73.218121220436799, 33.683676616263995 ], [ 73.218137852922396, 33.683682661760365 ], [ 73.218130267602959, 33.683697246679522 ], [ 73.218113635115188, 33.683691201182071 ] ] ] } },
{ "type": "Feature", "id": 1308, "properties": { "FID": 1308, "class": "solar_panels", "SolarPV_Area(sqm)": 5.7031808278499998 }, "geometry": { "type": "Polygon", "coordinates": [ [ [ 73.218124892126824, 33.683715978245814 ], [ 73.218140935938408, 33.683688194396801 ], [ 73.218157124732613, 33.683694727660416 ], [ 73.218141079846461, 33.683722511496079 ], [ 73.218124892126824, 33.683715978245814 ] ] ] } },
{ "type": "Feature", "id": 1309, "properties": { "FID": 1309, "class": "solar_panels", "SolarPV_Area(sqm)": 22.984285273299999 }, "geometry": { "type": "Polygon", "coordinates": [ [ [ 73.218234017114398, 33.683716109385706 ], [ 73.218242988702286, 33.683701515597512 ], [ 73.218364140622967, 33.683753568114462 ], [ 73.218355169049332, 33.683768161911814 ], [ 73.218234017114398, 33.683716109385706 ] ] ] } },
{ "type": "Feature", "id": 1310, "properties": { "FID": 1310, "class": "solar_panels", "SolarPV_Area(sqm)": 22.554232364699999 }, "geometry": { "type": "Polygon", "coordinates": [ [ [ 73.218247618738658, 33.683696010344569 ], [ 73.218256924240507, 33.683681439406676 ], [ 73.218374058793415, 33.683733718028684 ], [ 73.218364753304897, 33.683748288975757 ], [ 73.218247618738658, 33.683696010344569 ] ] ] } },
{ "type": "Feature", "id": 1311, "properties": { "FID": 1311, "class": "solar_panels", "SolarPV_Area(sqm)": 9.25457798387 }, "geometry": { "type": "Polygon", "coordinates": [ [ [ 73.218193010292921, 33.683530132215274 ], [ 73.218172440555108, 33.683521374227077 ], [ 73.218193602706378, 33.683486634902856 ], [ 73.218214173516742, 33.68349539290292 ], [ 73.218193010292921, 33.683530132215274 ] ] ] } },
{ "type": "Feature", "id": 1312, "properties": { "FID": 1312, "class": "solar_panels", "SolarPV_Area(sqm)": 9.3368716017200004 }, "geometry": { "type": "Polygon", "coordinates": [ [ [ 73.218236572692632, 33.683547951854813 ], [ 73.218256715011108, 33.683515169078028 ], [ 73.218278629363851, 33.683524578585583 ], [ 73.218258487051173, 33.683557361366091 ], [ 73.218236572692632, 33.683547951854813 ] ] ] } },
{ "type": "Feature", "id": 1313, "properties": { "FID": 1313, "class": "solar_panels", "SolarPV_Area(sqm)": 4.9902338436899996 }, "geometry": { "type": "Polygon", "coordinates": [ [ [ 73.218310036284365, 33.683591318809178 ], [ 73.218323988017133, 33.683568417600327 ], [ 73.218340813175104, 33.683575580434905 ], [ 73.21832686142686, 33.683598482547247 ], [ 73.218310036284365, 33.683591318809178 ] ] ] } },
{ "type": "Feature", "id": 1314, "properties": { "FID": 1314, "class": "solar_panels", "SolarPV_Area(sqm)": 4.5906542619300001 }, "geometry": { "type": "Polygon", "coordinates": [ [ [ 73.218332364306306, 33.683600599008273 ], [ 73.218346320449186, 33.683578581594318 ], [ 73.2183621609814, 33.683585577826591 ], [ 73.218348204841263, 33.683607595242421 ], [ 73.218332364306306, 33.683600599008273 ] ] ] } },
{ "type": "Feature", "id": 1315, "properties": { "FID": 1315, "class": "solar_panels", "SolarPV_Area(sqm)": 1.5096885681400001 }, "geometry": { "type": "Polygon", "coordinates": [ [ [ 73.218353723977273, 33.683609237606341 ], [ 73.218358169453467, 33.683602221027222 ], [ 73.218374507705178, 33.683609457092622 ], [ 73.218370061151532, 33.683616473656784 ], [ 73.218353723977273, 33.683609237606341 ] ] ] } },
{ "type": "Feature", "id": 1316, "properties": { "FID": 1316, "class": "solar_panels", "SolarPV_Area(sqm)": 1.1938884701700001 }, "geometry": { "type": "Polygon", "coordinates": [ [ [ 73.218363830507954, 33.683592647427851 ], [ 73.218367125320711, 33.683587237438132 ], [ 73.218384166472276, 33.68359449265715 ], [ 73.218380871660258, 33.683599902647323 ], [ 73.218363830507954, 33.683592647427851 ] ] ] } },
{ "type": "Feature", "id": 1317, "properties": { "FID": 1317, "class": "solar_panels", "SolarPV_Area(sqm)": 5.00279587147 }, "geometry": { "type": "Polygon", "coordinates": [ [ [ 73.218374000778709, 33.683617870503113 ], [ 73.218388484299638, 33.683596275503994 ], [ 73.218405623725118, 33.683604309462496 ], [ 73.218391140206947, 33.68362590446371 ], [ 73.218374000778709, 33.683617870503113 ] ] ] } },
{ "type": "Feature", "id": 1318, "properties": { "FID": 1318, "class": "solar_panels", "SolarPV_Area(sqm)": 5.6353173609500002 }, "geometry": { "type": "Polygon", "coordinates": [ [ [ 73.218396108900379, 33.683627510030753 ], [ 73.218410277289195, 33.683604877056673 ], [ 73.218429144090507, 33.683613413861316 ], [ 73.218414975667827, 33.683636048640643 ], [ 73.218396108900379, 33.683627510030753 ] ] ] } },
{ "type": "Feature", "id": 1319, "properties": { "FID": 1319, "class": "solar_panels", "SolarPV_Area(sqm)": 4.4015448403399997 }, "geometry": { "type": "Polygon", "coordinates": [ [ [ 73.218419072037761, 33.68363842255863 ], [ 73.218432965337215, 33.683615163393874 ], [ 73.218447695074445, 33.683621312164817 ], [ 73.218433800699458, 33.683644571315725 ], [ 73.218419072037761, 33.68363842255863 ] ] ] } },
{ "type": "Feature", "id": 1320, "properties": { "FID": 1320, "class": "solar_panels", "SolarPV_Area(sqm)": 20.232706711300001 }, "geometry": { "type": "Polygon", "coordinates": [ [ [ 73.218219695528362, 33.683474733658862 ], [ 73.218187341268759, 33.683459233608161 ], [ 73.21821872079795, 33.683413456102308 ], [ 73.21825107504678, 33.683428956144539 ], [ 73.218219695528362, 33.683474733658862 ] ] ] } },
{ "type": "Feature", "id": 1321, "properties": { "FID": 1321, "class": "solar_panels", "SolarPV_Area(sqm)": 16.98540958 }, "geometry": { "type": "Polygon", "coordinates": [ [ [ 73.218251670213135, 33.683494932756886 ], [ 73.218265021059977, 33.683471982308227 ], [ 73.218323223430843, 33.683495646418457 ], [ 73.218309872595228, 33.683518596873725 ], [ 73.218251670213135, 33.683494932756886 ] ] ] } },
{ "type": "Feature", "id": 1322, "properties": { "FID": 1322, "class": "solar_panels", "SolarPV_Area(sqm)": 17.871568168300001 }, "geometry": { "type": "Polygon", "coordinates": [ [ [ 73.218282344715746, 33.683453942478664 ], [ 73.218304399273777, 33.683422162986872 ], [ 73.218345240411949, 33.683442112997255 ], [ 73.21832318696012, 33.683473891610625 ], [ 73.218282344715746, 33.683453942478664 ] ] ] } },
{ "type": "Feature", "id": 1323, "properties": { "FID": 1323, "class": "solar_panels", "SolarPV_Area(sqm)": 14.972565360899999 }, "geometry": { "type": "Polygon", "coordinates": [ [ [ 73.218340655120883, 33.683397465197672 ], [ 73.218386822793676, 33.683326091383975 ], [ 73.218402606464423, 33.68333322746652 ], [ 73.218356438818915, 33.683404600384833 ], [ 73.218340655120883, 33.683397465197672 ] ] ] } },
{ "type": "Feature", "id": 1324, "properties": { "FID": 1324, "class": "solar_panels", "SolarPV_Area(sqm)": 13.181616931300001 }, "geometry": { "type": "Polygon", "coordinates": [ [ [ 73.218365351906371, 33.683408207053724 ], [ 73.218413245720868, 33.683337551584962 ], [ 73.218426977818424, 33.68334405749912 ], [ 73.218379084029664, 33.683414712071894 ], [ 73.218365351906371, 33.683408207053724 ] ] ] } },
{ "type": "Feature", "id": 1325, "properties": { "FID": 1325, "class": "solar_panels", "SolarPV_Area(sqm)": 19.415895753000001 }, "geometry": { "type": "Polygon", "coordinates": [ [ [ 73.21840820154182, 33.683461142070463 ], [ 73.218417016290061, 33.683447611897471 ], [ 73.21852463526757, 33.683496614987085 ], [ 73.218515820530484, 33.683510145168029 ], [ 73.21840820154182, 33.683461142070463 ] ] ] } },
{ "type": "Feature", "id": 1326, "properties": { "FID": 1326, "class": "solar_panels", "SolarPV_Area(sqm)": 20.554884566599998 }, "geometry": { "type": "Polygon", "coordinates": [ [ [ 73.218708845308711, 33.684586625575974 ], [ 73.218743827929117, 33.684491436056256 ], [ 73.218763015351541, 33.684496364046694 ], [ 73.218728032749794, 33.68459155357241 ], [ 73.218708845308711, 33.684586625575974 ] ] ] } },
{ "type": "Feature", "id": 1327, "properties": { "FID": 1327, "class": "solar_panels", "SolarPV_Area(sqm)": 18.990495189299999 }, "geometry": { "type": "Polygon", "coordinates": [ [ [ 73.218732934985539, 33.684592566607918 ], [ 73.218768959993, 33.684497200936065 ], [ 73.218786568597764, 33.684501849153747 ], [ 73.218750543607328, 33.684597214831228 ], [ 73.218732934985539, 33.684592566607918 ] ] ] } },
{ "type": "Feature", "id": 1328, "properties": { "FID": 1328, "class": "solar_panels", "SolarPV_Area(sqm)": 12.5385367604 }, "geometry": { "type": "Polygon", "coordinates": [ [ [ 73.218757370896469, 33.684596156304629 ], [ 73.218780053650974, 33.684535033205321 ], [ 73.218798250829181, 33.684539753031864 ], [ 73.21877556700764, 33.684600876119305 ], [ 73.218757370896469, 33.684596156304629 ] ] ] } },
{ "type": "Feature", "id": 1329, "properties": { "FID": 1329, "class": "solar_panels", "SolarPV_Area(sqm)": 3.3534835906699998 }, "geometry": { "type": "Polygon", "coordinates": [ [ [ 73.218784491762136, 33.684520741031804 ], [ 73.218789728306803, 33.68450434752522 ], [ 73.218808296534704, 33.684508492862662 ], [ 73.218803059993235, 33.684524886370141 ], [ 73.218784491762136, 33.684520741031804 ] ] ] } },
{ "type": "Feature", "id": 1330, "properties": { "FID": 1330, "class": "solar_panels", "SolarPV_Area(sqm)": 3.1193528509799999 }, "geometry": { "type": "Polygon", "coordinates": [ [ [ 73.218745269761669, 33.684482095580023 ], [ 73.218750559513552, 33.684469240482954 ], [ 73.218771658588494, 33.684475307917694 ], [ 73.218766368820695, 33.684488163917251 ], [ 73.218745269761669, 33.684482095580023 ] ] ] } },
{ "type": "Feature", "id": 1331, "properties": { "FID": 1331, "class": "solar_panels", "SolarPV_Area(sqm)": 28.823652624299999 }, "geometry": { "type": "Polygon", "coordinates": [ [ [ 73.219029661483333, 33.684239255433567 ], [ 73.219038325637413, 33.684201231893702 ], [ 73.219108793246988, 33.684215488463103 ], [ 73.219100129140614, 33.6842535111073 ], [ 73.219029661483333, 33.684239255433567 ] ] ] } },
{ "type": "Feature", "id": 1332, "properties": { "FID": 1332, "class": "solar_panels", "SolarPV_Area(sqm)": 20.057885144899998 }, "geometry": { "type": "Polygon", "coordinates": [ [ [ 73.218999306648044, 33.684023693527379 ], [ 73.218926407866604, 33.684008861686834 ], [ 73.218930587161751, 33.683982955494578 ], [ 73.219003484843981, 33.683997787316478 ], [ 73.218999306648044, 33.684023693527379 ] ] ] } },
{ "type": "Feature", "id": 1333, "properties": { "FID": 1333, "class": "solar_panels", "SolarPV_Area(sqm)": 6.5274779803799996 }, "geometry": { "type": "Polygon", "coordinates": [ [ [ 73.218914236279062, 33.683959280064315 ], [ 73.218919893510758, 33.683925680544043 ], [ 73.218938418034057, 33.683927860274643 ], [ 73.218932761906316, 33.683961458910019 ], [ 73.218914236279062, 33.683959280064315 ] ] ] } },
{ "type": "Feature", "id": 1334, "properties": { "FID": 1334, "class": "solar_panels", "SolarPV_Area(sqm)": 6.8576631102399999 }, "geometry": { "type": "Polygon", "coordinates": [ [ [ 73.218939202974553, 33.683964531219836 ], [ 73.218945643623286, 33.683931387565408 ], [ 73.21896524658078, 33.683934049956733 ], [ 73.218958805939295, 33.683967193612418 ], [ 73.218939202974553, 33.683964531219836 ] ] ] } },
{ "type": "Feature", "id": 1335, "properties": { "FID": 1335, "class": "solar_panels", "SolarPV_Area(sqm)": 1.81317359923 }, "geometry": { "type": "Polygon", "coordinates": [ [ [ 73.218962579874898, 33.68396925085198 ], [ 73.218964590376871, 33.683960055639474 ], [ 73.218983145620413, 33.683962890490939 ], [ 73.21898113512033, 33.683972085703815 ], [ 73.218962579874898, 33.68396925085198 ] ] ] } },
{ "type": "Feature", "id": 1336, "properties": { "FID": 1336, "class": "solar_panels", "SolarPV_Area(sqm)": 7.3733221041599997 }, "geometry": { "type": "Polygon", "coordinates": [ [ [ 73.218985957837774, 33.683973971396838 ], [ 73.218993399824157, 33.683939974673905 ], [ 73.219013806645208, 33.683943095924469 ], [ 73.219006364647882, 33.683977093550382 ], [ 73.218985957837774, 33.683973971396838 ] ] ] } },
{ "type": "Feature", "id": 1337, "properties": { "FID": 1337, "class": "solar_panels", "SolarPV_Area(sqm)": 7.2954579104899997 }, "geometry": { "type": "Polygon", "coordinates": [ [ [ 73.219010363494476, 33.683979856509346 ], [ 73.219016995296599, 33.683944086047227 ], [ 73.219036363029034, 33.683946595342448 ], [ 73.219029731234656, 33.683982365805846 ], [ 73.219010363494476, 33.683979856509346 ] ] ] } },
{ "type": "Feature", "id": 1338, "properties": { "FID": 1338, "class": "solar_panels", "SolarPV_Area(sqm)": 1.4897472057300001 }, "geometry": { "type": "Polygon", "coordinates": [ [ [ 73.218967718054714, 33.683944549719861 ], [ 73.218969102187856, 33.683936854136796 ], [ 73.218987511738945, 33.683939169271468 ], [ 73.218986127625982, 33.683946863953267 ], [ 73.218967718054714, 33.683944549719861 ] ] ] } },
{ "type": "Feature", "id": 1339, "properties": { "FID": 1339, "class": "solar_panels", "SolarPV_Area(sqm)": 41.694324411099998 }, "geometry": { "type": "Polygon", "coordinates": [ [ [ 73.219190301709716, 33.683897954736153 ], [ 73.219203857798377, 33.683846270457479 ], [ 73.219287075351076, 33.683866270122905 ], [ 73.219277307596286, 33.683899390186525 ], [ 73.219251323945187, 33.683894911684661 ], [ 73.219246705336801, 33.683911423236189 ], [ 73.219190301709716, 33.683897954736153 ] ] ] } },
{ "type": "Feature", "id": 1340, "properties": { "FID": 1340, "class": "solar_panels", "SolarPV_Area(sqm)": 15.805684422300001 }, "geometry": { "type": "Polygon", "coordinates": [ [ [ 73.219139883023246, 33.683784060371984 ], [ 73.21914691028735, 33.683767498780639 ], [ 73.21922934572676, 33.683791942851478 ], [ 73.219222319572992, 33.683808503561941 ], [ 73.219139883023246, 33.683784060371984 ] ] ] } },
{ "type": "Feature", "id": 1341, "properties": { "FID": 1341, "class": "solar_panels", "SolarPV_Area(sqm)": 18.824987364999998 }, "geometry": { "type": "Polygon", "coordinates": [ [ [ 73.219253912520699, 33.68378060013012 ], [ 73.219155871481576, 33.683754238490572 ], [ 73.219162381928641, 33.683737316856103 ], [ 73.219260422932422, 33.683763679391468 ], [ 73.219253912520699, 33.68378060013012 ] ] ] } },
{ "type": "Feature", "id": 1342, "properties": { "FID": 1342, "class": "solar_panels", "SolarPV_Area(sqm)": 17.940167586099999 }, "geometry": { "type": "Polygon", "coordinates": [ [ [ 73.219262874978057, 33.683758753201928 ], [ 73.219163330117979, 33.683731667413007 ], [ 73.219169500188315, 33.683715820289265 ], [ 73.219269043935554, 33.683742906958699 ], [ 73.219262874978057, 33.683758753201928 ] ] ] } },
{ "type": "Feature", "id": 1343, "properties": { "FID": 1343, "class": "solar_panels", "SolarPV_Area(sqm)": 14.016145811399999 }, "geometry": { "type": "Polygon", "coordinates": [ [ [ 73.2190159323834, 33.683366336841445 ], [ 73.219023756170003, 33.683352889727722 ], [ 73.219032781301095, 33.683356451973907 ], [ 73.219038304162083, 33.683346670745877 ], [ 73.219090982768364, 33.683367459377898 ], [ 73.219083472680381, 33.683380759521086 ], [ 73.219078650346489, 33.683378856704195 ], [ 73.219081002602863, 33.68337468927102 ], [ 73.219067733967819, 33.68336945348905 ], [ 73.219059733501012, 33.683383622179392 ], [ 73.2190159323834, 33.683366336841445 ] ] ] } },
{ "type": "Feature", "id": 1344, "properties": { "FID": 1344, "class": "solar_panels", "SolarPV_Area(sqm)": 7.99957537447 }, "geometry": { "type": "Polygon", "coordinates": [ [ [ 73.21904257702974, 33.683340436191585 ], [ 73.219052254725014, 33.683325958928947 ], [ 73.219101318570111, 33.683347276184023 ], [ 73.21909277793182, 33.683361015061479 ], [ 73.219081539631148, 33.683356132285702 ], [ 73.219086074930075, 33.683348836523415 ], [ 73.219073706593605, 33.683343463125475 ], [ 73.219068567728854, 33.683351728605935 ], [ 73.21904257702974, 33.683340436191585 ] ] ] } },
{ "type": "Feature", "id": 1345, "properties": { "FID": 1345, "class": "solar_panels", "SolarPV_Area(sqm)": 11.8793654673 }, "geometry": { "type": "Polygon", "coordinates": [ [ [ 73.219082050260809, 33.683331324755812 ], [ 73.219091449563777, 33.683317583829286 ], [ 73.219069297334244, 33.683308304497714 ], [ 73.219079937870973, 33.68329055236012 ], [ 73.219114182167701, 33.683304897205836 ], [ 73.219105196042193, 33.683319891237687 ], [ 73.219113365445324, 33.683323313090575 ], [ 73.219103243211052, 33.683340202495359 ], [ 73.219082050260809, 33.683331324755812 ] ] ] } },
{ "type": "Feature", "id": 1346, "properties": { "FID": 1346, "class": "solar_panels", "SolarPV_Area(sqm)": 2.27572288507 }, "geometry": { "type": "Polygon", "coordinates": [ [ [ 73.21903917691894, 33.683290398487458 ], [ 73.219046192055913, 33.683278188664723 ], [ 73.219060919070245, 33.683284102863212 ], [ 73.219053905031743, 33.683296311800852 ], [ 73.21903917691894, 33.683290398487458 ] ] ] } },
{ "type": "Feature", "id": 1347, "properties": { "FID": 1347, "class": "solar_panels", "SolarPV_Area(sqm)": 12.921254964399999 }, "geometry": { "type": "Polygon", "coordinates": [ [ [ 73.2190515068108, 33.683267305178788 ], [ 73.219060716660834, 33.683252185423044 ], [ 73.219126706354388, 33.683280279994619 ], [ 73.219117496512482, 33.683295399755501 ], [ 73.2190515068108, 33.683267305178788 ] ] ] } },
{ "type": "Feature", "id": 1348, "properties": { "FID": 1348, "class": "solar_panels", "SolarPV_Area(sqm)": 11.1057855512 }, "geometry": { "type": "Polygon", "coordinates": [ [ [ 73.219075119942005, 33.683253085623484 ], [ 73.219085292813219, 33.683237035596292 ], [ 73.219137829537374, 33.683260307438864 ], [ 73.219127657751145, 33.683276357486115 ], [ 73.219075119942005, 33.683253085623484 ] ] ] } },
{ "type": "Feature", "id": 1349, "properties": { "FID": 1349, "class": "solar_panels", "SolarPV_Area(sqm)": 13.0275472 }, "geometry": { "type": "Polygon", "coordinates": [ [ [ 73.219123530575445, 33.683373111956847 ], [ 73.219132781716397, 33.683358814303141 ], [ 73.21920133068366, 33.68338981065169 ], [ 73.219192080628616, 33.683404108326251 ], [ 73.219123530575445, 33.683373111956847 ] ] ] } },
{ "type": "Feature", "id": 1350, "properties": { "FID": 1350, "class": "solar_panels", "SolarPV_Area(sqm)": 3.3316666615499999 }, "geometry": { "type": "Polygon", "coordinates": [ [ [ 73.21913471647801, 33.683355224295198 ], [ 73.219144824127625, 33.683339878506821 ], [ 73.219161024074296, 33.683347336113727 ], [ 73.219150916426571, 33.683362681903475 ], [ 73.21913471647801, 33.683355224295198 ] ] ] } },
{ "type": "Feature", "id": 1351, "properties": { "FID": 1351, "class": "solar_panels", "SolarPV_Area(sqm)": 2.44334078866 }, "geometry": { "type": "Polygon", "coordinates": [ [ [ 73.219162445142814, 33.683368023351321 ], [ 73.219171684044113, 33.683353325132487 ], [ 73.219184351538132, 33.683358890401266 ], [ 73.219175112656899, 33.683373587719558 ], [ 73.219162445142814, 33.683368023351321 ] ] ] } },
{ "type": "Feature", "id": 1352, "properties": { "FID": 1352, "class": "solar_panels", "SolarPV_Area(sqm)": 3.46970195917 }, "geometry": { "type": "Polygon", "coordinates": [ [ [ 73.219186517213387, 33.683380451365764 ], [ 73.219196916591031, 33.683364088073631 ], [ 73.219212996831757, 33.683371231034258 ], [ 73.219202596377812, 33.683387594312244 ], [ 73.219186517213387, 33.683380451365764 ] ] ] } },
{ "type": "Feature", "id": 1353, "properties": { "FID": 1353, "class": "solar_panels", "SolarPV_Area(sqm)": 11.2808724848 }, "geometry": { "type": "Polygon", "coordinates": [ [ [ 73.219213805625586, 33.68336590692325 ], [ 73.219153317830717, 33.683339605973849 ], [ 73.219162198492995, 33.683325331833693 ], [ 73.219222686280986, 33.68335163277856 ], [ 73.219213805625586, 33.68336590692325 ] ] ] } },
{ "type": "Feature", "id": 1354, "properties": { "FID": 1354, "class": "solar_panels", "SolarPV_Area(sqm)": 19.3230305684 }, "geometry": { "type": "Polygon", "coordinates": [ [ [ 73.219243500120513, 33.683451639653988 ], [ 73.219276450126046, 33.683394123629832 ], [ 73.219303023873437, 33.683404763402962 ], [ 73.219270074959255, 33.683462279450112 ], [ 73.219243500120513, 33.683451639653988 ] ] ] } },
{ "type": "Feature", "id": 1355, "properties": { "FID": 1355, "class": "solar_panels", "SolarPV_Area(sqm)": 6.0458805228100001 }, "geometry": { "type": "Polygon", "coordinates": [ [ [ 73.219265103331409, 33.683383622184643 ], [ 73.219278560082984, 33.68335458169458 ], [ 73.219296162946804, 33.68336028302059 ], [ 73.21928270620009, 33.683389323512706 ], [ 73.219265103331409, 33.683383622184643 ] ] ] } },
{ "type": "Feature", "id": 1356, "properties": { "FID": 1356, "class": "solar_panels", "SolarPV_Area(sqm)": 4.7298082104399999 }, "geometry": { "type": "Polygon", "coordinates": [ [ [ 73.219293918506949, 33.683393846089729 ], [ 73.219307188171854, 33.683368593938553 ], [ 73.219322455494492, 33.683374201176996 ], [ 73.21930918583304, 33.683399453329912 ], [ 73.219293918506949, 33.683393846089729 ] ] ] } },
{ "type": "Feature", "id": 1357, "properties": { "FID": 1357, "class": "solar_panels", "SolarPV_Area(sqm)": 48.416763116600002 }, "geometry": { "type": "Polygon", "coordinates": [ [ [ 73.218618362049853, 33.682929547965422 ], [ 73.218647118942712, 33.682870436833255 ], [ 73.218715462831128, 33.682893674367754 ], [ 73.218686707054189, 33.682952785532429 ], [ 73.218618362049853, 33.682929547965422 ] ] ] } },
{ "type": "Feature", "id": 1358, "properties": { "FID": 1358, "class": "solar_panels", "SolarPV_Area(sqm)": 5.8962211163899996 }, "geometry": { "type": "Polygon", "coordinates": [ [ [ 73.21888144805348, 33.683087203048032 ], [ 73.218889906500152, 33.683073317814895 ], [ 73.218922694889699, 33.683087276504637 ], [ 73.218914236428134, 33.683101162641613 ], [ 73.21888144805348, 33.683087203048032 ] ] ] } },
{ "type": "Feature", "id": 1359, "properties": { "FID": 1359, "class": "solar_panels", "SolarPV_Area(sqm)": 5.6865904197099999 }, "geometry": { "type": "Polygon", "coordinates": [ [ [ 73.218891990352461, 33.6830703440652 ], [ 73.218900580725972, 33.683056495000542 ], [ 73.218932047762777, 33.683070138856635 ], [ 73.218923457411364, 33.683083987022073 ], [ 73.218891990352461, 33.6830703440652 ] ] ] } },
{ "type": "Feature", "id": 1360, "properties": { "FID": 1360, "class": "solar_panels", "SolarPV_Area(sqm)": 5.5919939385099999 }, "geometry": { "type": "Polygon", "coordinates": [ [ [ 73.218907533523108, 33.683051071905041 ], [ 73.218915854739393, 33.683035890652242 ], [ 73.218945457837449, 33.683047233369066 ], [ 73.218937135565355, 33.683062413706921 ], [ 73.218907533523108, 33.683051071905041 ] ] ] } },
{ "type": "Feature", "id": 1361, "properties": { "FID": 1361, "class": "solar_panels", "SolarPV_Area(sqm)": 5.1936666894899997 }, "geometry": { "type": "Polygon", "coordinates": [ [ [ 73.218923926504871, 33.683107105234015 ], [ 73.21893423657626, 33.68309125468469 ], [ 73.21895882834427, 33.683102433168095 ], [ 73.218948518275894, 33.683118283719544 ], [ 73.218923926504871, 33.683107105234015 ] ] ] } },
{ "type": "Feature", "id": 1362, "properties": { "FID": 1362, "class": "solar_panels", "SolarPV_Area(sqm)": 10.485679043699999 }, "geometry": { "type": "Polygon", "coordinates": [ [ [ 73.218939905609062, 33.68308756431523 ], [ 73.218953681108871, 33.683065925670711 ], [ 73.218990401791118, 33.683082263993114 ], [ 73.21897662521917, 33.683103902626335 ], [ 73.218939905609062, 33.68308756431523 ] ] ] } },
{ "type": "Feature", "id": 1363, "properties": { "FID": 1363, "class": "solar_panels", "SolarPV_Area(sqm)": 6.3321931180800002 }, "geometry": { "type": "Polygon", "coordinates": [ [ [ 73.218974059944202, 33.683044875492691 ], [ 73.218990035781076, 33.683031714538615 ], [ 73.219013084816126, 33.683051270752259 ], [ 73.218997108997456, 33.683064430807782 ], [ 73.218974059944202, 33.683044875492691 ] ] ] } },
{ "type": "Feature", "id": 1364, "properties": { "FID": 1364, "class": "solar_panels", "SolarPV_Area(sqm)": 8.5513830605999992 }, "geometry": { "type": "Polygon", "coordinates": [ [ [ 73.219333112642587, 33.683256530492265 ], [ 73.219341345920313, 33.683243623107082 ], [ 73.219391506833801, 33.683265984979712 ], [ 73.219383273561135, 33.683278892368342 ], [ 73.219333112642587, 33.683256530492265 ] ] ] } },
{ "type": "Feature", "id": 1365, "properties": { "FID": 1365, "class": "solar_panels", "SolarPV_Area(sqm)": 8.7749160804200006 }, "geometry": { "type": "Polygon", "coordinates": [ [ [ 73.219343457688183, 33.683238406149513 ], [ 73.219352138645775, 33.683225444797841 ], [ 73.219402258537727, 33.683248906233523 ], [ 73.219393576506619, 33.683261867573279 ], [ 73.219343457688183, 33.683238406149513 ] ] ] } },
{ "type": "Feature", "id": 1366, "properties": { "FID": 1366, "class": "solar_panels", "SolarPV_Area(sqm)": 9.4442595598099999 }, "geometry": { "type": "Polygon", "coordinates": [ [ [ 73.219358341753093, 33.683216255902622 ], [ 73.219368150271208, 33.683201185331519 ], [ 73.21941516968775, 33.683222572188953 ], [ 73.219405361175063, 33.683237642763913 ], [ 73.219358341753093, 33.683216255902622 ] ] ] } },
{ "type": "Feature", "id": 1367, "properties": { "FID": 1367, "class": "solar_panels", "SolarPV_Area(sqm)": 11.786427722199999 }, "geometry": { "type": "Polygon", "coordinates": [ [ [ 73.219474901121941, 33.683384825505037 ], [ 73.219408047689768, 33.683355452582674 ], [ 73.219416493532123, 33.683342018917763 ], [ 73.219483345878828, 33.683371391819811 ], [ 73.219474901121941, 33.683384825505037 ] ] ] } },
{ "type": "Feature", "id": 1368, "properties": { "FID": 1368, "class": "solar_panels", "SolarPV_Area(sqm)": 3.3640021605700001 }, "geometry": { "type": "Polygon", "coordinates": [ [ [ 73.219419562968781, 33.683337229674429 ], [ 73.21942774903664, 33.683324937511664 ], [ 73.219448063910178, 33.683334394097386 ], [ 73.219439876765833, 33.683346686245997 ], [ 73.219419562968781, 33.683337229674429 ] ] ] } },
{ "type": "Feature", "id": 1369, "properties": { "FID": 1369, "class": "solar_panels", "SolarPV_Area(sqm)": 4.24870471863 }, "geometry": { "type": "Polygon", "coordinates": [ [ [ 73.219457514260867, 33.683354840861355 ], [ 73.219465703857807, 33.683342586621222 ], [ 73.219491398498477, 33.683354586176577 ], [ 73.219483208885308, 33.683366841319966 ], [ 73.219457514260867, 33.683354840861355 ] ] ] } },
{ "type": "Feature", "id": 1370, "properties": { "FID": 1370, "class": "solar_panels", "SolarPV_Area(sqm)": 13.623779655 }, "geometry": { "type": "Polygon", "coordinates": [ [ [ 73.219425333690481, 33.683319193595686 ], [ 73.21943513856543, 33.683303881292751 ], [ 73.21950238805961, 33.683333975913428 ], [ 73.219492584271023, 33.683349288237451 ], [ 73.219425333690481, 33.683319193595686 ] ] ] } },
{ "type": "Feature", "id": 1371, "properties": { "FID": 1371, "class": "solar_panels", "SolarPV_Area(sqm)": 12.4984015047 }, "geometry": { "type": "Polygon", "coordinates": [ [ [ 73.219501947192015, 33.683328991791612 ], [ 73.219436779052316, 33.683298920857524 ], [ 73.219446216688894, 33.683284625867095 ], [ 73.219511384821558, 33.683314696796018 ], [ 73.219501947192015, 33.683328991791612 ] ] ] } },
{ "type": "Feature", "id": 1372, "properties": { "FID": 1372, "class": "solar_panels", "SolarPV_Area(sqm)": 12.4726797326 }, "geometry": { "type": "Polygon", "coordinates": [ [ [ 73.219450183164568, 33.683282681108366 ], [ 73.219460100551558, 33.683267718507892 ], [ 73.219522119662173, 33.683296447299305 ], [ 73.219512203360509, 33.683311409920478 ], [ 73.219450183164568, 33.683282681108366 ] ] ] } },
{ "type": "Feature", "id": 1373, "properties": { "FID": 1373, "class": "solar_panels", "SolarPV_Area(sqm)": 7.65135740849 }, "geometry": { "type": "Polygon", "coordinates": [ [ [ 73.218922811824569, 33.682705696246927 ], [ 73.218915338578725, 33.682701943550235 ], [ 73.218923142324314, 33.68268946555402 ], [ 73.218905614577366, 33.682681803911542 ], [ 73.218917671569741, 33.682662524770763 ], [ 73.218942911283037, 33.682673556591304 ], [ 73.218922811824569, 33.682705696246927 ] ] ] } },
{ "type": "Feature", "id": 1374, "properties": { "FID": 1374, "class": "solar_panels", "SolarPV_Area(sqm)": 21.700678653299999 }, "geometry": { "type": "Polygon", "coordinates": [ [ [ 73.218935187046981, 33.682645995366158 ], [ 73.218959516557078, 33.682608020923638 ], [ 73.219002697935323, 33.682627355179775 ], [ 73.218978368419386, 33.682665330532629 ], [ 73.218935187046981, 33.682645995366158 ] ] ] } },
{ "type": "Feature", "id": 1375, "properties": { "FID": 1375, "class": "solar_panels", "SolarPV_Area(sqm)": 6.6247633597400002 }, "geometry": { "type": "Polygon", "coordinates": [ [ [ 73.219251511541273, 33.682846219630676 ], [ 73.219235517233912, 33.682838418721424 ], [ 73.219256488229021, 33.682808368352084 ], [ 73.219272481473183, 33.682816168341489 ], [ 73.219251511541273, 33.682846219630676 ] ] ] } },
{ "type": "Feature", "id": 1376, "properties": { "FID": 1376, "class": "solar_panels", "SolarPV_Area(sqm)": 6.1379412018700004 }, "geometry": { "type": "Polygon", "coordinates": [ [ [ 73.219255361644358, 33.682849602658237 ], [ 73.219276817129511, 33.682819230123272 ], [ 73.219291387183716, 33.68282642344554 ], [ 73.219269931701646, 33.682856795983106 ], [ 73.219255361644358, 33.682849602658237 ] ] ] } },
{ "type": "Feature", "id": 1377, "properties": { "FID": 1377, "class": "solar_panels", "SolarPV_Area(sqm)": 6.6390568863299997 }, "geometry": { "type": "Polygon", "coordinates": [ [ [ 73.219309114846951, 33.682862417907721 ], [ 73.219319524825025, 33.682846843803624 ], [ 73.219351114492142, 33.682861602104325 ], [ 73.21934070453635, 33.682877175309699 ], [ 73.219309114846951, 33.682862417907721 ] ] ] } },
{ "type": "Feature", "id": 1378, "properties": { "FID": 1378, "class": "solar_panels", "SolarPV_Area(sqm)": 6.8718754595 }, "geometry": { "type": "Polygon", "coordinates": [ [ [ 73.219324199646351, 33.682841305787584 ], [ 73.21933560714541, 33.682825586447144 ], [ 73.219366679982443, 33.682841345472575 ], [ 73.219355273546455, 33.682857065733039 ], [ 73.219324199646351, 33.682841305787584 ] ] ] } },
{ "type": "Feature", "id": 1379, "properties": { "FID": 1379, "class": "solar_panels", "SolarPV_Area(sqm)": 8.1568339292799994 }, "geometry": { "type": "Polygon", "coordinates": [ [ [ 73.219338891752557, 33.68282150368691 ], [ 73.219350209167089, 33.682806072514524 ], [ 73.219387566511983, 33.682825221693527 ], [ 73.219376249101288, 33.68284065286943 ], [ 73.219338891752557, 33.68282150368691 ] ] ] } },
{ "type": "Feature", "id": 1380, "properties": { "FID": 1380, "class": "solar_panels", "SolarPV_Area(sqm)": 2.6845118401099999 }, "geometry": { "type": "Polygon", "coordinates": [ [ [ 73.219361879886279, 33.682807454516201 ], [ 73.219350695761662, 33.682803504074379 ], [ 73.219360704356546, 33.68278369848877 ], [ 73.219371888497733, 33.682787648028118 ], [ 73.219361879886279, 33.682807454516201 ] ] ] } },
{ "type": "Feature", "id": 1381, "properties": { "FID": 1381, "class": "solar_panels", "SolarPV_Area(sqm)": 13.8954959366 }, "geometry": { "type": "Polygon", "coordinates": [ [ [ 73.219515743954261, 33.682976626705475 ], [ 73.219501439781112, 33.682970242521357 ], [ 73.219548385984169, 33.682896731452644 ], [ 73.219562690149118, 33.68290311563112 ], [ 73.219515743954261, 33.682976626705475 ] ] ] } },
{ "type": "Feature", "id": 1382, "properties": { "FID": 1382, "class": "solar_panels", "SolarPV_Area(sqm)": 7.5214742008600002 }, "geometry": { "type": "Polygon", "coordinates": [ [ [ 73.219524599784407, 33.682979034915746 ], [ 73.219545842154446, 33.682944609414804 ], [ 73.219562622625489, 33.682951846285917 ], [ 73.219541380260083, 33.6829862717899 ], [ 73.219524599784407, 33.682979034915746 ] ] ] } },
{ "type": "Feature", "id": 1383, "properties": { "FID": 1383, "class": "solar_panels", "SolarPV_Area(sqm)": 7.2001421565500001 }, "geometry": { "type": "Polygon", "coordinates": [ [ [ 73.219545527424231, 33.682987490334206 ], [ 73.219568581581996, 33.68295360585175 ], [ 73.219584193239228, 33.682961029674814 ], [ 73.219561140163677, 33.682994914175815 ], [ 73.219545527424231, 33.682987490334206 ] ] ] } },
{ "type": "Feature", "id": 1384, "properties": { "FID": 1384, "class": "solar_panels", "SolarPV_Area(sqm)": 8.3979722011100009 }, "geometry": { "type": "Polygon", "coordinates": [ [ [ 73.218863078476176, 33.68251835091101 ], [ 73.218872141640716, 33.682505894682613 ], [ 73.218919996125848, 33.682530229021289 ], [ 73.218910932965329, 33.682542685253289 ], [ 73.218863078476176, 33.68251835091101 ] ] ] } },
{ "type": "Feature", "id": 1385, "properties": { "FID": 1385, "class": "solar_panels", "SolarPV_Area(sqm)": 2.7375081800899999 }, "geometry": { "type": "Polygon", "coordinates": [ [ [ 73.218873426257531, 33.682499937177326 ], [ 73.21888365825555, 33.682486142440283 ], [ 73.218897596552878, 33.682493367278965 ], [ 73.218887364556139, 33.682507162017188 ], [ 73.218873426257531, 33.682499937177326 ] ] ] } },
{ "type": "Feature", "id": 1386, "properties": { "FID": 1386, "class": "solar_panels", "SolarPV_Area(sqm)": 4.6326785601899996 }, "geometry": { "type": "Polygon", "coordinates": [ [ [ 73.218901146978041, 33.682514936491131 ], [ 73.218911960480327, 33.682500875095826 ], [ 73.218934628591825, 33.682513058373907 ], [ 73.218923815091514, 33.682527119771244 ], [ 73.218901146978041, 33.682514936491131 ] ] ] } },
{ "type": "Feature", "id": 1387, "properties": { "FID": 1387, "class": "solar_panels", "SolarPV_Area(sqm)": 8.5968158757000008 }, "geometry": { "type": "Polygon", "coordinates": [ [ [ 73.218886620582069, 33.682480845772616 ], [ 73.218894957752013, 33.682468914726357 ], [ 73.218947195363754, 33.682494425933378 ], [ 73.218938858179627, 33.682506357884783 ], [ 73.218886620582069, 33.682480845772616 ] ] ] } },
{ "type": "Feature", "id": 1388, "properties": { "FID": 1388, "class": "solar_panels", "SolarPV_Area(sqm)": 14.960828661000001 }, "geometry": { "type": "Polygon", "coordinates": [ [ [ 73.219085325208653, 33.682607302475162 ], [ 73.219068951210815, 33.682601230174321 ], [ 73.219108343640144, 33.682526989056619 ], [ 73.219124717645755, 33.682533060450453 ], [ 73.219085325208653, 33.682607302475162 ] ] ] } },
{ "type": "Feature", "id": 1389, "properties": { "FID": 1389, "class": "solar_panels", "SolarPV_Area(sqm)": 11.295635000100001 }, "geometry": { "type": "Polygon", "coordinates": [ [ [ 73.2190907243439, 33.682607857345019 ], [ 73.219122631243181, 33.682545833697574 ], [ 73.219137576394715, 33.682551207262925 ], [ 73.219105669503847, 33.682613230914448 ], [ 73.2190907243439, 33.682607857345019 ] ] ] } },
{ "type": "Feature", "id": 1390, "properties": { "FID": 1390, "class": "solar_panels", "SolarPV_Area(sqm)": 8.3400789553399992 }, "geometry": { "type": "Polygon", "coordinates": [ [ [ 73.219112478754624, 33.682615810744998 ], [ 73.219136109250258, 33.682575794502334 ], [ 73.219152403988829, 33.682582519434632 ], [ 73.219128774558357, 33.682622536597627 ], [ 73.219112478754624, 33.682615810744998 ] ] ] } },
{ "type": "Feature", "id": 1391, "properties": { "FID": 1391, "class": "solar_panels", "SolarPV_Area(sqm)": 12.0334287414 }, "geometry": { "type": "Polygon", "coordinates": [ [ [ 73.219133325331782, 33.682624686189271 ], [ 73.219169037744024, 33.682568257860325 ], [ 73.219185239243615, 33.68257542421312 ], [ 73.219149526838578, 33.682631852546933 ], [ 73.219133325331782, 33.682624686189271 ] ] ] } },
{ "type": "Feature", "id": 1392, "properties": { "FID": 1392, "class": "solar_panels", "SolarPV_Area(sqm)": 16.983780721900001 }, "geometry": { "type": "Polygon", "coordinates": [ [ [ 73.219461472409193, 33.684712160972509 ], [ 73.219467309418064, 33.684697244170685 ], [ 73.219567323609212, 33.68472459259926 ], [ 73.219561486596746, 33.68473951030775 ], [ 73.219461472409193, 33.684712160972509 ] ] ] } },
{ "type": "Feature", "id": 1393, "properties": { "FID": 1393, "class": "solar_panels", "SolarPV_Area(sqm)": 6.73192988002 }, "geometry": { "type": "Polygon", "coordinates": [ [ [ 73.219469868164879, 33.684690963254823 ], [ 73.219475780415507, 33.684677576036002 ], [ 73.219518815877493, 33.684690859856524 ], [ 73.219512903651022, 33.684704246176082 ], [ 73.219469868164879, 33.684690963254823 ] ] ] } },
{ "type": "Feature", "id": 1394, "properties": { "FID": 1394, "class": "solar_panels", "SolarPV_Area(sqm)": 4.6948756614400002 }, "geometry": { "type": "Polygon", "coordinates": [ [ [ 73.219532154886153, 33.684708856643574 ], [ 73.219538683416232, 33.68469471991591 ], [ 73.219566789302519, 33.684703791901057 ], [ 73.219560259697857, 33.684717928614759 ], [ 73.219532154886153, 33.684708856643574 ] ] ] } },
{ "type": "Feature", "id": 1395, "properties": { "FID": 1395, "class": "solar_panels", "SolarPV_Area(sqm)": 9.8144615134900004 }, "geometry": { "type": "Polygon", "coordinates": [ [ [ 73.219522684577512, 33.684568284002452 ], [ 73.219505110387075, 33.684565677990697 ], [ 73.219516283014229, 33.684513027800683 ], [ 73.219533857175847, 33.684515634712028 ], [ 73.219522684577512, 33.684568284002452 ] ] ] } },
{ "type": "Feature", "id": 1396, "properties": { "FID": 1396, "class": "solar_panels", "SolarPV_Area(sqm)": 7.4348285986900002 }, "geometry": { "type": "Polygon", "coordinates": [ [ [ 73.219529873189089, 33.684571306638055 ], [ 73.21953714439438, 33.684531461250153 ], [ 73.219554876708244, 33.684533722354992 ], [ 73.219547605510854, 33.684573567744209 ], [ 73.219529873189089, 33.684571306638055 ] ] ] } },
{ "type": "Feature", "id": 1397, "properties": { "FID": 1397, "class": "solar_panels", "SolarPV_Area(sqm)": 6.3227896009700002 }, "geometry": { "type": "Polygon", "coordinates": [ [ [ 73.219554118953113, 33.684576272242325 ], [ 73.219560085699413, 33.684539894292605 ], [ 73.21957667553994, 33.684541796256049 ], [ 73.219570708800447, 33.684578174206777 ], [ 73.219554118953113, 33.684576272242325 ] ] ] } },
{ "type": "Feature", "id": 1398, "properties": { "FID": 1398, "class": "solar_panels", "SolarPV_Area(sqm)": 7.7869004144299998 }, "geometry": { "type": "Polygon", "coordinates": [ [ [ 73.219576094607618, 33.684582519903827 ], [ 73.219584774972517, 33.6845393591773 ], [ 73.219601836749376, 33.68454175759986 ], [ 73.219593157489626, 33.684584917441867 ], [ 73.219576094607618, 33.684582519903827 ] ] ] } },
{ "type": "Feature", "id": 1399, "properties": { "FID": 1399, "class": "solar_panels", "SolarPV_Area(sqm)": 7.17576164838 }, "geometry": { "type": "Polygon", "coordinates": [ [ [ 73.219599581429563, 33.684587568345073 ], [ 73.219608331752255, 33.68454692546328 ], [ 73.219624962072814, 33.684549427680331 ], [ 73.219616211757582, 33.684590070563516 ], [ 73.219599581429563, 33.684587568345073 ] ] ] } },
{ "type": "Feature", "id": 1400, "properties": { "FID": 1400, "class": "solar_panels", "SolarPV_Area(sqm)": 5.2405257060499997 }, "geometry": { "type": "Polygon", "coordinates": [ [ [ 73.219371766030051, 33.684439270377453 ], [ 73.2193555382309, 33.684436395185678 ], [ 73.219363158773675, 33.684406340844809 ], [ 73.219379385489148, 33.684409216019894 ], [ 73.219371766030051, 33.684439270377453 ] ] ] } },
{ "type": "Feature", "id": 1401, "properties": { "FID": 1401, "class": "solar_panels", "SolarPV_Area(sqm)": 1.1308375201800001 }, "geometry": { "type": "Polygon", "coordinates": [ [ [ 73.219379374854427, 33.684441164652739 ], [ 73.219381870570359, 33.68443501088116 ], [ 73.219397897849248, 33.684439554157827 ], [ 73.219395402134296, 33.684445707929754 ], [ 73.219379374854427, 33.684441164652739 ] ] ] } },
{ "type": "Feature", "id": 1402, "properties": { "FID": 1402, "class": "solar_panels", "SolarPV_Area(sqm)": 3.1563914503800001 }, "geometry": { "type": "Polygon", "coordinates": [ [ [ 73.219383743286258, 33.684431187319298 ], [ 73.219389492644922, 33.684409745857593 ], [ 73.219403123120671, 33.684412299550267 ], [ 73.219397373765176, 33.684433741012704 ], [ 73.219383743286258, 33.684431187319298 ] ] ] } },
{ "type": "Feature", "id": 1403, "properties": { "FID": 1403, "class": "solar_panels", "SolarPV_Area(sqm)": 1.1082269599200001 }, "geometry": { "type": "Polygon", "coordinates": [ [ [ 73.219401242437755, 33.684448936580651 ], [ 73.219402964442466, 33.684443947563729 ], [ 73.219422905080364, 33.684448758257524 ], [ 73.21942118307669, 33.684453747274752 ], [ 73.219401242437755, 33.684448936580651 ] ] ] } },
{ "type": "Feature", "id": 1404, "properties": { "FID": 1404, "class": "solar_panels", "SolarPV_Area(sqm)": 3.4323549185500002 }, "geometry": { "type": "Polygon", "coordinates": [ [ [ 73.219405327852471, 33.684437461837028 ], [ 73.219411686780802, 33.684416171639974 ], [ 73.219426444430184, 33.684419251076548 ], [ 73.219420085505206, 33.684440541274455 ], [ 73.219405327852471, 33.684437461837028 ] ] ] } },
{ "type": "Feature", "id": 1405, "properties": { "FID": 1405, "class": "solar_panels", "SolarPV_Area(sqm)": 1.70173044068 }, "geometry": { "type": "Polygon", "coordinates": [ [ [ 73.219433224734587, 33.68443354535993 ], [ 73.219436991970539, 33.684423794720928 ], [ 73.219452359680574, 33.684427943428311 ], [ 73.219448592427568, 33.68443769496934 ], [ 73.219433224734587, 33.68443354535993 ] ] ] } },
{ "type": "Feature", "id": 1406, "properties": { "FID": 1406, "class": "solar_panels", "SolarPV_Area(sqm)": 4.0935702063899999 }, "geometry": { "type": "Polygon", "coordinates": [ [ [ 73.219453297680815, 33.684454483395477 ], [ 73.219460719459278, 33.684432862235582 ], [ 73.219477730324172, 33.684436943544476 ], [ 73.21947030856812, 33.684458563804014 ], [ 73.219453297680815, 33.684454483395477 ] ] ] } },
{ "type": "Feature", "id": 1407, "properties": { "FID": 1407, "class": "solar_panels", "SolarPV_Area(sqm)": 3.64232401718 }, "geometry": { "type": "Polygon", "coordinates": [ [ [ 73.219626319836223, 33.684411453086597 ], [ 73.219631250711885, 33.684398941761813 ], [ 73.219656788118613, 33.684405975682168 ], [ 73.219651858324511, 33.684418487023613 ], [ 73.219626319836223, 33.684411453086597 ] ] ] } },
{ "type": "Feature", "id": 1408, "properties": { "FID": 1408, "class": "solar_panels", "SolarPV_Area(sqm)": 16.144026138699999 }, "geometry": { "type": "Polygon", "coordinates": [ [ [ 73.219577399072236, 33.684379500820661 ], [ 73.219583074153206, 33.684365738648211 ], [ 73.219685034017118, 33.684395124160325 ], [ 73.219679358968605, 33.684408885436348 ], [ 73.219577399072236, 33.684379500820661 ] ] ] } },
{ "type": "Feature", "id": 1409, "properties": { "FID": 1409, "class": "solar_panels", "SolarPV_Area(sqm)": 15.4393878124 }, "geometry": { "type": "Polygon", "coordinates": [ [ [ 73.219587780224074, 33.684359944070742 ], [ 73.219593706115944, 33.684346677878558 ], [ 73.21969302854356, 33.684377686431652 ], [ 73.219687102664395, 33.684390952628959 ], [ 73.219587780224074, 33.684359944070742 ] ] ] } },
{ "type": "Feature", "id": 1410, "properties": { "FID": 1410, "class": "solar_panels", "SolarPV_Area(sqm)": 14.574396007700001 }, "geometry": { "type": "Polygon", "coordinates": [ [ [ 73.219621729882462, 33.684329963471896 ], [ 73.219628690825729, 33.684314785113806 ], [ 73.219710099478206, 33.6843408769383 ], [ 73.219703139625082, 33.684356055316869 ], [ 73.219621729882462, 33.684329963471896 ] ] ] } },
{ "type": "Feature", "id": 1411, "properties": { "FID": 1411, "class": "solar_panels", "SolarPV_Area(sqm)": 32.697849215700003 }, "geometry": { "type": "Polygon", "coordinates": [ [ [ 73.219672631778906, 33.684182145877365 ], [ 73.21968246304894, 33.684150648078464 ], [ 73.219775650174171, 33.684175514565169 ], [ 73.219765817856157, 33.684207012356836 ], [ 73.219672631778906, 33.684182145877365 ] ] ] } },
{ "type": "Feature", "id": 1412, "properties": { "FID": 1412, "class": "solar_panels", "SolarPV_Area(sqm)": 34.036195253499997 }, "geometry": { "type": "Polygon", "coordinates": [ [ [ 73.219787242786822, 33.684127804878486 ], [ 73.219734680981674, 33.684114242292814 ], [ 73.219755906243094, 33.684056750157318 ], [ 73.219808469095796, 33.68407031274856 ], [ 73.219787242786822, 33.684127804878486 ] ] ] } },
{ "type": "Feature", "id": 1413, "properties": { "FID": 1413, "class": "solar_panels", "SolarPV_Area(sqm)": 16.8439096808 }, "geometry": { "type": "Polygon", "coordinates": [ [ [ 73.219642459993324, 33.683847936419681 ], [ 73.219639970799605, 33.683832485698701 ], [ 73.219744093703596, 33.683820762700456 ], [ 73.219746582915818, 33.683836213419951 ], [ 73.219642459993324, 33.683847936419681 ] ] ] } },
{ "type": "Feature", "id": 1414, "properties": { "FID": 1414, "class": "solar_panels", "SolarPV_Area(sqm)": 17.382200939400001 }, "geometry": { "type": "Polygon", "coordinates": [ [ [ 73.21963577315455, 33.683825082094401 ], [ 73.219632672624925, 33.683809251935564 ], [ 73.219736658558645, 33.68379501554103 ], [ 73.219739759088498, 33.683810846599386 ], [ 73.21963577315455, 33.683825082094401 ] ] ] } },
{ "type": "Feature", "id": 1415, "properties": { "FID": 1415, "class": "solar_panels", "SolarPV_Area(sqm)": 15.3803982468 }, "geometry": { "type": "Polygon", "coordinates": [ [ [ 73.219818110877853, 33.683839109040122 ], [ 73.219824636866008, 33.68382367731585 ], [ 73.21991078921792, 33.683849138488988 ], [ 73.219904263242839, 33.683864570218184 ], [ 73.219818110877853, 33.683839109040122 ] ] ] } },
{ "type": "Feature", "id": 1416, "properties": { "FID": 1416, "class": "solar_panels", "SolarPV_Area(sqm)": 14.625048380100001 }, "geometry": { "type": "Polygon", "coordinates": [ [ [ 73.219910885039312, 33.683845328089951 ], [ 73.219827258619461, 33.683820301898365 ], [ 73.219833712523496, 33.683805227137256 ], [ 73.219917340009374, 33.683830253339664 ], [ 73.219910885039312, 33.683845328089951 ] ] ] } },
{ "type": "Feature", "id": 1417, "properties": { "FID": 1417, "class": "solar_panels", "SolarPV_Area(sqm)": 6.01818803918 }, "geometry": { "type": "Polygon", "coordinates": [ [ [ 73.219724425701244, 33.683530345746703 ], [ 73.219730533814882, 33.683514306524316 ], [ 73.219763662564986, 33.683523125304951 ], [ 73.21975755445672, 33.68353916452913 ], [ 73.219724425701244, 33.683530345746703 ] ] ] } },
{ "type": "Feature", "id": 1418, "properties": { "FID": 1418, "class": "solar_panels", "SolarPV_Area(sqm)": 6.0003780387300001 }, "geometry": { "type": "Polygon", "coordinates": [ [ [ 73.219731117778878, 33.683509003517251 ], [ 73.219738317252066, 33.683491198125296 ], [ 73.219767727488829, 33.68349950882574 ], [ 73.219760528020871, 33.683517314219557 ], [ 73.219731117778878, 33.683509003517251 ] ] ] } },
{ "type": "Feature", "id": 1419, "properties": { "FID": 1419, "class": "solar_panels", "SolarPV_Area(sqm)": 5.62642005981 }, "geometry": { "type": "Polygon", "coordinates": [ [ [ 73.219825472783199, 33.683555982845775 ], [ 73.219791121811596, 33.683543766636426 ], [ 73.219797984142915, 33.683530279465721 ], [ 73.219832335110297, 33.683542495673045 ], [ 73.219825472783199, 33.683555982845775 ] ] ] } },
{ "type": "Feature", "id": 1420, "properties": { "FID": 1420, "class": "solar_panels", "SolarPV_Area(sqm)": 6.3418692455299999 }, "geometry": { "type": "Polygon", "coordinates": [ [ [ 73.219785759353741, 33.683519719424638 ], [ 73.219793922345133, 33.683505719855006 ], [ 73.21982951621159, 33.683520224629405 ], [ 73.219821353224376, 33.683534224201502 ], [ 73.219785759353741, 33.683519719424638 ] ] ] } },
{ "type": "Feature", "id": 1421, "properties": { "FID": 1421, "class": "solar_panels", "SolarPV_Area(sqm)": 6.8781579398100003 }, "geometry": { "type": "Polygon", "coordinates": [ [ [ 73.219763640358849, 33.683479055507533 ], [ 73.219744932952679, 33.683476018389008 ], [ 73.219752935239526, 33.683441563471106 ], [ 73.219771641578859, 33.683444599671155 ], [ 73.219763640358849, 33.683479055507533 ] ] ] } },
{ "type": "Feature", "id": 1422, "properties": { "FID": 1422, "class": "solar_panels", "SolarPV_Area(sqm)": 7.3258030600800002 }, "geometry": { "type": "Polygon", "coordinates": [ [ [ 73.219770369601008, 33.683481334762575 ], [ 73.219777528720925, 33.683447803729159 ], [ 73.219798117683922, 33.68345087607257 ], [ 73.219790959649998, 33.68348440712294 ], [ 73.219770369601008, 33.683481334762575 ] ] ] } },
{ "type": "Feature", "id": 1423, "properties": { "FID": 1423, "class": "solar_panels", "SolarPV_Area(sqm)": 6.8931111610900002 }, "geometry": { "type": "Polygon", "coordinates": [ [ [ 73.219796169675945, 33.68348644625577 ], [ 73.219803699634241, 33.683454024330558 ], [ 73.219823622958387, 33.683457258413888 ], [ 73.219816093007168, 33.683489680340521 ], [ 73.219796169675945, 33.68348644625577 ] ] ] } },
{ "type": "Feature", "id": 1424, "properties": { "FID": 1424, "class": "solar_panels", "SolarPV_Area(sqm)": 6.0300260998899997 }, "geometry": { "type": "Polygon", "coordinates": [ [ [ 73.219857501490011, 33.683507087828453 ], [ 73.219824160489367, 33.683495431752668 ], [ 73.219831648807386, 33.683480462073568 ], [ 73.219864989784853, 33.683492119048701 ], [ 73.219857501490011, 33.683507087828453 ] ] ] } },
{ "type": "Feature", "id": 1425, "properties": { "FID": 1425, "class": "solar_panels", "SolarPV_Area(sqm)": 5.9429832755999996 }, "geometry": { "type": "Polygon", "coordinates": [ [ [ 73.219865541738528, 33.683482665636056 ], [ 73.21983016259324, 33.683469779937347 ], [ 73.219837317907263, 33.683456050802917 ], [ 73.219872695969812, 33.683468936483919 ], [ 73.219865541738528, 33.683482665636056 ] ] ] } },
{ "type": "Feature", "id": 1426, "properties": { "FID": 1426, "class": "solar_panels", "SolarPV_Area(sqm)": 7.0367554515000004 }, "geometry": { "type": "Polygon", "coordinates": [ [ [ 73.219987200770149, 33.683374698555028 ], [ 73.219993711686598, 33.683359419001469 ], [ 73.220033451965747, 33.683371254706756 ], [ 73.22002693997689, 33.683386534247056 ], [ 73.219987200770149, 33.683374698555028 ] ] ] } },
{ "type": "Feature", "id": 1427, "properties": { "FID": 1427, "class": "solar_panels", "SolarPV_Area(sqm)": 6.4104555906699998 }, "geometry": { "type": "Polygon", "coordinates": [ [ [ 73.219996550610048, 33.683355502040101 ], [ 73.220004029910001, 33.683338613253817 ], [ 73.22003649044558, 33.683348658658737 ], [ 73.220029011132354, 33.683365548348654 ], [ 73.219996550610048, 33.683355502040101 ] ] ] } },
{ "type": "Feature", "id": 1428, "properties": { "FID": 1428, "class": "solar_panels", "SolarPV_Area(sqm)": 9.6542801255599997 }, "geometry": { "type": "Polygon", "coordinates": [ [ [ 73.220043291500346, 33.683388684304184 ], [ 73.220049937671476, 33.683373959481102 ], [ 73.220105749911724, 33.683391565401564 ], [ 73.220099104845403, 33.683406289341917 ], [ 73.220043291500346, 33.683388684304184 ] ] ] } },
{ "type": "Feature", "id": 1429, "properties": { "FID": 1429, "class": "solar_panels", "SolarPV_Area(sqm)": 8.93213182565 }, "geometry": { "type": "Polygon", "coordinates": [ [ [ 73.220055354681534, 33.683370719920674 ], [ 73.220062629917081, 33.683355671407575 ], [ 73.220112245307405, 33.683372433257993 ], [ 73.220104970078822, 33.683387481774211 ], [ 73.220055354681534, 33.683370719920674 ] ] ] } },
{ "type": "Feature", "id": 1430, "properties": { "FID": 1430, "class": "solar_panels", "SolarPV_Area(sqm)": 22.234084887400002 }, "geometry": { "type": "Polygon", "coordinates": [ [ [ 73.220020753810417, 33.683258763553958 ], [ 73.220026730391552, 33.683243973174214 ], [ 73.220157934532367, 33.683281028968082 ], [ 73.220151956873622, 33.683295820240723 ], [ 73.220020753810417, 33.683258763553958 ] ] ] } },
{ "type": "Feature", "id": 1431, "properties": { "FID": 1431, "class": "solar_panels", "SolarPV_Area(sqm)": 6.75415228569 }, "geometry": { "type": "Polygon", "coordinates": [ [ [ 73.220158722876533, 33.683276275375313 ], [ 73.220118445674444, 33.683264219157195 ], [ 73.220124635347105, 33.683249765497344 ], [ 73.220164913621844, 33.68326182172882 ], [ 73.220158722876533, 33.683276275375313 ] ] ] } },
{ "type": "Feature", "id": 1432, "properties": { "FID": 1432, "class": "solar_panels", "SolarPV_Area(sqm)": 15.3774026281 }, "geometry": { "type": "Polygon", "coordinates": [ [ [ 73.220102524547613, 33.683260029196177 ], [ 73.220024383835664, 33.683238239278054 ], [ 73.220031255112005, 33.68322101889531 ], [ 73.220109395810496, 33.683242808808671 ], [ 73.220102524547613, 33.683260029196177 ] ] ] } },
{ "type": "Feature", "id": 1433, "properties": { "FID": 1433, "class": "solar_panels", "SolarPV_Area(sqm)": 24.0922472739 }, "geometry": { "type": "Polygon", "coordinates": [ [ [ 73.220032297965815, 33.683217890352289 ], [ 73.220038867385981, 33.683202126486528 ], [ 73.220171396518538, 33.683240730757596 ], [ 73.220164826040616, 33.68325649461547 ], [ 73.220032297965815, 33.683217890352289 ] ] ] } },
{ "type": "Feature", "id": 1434, "properties": { "FID": 1434, "class": "solar_panels", "SolarPV_Area(sqm)": 11.5768325452 }, "geometry": { "type": "Polygon", "coordinates": [ [ [ 73.220100594675429, 33.68319902553128 ], [ 73.220106222996492, 33.683185378082293 ], [ 73.220179947940721, 33.683206628194917 ], [ 73.220174319629635, 33.683220275647543 ], [ 73.220100594675429, 33.68319902553128 ] ] ] } },
{ "type": "Feature", "id": 1435, "properties": { "FID": 1435, "class": "solar_panels", "SolarPV_Area(sqm)": 3.3357241383899998 }, "geometry": { "type": "Polygon", "coordinates": [ [ [ 73.220157617630178, 33.683193372392402 ], [ 73.220163283546128, 33.683180883354524 ], [ 73.220185990030402, 33.683188082879923 ], [ 73.220180324117194, 33.683200571918924 ], [ 73.220157617630178, 33.683193372392402 ] ] ] } },
{ "type": "Feature", "id": 1436, "properties": { "FID": 1436, "class": "solar_panels", "SolarPV_Area(sqm)": 3.4009078236299999 }, "geometry": { "type": "Polygon", "coordinates": [ [ [ 73.220110381214994, 33.683181352074904 ], [ 73.220116593569927, 33.683167472267506 ], [ 73.22013749396956, 33.683174010032474 ], [ 73.220131282695789, 33.683187889856519 ], [ 73.220110381214994, 33.683181352074904 ] ] ] } },
{ "type": "Feature", "id": 1437, "properties": { "FID": 1437, "class": "solar_panels", "SolarPV_Area(sqm)": 10.717832340799999 }, "geometry": { "type": "Polygon", "coordinates": [ [ [ 73.219931945135102, 33.682978094046426 ], [ 73.219937855370631, 33.682963015951565 ], [ 73.22000027492065, 33.682980114739038 ], [ 73.219994364694571, 33.682995192837176 ], [ 73.219931945135102, 33.682978094046426 ] ] ] } },
{ "type": "Feature", "id": 1438, "properties": { "FID": 1438, "class": "solar_panels", "SolarPV_Area(sqm)": 3.40764072207 }, "geometry": { "type": "Polygon", "coordinates": [ [ [ 73.219993992179653, 33.682972189638285 ], [ 73.219999139623994, 33.682959997033556 ], [ 73.22002321395945, 33.6829673452498 ], [ 73.220018066499406, 33.68297953875711 ], [ 73.219993992179653, 33.682972189638285 ] ] ] } },
{ "type": "Feature", "id": 1439, "properties": { "FID": 1439, "class": "solar_panels", "SolarPV_Area(sqm)": 5.1596046285900004 }, "geometry": { "type": "Polygon", "coordinates": [ [ [ 73.2199320237536, 33.68295439937836 ], [ 73.219938266572015, 33.682940402788596 ], [ 73.219969737249173, 33.682950213914005 ], [ 73.219963494435007, 33.682964210505453 ], [ 73.2199320237536, 33.68295439937836 ] ] ] } },
{ "type": "Feature", "id": 1440, "properties": { "FID": 1440, "class": "solar_panels", "SolarPV_Area(sqm)": 3.3214708816999998 }, "geometry": { "type": "Polygon", "coordinates": [ [ [ 73.220086707728328, 33.683081460129117 ], [ 73.220091817195993, 33.683068597860341 ], [ 73.220114433650181, 33.683074878099724 ], [ 73.220109324185444, 33.683087740369508 ], [ 73.220086707728328, 33.683081460129117 ] ] ] } },
{ "type": "Feature", "id": 1441, "properties": { "FID": 1441, "class": "solar_panels", "SolarPV_Area(sqm)": 3.1667767586000002 }, "geometry": { "type": "Polygon", "coordinates": [ [ [ 73.220091397762062, 33.683060584102584 ], [ 73.220097146335519, 33.683047695872709 ], [ 73.220118123267795, 33.683054234743182 ], [ 73.220112374696939, 33.683067122974116 ], [ 73.220091397762062, 33.683060584102584 ] ] ] } },
{ "type": "Feature", "id": 1442, "properties": { "FID": 1442, "class": "solar_panels", "SolarPV_Area(sqm)": 3.15484594028 }, "geometry": { "type": "Polygon", "coordinates": [ [ [ 73.220097609030503, 33.683039954534216 ], [ 73.220104653841659, 33.68302587841211 ], [ 73.220123201582226, 33.683032366050412 ], [ 73.220116156773472, 33.683046442173634 ], [ 73.220097609030503, 33.683039954534216 ] ] ] } },
{ "type": "Feature", "id": 1443, "properties": { "FID": 1443, "class": "solar_panels", "SolarPV_Area(sqm)": 10.2018479514 }, "geometry": { "type": "Polygon", "coordinates": [ [ [ 73.220125743363639, 33.683089379184402 ], [ 73.220132674311884, 33.683074861356687 ], [ 73.220191619453516, 33.683094530534007 ], [ 73.220184688531887, 33.683109047463738 ], [ 73.220125743363639, 33.683089379184402 ] ] ] } },
{ "type": "Feature", "id": 1444, "properties": { "FID": 1444, "class": "solar_panels", "SolarPV_Area(sqm)": 9.1502784149400007 }, "geometry": { "type": "Polygon", "coordinates": [ [ [ 73.220133864135704, 33.683068004309035 ], [ 73.220140711034105, 33.683054476314688 ], [ 73.220196496450441, 33.683074211785033 ], [ 73.22018964848057, 33.683087739767132 ], [ 73.220133864135704, 33.683068004309035 ] ] ] } },
{ "type": "Feature", "id": 1445, "properties": { "FID": 1445, "class": "solar_panels", "SolarPV_Area(sqm)": 5.5913965853900001 }, "geometry": { "type": "Polygon", "coordinates": [ [ [ 73.22016764663006, 33.683058447118178 ], [ 73.220174744095658, 33.683043543024226 ], [ 73.220206234479491, 33.683054023487344 ], [ 73.220199137018298, 33.683068927583243 ], [ 73.22016764663006, 33.683058447118178 ] ] ] } },
{ "type": "Feature", "id": 1446, "properties": { "FID": 1446, "class": "solar_panels", "SolarPV_Area(sqm)": 18.501937041600002 }, "geometry": { "type": "Polygon", "coordinates": [ [ [ 73.220219194812799, 33.684775248254979 ], [ 73.220122597061632, 33.684748398655515 ], [ 73.220129268269972, 33.684731627176838 ], [ 73.220225866004895, 33.684758476770625 ], [ 73.220219194812799, 33.684775248254979 ] ] ] } },
{ "type": "Feature", "id": 1447, "properties": { "FID": 1447, "class": "solar_panels", "SolarPV_Area(sqm)": 16.783943432600001 }, "geometry": { "type": "Polygon", "coordinates": [ [ [ 73.220129104848354, 33.684725531566116 ], [ 73.220135548114285, 33.684709508878534 ], [ 73.220227069032987, 33.684735230254269 ], [ 73.220220625781693, 33.684751252947059 ], [ 73.220129104848354, 33.684725531566116 ] ] ] } },
{ "type": "Feature", "id": 1448, "properties": { "FID": 1448, "class": "solar_panels", "SolarPV_Area(sqm)": 21.192681132699999 }, "geometry": { "type": "Polygon", "coordinates": [ [ [ 73.220753505123199, 33.684923698646728 ], [ 73.220758939816108, 33.684909450509558 ], [ 73.220890232372454, 33.684944447199236 ], [ 73.22088479769846, 33.684958695342736 ], [ 73.220753505123199, 33.684923698646728 ] ] ] } },
{ "type": "Feature", "id": 1449, "properties": { "FID": 1449, "class": "solar_panels", "SolarPV_Area(sqm)": 22.278944035 }, "geometry": { "type": "Polygon", "coordinates": [ [ [ 73.220889194056625, 33.684938300212529 ], [ 73.220756207478786, 33.684902070751846 ], [ 73.220761948680646, 33.684887343680614 ], [ 73.220894935238775, 33.68492357313454 ], [ 73.220889194056625, 33.684938300212529 ] ] ] } },
{ "type": "Feature", "id": 1450, "properties": { "FID": 1450, "class": "solar_panels", "SolarPV_Area(sqm)": 48.363704067 }, "geometry": { "type": "Polygon", "coordinates": [ [ [ 73.220889880900941, 33.685131780252647 ], [ 73.220900052509165, 33.685092388657097 ], [ 73.221011318597633, 33.685123864861872 ], [ 73.221001147035395, 33.685163256467924 ], [ 73.220889880900941, 33.685131780252647 ] ] ] } },
{ "type": "Feature", "id": 1451, "properties": { "FID": 1451, "class": "solar_panels", "SolarPV_Area(sqm)": 19.4366488169 }, "geometry": { "type": "Polygon", "coordinates": [ [ [ 73.221122356389884, 33.68444449162125 ], [ 73.221128389234167, 33.684429897682996 ], [ 73.221244080160517, 33.684463323886007 ], [ 73.221238047314372, 33.684477918731922 ], [ 73.221122356389884, 33.68444449162125 ] ] ] } },
{ "type": "Feature", "id": 1452, "properties": { "FID": 1452, "class": "solar_panels", "SolarPV_Area(sqm)": 5.6035308737399996 }, "geometry": { "type": "Polygon", "coordinates": [ [ [ 73.221131484500162, 33.684419454672877 ], [ 73.221136770393727, 33.684407135964278 ], [ 73.221175962878164, 33.684418889478223 ], [ 73.221170678086253, 33.684431207302666 ], [ 73.221131484500162, 33.684419454672877 ] ] ] } },
{ "type": "Feature", "id": 1453, "properties": { "FID": 1453, "class": "solar_panels", "SolarPV_Area(sqm)": 5.4678737662200003 }, "geometry": { "type": "Polygon", "coordinates": [ [ [ 73.221205500238455, 33.684441889698341 ], [ 73.221211277087548, 33.684429144304588 ], [ 73.221247756453451, 33.684440700017944 ], [ 73.22124197851187, 33.684453446299528 ], [ 73.221205500238455, 33.684441889698341 ] ] ] } },
{ "type": "Feature", "id": 1454, "properties": { "FID": 1454, "class": "solar_panels", "SolarPV_Area(sqm)": 11.8483508624 }, "geometry": { "type": "Polygon", "coordinates": [ [ [ 73.221402268955856, 33.684123174305753 ], [ 73.22134269248744, 33.684108864837434 ], [ 73.22134883148864, 33.684090999892554 ], [ 73.221408407946015, 33.684105309357577 ], [ 73.221402268955856, 33.684123174305753 ] ] ] } },
{ "type": "Feature", "id": 1455, "properties": { "FID": 1455, "class": "solar_panels", "SolarPV_Area(sqm)": 10.158751631099999 }, "geometry": { "type": "Polygon", "coordinates": [ [ [ 73.221412061414568, 33.684096933116194 ], [ 73.221350299193304, 33.684085049505121 ], [ 73.22135448137584, 33.684069858989652 ], [ 73.221416243568427, 33.684081743499831 ], [ 73.221412061414568, 33.684096933116194 ] ] ] } },
{ "type": "Feature", "id": 1456, "properties": { "FID": 1456, "class": "solar_panels", "SolarPV_Area(sqm)": 13.986642869300001 }, "geometry": { "type": "Polygon", "coordinates": [ [ [ 73.221129129169867, 33.683938043461012 ], [ 73.221138459155739, 33.683920691592668 ], [ 73.221203666518278, 33.683945193781234 ], [ 73.221194336523837, 33.68396254655628 ], [ 73.221129129169867, 33.683938043461012 ] ] ] } },
{ "type": "Feature", "id": 1457, "properties": { "FID": 1457, "class": "solar_panels", "SolarPV_Area(sqm)": 11.0512961791 }, "geometry": { "type": "Polygon", "coordinates": [ [ [ 73.221350051823549, 33.685200362811784 ], [ 73.22135699639567, 33.685185549334875 ], [ 73.221419883859895, 33.685206154839811 ], [ 73.221412938218208, 33.685220968304982 ], [ 73.221350051823549, 33.685200362811784 ] ] ] } },
{ "type": "Feature", "id": 1458, "properties": { "FID": 1458, "class": "solar_panels", "SolarPV_Area(sqm)": 12.057971181099999 }, "geometry": { "type": "Polygon", "coordinates": [ [ [ 73.221368966506688, 33.685157651396615 ], [ 73.22137943288385, 33.685132896115924 ], [ 73.221421539128045, 33.685145338078115 ], [ 73.221411072761114, 33.685170093362672 ], [ 73.221368966506688, 33.685157651396615 ] ] ] } },
{ "type": "Feature", "id": 1459, "properties": { "FID": 1459, "class": "solar_panels", "SolarPV_Area(sqm)": 7.5084074115900004 }, "geometry": { "type": "Polygon", "coordinates": [ [ [ 73.221386595729115, 33.68512251437037 ], [ 73.221394120621554, 33.685106863386423 ], [ 73.22143428398067, 33.685120359494391 ], [ 73.221426759094101, 33.685136010480953 ], [ 73.221386595729115, 33.68512251437037 ] ] ] } },
{ "type": "Feature", "id": 1460, "properties": { "FID": 1460, "class": "solar_panels", "SolarPV_Area(sqm)": 6.6824412687399999 }, "geometry": { "type": "Polygon", "coordinates": [ [ [ 73.221487246715839, 33.68519268014014 ], [ 73.221502777675724, 33.685153623555372 ], [ 73.221517760217651, 33.68515778720473 ], [ 73.221502229263621, 33.685196843791552 ], [ 73.221487246715839, 33.68519268014014 ] ] ] } },
{ "type": "Feature", "id": 1461, "properties": { "FID": 1461, "class": "solar_panels", "SolarPV_Area(sqm)": 2.6391938796400001 }, "geometry": { "type": "Polygon", "coordinates": [ [ [ 73.221509321813912, 33.685199561034416 ], [ 73.221514629968027, 33.685185899896418 ], [ 73.221531623625637, 33.685190514526099 ], [ 73.221526315473852, 33.6852041756649 ], [ 73.221509321813912, 33.685199561034416 ] ] ] } },
{ "type": "Feature", "id": 1462, "properties": { "FID": 1462, "class": "solar_panels", "SolarPV_Area(sqm)": 2.7041271782699998 }, "geometry": { "type": "Polygon", "coordinates": [ [ [ 73.221531739144254, 33.685207684981563 ], [ 73.221536965444429, 33.685195326623059 ], [ 73.221555879606896, 33.685200915756461 ], [ 73.221550654387386, 33.685213274131357 ], [ 73.221531739144254, 33.685207684981563 ] ] ] } },
{ "type": "Feature", "id": 1463, "properties": { "FID": 1463, "class": "solar_panels", "SolarPV_Area(sqm)": 7.4807927245899997 }, "geometry": { "type": "Polygon", "coordinates": [ [ [ 73.221554161217483, 33.685216469088381 ], [ 73.221571139459954, 33.685178003248943 ], [ 73.22158778477926, 33.685183137686053 ], [ 73.221570807621362, 33.685221603543482 ], [ 73.221554161217483, 33.685216469088381 ] ] ] } },
{ "type": "Feature", "id": 1464, "properties": { "FID": 1464, "class": "solar_panels", "SolarPV_Area(sqm)": 2.6353242905099998 }, "geometry": { "type": "Polygon", "coordinates": [ [ [ 73.221542173008018, 33.685182463905306 ], [ 73.221547706978939, 33.685169412907712 ], [ 73.221565151968107, 33.685174582306338 ], [ 73.221559618018006, 33.685187632403277 ], [ 73.221542173008018, 33.685182463905306 ] ] ] } },
{ "type": "Feature", "id": 1465, "properties": { "FID": 1465, "class": "solar_panels", "SolarPV_Area(sqm)": 2.3337486358400001 }, "geometry": { "type": "Polygon", "coordinates": [ [ [ 73.221534449076543, 33.685176988078837 ], [ 73.221518910609063, 33.68517284348097 ], [ 73.221523970947416, 33.685159587276345 ], [ 73.221539508334445, 33.685163731858005 ], [ 73.221534449076543, 33.685176988078837 ] ] ] } },
{ "type": "Feature", "id": 1466, "properties": { "FID": 1466, "class": "solar_panels", "SolarPV_Area(sqm)": 5.7871175842699998 }, "geometry": { "type": "Polygon", "coordinates": [ [ [ 73.221989948049682, 33.685543534090499 ], [ 73.222003352622664, 33.685509563477801 ], [ 73.22201829300846, 33.68551368317604 ], [ 73.222004888422006, 33.685547654692009 ], [ 73.221989948049682, 33.685543534090499 ] ] ] } },
{ "type": "Feature", "id": 1467, "properties": { "FID": 1467, "class": "solar_panels", "SolarPV_Area(sqm)": 5.2642441789900003 }, "geometry": { "type": "Polygon", "coordinates": [ [ [ 73.22201147985642, 33.685549984147343 ], [ 73.22202399662136, 33.685518057690871 ], [ 73.222038476294685, 33.685522025570833 ], [ 73.222025958474575, 33.685553951111892 ], [ 73.22201147985642, 33.685549984147343 ] ] ] } },
{ "type": "Feature", "id": 1468, "properties": { "FID": 1468, "class": "solar_panels", "SolarPV_Area(sqm)": 3.1744969790500002 }, "geometry": { "type": "Polygon", "coordinates": [ [ [ 73.222035239523763, 33.685558146262402 ], [ 73.222044235295073, 33.68553947654263 ], [ 73.22205846178241, 33.685544267699129 ], [ 73.222049466013587, 33.685562937420016 ], [ 73.222035239523763, 33.685558146262402 ] ] ] } },
{ "type": "Feature", "id": 1469, "properties": { "FID": 1469, "class": "solar_panels", "SolarPV_Area(sqm)": 6.2535122900999998 }, "geometry": { "type": "Polygon", "coordinates": [ [ [ 73.222060309824371, 33.68556457960657 ], [ 73.222071846385248, 33.685529702875257 ], [ 73.222088043639062, 33.685533447482911 ], [ 73.222076508162473, 33.685568324231447 ], [ 73.222060309824371, 33.68556457960657 ] ] ] } },
{ "type": "Feature", "id": 1470, "properties": { "FID": 1470, "class": "solar_panels", "SolarPV_Area(sqm)": 1.31872741043 }, "geometry": { "type": "Polygon", "coordinates": [ [ [ 73.222046335870189, 33.68552819858332 ], [ 73.222049069681375, 33.685520794722819 ], [ 73.22206488354071, 33.685524875586161 ], [ 73.222062149730718, 33.685532279447052 ], [ 73.222046335870189, 33.68552819858332 ] ] ] } },
{ "type": "Feature", "id": 1471, "properties": { "FID": 1471, "class": "solar_panels", "SolarPV_Area(sqm)": 14.626431757100001 }, "geometry": { "type": "Polygon", "coordinates": [ [ [ 73.222492231375199, 33.685629933347478 ], [ 73.222498464256518, 33.685617562377608 ], [ 73.222596115711795, 33.685651946065924 ], [ 73.222589882841518, 33.685664317041031 ], [ 73.222492231375199, 33.685629933347478 ] ] ] } },
{ "type": "Feature", "id": 1472, "properties": { "FID": 1472, "class": "solar_panels", "SolarPV_Area(sqm)": 14.659920644 }, "geometry": { "type": "Polygon", "coordinates": [ [ [ 73.222598119895054, 33.685646499356295 ], [ 73.222503330032168, 33.685612283092667 ], [ 73.222509877694577, 33.685599607344464 ], [ 73.222604667565179, 33.685633822701242 ], [ 73.222598119895054, 33.685646499356295 ] ] ] } },
{ "type": "Feature", "id": 1473, "properties": { "FID": 1473, "class": "solar_panels", "SolarPV_Area(sqm)": 13.69376775 }, "geometry": { "type": "Polygon", "coordinates": [ [ [ 73.222514489761082, 33.685593552493508 ], [ 73.22252072814706, 33.68558138540152 ], [ 73.222613190869239, 33.685614518508416 ], [ 73.222606952512038, 33.685626684703877 ], [ 73.222514489761082, 33.685593552493508 ] ] ] } },
{ "type": "Feature", "id": 1474, "properties": { "FID": 1474, "class": "solar_panels", "SolarPV_Area(sqm)": 15.8310103775 }, "geometry": { "type": "Polygon", "coordinates": [ [ [ 73.221779082154796, 33.684248981578541 ], [ 73.221682183837459, 33.684215674906639 ], [ 73.221688867910629, 33.684202084965207 ], [ 73.221785766215788, 33.684235391631525 ], [ 73.221779082154796, 33.684248981578541 ] ] ] } },
{ "type": "Feature", "id": 1475, "properties": { "FID": 1475, "class": "solar_panels", "SolarPV_Area(sqm)": 15.129762685 }, "geometry": { "type": "Polygon", "coordinates": [ [ [ 73.221787886358712, 33.684228033949623 ], [ 73.221690431440834, 33.684195513731702 ], [ 73.221696649691154, 33.684182491511507 ], [ 73.221794103518761, 33.684215011708659 ], [ 73.221787886358712, 33.684228033949623 ] ] ] } },
{ "type": "Feature", "id": 1476, "properties": { "FID": 1476, "class": "solar_panels", "SolarPV_Area(sqm)": 16.280092075199999 }, "geometry": { "type": "Polygon", "coordinates": [ [ [ 73.221917236563726, 33.683589788874158 ], [ 73.221925627056748, 33.683575254075343 ], [ 73.222013970193814, 33.6836108974464 ], [ 73.222005578633272, 33.683625432235985 ], [ 73.221917236563726, 33.683589788874158 ] ] ] } },
{ "type": "Feature", "id": 1477, "properties": { "FID": 1477, "class": "solar_panels", "SolarPV_Area(sqm)": 15.033786450399999 }, "geometry": { "type": "Polygon", "coordinates": [ [ [ 73.222014664949242, 33.683605864748067 ], [ 73.221928546673936, 33.683570295783575 ], [ 73.221936610335675, 33.683556650835556 ], [ 73.222022728619777, 33.683592218892656 ], [ 73.222014664949242, 33.683605864748067 ] ] ] } },
{ "type": "Feature", "id": 1478, "properties": { "FID": 1478, "class": "solar_panels", "SolarPV_Area(sqm)": 3.7287898738999998 }, "geometry": { "type": "Polygon", "coordinates": [ [ [ 73.219159770336091, 33.686828392494768 ], [ 73.219161183315165, 33.686815535603507 ], [ 73.219189150083821, 33.686817681895775 ], [ 73.219187737090252, 33.686830539688977 ], [ 73.219159770336091, 33.686828392494768 ] ] ] } },
{ "type": "Feature", "id": 1479, "properties": { "FID": 1479, "class": "solar_panels", "SolarPV_Area(sqm)": 7.0402332431100003 }, "geometry": { "type": "Polygon", "coordinates": [ [ [ 73.217285654556463, 33.68370146972223 ], [ 73.217304898996787, 33.683671756398283 ], [ 73.217322716168255, 33.683679821928287 ], [ 73.217303470653661, 33.683709535239544 ], [ 73.217285654556463, 33.68370146972223 ] ] ] } },
{ "type": "Feature", "id": 1480, "properties": { "FID": 1480, "class": "solar_panels", "SolarPV_Area(sqm)": 6.679758151 }, "geometry": { "type": "Polygon", "coordinates": [ [ [ 73.217306486556396, 33.683711106357727 ], [ 73.217325512124191, 33.683681335765904 ], [ 73.217342486054946, 33.683688917499545 ], [ 73.217323459412739, 33.683718688078528 ], [ 73.217306486556396, 33.683711106357727 ] ] ] } },
{ "type": "Feature", "id": 1481, "properties": { "FID": 1481, "class": "solar_panels", "SolarPV_Area(sqm)": 6.80502646455 }, "geometry": { "type": "Polygon", "coordinates": [ [ [ 73.21732911015053, 33.683721061016492 ], [ 73.217347989663395, 33.683691572370748 ], [ 73.217365433589151, 33.683699378209795 ], [ 73.217346553020533, 33.683728865941255 ], [ 73.21732911015053, 33.683721061016492 ] ] ] } },
{ "type": "Feature", "id": 1482, "properties": { "FID": 1482, "class": "solar_panels", "SolarPV_Area(sqm)": 2.60311001571 }, "geometry": { "type": "Polygon", "coordinates": [ [ [ 73.217352314666627, 33.683731875324007 ], [ 73.217361183854436, 33.68371853899464 ], [ 73.217375683432351, 33.68372527883691 ], [ 73.217366813186217, 33.683738614250302 ], [ 73.217352314666627, 33.683731875324007 ] ] ] } },
{ "type": "Feature", "id": 1483, "properties": { "FID": 1483, "class": "solar_panels", "SolarPV_Area(sqm)": 7.27963396058 }, "geometry": { "type": "Polygon", "coordinates": [ [ [ 73.217369870015531, 33.683740867694944 ], [ 73.217390972696379, 33.683709967390811 ], [ 73.217408250050838, 33.683718213588939 ], [ 73.217387147373898, 33.683749113896098 ], [ 73.217369870015531, 33.683740867694944 ] ] ] } },
{ "type": "Feature", "id": 1484, "properties": { "FID": 1484, "class": "solar_panels", "SolarPV_Area(sqm)": 17.647274640500001 }, "geometry": { "type": "Polygon", "coordinates": [ [ [ 73.217454174901661, 33.683625157210216 ], [ 73.217356253943464, 33.683582150130981 ], [ 73.217364884305084, 33.683568416281375 ], [ 73.217462806349616, 33.683611422467536 ], [ 73.217454174901661, 33.683625157210216 ] ] ] } },
{ "type": "Feature", "id": 1485, "properties": { "FID": 1485, "class": "solar_panels", "SolarPV_Area(sqm)": 15.520588418799999 }, "geometry": { "type": "Polygon", "coordinates": [ [ [ 73.217464715481896, 33.683608241520631 ], [ 73.217366749068617, 33.68356566033075 ], [ 73.217374291310747, 33.683553533061286 ], [ 73.217472257733135, 33.683596113343413 ], [ 73.217464715481896, 33.683608241520631 ] ] ] } },
{ "type": "Feature", "id": 1486, "properties": { "FID": 1486, "class": "solar_panels", "SolarPV_Area(sqm)": 8.77446242147 }, "geometry": { "type": "Polygon", "coordinates": [ [ [ 73.217446952207354, 33.683514338290578 ], [ 73.217471328946473, 33.683480860163108 ], [ 73.217489925176181, 33.68349032292911 ], [ 73.217465549519602, 33.683523801075907 ], [ 73.217446952207354, 33.683514338290578 ] ] ] } },
{ "type": "Feature", "id": 1487, "properties": { "FID": 1487, "class": "solar_panels", "SolarPV_Area(sqm)": 3.1210071193700002 }, "geometry": { "type": "Polygon", "coordinates": [ [ [ 73.217468965079107, 33.683527069675684 ], [ 73.21747878939378, 33.683514334170226 ], [ 73.217495620317791, 33.683523408050576 ], [ 73.217485796004439, 33.683536143557397 ], [ 73.217468965079107, 33.683527069675684 ] ] ] } },
{ "type": "Feature", "id": 1488, "properties": { "FID": 1488, "class": "solar_panels", "SolarPV_Area(sqm)": 3.19209127906 }, "geometry": { "type": "Polygon", "coordinates": [ [ [ 73.217488903019401, 33.683538003650121 ], [ 73.217498879793368, 33.683525093596167 ], [ 73.217515843747819, 33.683534255061382 ], [ 73.217505866975202, 33.68354716511675 ], [ 73.217488903019401, 33.683538003650121 ] ] ] } },
{ "type": "Feature", "id": 1489, "properties": { "FID": 1489, "class": "solar_panels", "SolarPV_Area(sqm)": 8.2375451999700005 }, "geometry": { "type": "Polygon", "coordinates": [ [ [ 73.217512029069638, 33.683549586906004 ], [ 73.217535797923873, 33.683515875454063 ], [ 73.217553432850394, 33.683524565050739 ], [ 73.217529664000324, 33.683558276506176 ], [ 73.217512029069638, 33.683549586906004 ] ] ] } },
{ "type": "Feature", "id": 1490, "properties": { "FID": 1490, "class": "solar_panels", "SolarPV_Area(sqm)": 2.9365181007599999 }, "geometry": { "type": "Polygon", "coordinates": [ [ [ 73.217485695480462, 33.683504701025313 ], [ 73.217495832941566, 33.683491061053516 ], [ 73.217510937463203, 33.683498906159649 ], [ 73.21750080000345, 33.683512546132704 ], [ 73.217485695480462, 33.683504701025313 ] ] ] } },
{ "type": "Feature", "id": 1491, "properties": { "FID": 1491, "class": "solar_panels", "SolarPV_Area(sqm)": 2.9375934804799999 }, "geometry": { "type": "Polygon", "coordinates": [ [ [ 73.217505309099295, 33.683514520239626 ], [ 73.217514800475712, 33.683500878158085 ], [ 73.217530447083533, 33.683508485802363 ], [ 73.21752095570865, 33.683522127885162 ], [ 73.217505309099295, 33.683514520239626 ] ] ] } }
]
}
