{
"type": "FeatureCollection",
"name": "Islamabad_Buildings_all_stats",
"features": [
{ "type": "Feature", "id": 0, "properties": { "FID": 0, "SolarPV_Area(sqm)": 63.673668911199997, "Rooftop_Area(sqm)": 265.53153781999998, "class": "rooftops" }, "geometry": { "type": "Polygon", "coordinates": [ [ [ 73.210232489128344, 33.684259895988227 ], [ 73.210314806550144, 33.684150365038235 ], [ 73.21047912897815, 33.684232883816613 ], [ 73.210397667289229, 33.684346255277688 ], [ 73.210279582236865, 33.684286955871357 ], [ 73.210275425880269, 33.684292740913158 ], [ 73.210237601891933, 33.684273746366109 ], [ 73.210243558747038, 33.684265455247647 ], [ 73.210232489128344, 33.684259895988227 ] ] ] } },
{ "type": "Feature", "id": 1, "properties": { "FID": 1, "SolarPV_Area(sqm)": 65.019211905700004, "Rooftop_Area(sqm)": 220.07006161800001, "class": "rooftops" }, "geometry": { "type": "Polygon", "coordinates": [ [ [ 73.210535580061816, 33.684236612462463 ], [ 73.210605144245463, 33.684137418398244 ], [ 73.210742961889153, 33.684210656064536 ], [ 73.210708979452278, 33.684255346933419 ], [ 73.210724152293139, 33.684263410274333 ], [ 73.210721409973658, 33.684267016401265 ], [ 73.210747819744782, 33.684281051683158 ], [ 73.210710805510374, 33.684329730442798 ], [ 73.210535580061816, 33.684236612462463 ] ] ] } },
{ "type": "Feature", "id": 2, "properties": { "FID": 2, "SolarPV_Area(sqm)": 0.0, "Rooftop_Area(sqm)": 207.94089169700001, "class": "rooftops" }, "geometry": { "type": "Polygon", "coordinates": [ [ [ 73.210505099703795, 33.683895894299994 ], [ 73.210540266201193, 33.683842161477202 ], [ 73.210519046089274, 33.68383156221703 ], [ 73.210546825131374, 33.683792692625552 ], [ 73.210722721836106, 33.683880548567828 ], [ 73.210657391310164, 33.683971960455104 ], [ 73.210505099703795, 33.683895894299994 ] ] ] } },
{ "type": "Feature", "id": 3, "properties": { "FID": 3, "SolarPV_Area(sqm)": 48.489279087, "Rooftop_Area(sqm)": 272.23434670699999, "class": "rooftops" }, "geometry": { "type": "Polygon", "coordinates": [ [ [ 73.21069557132337, 33.684001151809468 ], [ 73.210768773440549, 33.683904407234088 ], [ 73.2109678176502, 33.684007844280153 ], [ 73.210908714635167, 33.684087329531323 ], [ 73.210891754872421, 33.68407851621425 ], [ 73.210878568342238, 33.684096249675463 ], [ 73.21069557132337, 33.684001151809468 ] ] ] } },
{ "type": "Feature", "id": 4, "properties": { "FID": 4, "SolarPV_Area(sqm)": 0.0, "Rooftop_Area(sqm)": 262.73960427600002, "class": "rooftops" }, "geometry": { "type": "Polygon", "coordinates": [ [ [ 73.210784746836481, 33.683884508423553 ], [ 73.210853583213535, 33.683787041369179 ], [ 73.21104702640784, 33.683886122787378 ], [ 73.210976303091414, 33.683982622982178 ], [ 73.210784746836481, 33.683884508423553 ] ] ] } },
{ "type": "Feature", "id": 5, "properties": { "FID": 5, "SolarPV_Area(sqm)": 0.0, "Rooftop_Area(sqm)": 247.38119346299999, "class": "rooftops" }, "geometry": { "type": "Polygon", "coordinates": [ [ [ 73.210879102595186, 33.683769185332267 ], [ 73.210949924119561, 33.683672783100377 ], [ 73.211126546447517, 33.683764047743274 ], [ 73.211123207130157, 33.683768564136514 ], [ 73.211134941561852, 33.683774627112037 ], [ 73.211107205993414, 33.683812140309847 ], [ 73.2110951930037, 33.683805933523864 ], [ 73.211055117765952, 33.683860136487532 ], [ 73.210879102595186, 33.683769185332267 ] ] ] } },
{ "type": "Feature", "id": 6, "properties": { "FID": 6, "SolarPV_Area(sqm)": 72.430002087700004, "Rooftop_Area(sqm)": 238.12047026600001, "class": "rooftops" }, "geometry": { "type": "Polygon", "coordinates": [ [ [ 73.210763093976979, 33.683548864340139 ], [ 73.210836212507829, 33.683448530365077 ], [ 73.211004507013129, 33.683534323472387 ], [ 73.210931339496113, 33.683634632490971 ], [ 73.210763093976979, 33.683548864340139 ] ] ] } },
{ "type": "Feature", "id": 7, "properties": { "FID": 7, "SolarPV_Area(sqm)": 29.728870151900001, "Rooftop_Area(sqm)": 200.58668982899999, "class": "rooftops" }, "geometry": { "type": "Polygon", "coordinates": [ [ [ 73.210976612022577, 33.683654805092402 ], [ 73.211043153398379, 33.683560317492258 ], [ 73.211186161457434, 33.683634475682126 ], [ 73.211176710467313, 33.683647213369817 ], [ 73.211204552891218, 33.683661651647881 ], [ 73.211156598841484, 33.683726281326926 ], [ 73.211137949347474, 33.683716610342451 ], [ 73.211150521807525, 33.683699666924788 ], [ 73.211118126667174, 33.683682867708647 ], [ 73.211093842800679, 33.683715595608298 ], [ 73.210976612022577, 33.683654805092402 ] ] ] } },
{ "type": "Feature", "id": 8, "properties": { "FID": 8, "SolarPV_Area(sqm)": 43.101416436000001, "Rooftop_Area(sqm)": 202.623141481, "class": "rooftops" }, "geometry": { "type": "Polygon", "coordinates": [ [ [ 73.21105328168855, 33.683539568397698 ], [ 73.211127410100971, 33.683441861289623 ], [ 73.211242147970069, 33.683499888618073 ], [ 73.211210582938506, 33.683543508173635 ], [ 73.211239866314287, 33.683558317194347 ], [ 73.211229045921058, 33.683573269638742 ], [ 73.211261800771283, 33.683589835065618 ], [ 73.211232564332093, 33.683630238371308 ], [ 73.21105328168855, 33.683539568397698 ] ] ] } },
{ "type": "Feature", "id": 9, "properties": { "FID": 9, "SolarPV_Area(sqm)": 0.0, "Rooftop_Area(sqm)": 268.69565348499998, "class": "rooftops" }, "geometry": { "type": "Polygon", "coordinates": [ [ [ 73.210808779362807, 33.683403157376858 ], [ 73.210850422829566, 33.683347709315342 ], [ 73.210858452530005, 33.683351922339412 ], [ 73.210886271332029, 33.683314866694225 ], [ 73.211082488612448, 33.683417817127442 ], [ 73.211011956598142, 33.683511769927691 ], [ 73.210808779362807, 33.683403157376858 ] ] ] } },
{ "type": "Feature", "id": 10, "properties": { "FID": 10, "SolarPV_Area(sqm)": 30.2232326687, "Rooftop_Area(sqm)": 249.786173805, "class": "rooftops" }, "geometry": { "type": "Polygon", "coordinates": [ [ [ 73.210917480422651, 33.683301493674094 ], [ 73.21096357655081, 33.683236101334074 ], [ 73.210985418633086, 33.683247497669427 ], [ 73.210979980036569, 33.683254782745685 ], [ 73.210987046598049, 33.683258469609292 ], [ 73.211018572004335, 33.683216241865082 ], [ 73.211078560919375, 33.68324754163784 ], [ 73.211074127480757, 33.683253481408052 ], [ 73.211094729562461, 33.68326423123564 ], [ 73.211097593094834, 33.683260395099929 ], [ 73.211178377335656, 33.683302544838241 ], [ 73.211105805176771, 33.683399753296101 ], [ 73.210917480422651, 33.683301493674094 ] ] ] } },
{ "type": "Feature", "id": 11, "properties": { "FID": 11, "SolarPV_Area(sqm)": 44.627193956200003, "Rooftop_Area(sqm)": 211.50574361599999, "class": "rooftops" }, "geometry": { "type": "Polygon", "coordinates": [ [ [ 73.211015189967029, 33.683190544805122 ], [ 73.211060313153723, 33.68312889329755 ], [ 73.211043747764208, 33.683120316566828 ], [ 73.211063231950675, 33.683094017306836 ], [ 73.211244385140134, 33.683187813716501 ], [ 73.211179380885568, 33.683275557732507 ], [ 73.211015189967029, 33.683190544805122 ] ] ] } },
{ "type": "Feature", "id": 12, "properties": { "FID": 12, "SolarPV_Area(sqm)": 0.0, "Rooftop_Area(sqm)": 233.27036357599999, "class": "rooftops" }, "geometry": { "type": "Polygon", "coordinates": [ [ [ 73.211206373285151, 33.682968185999357 ], [ 73.211238166855921, 33.682923937607192 ], [ 73.21119818887243, 33.682903862510877 ], [ 73.211235393720074, 33.682852082453252 ], [ 73.21142739974519, 33.682948502072051 ], [ 73.211358402519508, 33.683044530637154 ], [ 73.211206373285151, 33.682968185999357 ] ] ] } },
{ "type": "Feature", "id": 13, "properties": { "FID": 13, "SolarPV_Area(sqm)": 42.121682397299999, "Rooftop_Area(sqm)": 245.79447405400001, "class": "rooftops" }, "geometry": { "type": "Polygon", "coordinates": [ [ [ 73.210861005856728, 33.684544440810441 ], [ 73.210915616414113, 33.684470218175512 ], [ 73.211022741794764, 33.684523575233484 ], [ 73.211042732656523, 33.684494183949781 ], [ 73.211135141407439, 33.684540211040414 ], [ 73.211061804226659, 33.684644454769895 ], [ 73.210861005856728, 33.684544440810441 ] ] ] } },
{ "type": "Feature", "id": 14, "properties": { "FID": 14, "SolarPV_Area(sqm)": 33.070705637099998, "Rooftop_Area(sqm)": 257.663680038, "class": "rooftops" }, "geometry": { "type": "Polygon", "coordinates": [ [ [ 73.2111124049772, 33.684662074934081 ], [ 73.211179583865174, 33.684565849793387 ], [ 73.211373103114497, 33.684663027295549 ], [ 73.2113044831124, 33.684758529199136 ], [ 73.2111124049772, 33.684662074934081 ] ] ] } },
{ "type": "Feature", "id": 15, "properties": { "FID": 15, "SolarPV_Area(sqm)": 32.641604138600002, "Rooftop_Area(sqm)": 254.42389639300001, "class": "rooftops" }, "geometry": { "type": "Polygon", "coordinates": [ [ [ 73.211194161355508, 33.684542833146672 ], [ 73.211267519224478, 33.684441327399121 ], [ 73.211365331108951, 33.684490221722434 ], [ 73.211359831234844, 33.684497910819786 ], [ 73.211450973747944, 33.684543471164631 ], [ 73.211409990743391, 33.684600767682724 ], [ 73.211400883850047, 33.684596215361744 ], [ 73.211374563070947, 33.684633013254164 ], [ 73.211194161355508, 33.684542833146672 ] ] ] } },
{ "type": "Feature", "id": 16, "properties": { "FID": 16, "SolarPV_Area(sqm)": 17.337406348799998, "Rooftop_Area(sqm)": 257.67300542800001, "class": "rooftops" }, "geometry": { "type": "Polygon", "coordinates": [ [ [ 73.211282043282395, 33.684426666649365 ], [ 73.2113560262096, 33.684329135869291 ], [ 73.211539422417573, 33.684424767894292 ], [ 73.211479686963543, 33.684518806911043 ], [ 73.211444555301995, 33.684500891445687 ], [ 73.211439956814772, 33.684507194053573 ], [ 73.211282043282395, 33.684426666649365 ] ] ] } },
{ "type": "Feature", "id": 17, "properties": { "FID": 17, "SolarPV_Area(sqm)": 39.7205631048, "Rooftop_Area(sqm)": 219.569214563, "class": "rooftops" }, "geometry": { "type": "Polygon", "coordinates": [ [ [ 73.210991710444475, 33.684432151004131 ], [ 73.211014322590259, 33.684399319567405 ], [ 73.210985749431813, 33.684384894107694 ], [ 73.211028170941219, 33.684326170324795 ], [ 73.211210132539648, 33.684418033408242 ], [ 73.211144290890829, 33.684509180241378 ], [ 73.210991710444475, 33.684432151004131 ] ] ] } },
{ "type": "Feature", "id": 18, "properties": { "FID": 18, "SolarPV_Area(sqm)": 41.760440312100002, "Rooftop_Area(sqm)": 183.725701673, "class": "rooftops" }, "geometry": { "type": "Polygon", "coordinates": [ [ [ 73.211100706771603, 33.684332326548464 ], [ 73.211132980399043, 33.684287427765369 ], [ 73.211104677776007, 33.684272805156617 ], [ 73.211117385965537, 33.684255614822902 ], [ 73.211161937589182, 33.684278632820572 ], [ 73.211189878655304, 33.684240839435873 ], [ 73.211318074547407, 33.684307075593203 ], [ 73.211275904899566, 33.684364117722524 ], [ 73.211245134738135, 33.684348219485486 ], [ 73.211213717759435, 33.684390716670144 ], [ 73.211100706771603, 33.684332326548464 ] ] ] } },
{ "type": "Feature", "id": 19, "properties": { "FID": 19, "SolarPV_Area(sqm)": 71.009130349599999, "Rooftop_Area(sqm)": 276.448861, "class": "rooftops" }, "geometry": { "type": "Polygon", "coordinates": [ [ [ 73.211224650227152, 33.684071103595137 ], [ 73.211294459022895, 33.683966201769138 ], [ 73.211487829820371, 33.6840666873182 ], [ 73.211412113191514, 33.684168518866976 ], [ 73.211224650227152, 33.684071103595137 ] ] ] } },
{ "type": "Feature", "id": 20, "properties": { "FID": 20, "SolarPV_Area(sqm)": 0.0, "Rooftop_Area(sqm)": 217.238321369, "class": "rooftops" }, "geometry": { "type": "Polygon", "coordinates": [ [ [ 73.211469054224736, 33.684193012876001 ], [ 73.211524316572905, 33.684099266196583 ], [ 73.211702209384271, 33.684190768461747 ], [ 73.211636984883143, 33.684279390539551 ], [ 73.211469054224736, 33.684193012876001 ] ] ] } },
{ "type": "Feature", "id": 21, "properties": { "FID": 21, "SolarPV_Area(sqm)": 24.457858298800002, "Rooftop_Area(sqm)": 249.747550074, "class": "rooftops" }, "geometry": { "type": "Polygon", "coordinates": [ [ [ 73.211530695767365, 33.684071049351878 ], [ 73.21159886859752, 33.68397860863918 ], [ 73.21179040259382, 33.684073166861957 ], [ 73.211724360072651, 33.684166659321093 ], [ 73.211530695767365, 33.684071049351878 ] ] ] } },
{ "type": "Feature", "id": 22, "properties": { "FID": 22, "SolarPV_Area(sqm)": 0.0, "Rooftop_Area(sqm)": 269.06270246700001, "class": "rooftops" }, "geometry": { "type": "Polygon", "coordinates": [ [ [ 73.211390888294744, 33.683827510128431 ], [ 73.211446871115086, 33.683745839562214 ], [ 73.211460514339919, 33.683752811170123 ], [ 73.211468031027849, 33.683742530728104 ], [ 73.211485770843851, 33.683751596031776 ], [ 73.211487514874008, 33.683749209954001 ], [ 73.211654672785258, 33.68383463044141 ], [ 73.211581797358747, 33.683934296609429 ], [ 73.211445203732524, 33.683864494392168 ], [ 73.211450116041419, 33.683857777004292 ], [ 73.211390888294744, 33.683827510128431 ] ] ] } },
{ "type": "Feature", "id": 23, "properties": { "FID": 23, "SolarPV_Area(sqm)": 30.3735301426, "Rooftop_Area(sqm)": 204.686529936, "class": "rooftops" }, "geometry": { "type": "Polygon", "coordinates": [ [ [ 73.211631554647681, 33.6839532010884 ], [ 73.211702117029489, 33.683863184591125 ], [ 73.211760990731591, 33.683895552724884 ], [ 73.211744597495112, 33.6839188064775 ], [ 73.211786158088131, 33.683940463470442 ], [ 73.211795159784145, 33.683931864659264 ], [ 73.21183087294348, 33.683931956880699 ], [ 73.211842174110828, 33.683938943241401 ], [ 73.211840597484397, 33.683950746205056 ], [ 73.211857802200413, 33.683961746119138 ], [ 73.211863481017971, 33.683955152530501 ], [ 73.21187977208703, 33.683964694584439 ], [ 73.211871835194287, 33.683975057342678 ], [ 73.211879328020075, 33.683983739808838 ], [ 73.211803021585794, 33.684033974730127 ], [ 73.211786224016137, 33.684034148196346 ], [ 73.211789117395739, 33.684017152977205 ], [ 73.21174723287892, 33.684011289368485 ], [ 73.211631554647681, 33.6839532010884 ] ] ] } },
{ "type": "Feature", "id": 24, "properties": { "FID": 24, "SolarPV_Area(sqm)": 59.505800821900003, "Rooftop_Area(sqm)": 259.76732420399998, "class": "rooftops" }, "geometry": { "type": "Polygon", "coordinates": [ [ [ 73.211495354688566, 33.683729839858735 ], [ 73.211538717965567, 33.683672901491143 ], [ 73.211521996455062, 33.683664095316786 ], [ 73.211552229876432, 33.683620652085914 ], [ 73.211746323103412, 33.683721806877557 ], [ 73.211677269691577, 33.683819960259036 ], [ 73.211495354688566, 33.683729839858735 ] ] ] } },
{ "type": "Feature", "id": 25, "properties": { "FID": 25, "SolarPV_Area(sqm)": 45.0033995975, "Rooftop_Area(sqm)": 253.90058599700001, "class": "rooftops" }, "geometry": { "type": "Polygon", "coordinates": [ [ [ 73.211589291636017, 33.683613435230583 ], [ 73.21161819390376, 33.683576658419142 ], [ 73.211587599024838, 33.683560848475075 ], [ 73.211632768615928, 33.683499759230855 ], [ 73.211825299284413, 33.683599738816831 ], [ 73.211752464504954, 33.683698243305699 ], [ 73.211589291636017, 33.683613435230583 ] ] ] } },
{ "type": "Feature", "id": 26, "properties": { "FID": 26, "SolarPV_Area(sqm)": 26.842592091699998, "Rooftop_Area(sqm)": 193.32898136700001, "class": "rooftops" }, "geometry": { "type": "Polygon", "coordinates": [ [ [ 73.211539170537009, 33.684855059899697 ], [ 73.211567201586817, 33.684813445142154 ], [ 73.211602848545709, 33.684831747678807 ], [ 73.211641179959344, 33.684779458102909 ], [ 73.211782438850861, 33.684851787678546 ], [ 73.211725700521811, 33.684929186586707 ], [ 73.211711833324301, 33.684922081908688 ], [ 73.211703355798534, 33.684933646998772 ], [ 73.211680343426735, 33.684921856903223 ], [ 73.211684643786214, 33.684915990935465 ], [ 73.211627068034417, 33.684886493839819 ], [ 73.21161982155644, 33.684896379618792 ], [ 73.211539170537009, 33.684855059899697 ] ] ] } },
{ "type": "Feature", "id": 27, "properties": { "FID": 27, "SolarPV_Area(sqm)": 0.0, "Rooftop_Area(sqm)": 195.31905590599999, "class": "rooftops" }, "geometry": { "type": "Polygon", "coordinates": [ [ [ 73.211650804160683, 33.684680093661271 ], [ 73.211678472186961, 33.684639543116702 ], [ 73.211760477750545, 33.684681912170561 ], [ 73.211753566000397, 33.684691262644733 ], [ 73.211810650939967, 33.684720756183026 ], [ 73.21181940825339, 33.684708909274171 ], [ 73.211866603932208, 33.684733292699342 ], [ 73.211799375531925, 33.684824230441642 ], [ 73.211662037341114, 33.684753272421496 ], [ 73.211691149215525, 33.684713893432566 ], [ 73.211680037903378, 33.684708152441686 ], [ 73.211686967420761, 33.68469877788128 ], [ 73.211650804160683, 33.684680093661271 ] ] ] } },
{ "type": "Feature", "id": 28, "properties": { "FID": 28, "SolarPV_Area(sqm)": 29.163704385, "Rooftop_Area(sqm)": 230.653579372, "class": "rooftops" }, "geometry": { "type": "Polygon", "coordinates": [ [ [ 73.211745924030907, 33.684642388021864 ], [ 73.211779678539401, 33.684599517839999 ], [ 73.21173644694457, 33.684577330760121 ], [ 73.211753543115591, 33.684554049314421 ], [ 73.211780792327659, 33.684568034308903 ], [ 73.21180526328817, 33.684534710212155 ], [ 73.211967923035772, 33.684618188607175 ], [ 73.211894252686051, 33.684718511647034 ], [ 73.211745924030907, 33.684642388021864 ] ] ] } },
{ "type": "Feature", "id": 29, "properties": { "FID": 29, "SolarPV_Area(sqm)": 18.4939952318, "Rooftop_Area(sqm)": 260.70890269799997, "class": "rooftops" }, "geometry": { "type": "Polygon", "coordinates": [ [ [ 73.211817447758705, 33.684511448736821 ], [ 73.211824667701052, 33.68450075818361 ], [ 73.21178508289529, 33.684480199297596 ], [ 73.211844537019388, 33.684400194776593 ], [ 73.212051423565583, 33.684507642874181 ], [ 73.211984226691925, 33.68459806627375 ], [ 73.211817447758705, 33.684511448736821 ] ] ] } },
{ "type": "Feature", "id": 30, "properties": { "FID": 30, "SolarPV_Area(sqm)": 0.0, "Rooftop_Area(sqm)": 273.32700608099998, "class": "rooftops" }, "geometry": { "type": "Polygon", "coordinates": [ [ [ 73.211981734500995, 33.684279798100413 ], [ 73.211994586057074, 33.684263229262875 ], [ 73.211961414149286, 33.684246469518875 ], [ 73.212017929533147, 33.684168291735311 ], [ 73.212040001426345, 33.684179443229262 ], [ 73.212042651085426, 33.684175777115904 ], [ 73.212224197920349, 33.68426749745182 ], [ 73.212152821954163, 33.684366234290934 ], [ 73.211981734500995, 33.684279798100413 ] ] ] } },
{ "type": "Feature", "id": 31, "properties": { "FID": 31, "SolarPV_Area(sqm)": 0.0, "Rooftop_Area(sqm)": 254.63792917800001, "class": "rooftops" }, "geometry": { "type": "Polygon", "coordinates": [ [ [ 73.212047008778157, 33.684149638415683 ], [ 73.212094691911844, 33.684086716021525 ], [ 73.212066250279705, 33.684071612780428 ], [ 73.212094231244521, 33.68403478735592 ], [ 73.212160376676508, 33.684069912645867 ], [ 73.212155837936848, 33.684075886099812 ], [ 73.212305940656179, 33.684155594178769 ], [ 73.212244275685521, 33.684236751864177 ], [ 73.212193771578839, 33.684209932822988 ], [ 73.212189142984982, 33.684216025814457 ], [ 73.21209736504477, 33.684167288904355 ], [ 73.212092443713601, 33.684173766317421 ], [ 73.212047008778157, 33.684149638415683 ] ] ] } },
{ "type": "Feature", "id": 32, "properties": { "FID": 32, "SolarPV_Area(sqm)": 39.728020850500002, "Rooftop_Area(sqm)": 320.132462132, "class": "rooftops" }, "geometry": { "type": "Polygon", "coordinates": [ [ [ 73.211948718547887, 33.684792696702935 ], [ 73.21197318502243, 33.684756047690804 ], [ 73.211957514123839, 33.684748376774536 ], [ 73.211990954129675, 33.68470063694437 ], [ 73.211999993568313, 33.684705062900434 ], [ 73.212032579883129, 33.68465854071323 ], [ 73.212058127434915, 33.684671046466946 ], [ 73.212061636589354, 33.684666037436266 ], [ 73.212107272782717, 33.684688377337515 ], [ 73.212098970599044, 33.684700229952924 ], [ 73.212140154909591, 33.684720389862541 ], [ 73.212132827558946, 33.684730850732457 ], [ 73.212174315142647, 33.68475116020484 ], [ 73.212158061996391, 33.684774365536981 ], [ 73.212195868692504, 33.684792872300783 ], [ 73.212133468319053, 33.684881958434765 ], [ 73.212100793752526, 33.684865964309658 ], [ 73.212104980992123, 33.684859985771986 ], [ 73.212090785879127, 33.68485303600314 ], [ 73.212082844936845, 33.684864372623281 ], [ 73.21198714185627, 33.684817523026645 ], [ 73.211990280890618, 33.684813041586018 ], [ 73.211948718547887, 33.684792696702935 ] ] ] } },
{ "type": "Feature", "id": 33, "properties": { "FID": 33, "SolarPV_Area(sqm)": 0.0, "Rooftop_Area(sqm)": 292.17328821500001, "class": "rooftops" }, "geometry": { "type": "Polygon", "coordinates": [ [ [ 73.212107361742099, 33.68462126364485 ], [ 73.212257361645925, 33.68453407469687 ], [ 73.212359083714361, 33.684686101420311 ], [ 73.212295217179815, 33.68472395051419 ], [ 73.212284805744687, 33.684708735811633 ], [ 73.212266301267732, 33.684718716615265 ], [ 73.212270546939592, 33.684724865892605 ], [ 73.212228737555762, 33.684745568710284 ], [ 73.212191215927874, 33.684694596123997 ], [ 73.212171943804051, 33.684706016748379 ], [ 73.212147064115257, 33.684676677462022 ], [ 73.212139538522962, 33.684681136903095 ], [ 73.212120415489068, 33.684658584668512 ], [ 73.212130782718575, 33.684652440371067 ], [ 73.212107361742099, 33.68462126364485 ] ] ] } },
{ "type": "Feature", "id": 34, "properties": { "FID": 34, "SolarPV_Area(sqm)": 0.0, "Rooftop_Area(sqm)": 154.36406187899999, "class": "rooftops" }, "geometry": { "type": "Polygon", "coordinates": [ [ [ 73.21199108174639, 33.67958891771908 ], [ 73.212054549922613, 33.679501153637261 ], [ 73.21216757762312, 33.679559304096358 ], [ 73.212093372398712, 33.679660114742873 ], [ 73.212050796338275, 33.679638209621736 ], [ 73.212041652332488, 33.679650631708341 ], [ 73.212023208008688, 33.679641142385634 ], [ 73.212042266257896, 33.679615251587059 ], [ 73.21199108174639, 33.67958891771908 ] ] ] } },
{ "type": "Feature", "id": 35, "properties": { "FID": 35, "SolarPV_Area(sqm)": 27.013313591300001, "Rooftop_Area(sqm)": 112.462975461, "class": "rooftops" }, "geometry": { "type": "Polygon", "coordinates": [ [ [ 73.21211100731928, 33.679666656183194 ], [ 73.212181611663297, 33.679560864349355 ], [ 73.212263198145109, 33.679599190636139 ], [ 73.212201589764717, 33.67969085663961 ], [ 73.212181143718539, 33.679681251803075 ], [ 73.212171769662646, 33.679695199969935 ], [ 73.21211100731928, 33.679666656183194 ] ] ] } },
{ "type": "Feature", "id": 36, "properties": { "FID": 36, "SolarPV_Area(sqm)": 0.0, "Rooftop_Area(sqm)": 104.22334956100001, "class": "rooftops" }, "geometry": { "type": "Polygon", "coordinates": [ [ [ 73.21231863535472, 33.679747616868113 ], [ 73.212377419122163, 33.679649262997458 ], [ 73.21246035897137, 33.679686466198461 ], [ 73.212398209940517, 33.679783309648535 ], [ 73.21231863535472, 33.679747616868113 ] ] ] } },
{ "type": "Feature", "id": 37, "properties": { "FID": 37, "SolarPV_Area(sqm)": 0.0, "Rooftop_Area(sqm)": 121.35494287, "class": "rooftops" }, "geometry": { "type": "Polygon", "coordinates": [ [ [ 73.212409178251278, 33.679780612453463 ], [ 73.212467404467972, 33.679691420556971 ], [ 73.212559496769714, 33.679735908046318 ], [ 73.21249007559824, 33.67983635169518 ], [ 73.21245166898612, 33.679817797590204 ], [ 73.212444612642159, 33.679828008116885 ], [ 73.212427881087351, 33.679819926047081 ], [ 73.212443569378379, 33.679797225577609 ], [ 73.212409178251278, 33.679780612453463 ] ] ] } },
{ "type": "Feature", "id": 38, "properties": { "FID": 38, "SolarPV_Area(sqm)": 34.7937389975, "Rooftop_Area(sqm)": 139.49983908799999, "class": "rooftops" }, "geometry": { "type": "Polygon", "coordinates": [ [ [ 73.212607104326693, 33.679871799011522 ], [ 73.212666452358889, 33.679782233685906 ], [ 73.212774225956792, 33.679834850985515 ], [ 73.212704158397699, 33.679935160059621 ], [ 73.212645868327527, 33.679906700993051 ], [ 73.212654190624349, 33.679894787293485 ], [ 73.212607104326693, 33.679871799011522 ] ] ] } },
{ "type": "Feature", "id": 39, "properties": { "FID": 39, "SolarPV_Area(sqm)": 28.697381456199999, "Rooftop_Area(sqm)": 114.78938814200001, "class": "rooftops" }, "geometry": { "type": "Polygon", "coordinates": [ [ [ 73.212793246537899, 33.679977746274794 ], [ 73.212715280459037, 33.67993978291468 ], [ 73.212789751504829, 33.679832881582108 ], [ 73.21286771860261, 33.67987084490936 ], [ 73.212793246537899, 33.679977746274794 ] ] ] } },
{ "type": "Feature", "id": 40, "properties": { "FID": 40, "SolarPV_Area(sqm)": 0.0, "Rooftop_Area(sqm)": 128.45971660699999, "class": "rooftops" }, "geometry": { "type": "Polygon", "coordinates": [ [ [ 73.212905133208494, 33.680034588235408 ], [ 73.212977751976112, 33.679920396246899 ], [ 73.213072214677766, 33.679964877069395 ], [ 73.213012075877131, 33.680055139945154 ], [ 73.212968509712013, 33.680033262293911 ], [ 73.212951007375523, 33.680057624701668 ], [ 73.212905133208494, 33.680034588235408 ] ] ] } },
{ "type": "Feature", "id": 41, "properties": { "FID": 41, "SolarPV_Area(sqm)": 20.124700012800002, "Rooftop_Area(sqm)": 141.885368142, "class": "rooftops" }, "geometry": { "type": "Polygon", "coordinates": [ [ [ 73.213002939322365, 33.680085344188861 ], [ 73.213073421151407, 33.679973032982851 ], [ 73.21317825730047, 33.680019018225067 ], [ 73.213116997850719, 33.680116631492965 ], [ 73.21305465472021, 33.680089285390324 ], [ 73.213049614162514, 33.680097317579232 ], [ 73.213038964439562, 33.680092645676162 ], [ 73.213033531256158, 33.680101303423363 ], [ 73.213002939322365, 33.680085344188861 ] ] ] } },
{ "type": "Feature", "id": 42, "properties": { "FID": 42, "SolarPV_Area(sqm)": 0.0, "Rooftop_Area(sqm)": 127.82186682, "class": "rooftops" }, "geometry": { "type": "Polygon", "coordinates": [ [ [ 73.213127306158086, 33.680118255883599 ], [ 73.213192410866043, 33.680015588803393 ], [ 73.21327732232065, 33.680056377459636 ], [ 73.213194548801113, 33.680181553288982 ], [ 73.213153146439737, 33.680161439294537 ], [ 73.213163227600944, 33.680146935870326 ], [ 73.213154232716136, 33.680142565656418 ], [ 73.213167492311129, 33.680123489343593 ], [ 73.213154812113203, 33.680117329020959 ], [ 73.213147386878873, 33.680128011288652 ], [ 73.213127306158086, 33.680118255883599 ] ] ] } },
{ "type": "Feature", "id": 43, "properties": { "FID": 43, "SolarPV_Area(sqm)": 0.0, "Rooftop_Area(sqm)": 136.70878708500001, "class": "rooftops" }, "geometry": { "type": "Polygon", "coordinates": [ [ [ 73.21320109408353, 33.680182224184733 ], [ 73.213284939427453, 33.680053362993057 ], [ 73.21337436466176, 33.680096307164042 ], [ 73.213304845395129, 33.680197977166557 ], [ 73.21325925902164, 33.680175984730823 ], [ 73.21324171706334, 33.680201638841822 ], [ 73.21320109408353, 33.680182224184733 ] ] ] } },
{ "type": "Feature", "id": 44, "properties": { "FID": 44, "SolarPV_Area(sqm)": 17.4814184761, "Rooftop_Area(sqm)": 152.25842192100001, "class": "rooftops" }, "geometry": { "type": "Polygon", "coordinates": [ [ [ 73.213299943228748, 33.680224969251654 ], [ 73.213384445177866, 33.68009919251881 ], [ 73.213488230479143, 33.680148386129105 ], [ 73.213428836417563, 33.680236346041994 ], [ 73.213381158539846, 33.680213675032839 ], [ 73.213355627753245, 33.680251291017008 ], [ 73.213299943228748, 33.680224969251654 ] ] ] } },
{ "type": "Feature", "id": 45, "properties": { "FID": 45, "SolarPV_Area(sqm)": 8.2241021358800008, "Rooftop_Area(sqm)": 109.8848556, "class": "rooftops" }, "geometry": { "type": "Polygon", "coordinates": [ [ [ 73.212337545466326, 33.679487961099575 ], [ 73.212377150456135, 33.679503275389578 ], [ 73.212383065298454, 33.679492662391844 ], [ 73.212390953300599, 33.679495735231036 ], [ 73.212401444282818, 33.679476912014159 ], [ 73.212440581506726, 33.679492157293566 ], [ 73.212388017785841, 33.679586474708252 ], [ 73.212396288861385, 33.679589696471361 ], [ 73.212383447571781, 33.679612738420083 ], [ 73.212303479258566, 33.679581587554111 ], [ 73.212306953138437, 33.679575353396466 ], [ 73.212301108824818, 33.679573076628024 ], [ 73.212311279460323, 33.679554827719507 ], [ 73.212302242299913, 33.679551306299373 ], [ 73.212337545466326, 33.679487961099575 ] ] ] } },
{ "type": "Feature", "id": 46, "properties": { "FID": 46, "SolarPV_Area(sqm)": 32.241536846800003, "Rooftop_Area(sqm)": 145.87914171700001, "class": "rooftops" }, "geometry": { "type": "Polygon", "coordinates": [ [ [ 73.212595377642074, 33.679713015456109 ], [ 73.212677244403281, 33.679582368503375 ], [ 73.212726151215435, 33.679604265802773 ], [ 73.212720094231386, 33.679613722497095 ], [ 73.212738133182967, 33.679621799093354 ], [ 73.212718558946719, 33.679652357307369 ], [ 73.212747249857244, 33.679665203255531 ], [ 73.212689598339509, 33.679755201669551 ], [ 73.212595377642074, 33.679713015456109 ] ] ] } },
{ "type": "Feature", "id": 47, "properties": { "FID": 47, "SolarPV_Area(sqm)": 36.437294878199999, "Rooftop_Area(sqm)": 134.11652854299999, "class": "rooftops" }, "geometry": { "type": "Polygon", "coordinates": [ [ [ 73.212700149165116, 33.679758447376621 ], [ 73.212755460783171, 33.679669299742173 ], [ 73.212791855147685, 33.679685434054242 ], [ 73.212809001786653, 33.67965839999146 ], [ 73.212869410407748, 33.67968517987282 ], [ 73.212795993500663, 33.679800936548048 ], [ 73.212700149165116, 33.679758447376621 ] ] ] } },
{ "type": "Feature", "id": 48, "properties": { "FID": 48, "SolarPV_Area(sqm)": 19.666396899199999, "Rooftop_Area(sqm)": 121.84601771200001, "class": "rooftops" }, "geometry": { "type": "Polygon", "coordinates": [ [ [ 73.21360936171115, 33.680167324537514 ], [ 73.213668483064836, 33.680073869719031 ], [ 73.213767544319836, 33.680117473259656 ], [ 73.213708633638674, 33.680211019545872 ], [ 73.21360936171115, 33.680167324537514 ] ] ] } },
{ "type": "Feature", "id": 49, "properties": { "FID": 49, "SolarPV_Area(sqm)": 47.646779269200003, "Rooftop_Area(sqm)": 144.11093510200001, "class": "rooftops" }, "geometry": { "type": "Polygon", "coordinates": [ [ [ 73.213717017761923, 33.680217280915883 ], [ 73.213795144931339, 33.680094867295978 ], [ 73.213822332011446, 33.68010706091966 ], [ 73.213814637068879, 33.680119053206795 ], [ 73.213883352393339, 33.680149871788529 ], [ 73.213812592156316, 33.680260145956758 ], [ 73.213717017761923, 33.680217280915883 ] ] ] } },
{ "type": "Feature", "id": 50, "properties": { "FID": 50, "SolarPV_Area(sqm)": 60.039759042900002, "Rooftop_Area(sqm)": 154.06002404, "class": "rooftops" }, "geometry": { "type": "Polygon", "coordinates": [ [ [ 73.213826298924701, 33.680262412789027 ], [ 73.213907174581962, 33.680143011966692 ], [ 73.213943960892777, 33.680160972283375 ], [ 73.213949105246527, 33.68015381086235 ], [ 73.21402240803198, 33.68019010720419 ], [ 73.214009227522396, 33.680212721492808 ], [ 73.213890586504306, 33.68029161811247 ], [ 73.213826298924701, 33.680262412789027 ] ] ] } },
{ "type": "Feature", "id": 51, "properties": { "FID": 51, "SolarPV_Area(sqm)": 28.988747040300002, "Rooftop_Area(sqm)": 129.83180706799999, "class": "rooftops" }, "geometry": { "type": "Polygon", "coordinates": [ [ [ 73.214223479738109, 33.680433649963994 ], [ 73.214277241138817, 33.680348945688728 ], [ 73.214323458646817, 33.680370427457845 ], [ 73.214342795876505, 33.680341348969321 ], [ 73.214394654374928, 33.680365452529486 ], [ 73.214319594286138, 33.680478324161967 ], [ 73.214223479738109, 33.680433649963994 ] ] ] } },
{ "type": "Feature", "id": 52, "properties": { "FID": 52, "SolarPV_Area(sqm)": 0.0, "Rooftop_Area(sqm)": 137.00814552599999, "class": "rooftops" }, "geometry": { "type": "Polygon", "coordinates": [ [ [ 73.214327823620692, 33.680491291513064 ], [ 73.214414677181068, 33.680362683127569 ], [ 73.214445434057737, 33.680375691108658 ], [ 73.214440885893978, 33.680382763776421 ], [ 73.214491006977909, 33.680405292044959 ], [ 73.214411918453536, 33.680528273858776 ], [ 73.214327823620692, 33.680491291513064 ] ] ] } },
{ "type": "Feature", "id": 53, "properties": { "FID": 53, "SolarPV_Area(sqm)": 29.765550449799999, "Rooftop_Area(sqm)": 108.89863807499999, "class": "rooftops" }, "geometry": { "type": "Polygon", "coordinates": [ [ [ 73.214643266808935, 33.680629058059012 ], [ 73.214712899634264, 33.680518186375231 ], [ 73.21475714536102, 33.680539783773888 ], [ 73.214741920518563, 33.68056158496298 ], [ 73.214784482265571, 33.680582359951906 ], [ 73.214729826437178, 33.680660622815502 ], [ 73.214699699911023, 33.680645917865604 ], [ 73.214694104396202, 33.680653929478694 ], [ 73.214643266808935, 33.680629058059012 ] ] ] } },
{ "type": "Feature", "id": 54, "properties": { "FID": 54, "SolarPV_Area(sqm)": 0.0, "Rooftop_Area(sqm)": 94.137518154299997, "class": "rooftops" }, "geometry": { "type": "Polygon", "coordinates": [ [ [ 73.214860473859062, 33.680722371942778 ], [ 73.214872806629302, 33.68070543457322 ], [ 73.214897182631034, 33.680716764932676 ], [ 73.214916930513269, 33.680687070066689 ], [ 73.214876987264489, 33.680668503516664 ], [ 73.214917051878786, 33.680608258111825 ], [ 73.21495989469355, 33.680628171404301 ], [ 73.214949098421883, 33.680644406863763 ], [ 73.21499134937217, 33.680664045571916 ], [ 73.214930817719676, 33.680755068424972 ], [ 73.214860473859062, 33.680722371942778 ] ] ] } },
{ "type": "Feature", "id": 55, "properties": { "FID": 55, "SolarPV_Area(sqm)": 0.0, "Rooftop_Area(sqm)": 168.05258074400001, "class": "commercial_rooftops" }, "geometry": { "type": "Polygon", "coordinates": [ [ [ 73.214437647709588, 33.68774573936517 ], [ 73.21427876764713, 33.687682104442516 ], [ 73.214326715119185, 33.687598447087716 ], [ 73.214485595068723, 33.687662081945639 ], [ 73.214437647709588, 33.68774573936517 ] ] ] } },
{ "type": "Feature", "id": 56, "properties": { "FID": 56, "SolarPV_Area(sqm)": 0.0, "Rooftop_Area(sqm)": 127.890152012, "class": "commercial_rooftops" }, "geometry": { "type": "Polygon", "coordinates": [ [ [ 73.214317933509477, 33.687593217941028 ], [ 73.214257675492007, 33.687692055339703 ], [ 73.214157788795646, 33.687649497918471 ], [ 73.21421804797167, 33.687550660586247 ], [ 73.214317933509477, 33.687593217941028 ] ] ] } },
{ "type": "Feature", "id": 57, "properties": { "FID": 57, "SolarPV_Area(sqm)": 15.7651927403, "Rooftop_Area(sqm)": 229.55572897900001, "class": "rooftops" }, "geometry": { "type": "Polygon", "coordinates": [ [ [ 73.215069507375986, 33.687562134396579 ], [ 73.215079825162832, 33.687566266593301 ], [ 73.215069444410688, 33.687584378302518 ], [ 73.215079761121757, 33.687588510483756 ], [ 73.215020446503701, 33.687692004204621 ], [ 73.214919339875294, 33.687651509242173 ], [ 73.214923789384201, 33.687643747997662 ], [ 73.214903154887878, 33.687635483592864 ], [ 73.214991634437112, 33.68748110527487 ], [ 73.215054567059909, 33.687506310984077 ], [ 73.215051106816759, 33.68751234791948 ], [ 73.215078962882302, 33.687523504914459 ], [ 73.215069571400718, 33.687539891407631 ], [ 73.215079888106587, 33.6875440235887 ], [ 73.215069507375986, 33.687562134396579 ] ] ] } },
{ "type": "Feature", "id": 58, "properties": { "FID": 58, "SolarPV_Area(sqm)": 28.759250194100002, "Rooftop_Area(sqm)": 229.08601749799999, "class": "rooftops" }, "geometry": { "type": "Polygon", "coordinates": [ [ [ 73.214541726071275, 33.687278558833654 ], [ 73.214498069801223, 33.687343614415703 ], [ 73.214468138624227, 33.687329578612086 ], [ 73.214457976683576, 33.68732521596165 ], [ 73.214451565961326, 33.687332772094386 ], [ 73.214447088249699, 33.687339444480074 ], [ 73.214443040004838, 33.687346996886568 ], [ 73.214461007669996, 33.687355840530181 ], [ 73.214473978636505, 33.687361922875112 ], [ 73.214437038280565, 33.687416971196477 ], [ 73.214329284584849, 33.687366439490049 ], [ 73.214422194759223, 33.687227986832589 ], [ 73.214431174323536, 33.687232197129767 ], [ 73.21443845018544, 33.68722135483565 ], [ 73.214468381301927, 33.687235391546814 ], [ 73.214479575031305, 33.687218710120874 ], [ 73.214545424380916, 33.687249590686896 ], [ 73.214529752976674, 33.687272943606594 ], [ 73.214541726071275, 33.687278558833654 ] ] ] } },
{ "type": "Feature", "id": 59, "properties": { "FID": 59, "SolarPV_Area(sqm)": 45.9868100371, "Rooftop_Area(sqm)": 342.19081269600002, "class": "rooftops" }, "geometry": { "type": "Polygon", "coordinates": [ [ [ 73.214761456302227, 33.687022547476573 ], [ 73.214746490753356, 33.68701552915757 ], [ 73.214701715064123, 33.687082254046068 ], [ 73.21463586577957, 33.687051373564934 ], [ 73.214649298821513, 33.687031356382938 ], [ 73.214656282670646, 33.687034631542957 ], [ 73.214667476336672, 33.687017950097456 ], [ 73.214568702510249, 33.686971629789014 ], [ 73.214662731545417, 33.686831508596271 ], [ 73.214777468638943, 33.686885315153461 ], [ 73.214775229259445, 33.686888651796231 ], [ 73.214824117250032, 33.686911577873083 ], [ 73.214784379207671, 33.686970795332719 ], [ 73.214793358746064, 33.686975006504937 ], [ 73.214761456302227, 33.687022547476573 ] ] ] } },
{ "type": "Feature", "id": 60, "properties": { "FID": 60, "SolarPV_Area(sqm)": 15.280298112700001, "Rooftop_Area(sqm)": 541.04613291199996, "class": "commercial_rooftops" }, "geometry": { "type": "Polygon", "coordinates": [ [ [ 73.211838383216843, 33.686582765153943 ], [ 73.211843393177503, 33.686575245693966 ], [ 73.21174445224969, 33.686529176841916 ], [ 73.211749462215039, 33.68652165738586 ], [ 73.2117154815258, 33.686505836321309 ], [ 73.211709915982169, 33.686514190885823 ], [ 73.211590986405611, 33.686458814868871 ], [ 73.211587089760584, 33.686464663229359 ], [ 73.211479154210977, 33.68641440599437 ], [ 73.211519232916743, 33.686354252215878 ], [ 73.21151323596564, 33.686351460088744 ], [ 73.21153884248173, 33.686313027760008 ], [ 73.211968587172592, 33.686513126153756 ], [ 73.2119129221783, 33.68659667356998 ], [ 73.211908924190766, 33.686594812164095 ], [ 73.211898347623631, 33.686610686184537 ], [ 73.211838383216843, 33.686582765153943 ] ] ] } },
{ "type": "Feature", "id": 61, "properties": { "FID": 61, "SolarPV_Area(sqm)": 46.752287642299997, "Rooftop_Area(sqm)": 217.259922843, "class": "rooftops" }, "geometry": { "type": "Polygon", "coordinates": [ [ [ 73.212358347043633, 33.686336749788424 ], [ 73.212368357648216, 33.686341377341591 ], [ 73.21234012529311, 33.686384058853186 ], [ 73.212377166360611, 33.686401182000395 ], [ 73.21231405909738, 33.686496588366914 ], [ 73.212194926496863, 33.686441517489961 ], [ 73.212301213669775, 33.686280833089739 ], [ 73.212354272284216, 33.686305360704175 ], [ 73.21234320115542, 33.686322098716261 ], [ 73.212362222268951, 33.686330891173021 ], [ 73.212358347043633, 33.686336749788424 ] ] ] } },
{ "type": "Feature", "id": 62, "properties": { "FID": 62, "SolarPV_Area(sqm)": 0.0, "Rooftop_Area(sqm)": 272.47512848899999, "class": "rooftops" }, "geometry": { "type": "Polygon", "coordinates": [ [ [ 73.212273701246403, 33.686262495167234 ], [ 73.212266384599687, 33.686273318706178 ], [ 73.212273357134876, 33.686276611870262 ], [ 73.212166430030933, 33.686434806221172 ], [ 73.212049901045447, 33.686379762969167 ], [ 73.212061720145698, 33.686362278325738 ], [ 73.212057735535438, 33.686360396377708 ], [ 73.212144401955243, 33.686232175822944 ], [ 73.212150377796007, 33.686234998274266 ], [ 73.212166136174758, 33.686211685696264 ], [ 73.212273701246403, 33.686262495167234 ] ] ] } },
{ "type": "Feature", "id": 63, "properties": { "FID": 63, "SolarPV_Area(sqm)": 60.007199120700001, "Rooftop_Area(sqm)": 229.27485994700001, "class": "rooftops" }, "geometry": { "type": "Polygon", "coordinates": [ [ [ 73.214705619310891, 33.686236706234034 ], [ 73.214645113824304, 33.686211704070246 ], [ 73.214625343219993, 33.686245139951879 ], [ 73.214588424941894, 33.686229884103533 ], [ 73.21460059113825, 33.686209308453229 ], [ 73.214566747863913, 33.686195324348382 ], [ 73.214649882327848, 33.686054724641579 ], [ 73.21476371525479, 33.68610176298521 ], [ 73.214757633263005, 33.68611205083522 ], [ 73.214765836840556, 33.6861154410064 ], [ 73.214744039717374, 33.686152305001507 ], [ 73.214753269005996, 33.686156119399818 ], [ 73.214705619310891, 33.686236706234034 ] ] ] } },
{ "type": "Feature", "id": 64, "properties": { "FID": 64, "SolarPV_Area(sqm)": 0.0, "Rooftop_Area(sqm)": 182.26093516399999, "class": "commercial_rooftops" }, "geometry": { "type": "Polygon", "coordinates": [ [ [ 73.210864650908249, 33.686036313011996 ], [ 73.210868136161025, 33.686031370403157 ], [ 73.210919378713896, 33.686056628003918 ], [ 73.210865925528978, 33.686132416604181 ], [ 73.210848187243002, 33.686123674061754 ], [ 73.210845863384563, 33.686126968828077 ], [ 73.210708888388467, 33.686059455240446 ], [ 73.21076292291724, 33.685982841896177 ], [ 73.21075996617715, 33.685981385098955 ], [ 73.210769843960136, 33.685967380339292 ], [ 73.210860504201463, 33.686012065745679 ], [ 73.210848883791357, 33.686028542267742 ], [ 73.210864650908249, 33.686036313011996 ] ] ] } },
{ "type": "Feature", "id": 65, "properties": { "FID": 65, "SolarPV_Area(sqm)": 0.0, "Rooftop_Area(sqm)": 205.57203627499999, "class": "rooftops" }, "geometry": { "type": "Polygon", "coordinates": [ [ [ 73.212788501508157, 33.686034866890736 ], [ 73.212731457567614, 33.686124321170247 ], [ 73.21269208772803, 33.686106775773816 ], [ 73.212685091712927, 33.686117746457391 ], [ 73.21267499647071, 33.686113247559909 ], [ 73.212665310179815, 33.686128437465385 ], [ 73.212587579520914, 33.686093796772177 ], [ 73.212672069119961, 33.685961304212952 ], [ 73.212793207592114, 33.686015289963592 ], [ 73.21278244436121, 33.686032167737771 ], [ 73.212788501508157, 33.686034866890736 ] ] ] } },
{ "type": "Feature", "id": 66, "properties": { "FID": 66, "SolarPV_Area(sqm)": 26.7706405751, "Rooftop_Area(sqm)": 248.46748234699999, "class": "rooftops" }, "geometry": { "type": "Polygon", "coordinates": [ [ [ 73.212648703719069, 33.685975142837783 ], [ 73.21256878011485, 33.686097742323689 ], [ 73.212526591821444, 33.686078522090256 ], [ 73.212521117188047, 33.686086919490599 ], [ 73.212509064157643, 33.686081428260955 ], [ 73.212501947365951, 33.686092343981869 ], [ 73.212430628351754, 33.686059852900314 ], [ 73.212533543583731, 33.685901984396928 ], [ 73.212631983112558, 33.685946832482607 ], [ 73.212628698775404, 33.685951870932371 ], [ 73.212645775410238, 33.685959650479774 ], [ 73.212638658627554, 33.685970567111156 ], [ 73.212648703719069, 33.685975142837783 ] ] ] } },
{ "type": "Feature", "id": 67, "properties": { "FID": 67, "SolarPV_Area(sqm)": 0.0, "Rooftop_Area(sqm)": 258.84798860199999, "class": "rooftops" }, "geometry": { "type": "Polygon", "coordinates": [ [ [ 73.21390254385777, 33.685833184475321 ], [ 73.213918525909847, 33.685808367139927 ], [ 73.213872026048691, 33.685785957692005 ], [ 73.213916046397173, 33.685719397113267 ], [ 73.214041397826136, 33.685776921583113 ], [ 73.213955522078578, 33.685907699759674 ], [ 73.213950508415522, 33.685905398100083 ], [ 73.213927938432931, 33.685939770008517 ], [ 73.213807601589394, 33.685884547100706 ], [ 73.213856794932298, 33.685811340466486 ], [ 73.21390254385777, 33.685833184475321 ] ] ] } },
{ "type": "Feature", "id": 68, "properties": { "FID": 68, "SolarPV_Area(sqm)": 0.0, "Rooftop_Area(sqm)": 251.28304277300001, "class": "rooftops" }, "geometry": { "type": "Polygon", "coordinates": [ [ [ 73.212033787887663, 33.685871812878652 ], [ 73.212003906415589, 33.685858754726581 ], [ 73.212012663192453, 33.685845636307292 ], [ 73.212016666487912, 33.685830937723146 ], [ 73.212027823570608, 33.685821664013261 ], [ 73.212106020266333, 33.685697208397883 ], [ 73.212219449862815, 33.685747014352081 ], [ 73.212112527656018, 33.685917189636129 ], [ 73.212072017490016, 33.685899401197503 ], [ 73.21206882502338, 33.685904481541058 ], [ 73.212038442408897, 33.685891140202898 ], [ 73.212046953461581, 33.685877594393808 ], [ 73.212033787887663, 33.685871812878652 ] ] ] } },
{ "type": "Feature", "id": 69, "properties": { "FID": 69, "SolarPV_Area(sqm)": 43.053192321799997, "Rooftop_Area(sqm)": 244.87818519499999, "class": "rooftops" }, "geometry": { "type": "Polygon", "coordinates": [ [ [ 73.214583797845307, 33.68572245987707 ], [ 73.214578602428219, 33.685730980442138 ], [ 73.214610198599829, 33.685744442404129 ], [ 73.214605523476649, 33.685752111104918 ], [ 73.214655465315587, 33.685773389610361 ], [ 73.214585338505131, 33.685888415618741 ], [ 73.214573108044078, 33.685883205179451 ], [ 73.214567394478237, 33.685892577639855 ], [ 73.214431837383557, 33.685834821413707 ], [ 73.214446901224406, 33.685810112473675 ], [ 73.214448940356547, 33.685810980592194 ], [ 73.214497249329341, 33.68573173980176 ], [ 73.214512537884659, 33.685738254219231 ], [ 73.214523446868128, 33.685720361198648 ], [ 73.214517331651109, 33.685717755976462 ], [ 73.214528758785875, 33.68569901015757 ], [ 73.214583797845307, 33.68572245987707 ] ] ] } },
{ "type": "Feature", "id": 70, "properties": { "FID": 70, "SolarPV_Area(sqm)": 39.159888924400001, "Rooftop_Area(sqm)": 221.97387696800001, "class": "rooftops" }, "geometry": { "type": "Polygon", "coordinates": [ [ [ 73.208217585119982, 33.685825209328257 ], [ 73.208117198149935, 33.685874931188657 ], [ 73.208068798933212, 33.685806643489919 ], [ 73.208061909646219, 33.685810055035191 ], [ 73.208007678319689, 33.685733539756896 ], [ 73.208122827981342, 33.685676504171546 ], [ 73.208205048568516, 33.685792512474741 ], [ 73.208197175072613, 33.685796412937954 ], [ 73.208217585119982, 33.685825209328257 ] ] ] } },
{ "type": "Feature", "id": 71, "properties": { "FID": 71, "SolarPV_Area(sqm)": 0.0, "Rooftop_Area(sqm)": 307.249543636, "class": "commercial_rooftops" }, "geometry": { "type": "Polygon", "coordinates": [ [ [ 73.209888566194437, 33.685760388269543 ], [ 73.209887482183035, 33.685766054597146 ], [ 73.209878446111333, 33.685764847845249 ], [ 73.209871044855717, 33.685803565283557 ], [ 73.209775025886543, 33.685790738495449 ], [ 73.209783329816176, 33.685747298964792 ], [ 73.209776551691505, 33.685746393654313 ], [ 73.209789729367927, 33.685677456041716 ], [ 73.210051804089645, 33.685712465704718 ], [ 73.210043139671214, 33.685757794646037 ], [ 73.210055565339516, 33.685759454492292 ], [ 73.210042568181692, 33.68582744699426 ], [ 73.209897974896762, 33.685808131616426 ], [ 73.209903932615788, 33.685776968103852 ], [ 73.209892635381678, 33.685775458957963 ], [ 73.209895343224616, 33.685761294459844 ], [ 73.209888566194437, 33.685760388269543 ] ] ] } },
{ "type": "Feature", "id": 72, "properties": { "FID": 72, "SolarPV_Area(sqm)": 64.277893051000007, "Rooftop_Area(sqm)": 200.95820248000001, "class": "rooftops" }, "geometry": { "type": "Polygon", "coordinates": [ [ [ 73.213884349473247, 33.685708412479478 ], [ 73.213801367820068, 33.685840489456801 ], [ 73.213686924793947, 33.685790240140513 ], [ 73.213772566856434, 33.685653930034562 ], [ 73.213820166853068, 33.685674829634124 ], [ 73.21381750764337, 33.685679062859442 ], [ 73.213884349473247, 33.685708412479478 ] ] ] } },
{ "type": "Feature", "id": 73, "properties": { "FID": 73, "SolarPV_Area(sqm)": 0.0, "Rooftop_Area(sqm)": 227.65585031500001, "class": "rooftops" }, "geometry": { "type": "Polygon", "coordinates": [ [ [ 73.211855506995136, 33.685801678223939 ], [ 73.211901748946588, 33.685731259422631 ], [ 73.211950885993929, 33.685753809674864 ], [ 73.211980614124087, 33.685708541084111 ], [ 73.211937492999908, 33.685688751663143 ], [ 73.21197162412237, 33.685636776332508 ], [ 73.212050846014051, 33.685673133409217 ], [ 73.212046992180518, 33.685679001342876 ], [ 73.212078078305041, 33.685693267252738 ], [ 73.212063215340834, 33.685715902028242 ], [ 73.2120702346092, 33.685719123738082 ], [ 73.212006926696503, 33.685815529821625 ], [ 73.211997901770317, 33.685811387229791 ], [ 73.211974780819659, 33.68584659665116 ], [ 73.211926645991454, 33.685824507289475 ], [ 73.211921691656144, 33.685832051907482 ], [ 73.211855506995136, 33.685801678223939 ] ] ] } },
{ "type": "Feature", "id": 74, "properties": { "FID": 74, "SolarPV_Area(sqm)": 41.268718049100002, "Rooftop_Area(sqm)": 190.45379787799999, "class": "rooftops" }, "geometry": { "type": "Polygon", "coordinates": [ [ [ 73.213637455319869, 33.685612220043858 ], [ 73.21365012801995, 33.685590787918507 ], [ 73.213747552797003, 33.68563104577683 ], [ 73.213714317886399, 33.685687252146984 ], [ 73.213680366249662, 33.685670597905577 ], [ 73.213650337641582, 33.685715782320045 ], [ 73.213687102355863, 33.685733279821591 ], [ 73.213659855500225, 33.685779360240694 ], [ 73.213650626284604, 33.68577554666485 ], [ 73.213642007916121, 33.685790120856787 ], [ 73.213551762968365, 33.685752828956595 ], [ 73.213590288689502, 33.685687673347772 ], [ 73.213583109838154, 33.685684706419515 ], [ 73.213628226122836, 33.685608406466834 ], [ 73.213637455319869, 33.685612220043858 ] ] ] } },
{ "type": "Feature", "id": 75, "properties": { "FID": 75, "SolarPV_Area(sqm)": 55.985599718700001, "Rooftop_Area(sqm)": 224.09100411399999, "class": "rooftops" }, "geometry": { "type": "Polygon", "coordinates": [ [ [ 73.214359002286329, 33.68559768298212 ], [ 73.21429604159097, 33.685724938486985 ], [ 73.214286526455325, 33.685721648359575 ], [ 73.214274721616221, 33.685745509836636 ], [ 73.214160552832126, 33.68570603473794 ], [ 73.214234007011711, 33.685557569011202 ], [ 73.214283692550509, 33.685574749029435 ], [ 73.214288500752957, 33.685565028036692 ], [ 73.21432761517741, 33.685578550955313 ], [ 73.21432411742326, 33.685585620756662 ], [ 73.214359002286329, 33.68559768298212 ] ] ] } },
{ "type": "Feature", "id": 76, "properties": { "FID": 76, "SolarPV_Area(sqm)": 52.622862959899997, "Rooftop_Area(sqm)": 258.355970625, "class": "rooftops" }, "geometry": { "type": "Polygon", "coordinates": [ [ [ 73.212324601370895, 33.685625655791036 ], [ 73.212281054503336, 33.685692944949643 ], [ 73.212270992747804, 33.685688395103973 ], [ 73.212260650382717, 33.685704376253433 ], [ 73.212246565029602, 33.685698005220431 ], [ 73.212242210116685, 33.685704734311152 ], [ 73.21214964322759, 33.685662869197138 ], [ 73.21215617560388, 33.685652775566055 ], [ 73.212147120581008, 33.685648680343334 ], [ 73.212151474419755, 33.685641951240463 ], [ 73.21211726562332, 33.685626479579341 ], [ 73.212137405487283, 33.685595357981455 ], [ 73.212150486270303, 33.685601273523176 ], [ 73.212215806639293, 33.685500338947264 ], [ 73.212259071479906, 33.685519906712408 ], [ 73.212251994233455, 33.68553084102772 ], [ 73.212268092982427, 33.685538122224472 ], [ 73.212264282991214, 33.685544009737008 ], [ 73.212341756673666, 33.685579049094954 ], [ 73.212314539639266, 33.685621105047552 ], [ 73.212324601370895, 33.685625655791036 ] ] ] } },
{ "type": "Feature", "id": 77, "properties": { "FID": 77, "SolarPV_Area(sqm)": 25.062141199199999, "Rooftop_Area(sqm)": 200.71132004699999, "class": "rooftops" }, "geometry": { "type": "Polygon", "coordinates": [ [ [ 73.213947642059836, 33.685463938444222 ], [ 73.213952457278509, 33.685456330409266 ], [ 73.214054581617589, 33.685501505682112 ], [ 73.2139748608774, 33.685627452820746 ], [ 73.213850492263617, 33.685572437689807 ], [ 73.213908275975399, 33.685481146732833 ], [ 73.213917375660515, 33.685485172135444 ], [ 73.21393449760879, 33.68545812316853 ], [ 73.213947642059836, 33.685463938444222 ] ] ] } },
{ "type": "Feature", "id": 78, "properties": { "FID": 78, "SolarPV_Area(sqm)": 0.0, "Rooftop_Area(sqm)": 252.5846823, "class": "rooftops" }, "geometry": { "type": "Polygon", "coordinates": [ [ [ 73.213302735952169, 33.685629559185315 ], [ 73.213301177195135, 33.685632114795084 ], [ 73.213318503673506, 33.68563949747832 ], [ 73.213312789991491, 33.685648869877099 ], [ 73.213239405861785, 33.685617602850961 ], [ 73.213339663468318, 33.685453159173854 ], [ 73.213464007888703, 33.685506139171075 ], [ 73.213374659655798, 33.685652690041771 ], [ 73.213324718225309, 33.685631411030514 ], [ 73.213321081448953, 33.685637375928835 ], [ 73.213302735952169, 33.685629559185315 ] ] ] } },
{ "type": "Feature", "id": 79, "properties": { "FID": 79, "SolarPV_Area(sqm)": 23.096258720600002, "Rooftop_Area(sqm)": 231.795251855, "class": "rooftops" }, "geometry": { "type": "Polygon", "coordinates": [ [ [ 73.21135446685679, 33.685455867596247 ], [ 73.211362621043406, 33.685459341139662 ], [ 73.211407296765387, 33.685386066492349 ], [ 73.211528581715015, 33.685437746153482 ], [ 73.21144338646387, 33.685577479716237 ], [ 73.211373061222815, 33.685547513847368 ], [ 73.211368905073613, 33.685554330550403 ], [ 73.211309791051917, 33.685529142221007 ], [ 73.21135446685679, 33.685455867596247 ] ] ] } },
{ "type": "Feature", "id": 80, "properties": { "FID": 80, "SolarPV_Area(sqm)": 0.0, "Rooftop_Area(sqm)": 247.58458887899999, "class": "rooftops" }, "geometry": { "type": "Polygon", "coordinates": [ [ [ 73.211092015970635, 33.68544844213114 ], [ 73.211105972278858, 33.685427509508116 ], [ 73.211085203985789, 33.685417416461526 ], [ 73.21107067179706, 33.685439174877629 ], [ 73.211024190675076, 33.685416584290365 ], [ 73.211139181201091, 33.685251232225156 ], [ 73.211250934888668, 33.685305545264121 ], [ 73.211136519311921, 33.685470070723724 ], [ 73.211092015970635, 33.68544844213114 ] ] ] } },
{ "type": "Feature", "id": 81, "properties": { "FID": 81, "SolarPV_Area(sqm)": 45.626223130600003, "Rooftop_Area(sqm)": 233.18971475399999, "class": "rooftops" }, "geometry": { "type": "Polygon", "coordinates": [ [ [ 73.214629284563031, 33.685402039085162 ], [ 73.214616269358274, 33.68539602285145 ], [ 73.214606305627456, 33.685411087170081 ], [ 73.214596294999964, 33.685406459797264 ], [ 73.214587438108779, 33.685419850197519 ], [ 73.214552399309412, 33.685403653909837 ], [ 73.214556274325517, 33.685397796119972 ], [ 73.214510222690592, 33.685376508877923 ], [ 73.214614289480991, 33.685219170093212 ], [ 73.214722410311339, 33.685269147730345 ], [ 73.214715213714399, 33.685280027264213 ], [ 73.214721220725821, 33.685282804052044 ], [ 73.214648152073792, 33.685393276051023 ], [ 73.214638141445903, 33.685388648681595 ], [ 73.214629284563031, 33.685402039085162 ] ] ] } },
{ "type": "Feature", "id": 82, "properties": { "FID": 82, "SolarPV_Area(sqm)": 0.0, "Rooftop_Area(sqm)": 176.72539960700001, "class": "rooftops" }, "geometry": { "type": "Polygon", "coordinates": [ [ [ 73.212756406803464, 33.685224677172606 ], [ 73.212764064965157, 33.685226632986421 ], [ 73.212766404510873, 33.685220230916244 ], [ 73.21286158592865, 33.685244538996045 ], [ 73.212803766177203, 33.685402764458601 ], [ 73.212708583527018, 33.685378456314048 ], [ 73.212732647976054, 33.685312605695465 ], [ 73.212724989807626, 33.685310649879497 ], [ 73.212756406803464, 33.685224677172606 ] ] ] } },
{ "type": "Feature", "id": 83, "properties": { "FID": 83, "SolarPV_Area(sqm)": 0.0, "Rooftop_Area(sqm)": 237.66878783199999, "class": "rooftops" }, "geometry": { "type": "Polygon", "coordinates": [ [ [ 73.213592321662858, 33.685243751485906 ], [ 73.213589336779549, 33.68524891873767 ], [ 73.213605818575203, 33.685255572259315 ], [ 73.213613777523719, 33.68524179381108 ], [ 73.213626139670197, 33.685246784412548 ], [ 73.213611215277979, 33.685272619773372 ], [ 73.213626667985181, 33.685278857123976 ], [ 73.213590850503962, 33.68534086146034 ], [ 73.213601152296789, 33.685345020597673 ], [ 73.213554888744838, 33.685425109415803 ], [ 73.213530165490525, 33.685415128211893 ], [ 73.213535139574404, 33.6854065170198 ], [ 73.213510416327779, 33.685396535812146 ], [ 73.213506934670534, 33.685402564280082 ], [ 73.213444095826816, 33.68537719684798 ], [ 73.213449071013812, 33.685368584773606 ], [ 73.213433618323378, 33.685362346499261 ], [ 73.213519181131218, 33.685214224956802 ], [ 73.213592321662858, 33.685243751485906 ] ] ] } },
{ "type": "Feature", "id": 84, "properties": { "FID": 84, "SolarPV_Area(sqm)": 34.3161065595, "Rooftop_Area(sqm)": 265.14023027799999, "class": "rooftops" }, "geometry": { "type": "Polygon", "coordinates": [ [ [ 73.209460168245499, 33.685298658104351 ], [ 73.209383184124761, 33.68540052947148 ], [ 73.209330959394947, 33.685372947582422 ], [ 73.209334013974654, 33.685368905050829 ], [ 73.209206352916226, 33.685301484262133 ], [ 73.209219794591419, 33.685283696977947 ], [ 73.209212057731222, 33.685279610732117 ], [ 73.209272544636448, 33.685199569280627 ], [ 73.209460168245499, 33.685298658104351 ] ] ] } },
{ "type": "Feature", "id": 85, "properties": { "FID": 85, "SolarPV_Area(sqm)": 46.8865534583, "Rooftop_Area(sqm)": 205.54222609000001, "class": "rooftops" }, "geometry": { "type": "Polygon", "coordinates": [ [ [ 73.209932855453573, 33.685312574822213 ], [ 73.209934166357101, 33.685320728662091 ], [ 73.20989724571659, 33.685379051109031 ], [ 73.209772880245026, 33.685324031966061 ], [ 73.209788396444367, 33.685299519542248 ], [ 73.209794463463609, 33.68530220365286 ], [ 73.209822822575887, 33.685257404515106 ], [ 73.209840011403202, 33.685265008422107 ], [ 73.209888167943973, 33.685188935201261 ], [ 73.209984222667259, 33.685231429656113 ], [ 73.209932855453573, 33.685312574822213 ] ] ] } },
{ "type": "Feature", "id": 86, "properties": { "FID": 86, "SolarPV_Area(sqm)": 46.194109654199998, "Rooftop_Area(sqm)": 221.65884454100001, "class": "rooftops" }, "geometry": { "type": "Polygon", "coordinates": [ [ [ 73.20813510041981, 33.685205381743764 ], [ 73.208069035062636, 33.685305977736469 ], [ 73.208062015987167, 33.685302755804983 ], [ 73.208045500165738, 33.685327904578067 ], [ 73.208028453052279, 33.685320080644871 ], [ 73.208020194597054, 33.685332655021426 ], [ 73.207981086917485, 33.685314705250057 ], [ 73.207994850283015, 33.685293748550492 ], [ 73.207930673119066, 33.68526429285965 ], [ 73.208016557114362, 33.685133519137871 ], [ 73.208076723009697, 33.685161133803632 ], [ 73.208067914311698, 33.685174546059969 ], [ 73.208077942315896, 33.685179148958213 ], [ 73.208074088241659, 33.685185016760194 ], [ 73.208080105059935, 33.685187777777784 ], [ 73.208083959133887, 33.685181909975604 ], [ 73.20813510041981, 33.685205381743764 ] ] ] } },
{ "type": "Feature", "id": 87, "properties": { "FID": 87, "SolarPV_Area(sqm)": 34.841931494800001, "Rooftop_Area(sqm)": 205.83711676499999, "class": "rooftops" }, "geometry": { "type": "Polygon", "coordinates": [ [ [ 73.210750365665774, 33.685275317159167 ], [ 73.210768282299611, 33.685249733807673 ], [ 73.210775193532697, 33.685253115441462 ], [ 73.210786752957205, 33.685236610084736 ], [ 73.210777868343683, 33.685232261129443 ], [ 73.210799831130061, 33.685200901038378 ], [ 73.210830494359598, 33.685215046607077 ], [ 73.210841475752488, 33.685199366106261 ], [ 73.210796005563168, 33.685177972294689 ], [ 73.210831839847472, 33.685126804686568 ], [ 73.210926611595568, 33.685173190799922 ], [ 73.210931235788848, 33.685166588296774 ], [ 73.210956902955317, 33.6851791510175 ], [ 73.21088581030105, 33.685280661403617 ], [ 73.210891733761883, 33.685283559805939 ], [ 73.21086803688037, 33.685317397203228 ], [ 73.210830522804329, 33.685299035850711 ], [ 73.210822431536243, 33.685310589337547 ], [ 73.210750365665774, 33.685275317159167 ] ] ] } },
{ "type": "Feature", "id": 88, "properties": { "FID": 88, "SolarPV_Area(sqm)": 50.100389009499999, "Rooftop_Area(sqm)": 259.40214590400001, "class": "rooftops" }, "geometry": { "type": "Polygon", "coordinates": [ [ [ 73.213353747678383, 33.685198553875033 ], [ 73.213322752765094, 33.685186237423167 ], [ 73.213319314981604, 33.685192282752297 ], [ 73.213308982985879, 33.685188177261175 ], [ 73.213314876813115, 33.685177812816669 ], [ 73.213307645389762, 33.685174938896637 ], [ 73.213342514760825, 33.685113615292302 ], [ 73.213362145203632, 33.685121416345403 ], [ 73.213356742794815, 33.685130917693549 ], [ 73.213371206716715, 33.685136665542949 ], [ 73.213366787162457, 33.685144438890369 ], [ 73.21342877694498, 33.685169073567039 ], [ 73.213433687921849, 33.685160436216471 ], [ 73.213447119414624, 33.685165773249629 ], [ 73.213445646231676, 33.685168364366397 ], [ 73.213439447243829, 33.68516590126152 ], [ 73.213425695008141, 33.685190085280453 ], [ 73.213478386371222, 33.685211024373039 ], [ 73.213442042807571, 33.685274938216224 ], [ 73.213455474299721, 33.685280276150472 ], [ 73.213409308707583, 33.685361464683197 ], [ 73.213286361360261, 33.685312606081958 ], [ 73.213328107474723, 33.685239190943129 ], [ 73.213339471917294, 33.685243707241305 ], [ 73.213349294956487, 33.685226433465168 ], [ 73.213339996491868, 33.685222737898947 ], [ 73.213353747678383, 33.685198553875033 ] ] ] } },
{ "type": "Feature", "id": 89, "properties": { "FID": 89, "SolarPV_Area(sqm)": 43.066989163499997, "Rooftop_Area(sqm)": 244.935611069, "class": "rooftops" }, "geometry": { "type": "Polygon", "coordinates": [ [ [ 73.214325271810281, 33.685090170789977 ], [ 73.214336112226192, 33.685095512656126 ], [ 73.214341922020978, 33.685087275118562 ], [ 73.214447365026984, 33.68513924326264 ], [ 73.214384038339603, 33.68522903949524 ], [ 73.214388965215718, 33.685231467933583 ], [ 73.214355268719913, 33.685279248909367 ], [ 73.214326690887873, 33.685265164108664 ], [ 73.214321461182251, 33.685272578599971 ], [ 73.21430766508125, 33.685265778230978 ], [ 73.214300112728537, 33.685276488475346 ], [ 73.21422127735498, 33.6852376333051 ], [ 73.214325271810281, 33.685090170789977 ] ] ] } },
{ "type": "Feature", "id": 90, "properties": { "FID": 90, "SolarPV_Area(sqm)": 44.552308931500001, "Rooftop_Area(sqm)": 214.42521874600001, "class": "rooftops" }, "geometry": { "type": "Polygon", "coordinates": [ [ [ 73.210701411272325, 33.685059270497618 ], [ 73.210730781092735, 33.685072166443092 ], [ 73.210733972506389, 33.685067087020904 ], [ 73.210819042910131, 33.685104442171884 ], [ 73.210755740070198, 33.685205192394747 ], [ 73.210746624989397, 33.685201189984994 ], [ 73.210718430997147, 33.685246061172244 ], [ 73.210638424203111, 33.685210929111122 ], [ 73.210658107034291, 33.685179603653523 ], [ 73.210622660128976, 33.685164038804807 ], [ 73.21068649624317, 33.685062442402177 ], [ 73.210696623610147, 33.685066889621694 ], [ 73.210701411272325, 33.685059270497618 ] ] ] } },
{ "type": "Feature", "id": 91, "properties": { "FID": 91, "SolarPV_Area(sqm)": 27.617066895800001, "Rooftop_Area(sqm)": 268.649048026, "class": "rooftops" }, "geometry": { "type": "Polygon", "coordinates": [ [ [ 73.211268094718477, 33.685074598533987 ], [ 73.211280004993881, 33.685080305140616 ], [ 73.211183296537058, 33.685221353425526 ], [ 73.211052288891352, 33.685158578861127 ], [ 73.211155823707742, 33.685007574821128 ], [ 73.211274922013658, 33.685064642681766 ], [ 73.211268094718477, 33.685074598533987 ] ] ] } },
{ "type": "Feature", "id": 92, "properties": { "FID": 92, "SolarPV_Area(sqm)": 52.708186360900001, "Rooftop_Area(sqm)": 232.39121386799999, "class": "rooftops" }, "geometry": { "type": "Polygon", "coordinates": [ [ [ 73.210519035582152, 33.685155493144052 ], [ 73.210510041947373, 33.685151304908715 ], [ 73.210499465317866, 33.685167178810239 ], [ 73.210445498129772, 33.685142049302065 ], [ 73.210546809914618, 33.684989994590367 ], [ 73.210671732548647, 33.685048163686709 ], [ 73.210587677495241, 33.685174319017605 ], [ 73.210525715554965, 33.685145467568439 ], [ 73.210519035582152, 33.685155493144052 ] ] ] } },
{ "type": "Feature", "id": 93, "properties": { "FID": 93, "SolarPV_Area(sqm)": 46.247846647199999, "Rooftop_Area(sqm)": 271.39485324600003, "class": "rooftops" }, "geometry": { "type": "Polygon", "coordinates": [ [ [ 73.20950377674626, 33.684992775844073 ], [ 73.209562359616186, 33.685022674471213 ], [ 73.209565935643369, 33.685017777401285 ], [ 73.209631354187124, 33.68505116300981 ], [ 73.20959916663702, 33.685095240211389 ], [ 73.209605024489889, 33.685098230605696 ], [ 73.209556743123144, 33.685164345490627 ], [ 73.209368299797177, 33.685068172971725 ], [ 73.209426715351995, 33.684988181669468 ], [ 73.209439407734777, 33.684994659075947 ], [ 73.209447753260861, 33.684983232007809 ], [ 73.20945947003807, 33.684989211923934 ], [ 73.209464834642901, 33.684981865429968 ], [ 73.209499008334873, 33.684999305863904 ], [ 73.20950377674626, 33.684992775844073 ] ] ] } },
{ "type": "Feature", "id": 94, "properties": { "FID": 94, "SolarPV_Area(sqm)": 74.745946354099999, "Rooftop_Area(sqm)": 212.42169840700001, "class": "rooftops" }, "geometry": { "type": "Polygon", "coordinates": [ [ [ 73.208399457896348, 33.684920497231722 ], [ 73.208408705534026, 33.684907293311582 ], [ 73.208490642305478, 33.68494739917687 ], [ 73.208486017942306, 33.684954001583144 ], [ 73.208531428062457, 33.684976228595737 ], [ 73.208526226743118, 33.684983655869409 ], [ 73.208542021232731, 33.684991387623512 ], [ 73.208479018637874, 33.685081341423484 ], [ 73.208346736059312, 33.685016592308067 ], [ 73.208354827621804, 33.68500503899287 ], [ 73.20834396871831, 33.684999723393062 ], [ 73.208351483320257, 33.684988994942962 ], [ 73.208341611082858, 33.684984163473707 ], [ 73.208352592886257, 33.68496848320752 ], [ 73.20834370843059, 33.684964134081831 ], [ 73.208380701211397, 33.684911316643472 ], [ 73.208399457896348, 33.684920497231722 ] ] ] } },
{ "type": "Feature", "id": 95, "properties": { "FID": 95, "SolarPV_Area(sqm)": 32.368677529800003, "Rooftop_Area(sqm)": 250.00752610200001, "class": "rooftops" }, "geometry": { "type": "Polygon", "coordinates": [ [ [ 73.213805062496164, 33.685015529624145 ], [ 73.213901422451443, 33.684879847796303 ], [ 73.213998804633292, 33.684928181068649 ], [ 73.213991797184079, 33.68493804880508 ], [ 73.214002616473508, 33.68494341925107 ], [ 73.213939545050081, 33.685032228801354 ], [ 73.213949380959207, 33.685037111605872 ], [ 73.213924268800156, 33.685072471175751 ], [ 73.213919207769138, 33.68508038676638 ], [ 73.213904313482075, 33.685107118958257 ], [ 73.213885261827613, 33.685078691197013 ], [ 73.213873547962436, 33.685071042564495 ], [ 73.213866819313623, 33.685078434461659 ], [ 73.21386156290194, 33.685085835020509 ], [ 73.213800576318619, 33.685055565487545 ], [ 73.213807584877742, 33.685045697778762 ], [ 73.213795780044521, 33.685039839637128 ], [ 73.213810964901953, 33.685018459145383 ], [ 73.213805062496164, 33.685015529624145 ] ] ] } },
{ "type": "Feature", "id": 96, "properties": { "FID": 96, "SolarPV_Area(sqm)": 0.0, "Rooftop_Area(sqm)": 241.278589496, "class": "rooftops" }, "geometry": { "type": "Polygon", "coordinates": [ [ [ 73.21096110841593, 33.684959241031933 ], [ 73.210882839470415, 33.685084744528496 ], [ 73.210774301193993, 33.685037439381439 ], [ 73.210781705439459, 33.685025567541743 ], [ 73.210771561355159, 33.685021146238341 ], [ 73.210785839886299, 33.684998250660406 ], [ 73.210776710320872, 33.684994271489309 ], [ 73.210855509283249, 33.684867919958492 ], [ 73.210907242027659, 33.684890467629408 ], [ 73.210898780060916, 33.6849040357137 ], [ 73.210915010173281, 33.684911108874054 ], [ 73.210909193642109, 33.684920437286053 ], [ 73.210959911934779, 33.684942541903915 ], [ 73.210951978845841, 33.684955261873647 ], [ 73.21096110841593, 33.684959241031933 ] ] ] } },
{ "type": "Feature", "id": 97, "properties": { "FID": 97, "SolarPV_Area(sqm)": 0.0, "Rooftop_Area(sqm)": 438.31081933199999, "class": "rooftops" }, "geometry": { "type": "Polygon", "coordinates": [ [ [ 73.214448372106375, 33.684995626865749 ], [ 73.214419290409793, 33.684982281468642 ], [ 73.214442960340307, 33.68494623363874 ], [ 73.214434938738052, 33.684942552101589 ], [ 73.214483930267036, 33.684867940922736 ], [ 73.214637359239219, 33.684938349272045 ], [ 73.214635707536445, 33.684940863878772 ], [ 73.214759052706938, 33.684997466769879 ], [ 73.214714464101576, 33.685065371213312 ], [ 73.214717473150245, 33.685066752022266 ], [ 73.214683343887501, 33.685118728177756 ], [ 73.214498827170274, 33.685034053659038 ], [ 73.214501580383555, 33.685029862355947 ], [ 73.214443416959398, 33.685003171579041 ], [ 73.214448372106375, 33.684995626865749 ] ] ] } },
{ "type": "Feature", "id": 98, "properties": { "FID": 98, "SolarPV_Area(sqm)": 0.0, "Rooftop_Area(sqm)": 239.46725699500001, "class": "rooftops" }, "geometry": { "type": "Polygon", "coordinates": [ [ [ 73.209617319876685, 33.685029705852607 ], [ 73.209460121493706, 33.684949479575934 ], [ 73.209522111843143, 33.684864590237346 ], [ 73.209530899692481, 33.684869074947592 ], [ 73.209537456643872, 33.684860096399191 ], [ 73.209713206267153, 33.684949790359632 ], [ 73.209657175720594, 33.685026517703683 ], [ 73.209646435591551, 33.685021036209633 ], [ 73.209638090087253, 33.685032463291876 ], [ 73.209621492091131, 33.685023992304501 ], [ 73.209617319876685, 33.685029705852607 ] ] ] } },
{ "type": "Feature", "id": 99, "properties": { "FID": 99, "SolarPV_Area(sqm)": 43.775780464699999, "Rooftop_Area(sqm)": 270.741699165, "class": "rooftops" }, "geometry": { "type": "Polygon", "coordinates": [ [ [ 73.210242286853969, 33.68505803641419 ], [ 73.210149992883089, 33.685019894473406 ], [ 73.210211839804131, 33.684915305391371 ], [ 73.210219018486328, 33.684918271608588 ], [ 73.210258560177294, 33.684851403102222 ], [ 73.210382644699294, 33.684902682561372 ], [ 73.21029443610702, 33.685051851945481 ], [ 73.210255467795008, 33.685035747217995 ], [ 73.210242286853969, 33.68505803641419 ] ] ] } },
{ "type": "Feature", "id": 100, "properties": { "FID": 100, "SolarPV_Area(sqm)": 32.289505163299999, "Rooftop_Area(sqm)": 236.28303779399999, "class": "rooftops" }, "geometry": { "type": "Polygon", "coordinates": [ [ [ 73.210641682678116, 33.684968153742233 ], [ 73.210649793957344, 33.684954437215886 ], [ 73.210640563893406, 33.684950623406202 ], [ 73.210710522532295, 33.684832316639074 ], [ 73.21074231324674, 33.684845454150555 ], [ 73.21074687528079, 33.684837738874108 ], [ 73.210756104259588, 33.684841552660053 ], [ 73.210765229421042, 33.684826121219928 ], [ 73.210841115813992, 33.684857481842869 ], [ 73.210765581373977, 33.684985218870615 ], [ 73.210774811428834, 33.684989033572755 ], [ 73.210752505443821, 33.68502675426793 ], [ 73.210647905236584, 33.684983527032571 ], [ 73.210653988701381, 33.684973239412216 ], [ 73.210641682678116, 33.684968153742233 ] ] ] } },
{ "type": "Feature", "id": 101, "properties": { "FID": 101, "SolarPV_Area(sqm)": 0.0, "Rooftop_Area(sqm)": 271.99081045299999, "class": "rooftops" }, "geometry": { "type": "Polygon", "coordinates": [ [ [ 73.210017117247077, 33.684917148872941 ], [ 73.21000067573128, 33.684908465582893 ], [ 73.210092321240495, 33.684787190086851 ], [ 73.210105860483537, 33.684794340691354 ], [ 73.210111970606718, 33.684786255600933 ], [ 73.210239631654503, 33.684853676358472 ], [ 73.210141266102667, 33.684983845221289 ], [ 73.210105481817223, 33.684964946914569 ], [ 73.210099982794148, 33.68497222385723 ], [ 73.210011007105393, 33.684925233957884 ], [ 73.210017117247077, 33.684917148872941 ] ] ] } },
{ "type": "Feature", "id": 102, "properties": { "FID": 102, "SolarPV_Area(sqm)": 82.970515987400006, "Rooftop_Area(sqm)": 393.480451125, "class": "rooftops" }, "geometry": { "type": "Polygon", "coordinates": [ [ [ 73.208156564727716, 33.684782564108104 ], [ 73.208324456631658, 33.684866487452844 ], [ 73.208315650339429, 33.684878799607624 ], [ 73.208325469211687, 33.684883706954999 ], [ 73.20828437390135, 33.684941162178902 ], [ 73.208293210559873, 33.68494557914984 ], [ 73.208252702866233, 33.685002213258691 ], [ 73.208240920644229, 33.684996324260482 ], [ 73.208235637069421, 33.685003711552355 ], [ 73.208033381722856, 33.684902610529313 ], [ 73.208062148124512, 33.684862391478894 ], [ 73.208051348151301, 33.684856992844374 ], [ 73.20805898021689, 33.684846322927541 ], [ 73.208047198029774, 33.684840433911859 ], [ 73.208082422219135, 33.684791186254976 ], [ 73.208122676544562, 33.684811308749318 ], [ 73.208127960116272, 33.684803921461992 ], [ 73.208137778968847, 33.684808828823719 ], [ 73.208156564727716, 33.684782564108104 ] ] ] } },
{ "type": "Feature", "id": 103, "properties": { "FID": 103, "SolarPV_Area(sqm)": 54.686669665399997, "Rooftop_Area(sqm)": 223.594480508, "class": "rooftops" }, "geometry": { "type": "Polygon", "coordinates": [ [ [ 73.21368844172666, 33.684795421533991 ], [ 73.213700928158403, 33.684800189384092 ], [ 73.213697601691138, 33.684806278717609 ], [ 73.2137045669174, 33.684816282653763 ], [ 73.213717181798344, 33.684817292887963 ], [ 73.213708900492293, 33.684836696422408 ], [ 73.213686687816278, 33.684863089206402 ], [ 73.213678363516706, 33.684859910939174 ], [ 73.213627040297467, 33.684953860753794 ], [ 73.213575010705313, 33.684933996284251 ], [ 73.213574061044312, 33.684935736490182 ], [ 73.213543883558543, 33.684924215551995 ], [ 73.213549111502061, 33.684914646744453 ], [ 73.213522055919825, 33.68490431709521 ], [ 73.213571478821819, 33.684813847722687 ], [ 73.213566276421545, 33.684811860741526 ], [ 73.213586235273823, 33.684775324761908 ], [ 73.213593519297618, 33.68477810564211 ], [ 73.213608726642263, 33.684750268839323 ], [ 73.213695094661063, 33.684783242867347 ], [ 73.21368844172666, 33.684795421533991 ] ] ] } },
{ "type": "Feature", "id": 104, "properties": { "FID": 104, "SolarPV_Area(sqm)": 59.787798901400002, "Rooftop_Area(sqm)": 254.26183364600001, "class": "rooftops" }, "geometry": { "type": "Polygon", "coordinates": [ [ [ 73.210685732216575, 33.684834235431495 ], [ 73.210670626748879, 33.68485565364815 ], [ 73.210677524614269, 33.684859054030454 ], [ 73.210624070915799, 33.684934843443216 ], [ 73.210616187485527, 33.684930957157462 ], [ 73.210599919517421, 33.68495402318861 ], [ 73.21056247343634, 33.68493556625333 ], [ 73.210558406980596, 33.684941332767281 ], [ 73.210471689185013, 33.684898589862613 ], [ 73.210578014389768, 33.684747835044902 ], [ 73.210639110662299, 33.684777949926747 ], [ 73.210635043141096, 33.684783716428136 ], [ 73.210667562433699, 33.68479974475764 ], [ 73.21066175229825, 33.684807983013357 ], [ 73.21067751916064, 33.684815754676627 ], [ 73.210669966428469, 33.684826463784773 ], [ 73.210685732216575, 33.684834235431495 ] ] ] } },
{ "type": "Feature", "id": 105, "properties": { "FID": 105, "SolarPV_Area(sqm)": 0.0, "Rooftop_Area(sqm)": 248.32186800599999, "class": "rooftops" }, "geometry": { "type": "Polygon", "coordinates": [ [ [ 73.213427732466016, 33.684839547874972 ], [ 73.213417981589814, 33.684855787473232 ], [ 73.213361750170762, 33.684832191048912 ], [ 73.21345156020962, 33.684682619597766 ], [ 73.213576290049716, 33.684734961180332 ], [ 73.213574237757157, 33.684738379863589 ], [ 73.213582416555681, 33.684741812135684 ], [ 73.213498251862973, 33.68488198142952 ], [ 73.213431796904132, 33.684854094463226 ], [ 73.213437955963514, 33.684843838452593 ], [ 73.213427732466016, 33.684839547874972 ] ] ] } },
{ "type": "Feature", "id": 106, "properties": { "FID": 106, "SolarPV_Area(sqm)": 29.814163540900001, "Rooftop_Area(sqm)": 209.48703528600001, "class": "rooftops" }, "geometry": { "type": "Polygon", "coordinates": [ [ [ 73.210532048902664, 33.684742805556802 ], [ 73.210474797517421, 33.684833249525923 ], [ 73.210483896963652, 33.684837275174495 ], [ 73.210456608922868, 33.684880383847336 ], [ 73.210335276205342, 33.684826706850743 ], [ 73.210426772380941, 33.684682166032324 ], [ 73.21047530517852, 33.684703636804194 ], [ 73.210468349632421, 33.684714625081114 ], [ 73.210532048902664, 33.684742805556802 ] ] ] } },
{ "type": "Feature", "id": 107, "properties": { "FID": 107, "SolarPV_Area(sqm)": 41.599921218799999, "Rooftop_Area(sqm)": 258.53581018199998, "class": "rooftops" }, "geometry": { "type": "Polygon", "coordinates": [ [ [ 73.213231589943376, 33.684774754169702 ], [ 73.213217503564891, 33.684768384135076 ], [ 73.213227845636283, 33.684752402893693 ], [ 73.213216777255127, 33.684747396699485 ], [ 73.213300603486147, 33.684617863569883 ], [ 73.213426371844903, 33.684674743590691 ], [ 73.213322951376639, 33.684834557944164 ], [ 73.213249502597307, 33.68480133947336 ], [ 73.213252223790832, 33.684797134209312 ], [ 73.213225057761477, 33.684784847865316 ], [ 73.213231589943376, 33.684774754169702 ] ] ] } },
{ "type": "Feature", "id": 108, "properties": { "FID": 108, "SolarPV_Area(sqm)": 67.347206430900002, "Rooftop_Area(sqm)": 297.19206324499999, "class": "rooftops" }, "geometry": { "type": "Polygon", "coordinates": [ [ [ 73.209902212029263, 33.684720594763 ], [ 73.209822632755689, 33.684824485757453 ], [ 73.209791805130877, 33.684807983045843 ], [ 73.209795505996141, 33.684803150901544 ], [ 73.209619211862076, 33.684708774406161 ], [ 73.209661159705419, 33.68465401022425 ], [ 73.209665013140835, 33.684656073405456 ], [ 73.209698942755651, 33.684611778851611 ], [ 73.209902212029263, 33.684720594763 ] ] ] } },
{ "type": "Feature", "id": 109, "properties": { "FID": 109, "SolarPV_Area(sqm)": 0.0, "Rooftop_Area(sqm)": 256.407645995, "class": "rooftops" }, "geometry": { "type": "Polygon", "coordinates": [ [ [ 73.210374931155769, 33.684722000874714 ], [ 73.210303532209892, 33.684820269143728 ], [ 73.210176939701014, 33.684764680695586 ], [ 73.210205133818747, 33.684719808731202 ], [ 73.210211210834984, 33.68472247763583 ], [ 73.210283557202118, 33.684607334841786 ], [ 73.210360221942253, 33.684640677393439 ], [ 73.210352424085215, 33.684655248808518 ], [ 73.210357256020714, 33.684660532829703 ], [ 73.210368474143067, 33.68466642427699 ], [ 73.210379728411311, 33.684671248554103 ], [ 73.210401111977262, 33.684678914954745 ], [ 73.210374931155769, 33.684722000874714 ] ] ] } },
{ "type": "Feature", "id": 110, "properties": { "FID": 110, "SolarPV_Area(sqm)": 35.352950637100001, "Rooftop_Area(sqm)": 245.59843895099999, "class": "rooftops" }, "geometry": { "type": "Polygon", "coordinates": [ [ [ 73.209926126881243, 33.684665329303911 ], [ 73.209930924857034, 33.684667931894381 ], [ 73.209906635656324, 33.684699216637121 ], [ 73.209771338145302, 33.684625806253919 ], [ 73.209778189577776, 33.684616981652589 ], [ 73.209731171139424, 33.684591470094148 ], [ 73.209799677713136, 33.684503231185971 ], [ 73.209957044802763, 33.684588616679413 ], [ 73.209950817331361, 33.684596638741745 ], [ 73.209970968112543, 33.684607572491558 ], [ 73.209926126881243, 33.684665329303911 ] ] ] } },
{ "type": "Feature", "id": 111, "properties": { "FID": 111, "SolarPV_Area(sqm)": 39.874201508500001, "Rooftop_Area(sqm)": 341.61640776399997, "class": "rooftops" }, "geometry": { "type": "Polygon", "coordinates": [ [ [ 73.209621437514159, 33.684660592763997 ], [ 73.209613933276614, 33.684656214135366 ], [ 73.209580538348447, 33.684696205063744 ], [ 73.209407946789781, 33.684595480289218 ], [ 73.209473429177081, 33.684517065774543 ], [ 73.209466862868311, 33.684513233676363 ], [ 73.209502878240158, 33.684470105634865 ], [ 73.209589172835962, 33.684520467516798 ], [ 73.209593756730783, 33.684514979064886 ], [ 73.209686617748858, 33.684569172973411 ], [ 73.209676796181853, 33.684580934866169 ], [ 73.209684300397711, 33.684585314392422 ], [ 73.209621437514159, 33.684660592763997 ] ] ] } },
{ "type": "Feature", "id": 112, "properties": { "FID": 112, "SolarPV_Area(sqm)": 66.846376796499996, "Rooftop_Area(sqm)": 395.29159837200001, "class": "rooftops" }, "geometry": { "type": "Polygon", "coordinates": [ [ [ 73.214694668633456, 33.684592163512185 ], [ 73.214679601525006, 33.684615793028001 ], [ 73.214620042639851, 33.684589251701937 ], [ 73.214632418554146, 33.684569841449651 ], [ 73.214599106100152, 33.684554995728845 ], [ 73.214588881860251, 33.684571030194434 ], [ 73.214560616449759, 33.684558434276219 ], [ 73.21467415978988, 33.684380369051901 ], [ 73.214758955910142, 33.684418157608413 ], [ 73.214781019643823, 33.684383557277869 ], [ 73.214844616506582, 33.684411898192032 ], [ 73.214828472560455, 33.684437215607531 ], [ 73.214838567731192, 33.684441714327399 ], [ 73.214793365502373, 33.684512602913394 ], [ 73.214802450628397, 33.684516651485808 ], [ 73.214758325243423, 33.684585852177932 ], [ 73.214750249085952, 33.684582253737496 ], [ 73.214736257831575, 33.684604195367712 ], [ 73.214706983414032, 33.684591149346517 ], [ 73.214703753744061, 33.684596212993426 ], [ 73.214694668633456, 33.684592163512185 ] ] ] } },
{ "type": "Feature", "id": 113, "properties": { "FID": 113, "SolarPV_Area(sqm)": 0.0, "Rooftop_Area(sqm)": 186.45622288499999, "class": "rooftops" }, "geometry": { "type": "Polygon", "coordinates": [ [ [ 73.209853703266958, 33.684411744335527 ], [ 73.209843608378577, 33.684407245216754 ], [ 73.209862444099443, 33.68437770934019 ], [ 73.209966417723763, 33.684424049162757 ], [ 73.209961035954066, 33.684432487472314 ], [ 73.210015546273439, 33.684456781901503 ], [ 73.209988099937064, 33.684499820544836 ], [ 73.210006269703413, 33.684507918381229 ], [ 73.209997121639304, 33.684522264605889 ], [ 73.209967846939591, 33.684509217469781 ], [ 73.209945243847756, 33.684544661258187 ], [ 73.209898809429561, 33.684523965548578 ], [ 73.209903115301373, 33.684517214188581 ], [ 73.209812264427654, 33.684476723072002 ], [ 73.209853703266958, 33.684411744335527 ] ] ] } },
{ "type": "Feature", "id": 114, "properties": { "FID": 114, "SolarPV_Area(sqm)": 48.089664281300003, "Rooftop_Area(sqm)": 374.29917386400001, "class": "rooftops" }, "geometry": { "type": "Polygon", "coordinates": [ [ [ 73.208530462387728, 33.684430619257341 ], [ 73.208548792025155, 33.684406364213906 ], [ 73.208490764774496, 33.684375718395444 ], [ 73.208482822220304, 33.684386228734709 ], [ 73.208462512046921, 33.684375502546139 ], [ 73.208458846340093, 33.684380353194953 ], [ 73.208425964903995, 33.684362987130491 ], [ 73.208458346269808, 33.684320136745136 ], [ 73.208474787511477, 33.684328820232587 ], [ 73.208490672627306, 33.684307798652533 ], [ 73.208476166915375, 33.684300136984398 ], [ 73.208478610351236, 33.684296903513335 ], [ 73.208395438560657, 33.684252976983636 ], [ 73.208439429237913, 33.684194764734066 ], [ 73.208506159748794, 33.684230008654133 ], [ 73.20849760608742, 33.684241327133726 ], [ 73.208579811236376, 33.68428474270393 ], [ 73.208576145521363, 33.684289594258132 ], [ 73.208624500452714, 33.68431513284326 ], [ 73.208629388411381, 33.684308665009027 ], [ 73.208706758099339, 33.684349526008283 ], [ 73.208650548137086, 33.68442390840152 ], [ 73.208657318206292, 33.684427483788106 ], [ 73.208640820904805, 33.684449313513454 ], [ 73.208633084146655, 33.684445227234178 ], [ 73.208611699944811, 33.684473524804773 ], [ 73.208530462387728, 33.684430619257341 ] ] ] } },
{ "type": "Feature", "id": 115, "properties": { "FID": 115, "SolarPV_Area(sqm)": 52.793579527399999, "Rooftop_Area(sqm)": 349.61548213999998, "class": "rooftops" }, "geometry": { "type": "Polygon", "coordinates": [ [ [ 73.209036878414608, 33.684263159097334 ], [ 73.209039226846116, 33.684259876443733 ], [ 73.209100098913368, 33.684290304441674 ], [ 73.209010866674092, 33.684415064343369 ], [ 73.209001048890741, 33.684410157066239 ], [ 73.208995177778476, 33.684418364599154 ], [ 73.208882268065764, 33.684361925365721 ], [ 73.208887551544663, 33.684354538042349 ], [ 73.208823733964863, 33.684322637930805 ], [ 73.208830778228119, 33.684312789065935 ], [ 73.20882685048403, 33.684310825779718 ], [ 73.208913735512652, 33.684189348681009 ], [ 73.208998171810748, 33.684231555492616 ], [ 73.208991714132821, 33.684240584147773 ], [ 73.209036878414608, 33.684263159097334 ] ] ] } },
{ "type": "Feature", "id": 116, "properties": { "FID": 116, "SolarPV_Area(sqm)": 0.0, "Rooftop_Area(sqm)": 375.06985126500001, "class": "rooftops" }, "geometry": { "type": "Polygon", "coordinates": [ [ [ 73.213051327615489, 33.684190811099811 ], [ 73.213057483706663, 33.684181636284251 ], [ 73.213238063985102, 33.684266325410462 ], [ 73.213151312539338, 33.684395602478162 ], [ 73.21314233334914, 33.684391391196286 ], [ 73.213138974290899, 33.684396396117926 ], [ 73.213091085996382, 33.684373936547253 ], [ 73.213103959099868, 33.684354753676594 ], [ 73.212921384235258, 33.68426912922309 ], [ 73.21296392033608, 33.684205741559765 ], [ 73.212973683054102, 33.684200290921616 ], [ 73.212985436488012, 33.684182775467015 ], [ 73.212995839918179, 33.684175293394027 ], [ 73.213008841709396, 33.684176367008945 ], [ 73.213024574789685, 33.684178375587543 ], [ 73.213034367090629, 33.684182856545242 ], [ 73.213051327615489, 33.684190811099811 ] ] ] } },
{ "type": "Feature", "id": 117, "properties": { "FID": 117, "SolarPV_Area(sqm)": 51.118088800700001, "Rooftop_Area(sqm)": 248.81623881300001, "class": "rooftops" }, "geometry": { "type": "Polygon", "coordinates": [ [ [ 73.2142550132439, 33.684156411991282 ], [ 73.214266242288048, 33.684161159803892 ], [ 73.214277084808018, 33.684143238784458 ], [ 73.214413871470825, 33.684201078746128 ], [ 73.214406126063551, 33.684213879214667 ], [ 73.214413271337293, 33.684216900616498 ], [ 73.214336856654796, 33.684343200627879 ], [ 73.214244984966811, 33.684304352728347 ], [ 73.214263055876557, 33.684274484066485 ], [ 73.214208954115875, 33.684251607764956 ], [ 73.214217731576582, 33.684237099850968 ], [ 73.214208543868565, 33.684233215678844 ], [ 73.2142550132439, 33.684156411991282 ] ] ] } },
{ "type": "Feature", "id": 118, "properties": { "FID": 118, "SolarPV_Area(sqm)": 71.082599601599995, "Rooftop_Area(sqm)": 367.34542460799997, "class": "rooftops" }, "geometry": { "type": "Polygon", "coordinates": [ [ [ 73.208612927487366, 33.684124902228632 ], [ 73.208642887093333, 33.684076174121131 ], [ 73.208660904823702, 33.684079995570286 ], [ 73.208663984062525, 33.684074867683954 ], [ 73.208691587672405, 33.684086452573339 ], [ 73.208700312536507, 33.684071923564709 ], [ 73.208752452839519, 33.684093805313893 ], [ 73.208747320044367, 33.684102352686054 ], [ 73.208767766386217, 33.684110933693979 ], [ 73.20875955545371, 33.684124608069808 ], [ 73.208788180320084, 33.684136622559201 ], [ 73.20878150900549, 33.684147732991661 ], [ 73.208818312441892, 33.684163179154716 ], [ 73.208813693591907, 33.684170870990144 ], [ 73.208831074079214, 33.684178164899023 ], [ 73.208823887744956, 33.684190130857658 ], [ 73.208831045060904, 33.684193133816599 ], [ 73.208752395852159, 33.684303683624954 ], [ 73.208721376842831, 33.684290497282284 ], [ 73.208725995707795, 33.684282805450906 ], [ 73.208681012616168, 33.684263926655312 ], [ 73.20869281676373, 33.684244268860191 ], [ 73.208683615896248, 33.6842404075364 ], [ 73.208671508184139, 33.684252340898603 ], [ 73.208574200105062, 33.684207327573098 ], [ 73.208597809485312, 33.684168012919777 ], [ 73.208559982687959, 33.684152137940131 ], [ 73.208590306779286, 33.68411558177678 ], [ 73.208612927487366, 33.684124902228632 ] ] ] } },
{ "type": "Feature", "id": 119, "properties": { "FID": 119, "SolarPV_Area(sqm)": 48.548452781500004, "Rooftop_Area(sqm)": 348.58274006099998, "class": "rooftops" }, "geometry": { "type": "Polygon", "coordinates": [ [ [ 73.212893395510349, 33.684212437764018 ], [ 73.212883053429053, 33.684228419880299 ], [ 73.212890097100853, 33.684231604923113 ], [ 73.212861247189423, 33.684276184890081 ], [ 73.212625810068161, 33.684169702955238 ], [ 73.212651937764122, 33.684129329182312 ], [ 73.212660992656637, 33.68413342436456 ], [ 73.212665892331842, 33.68412585457348 ], [ 73.212673940518087, 33.684129495126584 ], [ 73.212725107136706, 33.684050428927868 ], [ 73.212905206892643, 33.684131882347941 ], [ 73.212889421367976, 33.684156274963513 ], [ 73.212868292547711, 33.684146718964008 ], [ 73.212862305252798, 33.684155971960287 ], [ 73.212896513621928, 33.684171443403855 ], [ 73.212889981450616, 33.684181537082871 ], [ 73.21289702511892, 33.684184722125195 ], [ 73.212882328277487, 33.684207432459417 ], [ 73.212893395510349, 33.684212437764018 ] ] ] } },
{ "type": "Feature", "id": 120, "properties": { "FID": 120, "SolarPV_Area(sqm)": 42.994147314800003, "Rooftop_Area(sqm)": 331.06385548200001, "class": "rooftops" }, "geometry": { "type": "Polygon", "coordinates": [ [ [ 73.209157581385043, 33.684215967333849 ], [ 73.209146441915962, 33.684211075175405 ], [ 73.209131014447863, 33.684235627584982 ], [ 73.208981131319234, 33.684169808803091 ], [ 73.20898485490315, 33.684163882266752 ], [ 73.208969664141591, 33.684157211685971 ], [ 73.208976580282425, 33.684146205790405 ], [ 73.208971516708672, 33.684143981662359 ], [ 73.209021521646235, 33.684064398836412 ], [ 73.20901544469622, 33.684061730777188 ], [ 73.209040447670574, 33.684021939364214 ], [ 73.209171088539023, 33.684079308210819 ], [ 73.209165769778295, 33.684087774451534 ], [ 73.209211342064478, 33.684107787018107 ], [ 73.209205490143262, 33.684117099505471 ], [ 73.209218655251405, 33.68412288130876 ], [ 73.209198441161362, 33.684155052808897 ], [ 73.209222746838421, 33.684165725879716 ], [ 73.209192956141649, 33.684213137295608 ], [ 73.209166624806841, 33.684201574567417 ], [ 73.209157581385043, 33.684215967333849 ] ] ] } },
{ "type": "Feature", "id": 121, "properties": { "FID": 121, "SolarPV_Area(sqm)": 61.011608774099997, "Rooftop_Area(sqm)": 307.98031552899999, "class": "rooftops" }, "geometry": { "type": "Polygon", "coordinates": [ [ [ 73.214024259153604, 33.68412805295371 ], [ 73.21402912324352, 33.684121571928046 ], [ 73.21403881361428, 33.684126654616321 ], [ 73.214054620528799, 33.684105592387453 ], [ 73.214046868021214, 33.684101526054476 ], [ 73.214051732089231, 33.68409504592929 ], [ 73.214053745793322, 33.684074144997467 ], [ 73.214059505223915, 33.684065106874556 ], [ 73.214063575048925, 33.684052176640151 ], [ 73.214067032875533, 33.684046304716809 ], [ 73.214073761335797, 33.684045435293839 ], [ 73.21408467200186, 33.684047999847436 ], [ 73.214110249606009, 33.684060258529477 ], [ 73.214113290067203, 33.684056207553873 ], [ 73.214200501309435, 33.68410194982836 ], [ 73.214192597870877, 33.684112480953004 ], [ 73.214201319318789, 33.684117055452916 ], [ 73.214147210945001, 33.684189153276989 ], [ 73.214137520560612, 33.684184070596821 ], [ 73.214125968767192, 33.684199462710581 ], [ 73.214116279461379, 33.684194380044353 ], [ 73.214075546386027, 33.684248656567874 ], [ 73.2140639181344, 33.684242557528243 ], [ 73.214052974213388, 33.684257138715218 ], [ 73.214042314894883, 33.684251547850558 ], [ 73.214027115824237, 33.684271800058987 ], [ 73.213941842356846, 33.684227074917864 ], [ 73.213949745836402, 33.684216543810798 ], [ 73.213941024392838, 33.684211969293294 ], [ 73.214009724128886, 33.684120429377899 ], [ 73.214024259153604, 33.68412805295371 ] ] ] } },
{ "type": "Feature", "id": 122, "properties": { "FID": 122, "SolarPV_Area(sqm)": 57.3184820516, "Rooftop_Area(sqm)": 325.946127155, "class": "rooftops" }, "geometry": { "type": "Polygon", "coordinates": [ [ [ 73.213653054709283, 33.684076374568278 ], [ 73.213672539541605, 33.684084425958943 ], [ 73.213653276556585, 33.684117004241727 ], [ 73.213491248213941, 33.684050047656036 ], [ 73.213551063816283, 33.683948885704496 ], [ 73.213609517111948, 33.683973040798534 ], [ 73.213616614000017, 33.683961038085982 ], [ 73.213598154895436, 33.683953410020749 ], [ 73.213609306052561, 33.683934549373191 ], [ 73.213579566566182, 33.683922260163094 ], [ 73.213621640362717, 33.683851103150857 ], [ 73.213699578386596, 33.683883310497066 ], [ 73.213695016665838, 33.68389102589402 ], [ 73.213726806452144, 33.683904162627016 ], [ 73.213722244713949, 33.683911878926487 ], [ 73.213740703840315, 33.683919506071803 ], [ 73.213715357891715, 33.683962372155477 ], [ 73.213708179176479, 33.683959405238248 ], [ 73.213646843515548, 33.68406313967585 ], [ 73.21365812390691, 33.68406780171577 ], [ 73.213653054709283, 33.684076374568278 ] ] ] } },
{ "type": "Feature", "id": 123, "properties": { "FID": 123, "SolarPV_Area(sqm)": 15.761215915199999, "Rooftop_Area(sqm)": 256.48889788000002, "class": "rooftops" }, "geometry": { "type": "Polygon", "coordinates": [ [ [ 73.209571469511744, 33.683949031398143 ], [ 73.209649553594332, 33.683842103363048 ], [ 73.209802844629451, 33.683920336659725 ], [ 73.209796287780989, 33.683929315226763 ], [ 73.209807027787519, 33.683934796704563 ], [ 73.209733117040898, 33.68403601130241 ], [ 73.209681369220675, 33.684009600662478 ], [ 73.209677792147289, 33.684014498623959 ], [ 73.209609446558858, 33.683979616978 ], [ 73.209615406169718, 33.683971454882936 ], [ 73.209571469511744, 33.683949031398143 ] ] ] } },
{ "type": "Feature", "id": 124, "properties": { "FID": 124, "SolarPV_Area(sqm)": 0.0, "Rooftop_Area(sqm)": 248.07403773199999, "class": "rooftops" }, "geometry": { "type": "Polygon", "coordinates": [ [ [ 73.210066437843381, 33.68401327341352 ], [ 73.210046837830589, 33.684003407237981 ], [ 73.210041527774266, 33.684010781603732 ], [ 73.210022906692672, 33.684001408447315 ], [ 73.210018776164077, 33.68400714425767 ], [ 73.209866873999218, 33.683930685287848 ], [ 73.209935320202135, 33.683835647884528 ], [ 73.210125443377663, 33.683931344277156 ], [ 73.210066437843381, 33.68401327341352 ] ] ] } },
{ "type": "Feature", "id": 125, "properties": { "FID": 125, "SolarPV_Area(sqm)": 49.5298929386, "Rooftop_Area(sqm)": 173.553901698, "class": "rooftops" }, "geometry": { "type": "Polygon", "coordinates": [ [ [ 73.209764979636816, 33.683797106061405 ], [ 73.20976798931396, 33.683793040321866 ], [ 73.209798143805685, 33.683808643235864 ], [ 73.20982162296373, 33.683776929249603 ], [ 73.209896520982085, 33.683815683231558 ], [ 73.209886888293866, 33.683828694124252 ], [ 73.209896615005775, 33.683833727160597 ], [ 73.20983219688712, 33.683920736763596 ], [ 73.209804961218353, 33.683906644232941 ], [ 73.20981098167384, 33.68389851186619 ], [ 73.209689394572166, 33.683835600080059 ], [ 73.209695415032996, 33.683827467719063 ], [ 73.209682769452812, 33.683820925189856 ], [ 73.209718289528908, 33.683772948305624 ], [ 73.209764979636816, 33.683797106061405 ] ] ] } },
{ "type": "Feature", "id": 126, "properties": { "FID": 126, "SolarPV_Area(sqm)": 50.839045218000003, "Rooftop_Area(sqm)": 211.50064405699999, "class": "rooftops" }, "geometry": { "type": "Polygon", "coordinates": [ [ [ 73.210144398663985, 33.683909090956284 ], [ 73.210113331714695, 33.683892905889394 ], [ 73.210115146924565, 33.68389047036414 ], [ 73.210098642347333, 33.683881871843468 ], [ 73.210095011945668, 33.683886741991948 ], [ 73.210007635704486, 33.683841220811196 ], [ 73.210013081301639, 33.68383391604312 ], [ 73.209962596529166, 33.683807614900715 ], [ 73.210027938221586, 33.683719959414326 ], [ 73.210159003534358, 33.683788241153117 ], [ 73.210132382481248, 33.683823953209817 ], [ 73.210184808473301, 33.683851265335655 ], [ 73.210171498483604, 33.683869121375118 ], [ 73.210160818410898, 33.683863557834428 ], [ 73.210143878034074, 33.683886283119556 ], [ 73.210156499245471, 33.683892858614598 ], [ 73.210144398663985, 33.683909090956284 ] ], [ [ 73.210116962115634, 33.683888035740345 ], [ 73.210115146924565, 33.68389047036414 ], [ 73.210118059178001, 33.683891987851396 ], [ 73.210119874369028, 33.683889553227566 ], [ 73.210116962115634, 33.683888035740345 ] ] ] } },
{ "type": "Feature", "id": 127, "properties": { "FID": 127, "SolarPV_Area(sqm)": 48.528167778799997, "Rooftop_Area(sqm)": 360.17499935900003, "class": "rooftops" }, "geometry": { "type": "Polygon", "coordinates": [ [ [ 73.213116486785736, 33.6836580448064 ], [ 73.213125601824984, 33.683662047040421 ], [ 73.21313836781664, 33.683641727286528 ], [ 73.213220339471604, 33.683680722268434 ], [ 73.213227466140424, 33.683668637046374 ], [ 73.213279824749705, 33.683696278750261 ], [ 73.213272377142729, 33.683708131186187 ], [ 73.213287568165526, 33.683714802147946 ], [ 73.213193787344707, 33.683864889605466 ], [ 73.213156326216378, 33.683849603852316 ], [ 73.213136536551815, 33.683841849163066 ], [ 73.213109104712174, 33.683829443526477 ], [ 73.213089948481851, 33.68382089541857 ], [ 73.213078312960818, 33.683842202722786 ], [ 73.213066617058203, 33.683853971149844 ], [ 73.21301116524775, 33.683825681328194 ], [ 73.213116486785736, 33.6836580448064 ] ] ] } },
{ "type": "Feature", "id": 128, "properties": { "FID": 128, "SolarPV_Area(sqm)": 92.666514701200001, "Rooftop_Area(sqm)": 473.5324425, "class": "rooftops" }, "geometry": { "type": "Polygon", "coordinates": [ [ [ 73.213090632106699, 33.683610143131347 ], [ 73.213082806501333, 33.683620714085919 ], [ 73.213092533388519, 33.683625746876011 ], [ 73.213059423244289, 33.683670472682259 ], [ 73.213055532056785, 33.683668459558994 ], [ 73.212987505104152, 33.683760349538005 ], [ 73.212954930516062, 33.683745061368491 ], [ 73.212937693115094, 33.68373985679672 ], [ 73.212931274591554, 33.683743628022832 ], [ 73.212909602076579, 33.683772902421246 ], [ 73.212903714028997, 33.683784293145195 ], [ 73.212889994159212, 33.683793212446815 ], [ 73.212878320593646, 33.683787173060637 ], [ 73.212866621839083, 33.683785529428903 ], [ 73.212784913404533, 33.683743253782083 ], [ 73.212794545637649, 33.683730243550073 ], [ 73.212784818757427, 33.683725210736768 ], [ 73.21281973456297, 33.683678045695736 ], [ 73.212813898868546, 33.683675026015329 ], [ 73.212849417182397, 33.68362704817055 ], [ 73.212841635900148, 33.683623021926685 ], [ 73.212918692553572, 33.683518933676943 ], [ 73.213011101070066, 33.683566744866368 ], [ 73.213005080952072, 33.683574876498675 ], [ 73.21303718050504, 33.683591485185708 ], [ 73.213041996613086, 33.683584979157409 ], [ 73.213090632106699, 33.683610143131347 ] ] ] } },
{ "type": "Feature", "id": 129, "properties": { "FID": 129, "SolarPV_Area(sqm)": 32.533091065900003, "Rooftop_Area(sqm)": 231.829559824, "class": "rooftops" }, "geometry": { "type": "Polygon", "coordinates": [ [ [ 73.209206684943098, 33.68352291336992 ], [ 73.209214666066543, 33.683526656876388 ], [ 73.209184441604918, 33.683571693969157 ], [ 73.209169476048132, 33.683564674989341 ], [ 73.209157721946838, 33.68358219005983 ], [ 73.209147746353111, 33.683577510458349 ], [ 73.209144387102185, 33.683582515265414 ], [ 73.208978778047992, 33.683504839326318 ], [ 73.208988853623893, 33.68348982669049 ], [ 73.208981870285385, 33.683486551224597 ], [ 73.209014893117299, 33.683437343498071 ], [ 73.20901988197123, 33.683439683770338 ], [ 73.209037792529585, 33.683412994108807 ], [ 73.209222357046357, 33.683499560235603 ], [ 73.209206684943098, 33.68352291336992 ] ] ] } },
{ "type": "Feature", "id": 130, "properties": { "FID": 130, "SolarPV_Area(sqm)": 0.0, "Rooftop_Area(sqm)": 257.20919942299997, "class": "rooftops" }, "geometry": { "type": "Polygon", "coordinates": [ [ [ 73.209524996830837, 33.683507638787866 ], [ 73.209535815648835, 33.683513009611424 ], [ 73.209516543321612, 33.683540144922304 ], [ 73.209525395471516, 33.683544539484771 ], [ 73.209481009632199, 33.683607034323728 ], [ 73.209293139170939, 33.683513778235174 ], [ 73.209366143031033, 33.683410991593021 ], [ 73.209456635417354, 33.683455910011766 ], [ 73.209453715384882, 33.68346002213157 ], [ 73.20953142130351, 33.683498593388741 ], [ 73.209524996830837, 33.683507638787866 ] ] ] } },
{ "type": "Feature", "id": 131, "properties": { "FID": 131, "SolarPV_Area(sqm)": 58.2966182328, "Rooftop_Area(sqm)": 237.071581385, "class": "rooftops" }, "geometry": { "type": "Polygon", "coordinates": [ [ [ 73.210467561251249, 33.683468395054163 ], [ 73.210434789480061, 33.683515521032163 ], [ 73.210422921742079, 33.683509752741848 ], [ 73.210416021845816, 33.683519674132505 ], [ 73.210408110733511, 33.683515828915482 ], [ 73.210391436882588, 33.683539805244003 ], [ 73.210377592440096, 33.683533075885734 ], [ 73.210371842176883, 33.68354134295253 ], [ 73.210194820424491, 33.683455306224097 ], [ 73.210198270373155, 33.683450345986053 ], [ 73.210206181469616, 33.683454191216043 ], [ 73.210240678849232, 33.683404585189685 ], [ 73.210250567703312, 33.683409392399767 ], [ 73.210266091944405, 33.683387069508875 ], [ 73.210274991927548, 33.68339139527496 ], [ 73.210287066200323, 33.683374033523116 ], [ 73.210370138122741, 33.68341440798099 ], [ 73.210366688166559, 33.683419369125751 ], [ 73.210467561251249, 33.683468395054163 ] ] ] } },
{ "type": "Feature", "id": 132, "properties": { "FID": 132, "SolarPV_Area(sqm)": 83.359046493600005, "Rooftop_Area(sqm)": 360.77472580599999, "class": "rooftops" }, "geometry": { "type": "Polygon", "coordinates": [ [ [ 73.212656755484346, 33.683404113974454 ], [ 73.212586412565827, 33.683508189182788 ], [ 73.212579441314929, 33.683504896057485 ], [ 73.21256143353223, 33.683531539757141 ], [ 73.212527570720383, 33.683515543887033 ], [ 73.212523068497006, 33.683522205031657 ], [ 73.212499165837656, 33.683510914413624 ], [ 73.212474626136213, 33.68354956621647 ], [ 73.212445105339128, 33.683535429473778 ], [ 73.21246416450964, 33.683505364366745 ], [ 73.212391952404701, 33.68347125341608 ], [ 73.212395891575085, 33.683465425478431 ], [ 73.212384936926753, 33.683460250424119 ], [ 73.212471599757293, 33.683332029471309 ], [ 73.212482554395294, 33.683337204517656 ], [ 73.212490433807517, 33.68332554774949 ], [ 73.21250636850688, 33.683333075424677 ], [ 73.212511995739874, 33.683324748760839 ], [ 73.212640472317517, 33.683385437225112 ], [ 73.212634845092438, 33.683393763895005 ], [ 73.212656755484346, 33.683404113974454 ] ] ] } },
{ "type": "Feature", "id": 133, "properties": { "FID": 133, "SolarPV_Area(sqm)": 12.5009626061, "Rooftop_Area(sqm)": 269.155942702, "class": "rooftops" }, "geometry": { "type": "Polygon", "coordinates": [ [ [ 73.209550193140501, 33.683488673680728 ], [ 73.209371364413016, 33.683392290671755 ], [ 73.209445744673346, 33.683295839006313 ], [ 73.209555349835924, 33.683354911677242 ], [ 73.20955844913405, 33.683350893231491 ], [ 73.209642095067395, 33.68339597560341 ], [ 73.209619160652451, 33.683425714465855 ], [ 73.20961435388412, 33.683423123459782 ], [ 73.209571584287929, 33.683478583623746 ], [ 73.209561969670489, 33.683473401592039 ], [ 73.209550193140501, 33.683488673680728 ] ] ] } },
{ "type": "Feature", "id": 134, "properties": { "FID": 134, "SolarPV_Area(sqm)": 28.296992861500001, "Rooftop_Area(sqm)": 178.40254945800001, "class": "rooftops" }, "geometry": { "type": "Polygon", "coordinates": [ [ [ 73.210078451718644, 33.683298661336124 ], [ 73.210096332443158, 33.683274174100205 ], [ 73.210219356318191, 33.683336960211101 ], [ 73.210213990825181, 33.683344305828015 ], [ 73.210224731867257, 33.683349787284108 ], [ 73.21016393461845, 33.683433044078143 ], [ 73.210032123983737, 33.683365774156059 ], [ 73.21004642880942, 33.683346184016372 ], [ 73.210030806660313, 33.683338211475807 ], [ 73.210064781798764, 33.683291685584443 ], [ 73.210078451718644, 33.683298661336124 ] ] ] } },
{ "type": "Feature", "id": 135, "properties": { "FID": 135, "SolarPV_Area(sqm)": 0.0, "Rooftop_Area(sqm)": 273.914541343, "class": "rooftops" }, "geometry": { "type": "Polygon", "coordinates": [ [ [ 73.210564462555581, 33.683349587667145 ], [ 73.210526347174152, 33.683400719473426 ], [ 73.210530230514507, 33.683402743382757 ], [ 73.210495745430109, 33.683449005916295 ], [ 73.21029672117713, 33.683345319535434 ], [ 73.210369322865091, 33.68324792442845 ], [ 73.210564462555581, 33.683349587667145 ] ] ] } },
{ "type": "Feature", "id": 136, "properties": { "FID": 136, "SolarPV_Area(sqm)": 37.260681628699999, "Rooftop_Area(sqm)": 236.27178127900001, "class": "rooftops" }, "geometry": { "type": "Polygon", "coordinates": [ [ [ 73.210645854551188, 33.683236605514274 ], [ 73.210595039071748, 33.683299079785613 ], [ 73.21058557946904, 33.683293702590973 ], [ 73.210568855675675, 33.683314264129571 ], [ 73.210559396091753, 33.68330888603144 ], [ 73.210552320935335, 33.683317584800065 ], [ 73.210402859875614, 33.68323262121298 ], [ 73.210424730631047, 33.683205733509588 ], [ 73.210419054673807, 33.683202506821708 ], [ 73.210447357478586, 33.68316771090462 ], [ 73.21043884353584, 33.683162871325067 ], [ 73.210463286649713, 33.683132820503552 ], [ 73.210645854551188, 33.683236605514274 ] ] ] } },
{ "type": "Feature", "id": 137, "properties": { "FID": 137, "SolarPV_Area(sqm)": 82.2161535372, "Rooftop_Area(sqm)": 298.27118157699999, "class": "rooftops" }, "geometry": { "type": "Polygon", "coordinates": [ [ [ 73.21250753198575, 33.683227068668096 ], [ 73.212517809340952, 33.683226558182263 ], [ 73.212521272478057, 33.683275244257374 ], [ 73.212496150258772, 33.68327649311545 ], [ 73.212496829564486, 33.683286040045033 ], [ 73.212456862500233, 33.68328802636389 ], [ 73.212455436261294, 33.683267979258709 ], [ 73.212308129101871, 33.683275301798624 ], [ 73.212305006285291, 33.683231388292768 ], [ 73.212330128492354, 33.683230139473224 ], [ 73.212325510780957, 33.683165223796827 ], [ 73.212315233414003, 33.683165735168366 ], [ 73.212313808305751, 33.683145687176399 ], [ 73.212305814686331, 33.683146084606946 ], [ 73.21230309859132, 33.683107898705067 ], [ 73.212346491719217, 33.683105741980562 ], [ 73.212347102331634, 33.683114333846113 ], [ 73.212374508248644, 33.683112971075467 ], [ 73.212375255157298, 33.683123472152886 ], [ 73.212392383715439, 33.68312262075419 ], [ 73.212394489232892, 33.683152214789928 ], [ 73.212412759120824, 33.683151306860694 ], [ 73.212411061401454, 33.683127440445226 ], [ 73.212451028391527, 33.683125454138747 ], [ 73.212451503797624, 33.683132136807771 ], [ 73.212476625975015, 33.683130887957397 ], [ 73.212477033783756, 33.683136615577489 ], [ 73.212501013560058, 33.683135423235264 ], [ 73.21250753198575, 33.683227068668096 ] ], [ [ 73.212479027671293, 33.683196871722821 ], [ 73.212479095289353, 33.683197825870202 ], [ 73.212482521438957, 33.683197655413814 ], [ 73.212482453820854, 33.683196701266425 ], [ 73.212479027671293, 33.683196871722821 ] ] ] } },
{ "type": "Feature", "id": 138, "properties": { "FID": 138, "SolarPV_Area(sqm)": 55.070874724799999, "Rooftop_Area(sqm)": 418.523171832, "class": "rooftops" }, "geometry": { "type": "Polygon", "coordinates": [ [ [ 73.214480462760079, 33.683118064994602 ], [ 73.214487322789012, 33.68311041254232 ], [ 73.214521192103277, 33.683131633722326 ], [ 73.214364089219501, 33.683306877946599 ], [ 73.214346696636795, 33.683295981168833 ], [ 73.214340522251263, 33.683302868904079 ], [ 73.21432496127639, 33.683293118594918 ], [ 73.214312612520047, 33.683306893161316 ], [ 73.214298880976088, 33.683298290191217 ], [ 73.21429270658669, 33.683305177923955 ], [ 73.214275314032463, 33.683294280234925 ], [ 73.214264337708656, 33.683306524494895 ], [ 73.21425152303101, 33.683298495673107 ], [ 73.214244661887733, 33.683306148095291 ], [ 73.214219031479118, 33.683290089529393 ], [ 73.214212857102794, 33.683296976356466 ], [ 73.214181734092008, 33.683277476590987 ], [ 73.214211919255703, 33.683243805348837 ], [ 73.214204596141755, 33.68323921679734 ], [ 73.214275944880882, 33.6831596291605 ], [ 73.214282352191958, 33.683163644471577 ], [ 73.214310480247534, 33.683132268227126 ], [ 73.214318719158939, 33.683137430008223 ], [ 73.214367427307252, 33.683083096419828 ], [ 73.214381157746828, 33.683091699366109 ], [ 73.214388704529199, 33.683083282226676 ], [ 73.214417081216254, 33.683101061348388 ], [ 73.214423942327556, 33.683093408915347 ], [ 73.214453233748117, 33.683111761248618 ], [ 73.214459408091884, 33.683104874408272 ], [ 73.214480462760079, 33.683118064994602 ] ] ] } },
{ "type": "Feature", "id": 139, "properties": { "FID": 139, "SolarPV_Area(sqm)": 0.0, "Rooftop_Area(sqm)": 230.45577292300001, "class": "rooftops" }, "geometry": { "type": "Polygon", "coordinates": [ [ [ 73.210709760213021, 33.683150107449457 ], [ 73.210699163364112, 33.683144434243729 ], [ 73.210689909355523, 33.683156514653724 ], [ 73.21069954286537, 33.683161671622521 ], [ 73.210695225693371, 33.683167309167047 ], [ 73.210709675942169, 33.683175045520912 ], [ 73.210678215333232, 33.683216118056137 ], [ 73.210489398693966, 33.683115039859523 ], [ 73.210557254699069, 33.683026450184009 ], [ 73.210725840858487, 33.683116699007421 ], [ 73.21071905473454, 33.683125557978585 ], [ 73.210725798186516, 33.683129168035514 ], [ 73.210709760213021, 33.683150107449457 ] ] ] } },
{ "type": "Feature", "id": 140, "properties": { "FID": 140, "SolarPV_Area(sqm)": 34.562915185100003, "Rooftop_Area(sqm)": 61.312265025800002, "class": "rooftops" }, "geometry": { "type": "Polygon", "coordinates": [ [ [ 73.212573248520272, 33.683011847650754 ], [ 73.212568528492326, 33.683018401943336 ], [ 73.212578328542435, 33.683023334833173 ], [ 73.212548237001968, 33.683065118426491 ], [ 73.212540396952079, 33.683061172473309 ], [ 73.212523876813833, 33.683084113392809 ], [ 73.212465075394078, 33.683054517803662 ], [ 73.212511097385459, 33.682990611704319 ], [ 73.212528737472113, 33.682999490552739 ], [ 73.212534047236005, 33.682992116971413 ], [ 73.212573248520272, 33.683011847650754 ] ] ] } },
{ "type": "Feature", "id": 141, "properties": { "FID": 141, "SolarPV_Area(sqm)": 49.494232578000002, "Rooftop_Area(sqm)": 219.77942198, "class": "rooftops" }, "geometry": { "type": "Polygon", "coordinates": [ [ [ 73.209677232803173, 33.683049684834565 ], [ 73.209668546078547, 33.683045065435387 ], [ 73.209682052356229, 33.683027313290232 ], [ 73.209669504496276, 33.683020641420939 ], [ 73.209692833334785, 33.682989977636872 ], [ 73.209685111081029, 33.682985871795474 ], [ 73.209714579801172, 33.682947138694757 ], [ 73.209874807472744, 33.683032336665633 ], [ 73.209839814294313, 33.683078331942937 ], [ 73.209846571017636, 33.683081924204167 ], [ 73.209834292285763, 33.683098063760035 ], [ 73.20984104901035, 33.683101656021591 ], [ 73.209814650788999, 33.683136354049878 ], [ 73.209669865352069, 33.683059367653058 ], [ 73.209677232803173, 33.683049684834565 ] ] ] } },
{ "type": "Feature", "id": 142, "properties": { "FID": 142, "SolarPV_Area(sqm)": 36.486577558599997, "Rooftop_Area(sqm)": 250.72922882500001, "class": "rooftops" }, "geometry": { "type": "Polygon", "coordinates": [ [ [ 73.21056959700519, 33.683002448058552 ], [ 73.210638024222149, 33.682911895343466 ], [ 73.21064866207729, 33.682917514140151 ], [ 73.210654160916221, 33.682910237164961 ], [ 73.210823405656328, 33.682999618875073 ], [ 73.210756811837115, 33.683087747243057 ], [ 73.210747140640436, 33.683082639330166 ], [ 73.210739809574747, 33.68309234167873 ], [ 73.21056959700519, 33.683002448058552 ] ] ] } },
{ "type": "Feature", "id": 143, "properties": { "FID": 143, "SolarPV_Area(sqm)": 0.0, "Rooftop_Area(sqm)": 217.74391176500001, "class": "rooftops" }, "geometry": { "type": "Polygon", "coordinates": [ [ [ 73.210317918324364, 33.683028973571169 ], [ 73.210248293279136, 33.682990428802462 ], [ 73.210319030236079, 33.682901125315738 ], [ 73.210329521746473, 33.682906934095989 ], [ 73.210332679665882, 33.682902947138935 ], [ 73.210503404432913, 33.68299745923759 ], [ 73.210431403758648, 33.683088357786964 ], [ 73.210370362307316, 33.683054565301248 ], [ 73.210401310109859, 33.683015495456893 ], [ 73.210366020880286, 33.682995958739973 ], [ 73.210360967778129, 33.683002337685835 ], [ 73.210345707158595, 33.682993889780477 ], [ 73.210317918324364, 33.683028973571169 ] ] ] } },
{ "type": "Feature", "id": 144, "properties": { "FID": 144, "SolarPV_Area(sqm)": 56.020519863700002, "Rooftop_Area(sqm)": 202.185093177, "class": "rooftops" }, "geometry": { "type": "Polygon", "coordinates": [ [ [ 73.209441381401874, 33.682911365750158 ], [ 73.209431618187367, 33.68290638264957 ], [ 73.209456055803543, 33.682872916957663 ], [ 73.209473631099954, 33.682881886376236 ], [ 73.209479590661388, 33.682873723382777 ], [ 73.209488378310496, 33.682878208090727 ], [ 73.209505664008972, 33.682854537433606 ], [ 73.209517380508373, 33.682860517336863 ], [ 73.2095227449676, 33.682853170833496 ], [ 73.209664317645462, 33.682925424349385 ], [ 73.209605308675677, 33.683006233236654 ], [ 73.209601403173323, 33.683004239637732 ], [ 73.209593057870734, 33.683015666726654 ], [ 73.209545216174789, 33.68299125054758 ], [ 73.209551176815978, 33.682983087566463 ], [ 73.209433037166505, 33.682922792843669 ], [ 73.209441381401874, 33.682911365750158 ] ] ] } },
{ "type": "Feature", "id": 145, "properties": { "FID": 145, "SolarPV_Area(sqm)": 23.434124117900001, "Rooftop_Area(sqm)": 232.188185135, "class": "rooftops" }, "geometry": { "type": "Polygon", "coordinates": [ [ [ 73.209915171795359, 33.682981218712754 ], [ 73.209893563078737, 33.683011643247909 ], [ 73.209776513489444, 33.682953542413671 ], [ 73.20978060233594, 33.682947786166991 ], [ 73.209737322970682, 33.682926302895979 ], [ 73.20974783512527, 33.682911502123112 ], [ 73.209739966347286, 33.682907596157762 ], [ 73.209792529281771, 33.682833589607952 ], [ 73.209979414471462, 33.68292635632212 ], [ 73.209933860447109, 33.682990495470783 ], [ 73.209915171795359, 33.682981218712754 ] ] ] } },
{ "type": "Feature", "id": 146, "properties": { "FID": 146, "SolarPV_Area(sqm)": 0.0, "Rooftop_Area(sqm)": 38.362553339000002, "class": "rooftops" }, "geometry": { "type": "Polygon", "coordinates": [ [ [ 73.212718766719163, 33.682893746429329 ], [ 73.212685999279003, 33.682909416715546 ], [ 73.212648511791443, 33.682854629376614 ], [ 73.212694188102958, 33.682832786593728 ], [ 73.212690211619204, 33.682826975781033 ], [ 73.212704113006396, 33.68282032797309 ], [ 73.212731945173203, 33.682861003609887 ], [ 73.212705134891308, 33.682873823929114 ], [ 73.212718766719163, 33.682893746429329 ] ] ] } },
{ "type": "Feature", "id": 147, "properties": { "FID": 147, "SolarPV_Area(sqm)": 0.0, "Rooftop_Area(sqm)": 258.25570899399997, "class": "rooftops" }, "geometry": { "type": "Polygon", "coordinates": [ [ [ 73.210902079431349, 33.682877336912334 ], [ 73.210893526200095, 33.682888656476415 ], [ 73.2109022296398, 33.682893252586474 ], [ 73.21083624817571, 33.682980571966532 ], [ 73.210659265655764, 33.68288710410706 ], [ 73.210667818916832, 33.68287578456021 ], [ 73.210661048877881, 33.682872209284234 ], [ 73.210727031505215, 33.682784890015029 ], [ 73.210902079431349, 33.682877336912334 ] ] ] } },
{ "type": "Feature", "id": 148, "properties": { "FID": 148, "SolarPV_Area(sqm)": 42.215408755699997, "Rooftop_Area(sqm)": 182.132777242, "class": "rooftops" }, "geometry": { "type": "Polygon", "coordinates": [ [ [ 73.209654855818954, 33.68277481826577 ], [ 73.209661259122399, 33.682766894349925 ], [ 73.20974562269366, 33.68281453814734 ], [ 73.209741141246695, 33.68282008490408 ], [ 73.209749671738905, 33.682824903128093 ], [ 73.209736865118842, 33.682840751870181 ], [ 73.209729281369633, 33.682836469488819 ], [ 73.209700466441461, 33.682872129827253 ], [ 73.209694779432994, 33.682868918276704 ], [ 73.209672367810782, 33.682896653788617 ], [ 73.209507430932391, 33.682803507662094 ], [ 73.209527127947027, 33.682777575147682 ], [ 73.209547033475843, 33.682788817417972 ], [ 73.20956582975208, 33.682790195403562 ], [ 73.209560191951084, 33.682772543652256 ], [ 73.209598852986204, 33.682753578893156 ], [ 73.209622550936587, 33.682766961903056 ], [ 73.209628314361808, 33.682759829485136 ], [ 73.209654855818954, 33.68277481826577 ] ] ] } },
{ "type": "Feature", "id": 149, "properties": { "FID": 149, "SolarPV_Area(sqm)": 84.619188785199995, "Rooftop_Area(sqm)": 325.13654732700002, "class": "rooftops" }, "geometry": { "type": "Polygon", "coordinates": [ [ [ 73.212540324075377, 33.682744311699516 ], [ 73.212523100132003, 33.682751858271139 ], [ 73.212519382828361, 33.682745929464545 ], [ 73.212601451040697, 33.682709968554555 ], [ 73.212643934807161, 33.682777730695115 ], [ 73.212674331154048, 33.682764412193023 ], [ 73.212698228443969, 33.682802528500467 ], [ 73.212689109755303, 33.682806523966534 ], [ 73.212698137820411, 33.682820923262433 ], [ 73.21265457011566, 33.682840013697657 ], [ 73.212659880860571, 33.682848484193194 ], [ 73.212635563966174, 33.682859139355386 ], [ 73.212662648158215, 33.682902337252386 ], [ 73.212559303129993, 33.682947622135096 ], [ 73.212501417582132, 33.682855295683368 ], [ 73.212492298879368, 33.68285929113437 ], [ 73.212443442537065, 33.682781364884448 ], [ 73.212450534379428, 33.682778257207012 ], [ 73.21244522473782, 33.682769786718787 ], [ 73.21247865924289, 33.68275513612857 ], [ 73.212482376544045, 33.682761064936301 ], [ 73.212494535525778, 33.682755737378478 ], [ 73.212511528563596, 33.682782842424068 ], [ 73.212568267584757, 33.682757981023173 ], [ 73.212559769988715, 33.68274442803795 ], [ 73.212544572880844, 33.682751087742069 ], [ 73.212540324075377, 33.682744311699516 ] ] ] } },
{ "type": "Feature", "id": 150, "properties": { "FID": 150, "SolarPV_Area(sqm)": 53.361696437100001, "Rooftop_Area(sqm)": 202.71457430300001, "class": "rooftops" }, "geometry": { "type": "Polygon", "coordinates": [ [ [ 73.209883155275207, 33.682710871021335 ], [ 73.210039826512912, 33.682793614931789 ], [ 73.209988505459947, 33.682861529207827 ], [ 73.209980768772851, 33.682857443014562 ], [ 73.209959385419722, 33.682885740852825 ], [ 73.209831727424614, 33.682818320789075 ], [ 73.209854944138058, 33.682787596731707 ], [ 73.209846239689625, 33.682783000534307 ], [ 73.209852959725524, 33.682774106386987 ], [ 73.209840387491056, 33.682767466645672 ], [ 73.209883155275207, 33.682710871021335 ] ] ] } },
{ "type": "Feature", "id": 151, "properties": { "FID": 151, "SolarPV_Area(sqm)": 0.0, "Rooftop_Area(sqm)": 159.94443947400001, "class": "rooftops" }, "geometry": { "type": "Polygon", "coordinates": [ [ [ 73.209706805747004, 33.682642147384499 ], [ 73.209687398994276, 33.682665998347396 ], [ 73.209713416461838, 33.682680246384386 ], [ 73.209722884705585, 33.682668554207837 ], [ 73.209792213578751, 33.682707104893289 ], [ 73.209787191388585, 33.682713500495254 ], [ 73.209812623642748, 33.682727101579729 ], [ 73.209763654865114, 33.682789457084041 ], [ 73.209630736976408, 33.682716501291104 ], [ 73.209638897897875, 33.682706109460995 ], [ 73.209605429286427, 33.682687739652643 ], [ 73.209626146256269, 33.682661358394348 ], [ 73.209638578736602, 33.682668181895771 ], [ 73.209679505386887, 33.682612259431799 ], [ 73.209698989511224, 33.682622495510003 ], [ 73.209690522619752, 33.682633858623049 ], [ 73.209706805747004, 33.682642147384499 ] ] ] } },
{ "type": "Feature", "id": 152, "properties": { "FID": 152, "SolarPV_Area(sqm)": 35.159307345599998, "Rooftop_Area(sqm)": 211.49458511099999, "class": "rooftops" }, "geometry": { "type": "Polygon", "coordinates": [ [ [ 73.210014079291597, 33.682651237790942 ], [ 73.210011978608676, 33.682659327772143 ], [ 73.210019654635687, 33.682664934366613 ], [ 73.210026881330421, 33.682668645246551 ], [ 73.210038066096871, 33.682675091726118 ], [ 73.210053219463205, 33.682655929591263 ], [ 73.210048356157643, 33.682653413531675 ], [ 73.210054376497808, 33.682645281147884 ], [ 73.210066048624228, 33.68265132077493 ], [ 73.210070262312698, 33.682645628548592 ], [ 73.210153913855649, 33.682688912526906 ], [ 73.210111752868542, 33.682746997743152 ], [ 73.210084548126872, 33.682731584635967 ], [ 73.210074429554055, 33.682741712770635 ], [ 73.210041634421714, 33.682725764163841 ], [ 73.210018211906203, 33.682754556394869 ], [ 73.209897600629105, 33.682693499477175 ], [ 73.209970446172932, 33.682595105361564 ], [ 73.210034643357233, 33.682628323346719 ], [ 73.210026214898605, 33.6826397077811 ], [ 73.210014079291597, 33.682651237790942 ] ] ] } },
{ "type": "Feature", "id": 153, "properties": { "FID": 153, "SolarPV_Area(sqm)": 0.0, "Rooftop_Area(sqm)": 168.36852701800001, "class": "rooftops" }, "geometry": { "type": "Polygon", "coordinates": [ [ [ 73.215015411124867, 33.682565975828531 ], [ 73.215152381377308, 33.682629660161098 ], [ 73.215138902142456, 33.682645900150327 ], [ 73.21509882791166, 33.682703855864986 ], [ 73.214977765472938, 33.682653905316471 ], [ 73.214995538116085, 33.682614537496335 ], [ 73.214984409134274, 33.682604748506911 ], [ 73.214952092808034, 33.682596275654475 ], [ 73.214927821490491, 33.682586065005076 ], [ 73.21495674889627, 33.682542612844934 ], [ 73.215015411124867, 33.682565975828531 ] ] ] } },
{ "type": "Feature", "id": 154, "properties": { "FID": 154, "SolarPV_Area(sqm)": 37.019383273899997, "Rooftop_Area(sqm)": 256.21971617399998, "class": "rooftops" }, "geometry": { "type": "Polygon", "coordinates": [ [ [ 73.210752958601589, 33.682636997751871 ], [ 73.210747620937127, 33.682644358225744 ], [ 73.210757403058409, 33.682649316247598 ], [ 73.210689795586475, 33.682742542028748 ], [ 73.210598824193326, 33.682696433551961 ], [ 73.210602974863036, 33.682690709733947 ], [ 73.210524720101745, 33.682651046374517 ], [ 73.210549627436222, 33.682616699920182 ], [ 73.210521259965148, 33.682602322429155 ], [ 73.210565145064152, 33.68254180652518 ], [ 73.210752958601589, 33.682636997751871 ] ] ] } },
{ "type": "Feature", "id": 155, "properties": { "FID": 155, "SolarPV_Area(sqm)": 0.0, "Rooftop_Area(sqm)": 137.98125822700001, "class": "rooftops" }, "geometry": { "type": "Polygon", "coordinates": [ [ [ 73.214290207631876, 33.682569686405074 ], [ 73.21430129365649, 33.682574663899082 ], [ 73.214329977638528, 33.682530009922324 ], [ 73.214466030348618, 33.682591090962774 ], [ 73.214418403612498, 33.682665233150487 ], [ 73.214271264796992, 33.682599174559769 ], [ 73.214290207631876, 33.682569686405074 ] ] ] } },
{ "type": "Feature", "id": 156, "properties": { "FID": 156, "SolarPV_Area(sqm)": 0.0, "Rooftop_Area(sqm)": 209.35163058399999, "class": "rooftops" }, "geometry": { "type": "Polygon", "coordinates": [ [ [ 73.211150587233817, 33.682572280285285 ], [ 73.211121404187296, 33.682611163066483 ], [ 73.211106869684158, 33.682603539163942 ], [ 73.21110139758153, 33.682610830074381 ], [ 73.211089769768421, 33.682604730767217 ], [ 73.21108308188478, 33.682613641682075 ], [ 73.2109270759682, 33.682531810484804 ], [ 73.210979970083017, 33.68246133411148 ], [ 73.210990628993784, 33.682466924326803 ], [ 73.211000964210683, 33.682453153403301 ], [ 73.21116375339291, 33.682538542813546 ], [ 73.211141866109955, 33.682567705579231 ], [ 73.211150587233817, 33.682572280285285 ] ] ] } },
{ "type": "Feature", "id": 157, "properties": { "FID": 157, "SolarPV_Area(sqm)": 38.503930885099997, "Rooftop_Area(sqm)": 133.42467466799999, "class": "rooftops" }, "geometry": { "type": "Polygon", "coordinates": [ [ [ 73.214711857184341, 33.682537799860341 ], [ 73.214699023683067, 33.682531519342916 ], [ 73.214678217868368, 33.682561229528211 ], [ 73.214537049543949, 33.682492139220265 ], [ 73.214584439881548, 33.682424463755183 ], [ 73.214681184266496, 33.682471813335027 ], [ 73.21467656158589, 33.682478416011016 ], [ 73.214733818920877, 33.68250643900307 ], [ 73.214711857184341, 33.682537799860341 ] ] ] } },
{ "type": "Feature", "id": 158, "properties": { "FID": 158, "SolarPV_Area(sqm)": 29.441731946600001, "Rooftop_Area(sqm)": 223.50395176800001, "class": "rooftops" }, "geometry": { "type": "Polygon", "coordinates": [ [ [ 73.210297926409382, 33.682481322589716 ], [ 73.210290418269452, 33.682490929465054 ], [ 73.210297121750116, 33.682494591267975 ], [ 73.210288987567807, 33.682504998861162 ], [ 73.210283241894246, 33.682501859530888 ], [ 73.210249453060158, 33.682545091331413 ], [ 73.210187207222958, 33.682511089235582 ], [ 73.210182202139919, 33.682517494120091 ], [ 73.210078778781636, 33.68246099955546 ], [ 73.210153864638315, 33.682364930074435 ], [ 73.210220898254519, 33.682401547240559 ], [ 73.210212764072551, 33.682411954828865 ], [ 73.210247238162466, 33.682430786317433 ], [ 73.210252243235473, 33.682424381429904 ], [ 73.21032885380545, 33.68246622956773 ], [ 73.210311333389186, 33.682488645292871 ], [ 73.210297926409382, 33.682481322589716 ] ] ] } },
{ "type": "Feature", "id": 159, "properties": { "FID": 159, "SolarPV_Area(sqm)": 0.0, "Rooftop_Area(sqm)": 123.38682029, "class": "rooftops" }, "geometry": { "type": "Polygon", "coordinates": [ [ [ 73.214425715069069, 33.682418823233789 ], [ 73.214436063008648, 33.682403941217302 ], [ 73.214422137037673, 33.682395774613347 ], [ 73.214420012207626, 33.682393160334399 ], [ 73.214420279143923, 33.682391675372543 ], [ 73.21444603791717, 33.682354520576673 ], [ 73.214579367163509, 33.682420488488923 ], [ 73.214539123921483, 33.682478363122307 ], [ 73.214526267126004, 33.68247211471428 ], [ 73.214514769664049, 33.682488650199872 ], [ 73.214421806469929, 33.682443471594432 ], [ 73.214435604080165, 33.682423629211925 ], [ 73.214425715069069, 33.682418823233789 ] ] ] } },
{ "type": "Feature", "id": 160, "properties": { "FID": 160, "SolarPV_Area(sqm)": 29.4760112652, "Rooftop_Area(sqm)": 259.166243393, "class": "rooftops" }, "geometry": { "type": "Polygon", "coordinates": [ [ [ 73.210852369459843, 33.682500501295827 ], [ 73.210707021782881, 33.682424260042957 ], [ 73.210712493905447, 33.682416969150509 ], [ 73.210698928364067, 33.682409853404025 ], [ 73.210706224161214, 33.68240013250977 ], [ 73.210691689731718, 33.68239250856049 ], [ 73.210751878649234, 33.68231231137684 ], [ 73.2109388917507, 33.682410407944843 ], [ 73.210929772309044, 33.682422558859315 ], [ 73.21093655454203, 33.682426117163338 ], [ 73.210892780968862, 33.682484441721648 ], [ 73.210884059849491, 33.682479867899552 ], [ 73.21087007616913, 33.682498499707677 ], [ 73.210858448388137, 33.682492400379672 ], [ 73.210852369459843, 33.682500501295827 ] ] ] } },
{ "type": "Feature", "id": 161, "properties": { "FID": 161, "SolarPV_Area(sqm)": 47.459034340899997, "Rooftop_Area(sqm)": 290.90811997700001, "class": "rooftops" }, "geometry": { "type": "Polygon", "coordinates": [ [ [ 73.211843447514454, 33.682436448330243 ], [ 73.211809231795442, 33.682499080444785 ], [ 73.211796745785449, 33.682494313317527 ], [ 73.211801972681073, 33.68248474456626 ], [ 73.211788445367347, 33.682479580015652 ], [ 73.211779736585299, 33.682479407964955 ], [ 73.211748519975558, 33.682467489212442 ], [ 73.211740440855024, 33.682482277589536 ], [ 73.211650955209294, 33.682448110959413 ], [ 73.211728416648725, 33.682306317357018 ], [ 73.211798132436584, 33.682332935824078 ], [ 73.21181524027071, 33.682301619768033 ], [ 73.211858942818836, 33.682318305623951 ], [ 73.211842310358733, 33.68234875204837 ], [ 73.211854796332119, 33.68235352007202 ], [ 73.211850994477288, 33.682360478994966 ], [ 73.211900940582126, 33.682379549307257 ], [ 73.211878604801569, 33.682420434114952 ], [ 73.211872362339065, 33.682418050562873 ], [ 73.211859056358975, 33.68244240770332 ], [ 73.211843447514454, 33.682436448330243 ] ] ] } },
{ "type": "Feature", "id": 162, "properties": { "FID": 162, "SolarPV_Area(sqm)": 35.076724880800001, "Rooftop_Area(sqm)": 121.883001394, "class": "rooftops" }, "geometry": { "type": "Polygon", "coordinates": [ [ [ 73.213845831939437, 33.682405809838023 ], [ 73.213839524494261, 33.68241600241101 ], [ 73.213740974400309, 33.682373372981004 ], [ 73.213771990331495, 33.682323260182528 ], [ 73.213759798406102, 33.682317986201639 ], [ 73.213780299740279, 33.682284861283648 ], [ 73.213901201293382, 33.682337158866808 ], [ 73.213855992607805, 33.682410204976165 ], [ 73.213845831939437, 33.682405809838023 ] ] ] } },
{ "type": "Feature", "id": 163, "properties": { "FID": 163, "SolarPV_Area(sqm)": 39.389722768799999, "Rooftop_Area(sqm)": 238.70266679299999, "class": "rooftops" }, "geometry": { "type": "Polygon", "coordinates": [ [ [ 73.210260925157172, 33.682389006411142 ], [ 73.210176489942796, 33.682346801391233 ], [ 73.210245759555818, 33.682249946908911 ], [ 73.210418557632082, 33.682336320932002 ], [ 73.210346353251992, 33.682437279325974 ], [ 73.21025799025341, 33.682393111122387 ], [ 73.210260925157172, 33.682389006411142 ] ] ] } },
{ "type": "Feature", "id": 164, "properties": { "FID": 164, "SolarPV_Area(sqm)": 36.735897092899997, "Rooftop_Area(sqm)": 92.159735445500004, "class": "rooftops" }, "geometry": { "type": "Polygon", "coordinates": [ [ [ 73.213911544797782, 33.682224151784069 ], [ 73.213953080573845, 33.682244337806047 ], [ 73.213941008268762, 33.682261699964222 ], [ 73.213949908335081, 33.682266025468444 ], [ 73.213914838755727, 33.682316459352052 ], [ 73.213798142592879, 33.682259745306254 ], [ 73.21382171356295, 33.682225847761273 ], [ 73.213844459223196, 33.682236902263853 ], [ 73.213863430942396, 33.682209618514364 ], [ 73.213906945573385, 33.68223076559098 ], [ 73.213911544797782, 33.682224151784069 ] ] ] } },
{ "type": "Feature", "id": 165, "properties": { "FID": 165, "SolarPV_Area(sqm)": 0.0, "Rooftop_Area(sqm)": 336.10302473500002, "class": "rooftops" }, "geometry": { "type": "Polygon", "coordinates": [ [ [ 73.211485719654974, 33.682365828527836 ], [ 73.211483806405241, 33.68236930329612 ], [ 73.211438087372784, 33.682351705282962 ], [ 73.211522288547116, 33.682198818446743 ], [ 73.211582553710059, 33.682222016876736 ], [ 73.21161726349348, 33.682237500428776 ], [ 73.211620839340156, 33.682229892575371 ], [ 73.21162631155164, 33.682220614144818 ], [ 73.211628215021705, 33.682215580075358 ], [ 73.211630620183087, 33.68221048834117 ], [ 73.211668685033928, 33.6822256904006 ], [ 73.211666770716462, 33.682229165156521 ], [ 73.211686513483116, 33.682236764291133 ], [ 73.211661157414909, 33.68228280403131 ], [ 73.211681939283807, 33.682290803263932 ], [ 73.211635533227422, 33.68237506451932 ], [ 73.211625142275508, 33.682371065350083 ], [ 73.211603135122033, 33.682411024238249 ], [ 73.211596900552934, 33.682408624554817 ], [ 73.211591638316293, 33.682418180160788 ], [ 73.211537606485336, 33.682397382303904 ], [ 73.211542868726482, 33.682387826700364 ], [ 73.211485719654974, 33.682365828527836 ] ] ] } },
{ "type": "Feature", "id": 166, "properties": { "FID": 166, "SolarPV_Area(sqm)": 0.0, "Rooftop_Area(sqm)": 119.227504678, "class": "rooftops" }, "geometry": { "type": "Polygon", "coordinates": [ [ [ 73.214547520173909, 33.682239305653638 ], [ 73.214527200958585, 33.682230515520246 ], [ 73.214551382339366, 33.682191445089479 ], [ 73.214687523162212, 33.682250334053791 ], [ 73.214668073388822, 33.682281760965417 ], [ 73.214661977390037, 33.682279124469261 ], [ 73.2146341156744, 33.682324140299137 ], [ 73.21453251834221, 33.682280193257576 ], [ 73.214549865700931, 33.682252164507403 ], [ 73.214541737369728, 33.682248648264903 ], [ 73.214547520173909, 33.682239305653638 ] ] ] } },
{ "type": "Feature", "id": 167, "properties": { "FID": 167, "SolarPV_Area(sqm)": 0.0, "Rooftop_Area(sqm)": 204.108936255, "class": "rooftops" }, "geometry": { "type": "MultiPolygon", "coordinates": [ [ [ [ 73.21037603188968, 33.682163214723303 ], [ 73.210408491258349, 33.682179327006445 ], [ 73.210386882925576, 33.682209751643931 ], [ 73.210406554785166, 33.682219516902343 ], [ 73.210411810221814, 33.682212116475654 ], [ 73.210418695653246, 33.682215533823161 ], [ 73.210426287678175, 33.682204844229034 ], [ 73.210474484594542, 33.682228767435653 ], [ 73.210431267895117, 33.682289618532579 ], [ 73.210442087721134, 33.682294988388719 ], [ 73.210426902559263, 33.68231636846356 ], [ 73.210266575418601, 33.682236785082551 ], [ 73.210270079783058, 33.682231850878452 ], [ 73.210254342298512, 33.68222403901553 ], [ 73.210320919595731, 33.68213029716005 ], [ 73.210378951813752, 33.682159103479492 ], [ 73.21037603188968, 33.682163214723303 ] ] ], [ [ [ 73.21041608341902, 33.682204227489947 ], [ 73.210417066754573, 33.68220471516284 ], [ 73.210411810221814, 33.682212116475654 ], [ 73.210410826904891, 33.682211627901232 ], [ 73.21041608341902, 33.682204227489947 ] ] ] ] } },
{ "type": "Feature", "id": 168, "properties": { "FID": 168, "SolarPV_Area(sqm)": 44.449669649400001, "Rooftop_Area(sqm)": 124.06515852699999, "class": "rooftops" }, "geometry": { "type": "Polygon", "coordinates": [ [ [ 73.214722873863906, 33.68215112011773 ], [ 73.214706175731948, 33.682176185144641 ], [ 73.214728161762665, 33.682186422327298 ], [ 73.214717586280912, 33.682202296634571 ], [ 73.214725581987679, 33.682206019257563 ], [ 73.214704987629702, 33.682236931858618 ], [ 73.214567073597948, 33.682172717591527 ], [ 73.214570413221708, 33.682167705131263 ], [ 73.214547427214711, 33.682157002584233 ], [ 73.214569691437077, 33.682123582878617 ], [ 73.214588679591159, 33.682132424105802 ], [ 73.214594245638153, 33.682124069403152 ], [ 73.21462022948954, 33.682136167919637 ], [ 73.2146324748078, 33.682117786488277 ], [ 73.214643467271372, 33.682122905078494 ], [ 73.214647920100646, 33.682116221494567 ], [ 73.214722873863906, 33.68215112011773 ] ] ] } },
{ "type": "Feature", "id": 169, "properties": { "FID": 169, "SolarPV_Area(sqm)": 27.097778095599999, "Rooftop_Area(sqm)": 144.78768312099999, "class": "rooftops" }, "geometry": { "type": "Polygon", "coordinates": [ [ [ 73.213506840880086, 33.682251049512956 ], [ 73.213361098244349, 33.68218894987546 ], [ 73.213407848387419, 33.682112265964498 ], [ 73.213553590932449, 33.682174365544434 ], [ 73.213506840880086, 33.682251049512956 ] ] ] } },
{ "type": "Feature", "id": 170, "properties": { "FID": 170, "SolarPV_Area(sqm)": 44.3214487742, "Rooftop_Area(sqm)": 357.63562459799999, "class": "rooftops" }, "geometry": { "type": "Polygon", "coordinates": [ [ [ 73.211482433687934, 33.682106783228015 ], [ 73.211491437223088, 33.682112511752763 ], [ 73.211507206864397, 33.682119244508797 ], [ 73.211456339265126, 33.68217466478346 ], [ 73.211398043904737, 33.682273254248891 ], [ 73.211385738211689, 33.682268168662091 ], [ 73.211381682775325, 33.682275026507661 ], [ 73.211344765684359, 33.682259770640421 ], [ 73.211335640917355, 33.682275202141739 ], [ 73.211283342277753, 33.682253588822313 ], [ 73.211295001167954, 33.682233870940308 ], [ 73.211270390885815, 33.68222369976133 ], [ 73.211275460198095, 33.682215127008369 ], [ 73.211249823202067, 33.682204531556714 ], [ 73.211341576069216, 33.682049360894652 ], [ 73.2113569576142, 33.682055717423729 ], [ 73.211361013041369, 33.682048859578479 ], [ 73.211396904385879, 33.682063692087858 ], [ 73.211403493934483, 33.682052546952285 ], [ 73.211412723712186, 33.68205636159913 ], [ 73.211421340969167, 33.682041787538886 ], [ 73.211462359513078, 33.682058738569019 ], [ 73.211441848586929, 33.682085986125955 ], [ 73.21144581176064, 33.682091913112764 ], [ 73.211454572598029, 33.682094517106862 ], [ 73.21146579689227, 33.682100983869347 ], [ 73.211482433687934, 33.682106783228015 ] ] ] } },
{ "type": "Feature", "id": 171, "properties": { "FID": 171, "SolarPV_Area(sqm)": 0.0, "Rooftop_Area(sqm)": 141.401629781, "class": "rooftops" }, "geometry": { "type": "Polygon", "coordinates": [ [ [ 73.213345080025249, 33.682081835201295 ], [ 73.213330273844349, 33.682105579253459 ], [ 73.213352589540008, 33.682115305634177 ], [ 73.213318216595908, 33.682170425990492 ], [ 73.213167078092226, 33.682104555347799 ], [ 73.213186643810729, 33.682073179053646 ], [ 73.213198816698622, 33.682078483474875 ], [ 73.213228429112903, 33.682030995401817 ], [ 73.213345080025249, 33.682081835201295 ] ] ] } },
{ "type": "Feature", "id": 172, "properties": { "FID": 172, "SolarPV_Area(sqm)": 0.0, "Rooftop_Area(sqm)": 93.656273960099995, "class": "rooftops" }, "geometry": { "type": "Polygon", "coordinates": [ [ [ 73.214756406064055, 33.682102343772101 ], [ 73.214728710146119, 33.68214743236031 ], [ 73.214642215672242, 33.682110298298795 ], [ 73.214652666948254, 33.682093284170655 ], [ 73.214643508467532, 33.682089352662146 ], [ 73.214648212246487, 33.682081696089263 ], [ 73.214634983462375, 33.682076016743906 ], [ 73.214667382080549, 33.682023272489118 ], [ 73.214746753699941, 33.682057348503498 ], [ 73.21473368937724, 33.68207861549449 ], [ 73.214753023100371, 33.682086916120333 ], [ 73.214746230804337, 33.682097975549901 ], [ 73.214756406064055, 33.682102343772101 ] ] ] } },
{ "type": "Feature", "id": 173, "properties": { "FID": 173, "SolarPV_Area(sqm)": 29.158277265900001, "Rooftop_Area(sqm)": 130.00526783000001, "class": "rooftops" }, "geometry": { "type": "Polygon", "coordinates": [ [ [ 73.214161102739524, 33.682077420332163 ], [ 73.214142425759704, 33.682070173356593 ], [ 73.21415302026044, 33.682051089078421 ], [ 73.214145756636256, 33.682048270654619 ], [ 73.214163093661526, 33.682017042334678 ], [ 73.214305245902324, 33.682072198719602 ], [ 73.214260460277444, 33.682152871950976 ], [ 73.214171224996463, 33.682118248146416 ], [ 73.214174114502612, 33.682113043426121 ], [ 73.214147136978283, 33.682102576180313 ], [ 73.214161102739524, 33.682077420332163 ] ] ] } },
{ "type": "Feature", "id": 174, "properties": { "FID": 174, "SolarPV_Area(sqm)": 42.674411725699997, "Rooftop_Area(sqm)": 261.619137024, "class": "rooftops" }, "geometry": { "type": "Polygon", "coordinates": [ [ [ 73.210546541277765, 33.682165886676017 ], [ 73.210542703417403, 33.682163804811701 ], [ 73.210512810781751, 33.682202309249035 ], [ 73.210365041955683, 33.6821221305837 ], [ 73.210360060389817, 33.682128547540088 ], [ 73.210314962006805, 33.682104077618519 ], [ 73.210387825720943, 33.682010222993426 ], [ 73.210468426776245, 33.68205395673268 ], [ 73.210472163768841, 33.682049143122001 ], [ 73.210588266576437, 33.682112140604858 ], [ 73.210546541277765, 33.682165886676017 ] ] ] } },
{ "type": "Feature", "id": 175, "properties": { "FID": 175, "SolarPV_Area(sqm)": 58.450351088600002, "Rooftop_Area(sqm)": 206.67357034700001, "class": "rooftops" }, "geometry": { "type": "Polygon", "coordinates": [ [ [ 73.212560117079974, 33.681990126403818 ], [ 73.212578988763951, 33.681962793616094 ], [ 73.212631496284445, 33.681988132813849 ], [ 73.212604046689989, 33.68202788870682 ], [ 73.212623859960971, 33.682037450960443 ], [ 73.21260441672915, 33.682065610522834 ], [ 73.212597481217841, 33.682062263810948 ], [ 73.212525996517542, 33.682165794067849 ], [ 73.212515098771519, 33.68216053508408 ], [ 73.212510524005253, 33.682167160914005 ], [ 73.212444146454004, 33.682135129139688 ], [ 73.212465305581716, 33.682104483909207 ], [ 73.212452426743681, 33.682098268335018 ], [ 73.212458717319663, 33.682089157712909 ], [ 73.21244881068759, 33.682084376573385 ], [ 73.212505998476658, 33.682001552407129 ], [ 73.212518877304717, 33.682007767975485 ], [ 73.212524596284894, 33.681999485920251 ], [ 73.21253747513272, 33.682005700585215 ], [ 73.212551200474238, 33.681985823105876 ], [ 73.212560117079974, 33.681990126403818 ] ] ] } },
{ "type": "Feature", "id": 176, "properties": { "FID": 176, "SolarPV_Area(sqm)": 36.4609617407, "Rooftop_Area(sqm)": 106.571866503, "class": "rooftops" }, "geometry": { "type": "Polygon", "coordinates": [ [ [ 73.213287062740619, 33.681990959945466 ], [ 73.21331018206098, 33.681955750206249 ], [ 73.213418480730809, 33.682005451043466 ], [ 73.213373342536102, 33.682074193853595 ], [ 73.213245991247206, 33.682015748908462 ], [ 73.213260854303613, 33.681993113962335 ], [ 73.213271884503186, 33.681998176407411 ], [ 73.213279040381622, 33.681987278326552 ], [ 73.213287062740619, 33.681990959945466 ] ] ] } },
{ "type": "Feature", "id": 177, "properties": { "FID": 177, "SolarPV_Area(sqm)": 39.830854008499998, "Rooftop_Area(sqm)": 118.81120093, "class": "rooftops" }, "geometry": { "type": "Polygon", "coordinates": [ [ [ 73.214750524401225, 33.681940556303438 ], [ 73.214855166189835, 33.681991770323421 ], [ 73.214810088175753, 33.682056144578219 ], [ 73.214800215899103, 33.682051312720745 ], [ 73.214793859363283, 33.682060390951726 ], [ 73.21467638304982, 33.682002895444079 ], [ 73.21470123449339, 33.68196740747161 ], [ 73.214716042346694, 33.681974655260952 ], [ 73.214733958197954, 33.681949070374387 ], [ 73.214741854928562, 33.681952935848742 ], [ 73.214750524401225, 33.681940556303438 ] ] ] } },
{ "type": "Feature", "id": 178, "properties": { "FID": 178, "SolarPV_Area(sqm)": 25.5213691991, "Rooftop_Area(sqm)": 150.705292794, "class": "rooftops" }, "geometry": { "type": "Polygon", "coordinates": [ [ [ 73.210247186262208, 33.681939614230586 ], [ 73.210343789506595, 33.681985249953279 ], [ 73.210327469499248, 33.68200939462961 ], [ 73.210340416013224, 33.68201551130678 ], [ 73.210293145078083, 33.682085449355142 ], [ 73.210160687787351, 33.682022876551393 ], [ 73.210188263639694, 33.681982078804317 ], [ 73.210203202333233, 33.68198913604553 ], [ 73.210218396267649, 33.681966655967372 ], [ 73.210226363927518, 33.681970419953046 ], [ 73.210247186262208, 33.681939614230586 ] ] ] } },
{ "type": "Feature", "id": 179, "properties": { "FID": 179, "SolarPV_Area(sqm)": 0.0, "Rooftop_Area(sqm)": 139.08424016500001, "class": "rooftops" }, "geometry": { "type": "Polygon", "coordinates": [ [ [ 73.213970827851924, 33.681996222959562 ], [ 73.213978491090131, 33.681984467375436 ], [ 73.213965432984594, 33.681978518092698 ], [ 73.213973644309036, 33.681965921868397 ], [ 73.213966613009973, 33.681962719032512 ], [ 73.213985771680669, 33.681933327825504 ], [ 73.214134430059175, 33.682001055334744 ], [ 73.214084071484507, 33.682078310492336 ], [ 73.21396655050674, 33.682024769730624 ], [ 73.213981877024864, 33.682001256759655 ], [ 73.213970827851924, 33.681996222959562 ] ] ] } },
{ "type": "Feature", "id": 180, "properties": { "FID": 180, "SolarPV_Area(sqm)": 12.7680885758, "Rooftop_Area(sqm)": 117.495045695, "class": "rooftops" }, "geometry": { "type": "Polygon", "coordinates": [ [ [ 73.214333800196712, 33.681981076523122 ], [ 73.214315306261852, 33.682007486227562 ], [ 73.214325178504652, 33.682012318122773 ], [ 73.214320554745342, 33.682018920770254 ], [ 73.214342273703153, 33.682029550036397 ], [ 73.214320311938394, 33.682060911727149 ], [ 73.214292670706698, 33.68204738333425 ], [ 73.214288046961599, 33.682053985078824 ], [ 73.214179456564807, 33.682000837824909 ], [ 73.214229158750769, 33.681929862071811 ], [ 73.214333800196712, 33.681981076523122 ] ] ] } },
{ "type": "Feature", "id": 181, "properties": { "FID": 181, "SolarPV_Area(sqm)": 25.3240449203, "Rooftop_Area(sqm)": 120.062004343, "class": "rooftops" }, "geometry": { "type": "Polygon", "coordinates": [ [ [ 73.215032159795058, 33.682022700129352 ], [ 73.215023211891989, 33.682018443447532 ], [ 73.21500227796281, 33.682049196992935 ], [ 73.214901863298337, 33.682001424907526 ], [ 73.214951650685421, 33.68192828223151 ], [ 73.215092661475481, 33.681995782670882 ], [ 73.215068898639259, 33.682030692187787 ], [ 73.215037251449218, 33.682015219579469 ], [ 73.215032159795058, 33.682022700129352 ] ] ] } },
{ "type": "Feature", "id": 182, "properties": { "FID": 182, "SolarPV_Area(sqm)": 26.926367869100002, "Rooftop_Area(sqm)": 107.824843673, "class": "rooftops" }, "geometry": { "type": "Polygon", "coordinates": [ [ [ 73.213464815176536, 33.681930291395645 ], [ 73.213419264242475, 33.681994431941725 ], [ 73.213364181065671, 33.681967091773409 ], [ 73.213371189406232, 33.681957224078118 ], [ 73.213322991800865, 33.681933301078224 ], [ 73.213328831357956, 33.681925078441168 ], [ 73.213316044723442, 33.681918731729809 ], [ 73.213323636388694, 33.681908041042981 ], [ 73.213309075479529, 33.681901324194882 ], [ 73.213327179642917, 33.681875832419912 ], [ 73.213327914368648, 33.681871133108828 ], [ 73.213332432222956, 33.681864751704829 ], [ 73.213346596770194, 33.68187383807615 ], [ 73.213351851938185, 33.681866437515026 ], [ 73.213439393842492, 33.681909889173774 ], [ 73.213435306383758, 33.681915644666205 ], [ 73.213464815176536, 33.681930291395645 ] ] ] } },
{ "type": "Feature", "id": 183, "properties": { "FID": 183, "SolarPV_Area(sqm)": 31.083826761800001, "Rooftop_Area(sqm)": 129.014221808, "class": "rooftops" }, "geometry": { "type": "Polygon", "coordinates": [ [ [ 73.213683757783315, 33.681910766209491 ], [ 73.213665697961176, 33.681935162128958 ], [ 73.213679315825999, 33.681942207971552 ], [ 73.213676305318927, 33.681946273800136 ], [ 73.213699649927861, 33.681958352380214 ], [ 73.213668948773147, 33.681999824461009 ], [ 73.213524988961808, 33.681925340660555 ], [ 73.213576760505475, 33.681855406887465 ], [ 73.213683757783315, 33.681910766209491 ] ] ] } },
{ "type": "Feature", "id": 184, "properties": { "FID": 184, "SolarPV_Area(sqm)": 36.022719807599998, "Rooftop_Area(sqm)": 105.98664431900001, "class": "rooftops" }, "geometry": { "type": "Polygon", "coordinates": [ [ [ 73.214323428580457, 33.681935665032647 ], [ 73.214319575076885, 33.681941533051095 ], [ 73.214301524664762, 33.681933250006487 ], [ 73.214293818732742, 33.681944986057388 ], [ 73.21423565849004, 33.681918295255528 ], [ 73.214282447574888, 33.681847037498677 ], [ 73.214412807229266, 33.681906862189003 ], [ 73.214392440416233, 33.681937879927261 ], [ 73.214383414667182, 33.681933738402705 ], [ 73.21436855298812, 33.681956373509685 ], [ 73.214323428580457, 33.681935665032647 ] ] ] } },
{ "type": "Feature", "id": 185, "properties": { "FID": 185, "SolarPV_Area(sqm)": 0.0, "Rooftop_Area(sqm)": 133.33484479800001, "class": "rooftops" }, "geometry": { "type": "Polygon", "coordinates": [ [ [ 73.214878267354422, 33.681939512978694 ], [ 73.214854950181547, 33.681978949460223 ], [ 73.214713433788404, 33.681920470857257 ], [ 73.214758546988563, 33.681844169448951 ], [ 73.214889807667802, 33.68189841118641 ], [ 73.214868011745708, 33.681935275263875 ], [ 73.214878267354422, 33.681939512978694 ] ] ] } },
{ "type": "Feature", "id": 186, "properties": { "FID": 186, "SolarPV_Area(sqm)": 22.277682050799999, "Rooftop_Area(sqm)": 125.910134571, "class": "rooftops" }, "geometry": { "type": "Polygon", "coordinates": [ [ [ 73.212952747207979, 33.681925779804175 ], [ 73.212944088131238, 33.681939260428209 ], [ 73.212832223829892, 33.681889036875461 ], [ 73.21287930977654, 33.681815737853022 ], [ 73.21301636810017, 33.681877272363849 ], [ 73.212986601436569, 33.681923611105198 ], [ 73.212971484342972, 33.681916823950324 ], [ 73.212962825270068, 33.681930304575815 ], [ 73.212952747207979, 33.681925779804175 ] ] ] } },
{ "type": "Feature", "id": 187, "properties": { "FID": 187, "SolarPV_Area(sqm)": 0.0, "Rooftop_Area(sqm)": 103.139539302, "class": "rooftops" }, "geometry": { "type": "Polygon", "coordinates": [ [ [ 73.213360102263124, 33.68185070915289 ], [ 73.213381052720024, 33.681819964249854 ], [ 73.213390991637823, 33.681824697988297 ], [ 73.213417037070599, 33.681786473548435 ], [ 73.213522396164308, 33.681836648494908 ], [ 73.213475401389658, 33.681905618798091 ], [ 73.213360102263124, 33.68185070915289 ] ] ] } },
{ "type": "Feature", "id": 188, "properties": { "FID": 188, "SolarPV_Area(sqm)": 0.0, "Rooftop_Area(sqm)": 105.45707506799999, "class": "rooftops" }, "geometry": { "type": "Polygon", "coordinates": [ [ [ 73.214199294072742, 33.681881775500415 ], [ 73.214184822301988, 33.681903497318721 ], [ 73.214081887452735, 33.681855569112336 ], [ 73.214130867837696, 33.681782046287303 ], [ 73.214238799354078, 33.681832302003144 ], [ 73.214204290835767, 33.681884101250581 ], [ 73.214199294072742, 33.681881775500415 ] ] ] } },
{ "type": "Feature", "id": 189, "properties": { "FID": 189, "SolarPV_Area(sqm)": 58.419231375099997, "Rooftop_Area(sqm)": 134.324691903, "class": "rooftops" }, "geometry": { "type": "Polygon", "coordinates": [ [ [ 73.214957061654829, 33.681836067982488 ], [ 73.214966305022486, 33.681839858214715 ], [ 73.214952199703845, 33.681863899360565 ], [ 73.214962469886146, 33.681868110225849 ], [ 73.21494332879476, 33.681900737391693 ], [ 73.214775922458458, 33.681832093358857 ], [ 73.214801613129254, 33.681788304084293 ], [ 73.214824208123133, 33.681797568924182 ], [ 73.214829749193669, 33.681788124512032 ], [ 73.214837964680171, 33.68179149320278 ], [ 73.21484803945431, 33.681774321216416 ], [ 73.214965121672307, 33.681822330568735 ], [ 73.214957061654829, 33.681836067982488 ] ] ] } },
{ "type": "Feature", "id": 190, "properties": { "FID": 190, "SolarPV_Area(sqm)": 16.985286220100001, "Rooftop_Area(sqm)": 120.352992352, "class": "rooftops" }, "geometry": { "type": "Polygon", "coordinates": [ [ [ 73.213685207779108, 33.681864402002667 ], [ 73.213681419417881, 33.681870299799044 ], [ 73.213689481910095, 33.681873918848503 ], [ 73.213676492932123, 33.681894139860027 ], [ 73.213574706317985, 33.68184844168082 ], [ 73.213623956093116, 33.681771772180689 ], [ 73.213753961325281, 33.681830138781251 ], [ 73.213728524003344, 33.681869737364963 ], [ 73.213719453707412, 33.681865665486349 ], [ 73.213712418645258, 33.681876618545431 ], [ 73.213685207779108, 33.681864402002667 ] ] ] } },
{ "type": "Feature", "id": 191, "properties": { "FID": 191, "SolarPV_Area(sqm)": 31.5509168006, "Rooftop_Area(sqm)": 124.97710053599999, "class": "rooftops" }, "geometry": { "type": "Polygon", "coordinates": [ [ [ 73.214392488765824, 33.681877020254497 ], [ 73.214284741844409, 33.681826489594251 ], [ 73.214308807290649, 33.681790625124187 ], [ 73.214319781861661, 33.681795771438594 ], [ 73.214343847284496, 33.681759906960799 ], [ 73.214450596359086, 33.681809970458907 ], [ 73.214428770198779, 33.681842499216842 ], [ 73.21445271386078, 33.681853727830671 ], [ 73.214421373053227, 33.681900435548386 ], [ 73.21438745261699, 33.681884526828853 ], [ 73.214392488765824, 33.681877020254497 ] ] ] } },
{ "type": "Feature", "id": 192, "properties": { "FID": 192, "SolarPV_Area(sqm)": 24.1575987069, "Rooftop_Area(sqm)": 122.05096659, "class": "rooftops" }, "geometry": { "type": "Polygon", "coordinates": [ [ [ 73.212828569048725, 33.68179217375075 ], [ 73.212805934227418, 33.681832943496978 ], [ 73.212800746582175, 33.681830930548436 ], [ 73.212788706507439, 33.681852616135906 ], [ 73.212775218405312, 33.681847382824799 ], [ 73.212767512153192, 33.681861261374053 ], [ 73.212664790804993, 33.681821403211366 ], [ 73.212683090776025, 33.681788440509997 ], [ 73.212676865181052, 33.6817860247792 ], [ 73.212703833897862, 33.681737447123091 ], [ 73.21281900742413, 33.681782137616679 ], [ 73.212816117849755, 33.68178734230321 ], [ 73.212828569048725, 33.68179217375075 ] ] ] } },
{ "type": "Feature", "id": 193, "properties": { "FID": 193, "SolarPV_Area(sqm)": 0.0, "Rooftop_Area(sqm)": 115.53779537600001, "class": "rooftops" }, "geometry": { "type": "Polygon", "coordinates": [ [ [ 73.213056064451081, 33.681815575844126 ], [ 73.213028849029968, 33.681857632028702 ], [ 73.212893023642465, 33.681796201035617 ], [ 73.212937656614741, 33.681727228357516 ], [ 73.213048329121634, 33.681777283077125 ], [ 73.213030911637432, 33.681804199617893 ], [ 73.213056064451081, 33.681815575844126 ] ] ] } },
{ "type": "Feature", "id": 194, "properties": { "FID": 194, "SolarPV_Area(sqm)": 0.0, "Rooftop_Area(sqm)": 132.660626812, "class": "rooftops" }, "geometry": { "type": "Polygon", "coordinates": [ [ [ 73.213529198266258, 33.681828823018677 ], [ 73.213395283611419, 33.68176646883736 ], [ 73.213444265592727, 33.681692946316694 ], [ 73.213578180173855, 33.681755300443022 ], [ 73.213529198266258, 33.681828823018677 ] ] ] } },
{ "type": "Feature", "id": 195, "properties": { "FID": 195, "SolarPV_Area(sqm)": 27.794759170900001, "Rooftop_Area(sqm)": 123.42805580300001, "class": "rooftops" }, "geometry": { "type": "Polygon", "coordinates": [ [ [ 73.213767775335825, 33.681723161512366 ], [ 73.213796495208584, 33.681733813643746 ], [ 73.213777731034838, 33.681758681843746 ], [ 73.213772599974263, 33.681767228562762 ], [ 73.213791001665285, 33.681774951353454 ], [ 73.21376790917104, 33.68181341245193 ], [ 73.213628869845039, 33.68175506492706 ], [ 73.21367197712371, 33.681683270820542 ], [ 73.213700600565346, 33.681692013437079 ], [ 73.213725281070211, 33.681701195909852 ], [ 73.213733575947117, 33.681708858239837 ], [ 73.213748864860122, 33.681713598066217 ], [ 73.213767775335825, 33.681723161512366 ] ] ] } },
{ "type": "Feature", "id": 196, "properties": { "FID": 196, "SolarPV_Area(sqm)": 0.0, "Rooftop_Area(sqm)": 124.030804506, "class": "rooftops" }, "geometry": { "type": "Polygon", "coordinates": [ [ [ 73.215015814604783, 33.681732665210653 ], [ 73.2149665049579, 33.681812551935764 ], [ 73.214863834423838, 33.681768256911944 ], [ 73.214877999057506, 33.681745312282267 ], [ 73.214846484692728, 33.681731717225411 ], [ 73.214877959067863, 33.681680726117733 ], [ 73.214957249010268, 33.681714933374032 ], [ 73.214960921844238, 33.681708984270074 ], [ 73.215015814604783, 33.681732665210653 ] ] ] } },
{ "type": "Feature", "id": 197, "properties": { "FID": 197, "SolarPV_Area(sqm)": 0.0, "Rooftop_Area(sqm)": 104.118626163, "class": "rooftops" }, "geometry": { "type": "Polygon", "coordinates": [ [ [ 73.212725908900524, 33.681723514942796 ], [ 73.212749844306643, 33.681685416127493 ], [ 73.212776175405395, 33.681696978086727 ], [ 73.212797451656115, 33.681663112468932 ], [ 73.212895685842014, 33.681706246661058 ], [ 73.212867494152107, 33.681751119338493 ], [ 73.21286243058961, 33.681748896271991 ], [ 73.212845409588482, 33.681775988955593 ], [ 73.212725908900524, 33.681723514942796 ] ] ] } },
{ "type": "Feature", "id": 198, "properties": { "FID": 198, "SolarPV_Area(sqm)": 50.353048890499998, "Rooftop_Area(sqm)": 425.756475158, "class": "rooftops" }, "geometry": { "type": "Polygon", "coordinates": [ [ [ 73.211819790632489, 33.681864042187662 ], [ 73.211766293197712, 33.681836360856856 ], [ 73.211771109276427, 33.681829855777792 ], [ 73.211765272664607, 33.68182683603667 ], [ 73.211876041384869, 33.681677210132946 ], [ 73.211885767983532, 33.681682243010144 ], [ 73.211905032240892, 33.681656221769543 ], [ 73.211917677690707, 33.68166276406852 ], [ 73.211923697766878, 33.681654632485824 ], [ 73.21206862788938, 33.681729621826904 ], [ 73.212025284427085, 33.681788170364229 ], [ 73.212016530029288, 33.681783641228662 ], [ 73.211911178957408, 33.681925948468063 ], [ 73.211853790374278, 33.681896254016756 ], [ 73.211878472246255, 33.681862913993825 ], [ 73.211845401318186, 33.681845802198417 ], [ 73.211839381220656, 33.681853933776388 ], [ 73.211830626826725, 33.681849404627783 ], [ 73.211819790632489, 33.681864042187662 ] ] ] } },
{ "type": "Feature", "id": 199, "properties": { "FID": 199, "SolarPV_Area(sqm)": 11.973257591, "Rooftop_Area(sqm)": 107.617308822, "class": "rooftops" }, "geometry": { "type": "Polygon", "coordinates": [ [ [ 73.213069867105588, 33.681744630468636 ], [ 73.213054659760743, 33.681770349871307 ], [ 73.21295211349161, 33.6817279722328 ], [ 73.212975937819792, 33.681687678664098 ], [ 73.212986192221052, 33.681691916516613 ], [ 73.213006975054697, 33.681656766819579 ], [ 73.213123878306462, 33.681705077401666 ], [ 73.213103601881869, 33.681739369647637 ], [ 73.213091297233362, 33.681734284245174 ], [ 73.213082172832515, 33.68174971588882 ], [ 73.213069867105588, 33.681744630468636 ] ] ] } },
{ "type": "Feature", "id": 200, "properties": { "FID": 200, "SolarPV_Area(sqm)": 25.993775472900001, "Rooftop_Area(sqm)": 95.028300828799999, "class": "rooftops" }, "geometry": { "type": "Polygon", "coordinates": [ [ [ 73.213519006811197, 33.681650909098181 ], [ 73.21352989220324, 33.681634087109032 ], [ 73.213537941279455, 33.681637727616433 ], [ 73.213542840746129, 33.681630156879017 ], [ 73.213626348358531, 33.68166792573448 ], [ 73.213583893274574, 33.681733533203598 ], [ 73.213463159142847, 33.681678928315669 ], [ 73.213489829423153, 33.681637713611991 ], [ 73.213519006811197, 33.681650909098181 ] ] ] } },
{ "type": "Feature", "id": 201, "properties": { "FID": 201, "SolarPV_Area(sqm)": 0.0, "Rooftop_Area(sqm)": 127.06883549200001, "class": "rooftops" }, "geometry": { "type": "Polygon", "coordinates": [ [ [ 73.214225835456048, 33.68160828028104 ], [ 73.21435445190663, 33.681662666511684 ], [ 73.214309017111205, 33.681737763768595 ], [ 73.214171213160682, 33.681679492419562 ], [ 73.214183088412412, 33.681659864848825 ], [ 73.214192275832019, 33.681663749916893 ], [ 73.214225835456048, 33.68160828028104 ] ] ] } },
{ "type": "Feature", "id": 202, "properties": { "FID": 202, "SolarPV_Area(sqm)": 27.852512136000001, "Rooftop_Area(sqm)": 134.101082061, "class": "rooftops" }, "geometry": { "type": "Polygon", "coordinates": [ [ [ 73.213739610953198, 33.681606979815449 ], [ 73.213871975448228, 33.68166772500129 ], [ 73.213824635929456, 33.681739821402324 ], [ 73.213684249012772, 33.681675394571492 ], [ 73.213723332425573, 33.681615873045772 ], [ 73.213731353692779, 33.681619554619957 ], [ 73.213739610953198, 33.681606979815449 ] ] ] } },
{ "type": "Feature", "id": 203, "properties": { "FID": 203, "SolarPV_Area(sqm)": 0.0, "Rooftop_Area(sqm)": 116.94414523899999, "class": "rooftops" }, "geometry": { "type": "Polygon", "coordinates": [ [ [ 73.214951568308194, 33.681631530554007 ], [ 73.214970639918505, 33.681604295860204 ], [ 73.215071333627179, 33.681653576968721 ], [ 73.215023944132753, 33.68172125175348 ], [ 73.215011109647563, 33.68171497125536 ], [ 73.215007065005594, 33.681720748161425 ], [ 73.21489551233536, 33.681666151973708 ], [ 73.214904180677436, 33.681653772399834 ], [ 73.214896283965828, 33.681649906936336 ], [ 73.214913621722062, 33.681625147803175 ], [ 73.214937314030195, 33.681636743318421 ], [ 73.214943670517982, 33.681627665077954 ], [ 73.214951568308194, 33.681631530554007 ] ] ] } },
{ "type": "Feature", "id": 204, "properties": { "FID": 204, "SolarPV_Area(sqm)": 34.885328892899999, "Rooftop_Area(sqm)": 131.03981041399999, "class": "rooftops" }, "geometry": { "type": "Polygon", "coordinates": [ [ [ 73.214562909285249, 33.681637450431779 ], [ 73.214547036008582, 33.681661803240829 ], [ 73.21455808409732, 33.68166683697374 ], [ 73.214544399842168, 33.681687829866554 ], [ 73.214554444535466, 33.681692406329702 ], [ 73.214533097119016, 33.681725155746179 ], [ 73.214393479075497, 33.681661547908085 ], [ 73.214411542467772, 33.681633837025949 ], [ 73.214418573758294, 33.681637039836318 ], [ 73.21445141538949, 33.681586655653916 ], [ 73.214562909285249, 33.681637450431779 ] ] ] } },
{ "type": "Feature", "id": 205, "properties": { "FID": 205, "SolarPV_Area(sqm)": 26.7902840199, "Rooftop_Area(sqm)": 112.184892902, "class": "rooftops" }, "geometry": { "type": "Polygon", "coordinates": [ [ [ 73.212825634306668, 33.681586366669642 ], [ 73.212832669453618, 33.681575413663502 ], [ 73.212944533357302, 33.681625637205016 ], [ 73.212938038803713, 33.681635747669944 ], [ 73.212948116850484, 33.681640271540346 ], [ 73.21290806727211, 33.681702618502939 ], [ 73.212800234509658, 33.681654204479244 ], [ 73.212816470376112, 33.681628929229475 ], [ 73.212810424631471, 33.681626214916626 ], [ 73.212817459783778, 33.681615261911581 ], [ 73.212802342757328, 33.681608474737907 ], [ 73.212818579692282, 33.681583199502967 ], [ 73.212825634306668, 33.681586366669642 ] ] ] } },
{ "type": "Feature", "id": 206, "properties": { "FID": 206, "SolarPV_Area(sqm)": 0.0, "Rooftop_Area(sqm)": 145.68703087099999, "class": "rooftops" }, "geometry": { "type": "Polygon", "coordinates": [ [ [ 73.212442264879627, 33.681679729633238 ], [ 73.212448281608502, 33.681682490436067 ], [ 73.212429015641391, 33.681711832050674 ], [ 73.212282613182865, 33.681644641956723 ], [ 73.212332706007189, 33.681568355814868 ], [ 73.21247309167282, 33.681632784144512 ], [ 73.212442264879627, 33.681679729633238 ] ] ] } },
{ "type": "Feature", "id": 207, "properties": { "FID": 207, "SolarPV_Area(sqm)": 0.0, "Rooftop_Area(sqm)": 136.16943132700001, "class": "rooftops" }, "geometry": { "type": "Polygon", "coordinates": [ [ [ 73.213141615429478, 33.681690911066013 ], [ 73.213003886074389, 33.681630433782026 ], [ 73.213051225617221, 33.681555082322028 ], [ 73.213188955968491, 33.681615559566687 ], [ 73.213141615429478, 33.681690911066013 ] ] ] } },
{ "type": "Feature", "id": 208, "properties": { "FID": 208, "SolarPV_Area(sqm)": 0.0, "Rooftop_Area(sqm)": 115.536978488, "class": "rooftops" }, "geometry": { "type": "Polygon", "coordinates": [ [ [ 73.213862725377183, 33.681641892659869 ], [ 73.213731798520072, 33.681580950925479 ], [ 73.213780208522991, 33.681508257735111 ], [ 73.213888148410945, 33.681558499442438 ], [ 73.213860883178398, 33.681599441416466 ], [ 73.213883870101967, 33.681610140494158 ], [ 73.213862725377183, 33.681641892659869 ] ] ] } },
{ "type": "Feature", "id": 209, "properties": { "FID": 209, "SolarPV_Area(sqm)": 27.146790813199999, "Rooftop_Area(sqm)": 109.248464869, "class": "rooftops" }, "geometry": { "type": "Polygon", "coordinates": [ [ [ 73.212962645020554, 33.681533492274752 ], [ 73.212967292228171, 33.681525812404942 ], [ 73.213007100872233, 33.681542646227868 ], [ 73.212965279137165, 33.681611769617021 ], [ 73.212823394907574, 33.681551769487704 ], [ 73.212848177962371, 33.681510808075259 ], [ 73.212875737844911, 33.681522462635542 ], [ 73.212888129367968, 33.681501981473424 ], [ 73.212962645020554, 33.681533492274752 ] ] ] } },
{ "type": "Feature", "id": 210, "properties": { "FID": 210, "SolarPV_Area(sqm)": 35.071842800600002, "Rooftop_Area(sqm)": 111.263080261, "class": "rooftops" }, "geometry": { "type": "Polygon", "coordinates": [ [ [ 73.21246807845921, 33.681561438537067 ], [ 73.212509162474674, 33.681582260557441 ], [ 73.212482476336987, 33.681619061557278 ], [ 73.212343573421194, 33.681548661541719 ], [ 73.212391015350818, 33.681483238491943 ], [ 73.212488834197529, 33.681532816439415 ], [ 73.21246807845921, 33.681561438537067 ] ] ] } },
{ "type": "Feature", "id": 211, "properties": { "FID": 211, "SolarPV_Area(sqm)": 21.286023718100001, "Rooftop_Area(sqm)": 109.99099886, "class": "rooftops" }, "geometry": { "type": "Polygon", "coordinates": [ [ [ 73.213627150766698, 33.681450208908522 ], [ 73.213740455337089, 33.681498121494968 ], [ 73.213699667276032, 33.681565537712387 ], [ 73.213564926495962, 33.681508560741996 ], [ 73.213589709192448, 33.681467599168556 ], [ 73.213611145332592, 33.681476663508931 ], [ 73.213627150766698, 33.681450208908522 ] ] ] } },
{ "type": "Feature", "id": 212, "properties": { "FID": 212, "SolarPV_Area(sqm)": 0.0, "Rooftop_Area(sqm)": 122.33830482400001, "class": "rooftops" }, "geometry": { "type": "Polygon", "coordinates": [ [ [ 73.213934118238953, 33.681534620621107 ], [ 73.213917914160589, 33.681527505854632 ], [ 73.213912064003054, 33.681536818606652 ], [ 73.213901935785444, 33.681532371640948 ], [ 73.21388907389391, 33.681552294226108 ], [ 73.213786788070493, 33.681507381661994 ], [ 73.213834225438802, 33.681432427177498 ], [ 73.21397398074906, 33.681493793118328 ], [ 73.213954832039775, 33.681524272004168 ], [ 73.213943692600154, 33.681519381180422 ], [ 73.213934118238953, 33.681534620621107 ] ] ] } },
{ "type": "Feature", "id": 213, "properties": { "FID": 213, "SolarPV_Area(sqm)": 0.0, "Rooftop_Area(sqm)": 123.501664319, "class": "rooftops" }, "geometry": { "type": "Polygon", "coordinates": [ [ [ 73.214548057428587, 33.681420080838528 ], [ 73.214663877983341, 33.681470180568674 ], [ 73.214643376111198, 33.681503305639318 ], [ 73.214671823458715, 33.681515611080634 ], [ 73.214647642334995, 33.681554681547034 ], [ 73.214503375416456, 33.681492277243194 ], [ 73.214548057428587, 33.681420080838528 ] ] ] } },
{ "type": "Feature", "id": 214, "properties": { "FID": 214, "SolarPV_Area(sqm)": 31.854728515600002, "Rooftop_Area(sqm)": 115.379032736, "class": "rooftops" }, "geometry": { "type": "Polygon", "coordinates": [ [ [ 73.212217235720303, 33.681443054211798 ], [ 73.212236369198138, 33.681414745942135 ], [ 73.212354882865895, 33.681470730246581 ], [ 73.212309864919945, 33.681537338113515 ], [ 73.212175415761308, 33.681473826944412 ], [ 73.212201301370456, 33.681435527410855 ], [ 73.212217235720303, 33.681443054211798 ] ] ] } },
{ "type": "Feature", "id": 215, "properties": { "FID": 215, "SolarPV_Area(sqm)": 31.561614416699999, "Rooftop_Area(sqm)": 121.139738002, "class": "rooftops" }, "geometry": { "type": "Polygon", "coordinates": [ [ [ 73.213044756309245, 33.681512062760383 ], [ 73.213035584542752, 33.681508154388467 ], [ 73.213019481612548, 33.68153456782035 ], [ 73.212925717429627, 33.681494614901624 ], [ 73.21292260111403, 33.681499727036133 ], [ 73.212900179584281, 33.6814901730909 ], [ 73.212923554654083, 33.681451831672462 ], [ 73.212913362853357, 33.681447489213816 ], [ 73.212937257126029, 33.6814082950157 ], [ 73.213072806330018, 33.681466052662024 ], [ 73.213044756309245, 33.681512062760383 ] ] ] } },
{ "type": "Feature", "id": 216, "properties": { "FID": 216, "SolarPV_Area(sqm)": 35.808726747599998, "Rooftop_Area(sqm)": 148.04970118099999, "class": "rooftops" }, "geometry": { "type": "Polygon", "coordinates": [ [ [ 73.212396804546614, 33.681474481323889 ], [ 73.212449414258046, 33.681396081732309 ], [ 73.21258908387334, 33.681461587099953 ], [ 73.212536474224606, 33.681539987654588 ], [ 73.212396804546614, 33.681474481323889 ] ] ] } },
{ "type": "Feature", "id": 217, "properties": { "FID": 217, "SolarPV_Area(sqm)": 0.0, "Rooftop_Area(sqm)": 123.525334289, "class": "rooftops" }, "geometry": { "type": "Polygon", "coordinates": [ [ [ 73.2132485578135, 33.681469559578368 ], [ 73.213278384357366, 33.681483750141886 ], [ 73.213248964041298, 33.681526970237073 ], [ 73.213111764514892, 33.681461696115534 ], [ 73.213162684446061, 33.681386891465586 ], [ 73.213210406435849, 33.681409595667688 ], [ 73.213207577432726, 33.681413751581793 ], [ 73.213267229418733, 33.681442131803138 ], [ 73.2132485578135, 33.681469559578368 ] ] ] } },
{ "type": "Feature", "id": 218, "properties": { "FID": 218, "SolarPV_Area(sqm)": 32.194546624300003, "Rooftop_Area(sqm)": 135.911980892, "class": "rooftops" }, "geometry": { "type": "Polygon", "coordinates": [ [ [ 73.2145140371682, 33.681405460242395 ], [ 73.214506993772446, 33.681415310366297 ], [ 73.214513866001852, 33.68141874533211 ], [ 73.214467493648201, 33.681483590421635 ], [ 73.214329057239411, 33.68141439780706 ], [ 73.21436075419507, 33.681370073219242 ], [ 73.214378427461511, 33.681378906292203 ], [ 73.214400146322461, 33.681348535724553 ], [ 73.2145140371682, 33.681405460242395 ] ] ] } },
{ "type": "Feature", "id": 219, "properties": { "FID": 219, "SolarPV_Area(sqm)": 0.0, "Rooftop_Area(sqm)": 111.654536796, "class": "rooftops" }, "geometry": { "type": "Polygon", "coordinates": [ [ [ 73.213851676030231, 33.681415470128073 ], [ 73.213896895890059, 33.681342430474167 ], [ 73.213952769131183, 33.681366607599344 ], [ 73.213949615455817, 33.681371703890882 ], [ 73.213997361581391, 33.681392364733362 ], [ 73.213976855202475, 33.681425487820647 ], [ 73.214012410640549, 33.681440873814552 ], [ 73.213990853060267, 33.681475694165556 ], [ 73.213851676030231, 33.681415470128073 ] ] ] } },
{ "type": "Feature", "id": 220, "properties": { "FID": 220, "SolarPV_Area(sqm)": 41.830987142600002, "Rooftop_Area(sqm)": 127.81120932899999, "class": "rooftops" }, "geometry": { "type": "Polygon", "coordinates": [ [ [ 73.214708261047008, 33.681438206789721 ], [ 73.214702172656217, 33.681447412434792 ], [ 73.214690160217131, 33.681441859788258 ], [ 73.21467466088977, 33.681465293706729 ], [ 73.214556534598074, 33.681410687889823 ], [ 73.214604138289332, 33.681338714041452 ], [ 73.214745288260048, 33.681403962450361 ], [ 73.214719273437069, 33.681443296803572 ], [ 73.214708261047008, 33.681438206789721 ] ] ] } },
{ "type": "Feature", "id": 221, "properties": { "FID": 221, "SolarPV_Area(sqm)": 32.067769718599997, "Rooftop_Area(sqm)": 108.876687668, "class": "rooftops" }, "geometry": { "type": "Polygon", "coordinates": [ [ [ 73.212266604907001, 33.681408748466716 ], [ 73.212281669620594, 33.681384038883053 ], [ 73.212267400947624, 33.681377959184942 ], [ 73.212271037583434, 33.681371995211741 ], [ 73.212253712041175, 33.681364612407634 ], [ 73.21227656706921, 33.681327122975382 ], [ 73.212404981878976, 33.681381841044555 ], [ 73.212359269723947, 33.681456819922367 ], [ 73.212280794656053, 33.68142338119786 ], [ 73.212284950501797, 33.681416565352443 ], [ 73.212266604907001, 33.681408748466716 ] ] ] } },
{ "type": "Feature", "id": 222, "properties": { "FID": 222, "SolarPV_Area(sqm)": 18.792077274099999, "Rooftop_Area(sqm)": 138.81367166199999, "class": "rooftops" }, "geometry": { "type": "Polygon", "coordinates": [ [ [ 73.212611596490831, 33.681420988762866 ], [ 73.212588901175963, 33.681455301835868 ], [ 73.212540850965979, 33.681433088619812 ], [ 73.212545279338912, 33.681426393938295 ], [ 73.212449176843165, 33.68138196742467 ], [ 73.212494567503185, 33.681313342228165 ], [ 73.212641723496972, 33.681381368988717 ], [ 73.21261459981956, 33.681422377654066 ], [ 73.212611596490831, 33.681420988762866 ] ] ] } },
{ "type": "Feature", "id": 223, "properties": { "FID": 223, "SolarPV_Area(sqm)": 23.028013556400001, "Rooftop_Area(sqm)": 122.321926538, "class": "rooftops" }, "geometry": { "type": "Polygon", "coordinates": [ [ [ 73.213281691016547, 33.681390987943004 ], [ 73.213260415023981, 33.68142485365405 ], [ 73.213165218877506, 33.6813830532233 ], [ 73.213213623287643, 33.681306008243673 ], [ 73.213359454831661, 33.681370042711968 ], [ 73.213349880368582, 33.681385283006385 ], [ 73.213342791183678, 33.681382170377439 ], [ 73.213325238381287, 33.681410109416547 ], [ 73.213281691016547, 33.681390987943004 ] ] ] } },
{ "type": "Feature", "id": 224, "properties": { "FID": 224, "SolarPV_Area(sqm)": 0.0, "Rooftop_Area(sqm)": 110.82432309799999, "class": "rooftops" }, "geometry": { "type": "Polygon", "coordinates": [ [ [ 73.214419645400298, 33.681330314162174 ], [ 73.214424627020591, 33.681322782449357 ], [ 73.214404605655744, 33.681313526782191 ], [ 73.214423425379167, 33.681285072046734 ], [ 73.214433436607379, 33.681289699436164 ], [ 73.214447274701826, 33.681268776409915 ], [ 73.214564399622262, 33.681322918774718 ], [ 73.21451568909886, 33.68139656742725 ], [ 73.214444613631485, 33.681363711338854 ], [ 73.214450702042825, 33.68135450570707 ], [ 73.214425676119461, 33.681342936815369 ], [ 73.214430657758655, 33.681335404200837 ], [ 73.214419645400298, 33.681330314162174 ] ] ] } },
{ "type": "Feature", "id": 225, "properties": { "FID": 225, "SolarPV_Area(sqm)": 0.0, "Rooftop_Area(sqm)": 111.73545387599999, "class": "rooftops" }, "geometry": { "type": "Polygon", "coordinates": [ [ [ 73.214033808070781, 33.681362689594621 ], [ 73.21402667085232, 33.681359655665794 ], [ 73.21401008222432, 33.681386934222289 ], [ 73.213906072275449, 33.681342727265623 ], [ 73.213951693252483, 33.681267708595577 ], [ 73.214075075725162, 33.681320150973526 ], [ 73.214050709829905, 33.681360217808802 ], [ 73.214038474435753, 33.681355017173487 ], [ 73.214033808070781, 33.681362689594621 ] ] ] } },
{ "type": "Feature", "id": 226, "properties": { "FID": 226, "SolarPV_Area(sqm)": 30.386862610200001, "Rooftop_Area(sqm)": 127.552525554, "class": "rooftops" }, "geometry": { "type": "Polygon", "coordinates": [ [ [ 73.211606041296847, 33.681300102307347 ], [ 73.211595931028754, 33.681295629263467 ], [ 73.211625357249602, 33.681249138946427 ], [ 73.211752752713195, 33.681305498575675 ], [ 73.211702994333876, 33.681384108667793 ], [ 73.211585710140525, 33.681332222046386 ], [ 73.211606041296847, 33.681300102307347 ] ] ] } },
{ "type": "Feature", "id": 227, "properties": { "FID": 227, "SolarPV_Area(sqm)": 44.3813634861, "Rooftop_Area(sqm)": 123.952907056, "class": "rooftops" }, "geometry": { "type": "Polygon", "coordinates": [ [ [ 73.212329104222619, 33.681281560280873 ], [ 73.212352353004349, 33.681246410307594 ], [ 73.212461467598359, 33.681296852399072 ], [ 73.212412755335166, 33.681370500164256 ], [ 73.212272608418431, 33.681305711814353 ], [ 73.212298070891194, 33.681267214058039 ], [ 73.212329104222619, 33.681281560280873 ] ] ] } },
{ "type": "Feature", "id": 228, "properties": { "FID": 228, "SolarPV_Area(sqm)": 0.0, "Rooftop_Area(sqm)": 105.46889515, "class": "rooftops" }, "geometry": { "type": "Polygon", "coordinates": [ [ [ 73.21193533148822, 33.68129749952061 ], [ 73.21192805923701, 33.681309428363022 ], [ 73.211939269910971, 33.681314205872724 ], [ 73.211931997677439, 33.681326133813819 ], [ 73.211946266316588, 33.68133221354968 ], [ 73.211927565938794, 33.681362887067849 ], [ 73.211790997680041, 33.681304694106814 ], [ 73.211833073573345, 33.681235679410854 ], [ 73.211893203837903, 33.681261301485932 ], [ 73.211889049029537, 33.681268118234669 ], [ 73.211927776933692, 33.681284620237044 ], [ 73.211923101837016, 33.681292288841668 ], [ 73.21193533148822, 33.68129749952061 ] ] ] } },
{ "type": "Feature", "id": 229, "properties": { "FID": 229, "SolarPV_Area(sqm)": 0.0, "Rooftop_Area(sqm)": 125.123136487, "class": "rooftops" }, "geometry": { "type": "Polygon", "coordinates": [ [ [ 73.21261756183371, 33.68125943577791 ], [ 73.212645305356546, 33.681270238168452 ], [ 73.212672291381864, 33.681285171416299 ], [ 73.212690698929705, 33.68129650964255 ], [ 73.212687569655188, 33.681308604878822 ], [ 73.21267114479663, 33.681333110875748 ], [ 73.212657917578767, 33.681328722677421 ], [ 73.212630031098726, 33.681315550177111 ], [ 73.212606396753003, 33.681350519682553 ], [ 73.212499833031217, 33.681300180454691 ], [ 73.212547102836353, 33.681230241496245 ], [ 73.212587202621478, 33.681245974997402 ], [ 73.21261756183371, 33.68125943577791 ] ] ] } },
{ "type": "Feature", "id": 230, "properties": { "FID": 230, "SolarPV_Area(sqm)": 0.0, "Rooftop_Area(sqm)": 141.57148604400001, "class": "rooftops" }, "geometry": { "type": "Polygon", "coordinates": [ [ [ 73.213179172491962, 33.681296568931948 ], [ 73.213129384007019, 33.681369711764845 ], [ 73.212987213748818, 33.681302072415576 ], [ 73.213037002309846, 33.68122892964189 ], [ 73.213179172491962, 33.681296568931948 ] ] ] } },
{ "type": "Feature", "id": 231, "properties": { "FID": 231, "SolarPV_Area(sqm)": 0.0, "Rooftop_Area(sqm)": 123.704116114, "class": "rooftops" }, "geometry": { "type": "Polygon", "coordinates": [ [ [ 73.211960608619449, 33.681267281896304 ], [ 73.211950615330267, 33.68126262841708 ], [ 73.211941152721536, 33.681276831379932 ], [ 73.211841218782908, 33.681230297422921 ], [ 73.211891313887364, 33.681155105336352 ], [ 73.212026225367694, 33.681217925527484 ], [ 73.212002848260255, 33.68125301586673 ], [ 73.211989856120823, 33.681246966335493 ], [ 73.211979836885604, 33.681262005300511 ], [ 73.211967844722437, 33.681256421124068 ], [ 73.211960608619449, 33.681267281896304 ] ] ] } },
{ "type": "Feature", "id": 232, "properties": { "FID": 232, "SolarPV_Area(sqm)": 0.0, "Rooftop_Area(sqm)": 135.76438637300001, "class": "rooftops" }, "geometry": { "type": "Polygon", "coordinates": [ [ [ 73.211645655309752, 33.681192263377355 ], [ 73.211630768893158, 33.681185130416743 ], [ 73.211654659928101, 33.681150282951137 ], [ 73.211801540731386, 33.681220665740312 ], [ 73.211752620902033, 33.681292019740319 ], [ 73.211620626424533, 33.681228770756299 ], [ 73.211645655309752, 33.681192263377355 ] ] ] } },
{ "type": "Feature", "id": 233, "properties": { "FID": 233, "SolarPV_Area(sqm)": 28.6176044766, "Rooftop_Area(sqm)": 120.569157299, "class": "rooftops" }, "geometry": { "type": "Polygon", "coordinates": [ [ [ 73.212699871708509, 33.681224703767924 ], [ 73.212727760402544, 33.681237872677237 ], [ 73.212695695679571, 33.68128533597816 ], [ 73.212653862608477, 33.68126558350221 ], [ 73.21265836363645, 33.681258921429226 ], [ 73.212554775515443, 33.681210011318001 ], [ 73.212598092293376, 33.681145893771415 ], [ 73.212669805104596, 33.681179754779748 ], [ 73.212679457672081, 33.68118372604377 ], [ 73.212696058923029, 33.681193010058891 ], [ 73.21271106887491, 33.681205643664185 ], [ 73.212703246666507, 33.681219707200079 ], [ 73.212699871708509, 33.681224703767924 ] ] ] } },
{ "type": "Feature", "id": 234, "properties": { "FID": 234, "SolarPV_Area(sqm)": 26.826503758600001, "Rooftop_Area(sqm)": 121.36457174900001, "class": "rooftops" }, "geometry": { "type": "Polygon", "coordinates": [ [ [ 73.213411092866963, 33.681274698835473 ], [ 73.213277625804906, 33.681206032318933 ], [ 73.213292614263921, 33.681185669830633 ], [ 73.213283846523453, 33.681181159528649 ], [ 73.213319219428826, 33.681133106361429 ], [ 73.213421511023427, 33.681185734918984 ], [ 73.213403250515142, 33.681210711346125 ], [ 73.213443192531983, 33.681231262243642 ], [ 73.213411092866963, 33.681274698835473 ] ] ] } },
{ "type": "Feature", "id": 235, "properties": { "FID": 235, "SolarPV_Area(sqm)": 0.0, "Rooftop_Area(sqm)": 112.275703495, "class": "rooftops" }, "geometry": { "type": "Polygon", "coordinates": [ [ [ 73.214539955489045, 33.681145397677248 ], [ 73.214529828359971, 33.681140950778804 ], [ 73.214554295922397, 33.681102004406952 ], [ 73.214677848259598, 33.681156254883931 ], [ 73.214632636256255, 33.681228220946629 ], [ 73.214519212058718, 33.68117841733838 ], [ 73.214539955489045, 33.681145397677248 ] ] ] } },
{ "type": "Feature", "id": 236, "properties": { "FID": 236, "SolarPV_Area(sqm)": 15.689454496, "Rooftop_Area(sqm)": 112.511273438, "class": "rooftops" }, "geometry": { "type": "Polygon", "coordinates": [ [ [ 73.214775708182941, 33.681081867264261 ], [ 73.214887252006861, 33.681134556180695 ], [ 73.214863055606344, 33.681170358463895 ], [ 73.214882973501574, 33.681179767666308 ], [ 73.214860466111688, 33.681213072106623 ], [ 73.214733982177052, 33.681153326448552 ], [ 73.214744673955792, 33.681137507020019 ], [ 73.214739693953476, 33.68113515448114 ], [ 73.214775708182941, 33.681081867264261 ] ] ] } },
{ "type": "Feature", "id": 237, "properties": { "FID": 237, "SolarPV_Area(sqm)": 0.0, "Rooftop_Area(sqm)": 140.62570445200001, "class": "rooftops" }, "geometry": { "type": "Polygon", "coordinates": [ [ [ 73.212783454830571, 33.681163317612118 ], [ 73.212760736914703, 33.681200865938948 ], [ 73.212612727544126, 33.681138276362681 ], [ 73.212658680529799, 33.681062326052924 ], [ 73.212797502493757, 33.681121031305629 ], [ 73.212774267531486, 33.681159432442747 ], [ 73.212783454830571, 33.681163317612118 ] ] ] } },
{ "type": "Feature", "id": 238, "properties": { "FID": 238, "SolarPV_Area(sqm)": 0.0, "Rooftop_Area(sqm)": 122.838301673, "class": "rooftops" }, "geometry": { "type": "Polygon", "coordinates": [ [ [ 73.214624454202237, 33.681009200109486 ], [ 73.214735492400834, 33.681058685082277 ], [ 73.214685449319447, 33.68113716877528 ], [ 73.214561288386946, 33.681081835503825 ], [ 73.214589808175887, 33.681037108734493 ], [ 73.21460293083716, 33.681042956983234 ], [ 73.214624454202237, 33.681009200109486 ] ] ] } },
{ "type": "Feature", "id": 239, "properties": { "FID": 239, "SolarPV_Area(sqm)": 0.0, "Rooftop_Area(sqm)": 104.884229252, "class": "rooftops" }, "geometry": { "type": "Polygon", "coordinates": [ [ [ 73.211907762696882, 33.681056842354565 ], [ 73.211861626714153, 33.681121805283759 ], [ 73.211745562625197, 33.681064194016287 ], [ 73.211763082661037, 33.681039524546186 ], [ 73.211746360854661, 33.681031224295474 ], [ 73.211756289113708, 33.681017245413635 ], [ 73.211781862957608, 33.68102993915921 ], [ 73.211800550679257, 33.681003625528092 ], [ 73.211907762696882, 33.681056842354565 ] ] ] } },
{ "type": "Feature", "id": 240, "properties": { "FID": 240, "SolarPV_Area(sqm)": 0.0, "Rooftop_Area(sqm)": 141.884014415, "class": "rooftops" }, "geometry": { "type": "Polygon", "coordinates": [ [ [ 73.212421291166038, 33.681054010068586 ], [ 73.21244215721498, 33.681021043948569 ], [ 73.212454289763741, 33.681026411882399 ], [ 73.212480506100718, 33.680984993342449 ], [ 73.212620033285148, 33.681046719098205 ], [ 73.212572952080933, 33.681121102929701 ], [ 73.212421291166038, 33.681054010068586 ] ] ] } },
{ "type": "Feature", "id": 241, "properties": { "FID": 241, "SolarPV_Area(sqm)": 0.0, "Rooftop_Area(sqm)": 128.340103223, "class": "rooftops" }, "geometry": { "type": "Polygon", "coordinates": [ [ [ 73.212093580516168, 33.681073879742513 ], [ 73.212086383969535, 33.681084759130826 ], [ 73.212073370651183, 33.68107874356928 ], [ 73.212054550217943, 33.68110719792368 ], [ 73.211947437250458, 33.681057680808031 ], [ 73.211998916775698, 33.680979849394731 ], [ 73.212134058507985, 33.68104232381409 ], [ 73.212108596034696, 33.681080821537719 ], [ 73.212093580516168, 33.681073879742513 ] ] ] } },
{ "type": "Feature", "id": 242, "properties": { "FID": 242, "SolarPV_Area(sqm)": 0.0, "Rooftop_Area(sqm)": 112.004645068, "class": "rooftops" }, "geometry": { "type": "Polygon", "coordinates": [ [ [ 73.212808823941572, 33.681038744587113 ], [ 73.212800752555111, 33.681051403177037 ], [ 73.212834063353029, 33.681066249336688 ], [ 73.212808233839752, 33.681106756451285 ], [ 73.212672970658431, 33.681046472300437 ], [ 73.212720325358504, 33.680972209614282 ], [ 73.212773824372107, 33.680996052626774 ], [ 73.212770057370591, 33.681001959722167 ], [ 73.212808416006695, 33.681019055783686 ], [ 73.212798730352446, 33.681034245731027 ], [ 73.212808823941572, 33.681038744587113 ] ] ] } },
{ "type": "Feature", "id": 243, "properties": { "FID": 243, "SolarPV_Area(sqm)": 40.903602550400002, "Rooftop_Area(sqm)": 170.62908533300001, "class": "rooftops" }, "geometry": { "type": "Polygon", "coordinates": [ [ [ 73.210990921227364, 33.681068354768499 ], [ 73.211009415941419, 33.681041945584766 ], [ 73.210998557350678, 33.681036630226089 ], [ 73.211004337271206, 33.681028377980681 ], [ 73.210951029897899, 33.681002285269869 ], [ 73.210957965808518, 33.680992382397747 ], [ 73.210951055998166, 33.680988999897025 ], [ 73.210971283599463, 33.680960115210212 ], [ 73.211177600228993, 33.681061099742898 ], [ 73.211142344851325, 33.68111144266512 ], [ 73.21113247289928, 33.681106610523983 ], [ 73.211123804087265, 33.681118989818273 ], [ 73.21111195774526, 33.681113191247078 ], [ 73.211104444898226, 33.681123920810954 ], [ 73.210990921227364, 33.681068354768499 ] ] ] } },
{ "type": "Feature", "id": 244, "properties": { "FID": 244, "SolarPV_Area(sqm)": 31.443877196700001, "Rooftop_Area(sqm)": 98.291644738200006, "class": "rooftops" }, "geometry": { "type": "Polygon", "coordinates": [ [ [ 73.213973195237699, 33.680962583162703 ], [ 73.213984281040609, 33.680967560679086 ], [ 73.213992939853725, 33.680954079971606 ], [ 73.214068523891868, 33.680988014176442 ], [ 73.214039840327118, 33.681032668115414 ], [ 73.214031777914713, 33.681029048188961 ], [ 73.214015541439394, 33.68105432360057 ], [ 73.213888561638427, 33.680997314905042 ], [ 73.213909668679719, 33.680964455713791 ], [ 73.213946956232832, 33.68098119687501 ], [ 73.213953992265871, 33.680970243813299 ], [ 73.213965078068568, 33.680975221331373 ], [ 73.213973195237699, 33.680962583162703 ] ] ] } },
{ "type": "Feature", "id": 245, "properties": { "FID": 245, "SolarPV_Area(sqm)": 0.0, "Rooftop_Area(sqm)": 121.47690245, "class": "rooftops" }, "geometry": { "type": "Polygon", "coordinates": [ [ [ 73.214273545879649, 33.681025305497016 ], [ 73.214247129998427, 33.681013878797771 ], [ 73.214226629164472, 33.681047003815458 ], [ 73.214113857384959, 33.680998221959008 ], [ 73.214160116245523, 33.680923478444498 ], [ 73.214237329349075, 33.680956877900933 ], [ 73.214235226908144, 33.680960276035385 ], [ 73.21429720034962, 33.680987083267411 ], [ 73.214273545879649, 33.681025305497016 ] ] ] } },
{ "type": "Feature", "id": 246, "properties": { "FID": 246, "SolarPV_Area(sqm)": 0.0, "Rooftop_Area(sqm)": 141.963537554, "class": "rooftops" }, "geometry": { "type": "Polygon", "coordinates": [ [ [ 73.211819045019254, 33.680904668045613 ], [ 73.211965649509793, 33.680969525109468 ], [ 73.21191696309613, 33.68104644556972 ], [ 73.21177844650208, 33.680985166505202 ], [ 73.211816968582127, 33.680924306460156 ], [ 73.211808879522536, 33.680920728387719 ], [ 73.211819045019254, 33.680904668045613 ] ] ] } },
{ "type": "Feature", "id": 247, "properties": { "FID": 247, "SolarPV_Area(sqm)": 86.107043336999993, "Rooftop_Area(sqm)": 118.823132884, "class": "rooftops" }, "geometry": { "type": "Polygon", "coordinates": [ [ [ 73.213986070686715, 33.680901532890445 ], [ 73.214013396444585, 33.680861718063703 ], [ 73.214030264074282, 33.680869809105026 ], [ 73.214033110104936, 33.680865661532778 ], [ 73.214144232644983, 33.680918969944578 ], [ 73.214095272168919, 33.680990304488262 ], [ 73.213986132898242, 33.680937949016844 ], [ 73.213994673159348, 33.680925506334638 ], [ 73.213984752101283, 33.680920746752356 ], [ 73.213994999531096, 33.680905816422673 ], [ 73.213986070686715, 33.680901532890445 ] ] ] } },
{ "type": "Feature", "id": 248, "properties": { "FID": 248, "SolarPV_Area(sqm)": 0.0, "Rooftop_Area(sqm)": 114.04602752300001, "class": "rooftops" }, "geometry": { "type": "Polygon", "coordinates": [ [ [ 73.211883292294459, 33.680865803838309 ], [ 73.211889874526122, 33.680855733474026 ], [ 73.211896901191707, 33.680858943572773 ], [ 73.211913906451258, 33.680832928403888 ], [ 73.212018299831286, 33.680880624290225 ], [ 73.211972769091943, 33.680950278007018 ], [ 73.211832804902983, 33.680886454905448 ], [ 73.211854748216254, 33.680852886768683 ], [ 73.211883292294459, 33.680865803838309 ] ] ] } },
{ "type": "Feature", "id": 249, "properties": { "FID": 249, "SolarPV_Area(sqm)": 30.3527565813, "Rooftop_Area(sqm)": 141.16341174900001, "class": "rooftops" }, "geometry": { "type": "Polygon", "coordinates": [ [ [ 73.214308869814715, 33.680971558459305 ], [ 73.214171116082539, 33.680907109833598 ], [ 73.2142208329482, 33.680832836504713 ], [ 73.214365575459482, 33.680900554904966 ], [ 73.214344347786792, 33.680932267187892 ], [ 73.214337360008116, 33.680928997370302 ], [ 73.214308869814715, 33.680971558459305 ] ] ] } },
{ "type": "Feature", "id": 250, "properties": { "FID": 250, "SolarPV_Area(sqm)": 0.0, "Rooftop_Area(sqm)": 106.942387638, "class": "rooftops" }, "geometry": { "type": "Polygon", "coordinates": [ [ [ 73.211416158337556, 33.680824325399527 ], [ 73.211487863679068, 33.680858198697791 ], [ 73.211463104009965, 33.680894833486853 ], [ 73.211507919899105, 33.680916003836522 ], [ 73.211485972185045, 33.680948475294585 ], [ 73.21134455359693, 33.680881669183201 ], [ 73.211384507792914, 33.680822555094331 ], [ 73.211409406189205, 33.680834316627305 ], [ 73.211416158337556, 33.680824325399527 ] ] ] } },
{ "type": "Feature", "id": 251, "properties": { "FID": 251, "SolarPV_Area(sqm)": 0.0, "Rooftop_Area(sqm)": 149.72492746099999, "class": "rooftops" }, "geometry": { "type": "Polygon", "coordinates": [ [ [ 73.211285388303395, 33.680890453359048 ], [ 73.211233121035434, 33.680965253037179 ], [ 73.211175158455816, 33.680938263391639 ], [ 73.211147514293273, 33.680924501608978 ], [ 73.211110455374822, 33.680906176712497 ], [ 73.211120220875188, 33.680892977359463 ], [ 73.211107228854971, 33.68088692773884 ], [ 73.211120808464216, 33.680865604576894 ], [ 73.211104843385229, 33.68085373968723 ], [ 73.211131896630974, 33.680814073073194 ], [ 73.211285388303395, 33.680890453359048 ] ] ] } },
{ "type": "Feature", "id": 252, "properties": { "FID": 252, "SolarPV_Area(sqm)": 27.949460906599999, "Rooftop_Area(sqm)": 122.580024716, "class": "rooftops" }, "geometry": { "type": "Polygon", "coordinates": [ [ [ 73.212055746456556, 33.680888204547273 ], [ 73.212105287749367, 33.68081275545989 ], [ 73.21223764982048, 33.680873502327451 ], [ 73.212210676787791, 33.680914579817347 ], [ 73.21218661123244, 33.680903534777372 ], [ 73.21216404196359, 33.680937906409724 ], [ 73.212055746456556, 33.680888204547273 ] ] ] } },
{ "type": "Feature", "id": 253, "properties": { "FID": 253, "SolarPV_Area(sqm)": 32.054205106700003, "Rooftop_Area(sqm)": 114.098019605, "class": "rooftops" }, "geometry": { "type": "Polygon", "coordinates": [ [ [ 73.214074829236068, 33.680789965981177 ], [ 73.214080210386825, 33.680781526565532 ], [ 73.214187210078947, 33.680829212325285 ], [ 73.214140933557701, 33.68090178864658 ], [ 73.214008697549687, 33.68084285636958 ], [ 73.214024839931369, 33.680817539017518 ], [ 73.214044019350055, 33.680826086407052 ], [ 73.21406877242498, 33.680787265998326 ], [ 73.214074829236068, 33.680789965981177 ] ] ] } },
{ "type": "Feature", "id": 254, "properties": { "FID": 254, "SolarPV_Area(sqm)": 22.748443325, "Rooftop_Area(sqm)": 127.00150241199999, "class": "rooftops" }, "geometry": { "type": "Polygon", "coordinates": [ [ [ 73.211216848315686, 33.68076538305948 ], [ 73.211229008001382, 33.680749181207595 ], [ 73.211338500668575, 33.680806615745368 ], [ 73.211286823666399, 33.680875472324381 ], [ 73.211146324772116, 33.680801773564859 ], [ 73.211174898223049, 33.680763699833193 ], [ 73.211196215626472, 33.680774882022334 ], [ 73.211207158489586, 33.680760300164913 ], [ 73.211216848315686, 33.68076538305948 ] ] ] } },
{ "type": "Feature", "id": 255, "properties": { "FID": 255, "SolarPV_Area(sqm)": 15.5817282308, "Rooftop_Area(sqm)": 140.26596659200001, "class": "rooftops" }, "geometry": { "type": "Polygon", "coordinates": [ [ [ 73.21190658509596, 33.680780766953731 ], [ 73.211934889373907, 33.68073702784168 ], [ 73.212073731278707, 33.680799825504828 ], [ 73.212025832143823, 33.680873844695277 ], [ 73.211877935647863, 33.680806951747748 ], [ 73.211897530604759, 33.680776670825239 ], [ 73.21190658509596, 33.680780766953731 ] ] ] } },
{ "type": "Feature", "id": 256, "properties": { "FID": 256, "SolarPV_Area(sqm)": 29.3706514647, "Rooftop_Area(sqm)": 122.193412892, "class": "rooftops" }, "geometry": { "type": "Polygon", "coordinates": [ [ [ 73.21152001586745, 33.680818461530656 ], [ 73.211512046448846, 33.680824626974342 ], [ 73.211506192328628, 33.680829226009017 ], [ 73.211498730244585, 33.680842143121751 ], [ 73.21149095305465, 33.680851057231429 ], [ 73.211443235294993, 33.680828498524178 ], [ 73.2113963847317, 33.680806567359994 ], [ 73.211437673575503, 33.680735090394023 ], [ 73.211592184482086, 33.680797472479334 ], [ 73.211568803664846, 33.680837947142393 ], [ 73.21152001586745, 33.680818461530656 ] ] ] } },
{ "type": "Feature", "id": 257, "properties": { "FID": 257, "SolarPV_Area(sqm)": 37.459516850100002, "Rooftop_Area(sqm)": 153.237139324, "class": "rooftops" }, "geometry": { "type": "Polygon", "coordinates": [ [ [ 73.21125291816054, 33.680666394289197 ], [ 73.21126217073072, 33.680654313805455 ], [ 73.211399926624779, 33.680728059289152 ], [ 73.211343792663016, 33.680801347583973 ], [ 73.211198330080293, 33.680723476677926 ], [ 73.211245211537971, 33.680662268933887 ], [ 73.21125291816054, 33.680666394289197 ] ] ] } },
{ "type": "Feature", "id": 258, "properties": { "FID": 258, "SolarPV_Area(sqm)": 0.0, "Rooftop_Area(sqm)": 122.220121694, "class": "rooftops" }, "geometry": { "type": "Polygon", "coordinates": [ [ [ 73.211609889439714, 33.680699087947339 ], [ 73.211587379870537, 33.680732391740783 ], [ 73.211622236989825, 33.680748857638967 ], [ 73.21159747633169, 33.680785492442865 ], [ 73.211452073552408, 33.680716805404657 ], [ 73.211499343846128, 33.680646866858268 ], [ 73.211609889439714, 33.680699087947339 ] ] ] } },
{ "type": "Feature", "id": 259, "properties": { "FID": 259, "SolarPV_Area(sqm)": 17.855046731600002, "Rooftop_Area(sqm)": 115.177441405, "class": "rooftops" }, "geometry": { "type": "Polygon", "coordinates": [ [ [ 73.212084591953143, 33.680579585064237 ], [ 73.2121783139456, 33.680621665263423 ], [ 73.212173984957715, 33.680628405557705 ], [ 73.21218204619025, 33.680632024684812 ], [ 73.212139832074826, 33.680697741552251 ], [ 73.212005799628415, 33.680637562871055 ], [ 73.212030695670677, 33.680598807176935 ], [ 73.212050850310561, 33.680607856842848 ], [ 73.212057344882922, 33.680597746423821 ], [ 73.212069438318707, 33.680603176050255 ], [ 73.212084591953143, 33.680579585064237 ] ] ] } },
{ "type": "Feature", "id": 260, "properties": { "FID": 260, "SolarPV_Area(sqm)": 29.076108334899999, "Rooftop_Area(sqm)": 149.22044648599999, "class": "rooftops" }, "geometry": { "type": "Polygon", "coordinates": [ [ [ 73.21145188750647, 33.680653039574224 ], [ 73.211458617508058, 33.680656666528314 ], [ 73.211412752467382, 33.680716146855325 ], [ 73.211265653744633, 33.68063686632366 ], [ 73.211286107309107, 33.680610342074402 ], [ 73.211273608469227, 33.680603605250646 ], [ 73.211303979002793, 33.680564220183015 ], [ 73.211376086604659, 33.680603083440488 ], [ 73.211373607096505, 33.680606298416897 ], [ 73.211413025930995, 33.680627543058733 ], [ 73.21141984377175, 33.680618701634081 ], [ 73.211461184851686, 33.680640983169198 ], [ 73.21145188750647, 33.680653039574224 ] ] ] } },
{ "type": "Feature", "id": 261, "properties": { "FID": 261, "SolarPV_Area(sqm)": 49.83719518, "Rooftop_Area(sqm)": 159.59229377299999, "class": "rooftops" }, "geometry": { "type": "Polygon", "coordinates": [ [ [ 73.211574572668994, 33.680565507243365 ], [ 73.211707871834747, 33.680622739613646 ], [ 73.211656658360724, 33.680706108010703 ], [ 73.211530482727525, 33.680651933804938 ], [ 73.21153518561448, 33.680644277339788 ], [ 73.211510764535461, 33.680633792432467 ], [ 73.211554138543761, 33.680563184253813 ], [ 73.211571437050821, 33.680570611850023 ], [ 73.211574572668994, 33.680565507243365 ] ] ] } },
{ "type": "Feature", "id": 262, "properties": { "FID": 262, "SolarPV_Area(sqm)": 18.8622938444, "Rooftop_Area(sqm)": 119.339989116, "class": "rooftops" }, "geometry": { "type": "Polygon", "coordinates": [ [ [ 73.211449767336703, 33.680618233085447 ], [ 73.211444856344613, 33.680624688084315 ], [ 73.211335787470603, 33.680566693467611 ], [ 73.211356045775261, 33.680540064478961 ], [ 73.21134639365485, 33.680534932544106 ], [ 73.211359284912362, 33.680517986489576 ], [ 73.211350598340616, 33.680513367212306 ], [ 73.211368401662497, 33.680489966176978 ], [ 73.211490018123001, 33.680554632444057 ], [ 73.211475285127463, 33.680573999248615 ], [ 73.211492658297956, 33.680583237785761 ], [ 73.211461350550792, 33.680624391227084 ], [ 73.211449767336703, 33.680618233085447 ] ] ] } },
{ "type": "Feature", "id": 263, "properties": { "FID": 263, "SolarPV_Area(sqm)": 42.5594845448, "Rooftop_Area(sqm)": 121.297355139, "class": "rooftops" }, "geometry": { "type": "Polygon", "coordinates": [ [ [ 73.211680330961485, 33.680517119906177 ], [ 73.211725173239884, 33.680536228213164 ], [ 73.211705434553053, 33.680568605443781 ], [ 73.211723778839797, 33.680576422390793 ], [ 73.211703000645912, 33.680610503344134 ], [ 73.211560320033115, 33.680549704831726 ], [ 73.211604473644996, 33.680477281837938 ], [ 73.211683967616679, 33.68051115504813 ], [ 73.211680330961485, 33.680517119906177 ] ] ] } },
{ "type": "Feature", "id": 264, "properties": { "FID": 264, "SolarPV_Area(sqm)": 0.0, "Rooftop_Area(sqm)": 82.484731494399995, "class": "rooftops" }, "geometry": { "type": "Polygon", "coordinates": [ [ [ 73.211436713891246, 33.680435025709102 ], [ 73.211547573211334, 33.680495988625715 ], [ 73.211511742510481, 33.680541530438219 ], [ 73.211386547432838, 33.680472684086133 ], [ 73.211416721706399, 33.680434333180401 ], [ 73.211431056352225, 33.68044221656384 ], [ 73.211436713891246, 33.680435025709102 ] ] ] } },
{ "type": "Feature", "id": 265, "properties": { "FID": 265, "SolarPV_Area(sqm)": 0.0, "Rooftop_Area(sqm)": 136.305256074, "class": "rooftops" }, "geometry": { "type": "Polygon", "coordinates": [ [ [ 73.211784137131716, 33.680487206704029 ], [ 73.211757386456071, 33.680529470434131 ], [ 73.211613815170139, 33.680465954688792 ], [ 73.21165822271449, 33.680395796984406 ], [ 73.211811904104849, 33.680463785700802 ], [ 73.211794248395876, 33.680491679745892 ], [ 73.211784137131716, 33.680487206704029 ] ] ] } },
{ "type": "Feature", "id": 266, "properties": { "FID": 266, "SolarPV_Area(sqm)": 0.0, "Rooftop_Area(sqm)": 112.47695130699999, "class": "rooftops" }, "geometry": { "type": "Polygon", "coordinates": [ [ [ 73.211501406307704, 33.680373827729362 ], [ 73.21152416818515, 33.680342868592113 ], [ 73.211607977024002, 33.680385936522939 ], [ 73.211601986888198, 33.680394083856292 ], [ 73.21161562988469, 33.680401094213764 ], [ 73.211568308117592, 33.680465457334073 ], [ 73.211443570303231, 33.68040135645257 ], [ 73.211468129139305, 33.680367953398012 ], [ 73.211486645292439, 33.680377468192027 ], [ 73.211492635437637, 33.68036932086455 ], [ 73.211501406307704, 33.680373827729362 ] ] ] } },
{ "type": "Feature", "id": 267, "properties": { "FID": 267, "SolarPV_Area(sqm)": 47.641331343899999, "Rooftop_Area(sqm)": 277.70573893, "class": "rooftops" }, "geometry": { "type": "Polygon", "coordinates": [ [ [ 73.220924387649504, 33.689782704774416 ], [ 73.220916027825211, 33.689779591399983 ], [ 73.220949549761244, 33.689716696075635 ], [ 73.220958954421249, 33.689720198729887 ], [ 73.220989682199786, 33.689662543909876 ], [ 73.221117172367784, 33.689710025703711 ], [ 73.221025453743977, 33.689882114997559 ], [ 73.220905278349747, 33.689837358098252 ], [ 73.220908538166654, 33.689831243261501 ], [ 73.220900178338354, 33.689828129885889 ], [ 73.220924387649504, 33.689782704774416 ] ] ] } },
{ "type": "Feature", "id": 268, "properties": { "FID": 268, "SolarPV_Area(sqm)": 45.129120749800002, "Rooftop_Area(sqm)": 282.20590325199998, "class": "rooftops" }, "geometry": { "type": "Polygon", "coordinates": [ [ [ 73.22092158971968, 33.689667593349974 ], [ 73.220934962011327, 33.689673033338295 ], [ 73.220928455431192, 33.689684211739063 ], [ 73.220939770528318, 33.689688815014883 ], [ 73.220912238980134, 33.689736110344093 ], [ 73.220901951929093, 33.689731925864876 ], [ 73.220889437568417, 33.689753424147987 ], [ 73.220898696570501, 33.68975718982901 ], [ 73.220892188881876, 33.689768369113331 ], [ 73.220902475936697, 33.689772553593478 ], [ 73.220895968247291, 33.689783732877942 ], [ 73.220905226174438, 33.689787498543048 ], [ 73.220891210940238, 33.689811576812673 ], [ 73.22087063682369, 33.689803207849479 ], [ 73.220864630141747, 33.689813526846464 ], [ 73.220723698832188, 33.689756199551411 ], [ 73.220818807007674, 33.689592814486524 ], [ 73.220882586400961, 33.689618758100288 ], [ 73.220877079668568, 33.689628216797381 ], [ 73.220909997980613, 33.689641606949998 ], [ 73.220905493237552, 33.689649346879797 ], [ 73.220927095390152, 33.689658133733808 ], [ 73.22092158971968, 33.689667593349974 ] ] ] } },
{ "type": "Feature", "id": 269, "properties": { "FID": 269, "SolarPV_Area(sqm)": 60.478311188399999, "Rooftop_Area(sqm)": 252.52866310900001, "class": "rooftops" }, "geometry": { "type": "Polygon", "coordinates": [ [ [ 73.220547359299132, 33.689670848155856 ], [ 73.220429419517757, 33.689615945643567 ], [ 73.220453908902229, 33.689579182544229 ], [ 73.220447912482413, 33.689576391752688 ], [ 73.220524165646594, 33.689461925874511 ], [ 73.220634109722411, 33.689513106042156 ], [ 73.220627987127827, 33.689522297048832 ], [ 73.220637981853343, 33.689526949866334 ], [ 73.220615161294774, 33.689561205778411 ], [ 73.220624156982367, 33.689565393321416 ], [ 73.220559035874501, 33.689663148430128 ], [ 73.220554038506165, 33.689660822018141 ], [ 73.220547359299132, 33.689670848155856 ] ] ] } },
{ "type": "Feature", "id": 270, "properties": { "FID": 270, "SolarPV_Area(sqm)": 0.0, "Rooftop_Area(sqm)": 226.77670598099999, "class": "rooftops" }, "geometry": { "type": "Polygon", "coordinates": [ [ [ 73.220375234103713, 33.689394706867027 ], [ 73.220488980434965, 33.68944804035646 ], [ 73.220427978725084, 33.68953895530715 ], [ 73.220434963007307, 33.689542230152824 ], [ 73.220395787246204, 33.68960061529301 ], [ 73.220276053330124, 33.689544474811974 ], [ 73.22030123824581, 33.689506941734351 ], [ 73.220311216253876, 33.689511619586639 ], [ 73.220346474454644, 33.689459072894905 ], [ 73.220335498564609, 33.689453926177222 ], [ 73.220375234103713, 33.689394706867027 ] ] ] } },
{ "type": "Feature", "id": 271, "properties": { "FID": 271, "SolarPV_Area(sqm)": 48.663690521, "Rooftop_Area(sqm)": 138.66733775700001, "class": "rooftops" }, "geometry": { "type": "Polygon", "coordinates": [ [ [ 73.220071000947001, 33.689315498249243 ], [ 73.220093545830963, 33.689277720666794 ], [ 73.220109618157778, 33.689285041961945 ], [ 73.220112903281773, 33.689280003321258 ], [ 73.220202309514676, 33.689320726802087 ], [ 73.220118562041023, 33.689449210701312 ], [ 73.220111529919393, 33.689446007290215 ], [ 73.220106602762186, 33.689453565258411 ], [ 73.220083498266078, 33.689443041450915 ], [ 73.220078572203661, 33.68945059853197 ], [ 73.220015284127214, 33.689421772321218 ], [ 73.220032799450394, 33.689394899507775 ], [ 73.220081413387135, 33.68941712884061 ], [ 73.220105160488259, 33.689376765173535 ], [ 73.220094144303431, 33.689366040413979 ], [ 73.220099618438454, 33.689357642664895 ], [ 73.220115069635, 33.689335395027179 ], [ 73.220097688872926, 33.689325453276048 ], [ 73.2200885098041, 33.689319803089298 ], [ 73.220078897858343, 33.689317777185721 ], [ 73.220071000947001, 33.689315498249243 ] ] ] } },
{ "type": "Feature", "id": 272, "properties": { "FID": 272, "SolarPV_Area(sqm)": 47.563332899499997, "Rooftop_Area(sqm)": 128.759122838, "class": "rooftops" }, "geometry": { "type": "Polygon", "coordinates": [ [ [ 73.219889650946712, 33.689205935191019 ], [ 73.219868717947307, 33.689236688641046 ], [ 73.219863746207693, 33.689234324696805 ], [ 73.21982640562041, 33.689289183132168 ], [ 73.219867171827346, 33.689308574305535 ], [ 73.219853594318366, 33.689328522349804 ], [ 73.219741235920651, 33.689275079333797 ], [ 73.219821758069187, 33.68915968437755 ], [ 73.219865364066806, 33.689179988486494 ], [ 73.219875566665721, 33.689165507924237 ], [ 73.21989626603947, 33.689175323488293 ], [ 73.219879707507189, 33.689201205501064 ], [ 73.219889650946712, 33.689205935191019 ] ] ] } },
{ "type": "Feature", "id": 273, "properties": { "FID": 273, "SolarPV_Area(sqm)": 0.0, "Rooftop_Area(sqm)": 223.03166248299999, "class": "rooftops" }, "geometry": { "type": "Polygon", "coordinates": [ [ [ 73.220904171755876, 33.689161965000196 ], [ 73.220912467959991, 33.689167063153683 ], [ 73.220923987108662, 33.689153964036151 ], [ 73.220938735578699, 33.689163026410618 ], [ 73.22094822110617, 33.689152238994161 ], [ 73.220987857144848, 33.689176594896175 ], [ 73.22099395583669, 33.68916965975189 ], [ 73.221035434778997, 33.689195148650832 ], [ 73.220914148825273, 33.689333075981985 ], [ 73.220899400329742, 33.689324013603972 ], [ 73.220893979865124, 33.689330177579471 ], [ 73.220811020870173, 33.689279200558857 ], [ 73.220817118505039, 33.68927226540859 ], [ 73.220810666256128, 33.689268300278442 ], [ 73.220904171755876, 33.689161965000196 ] ] ] } },
{ "type": "Feature", "id": 274, "properties": { "FID": 274, "SolarPV_Area(sqm)": 38.504880135500002, "Rooftop_Area(sqm)": 190.64302270499999, "class": "rooftops" }, "geometry": { "type": "Polygon", "coordinates": [ [ [ 73.21915575863099, 33.688860009061038 ], [ 73.219163104898954, 33.688845994173541 ], [ 73.219230165136793, 33.688870560227592 ], [ 73.219159452737671, 33.689005451781377 ], [ 73.219081913942972, 33.688977047283181 ], [ 73.219086964930582, 33.688967411663185 ], [ 73.219063913784268, 33.688958967916392 ], [ 73.219068046205024, 33.688951084716841 ], [ 73.219025085236837, 33.688935347169796 ], [ 73.219030595493493, 33.688924836244006 ], [ 73.219040025792097, 33.688928290716085 ], [ 73.219063443573376, 33.688883618362986 ], [ 73.21907182568232, 33.688886689798707 ], [ 73.219092029569921, 33.688848149120801 ], [ 73.21914232446899, 33.688866573238492 ], [ 73.219147375424313, 33.688856938516942 ], [ 73.21915575863099, 33.688860009061038 ] ] ] } },
{ "type": "Feature", "id": 275, "properties": { "FID": 275, "SolarPV_Area(sqm)": 0.0, "Rooftop_Area(sqm)": 271.12345547199999, "class": "rooftops" }, "geometry": { "type": "Polygon", "coordinates": [ [ [ 73.220860955549611, 33.688838172896439 ], [ 73.220873801477623, 33.688846168136138 ], [ 73.220877900625055, 33.688841565931057 ], [ 73.220941214282618, 33.688880974327638 ], [ 73.220946680529053, 33.688874838061508 ], [ 73.220980631039609, 33.688895969414979 ], [ 73.220843303971193, 33.689050147296072 ], [ 73.220828622893791, 33.689041009230891 ], [ 73.22082384017169, 33.689046378913154 ], [ 73.220728411095351, 33.688986980963534 ], [ 73.220860955549611, 33.688838172896439 ] ] ] } },
{ "type": "Feature", "id": 276, "properties": { "FID": 276, "SolarPV_Area(sqm)": 38.6835308478, "Rooftop_Area(sqm)": 248.747873529, "class": "rooftops" }, "geometry": { "type": "Polygon", "coordinates": [ [ [ 73.220254306984401, 33.68893953808761 ], [ 73.22026091616614, 33.688943318841027 ], [ 73.22021698137074, 33.688996984942847 ], [ 73.220192434974521, 33.688982942420331 ], [ 73.220185328271924, 33.688991624155065 ], [ 73.220173054537042, 33.688984602883586 ], [ 73.220166594101045, 33.688992494961724 ], [ 73.220080681245221, 33.688943346070786 ], [ 73.220200208920289, 33.688797341434991 ], [ 73.22029839435362, 33.688853511485874 ], [ 73.22028999515824, 33.688863771638431 ], [ 73.220300380709105, 33.68886971242825 ], [ 73.220272598100408, 33.688903648803922 ], [ 73.22028015083005, 33.688907969783664 ], [ 73.220254306984401, 33.68893953808761 ] ] ] } },
{ "type": "Feature", "id": 277, "properties": { "FID": 277, "SolarPV_Area(sqm)": 42.810992486700002, "Rooftop_Area(sqm)": 281.98022528000001, "class": "rooftops" }, "geometry": { "type": "Polygon", "coordinates": [ [ [ 73.220622368270185, 33.688855737614638 ], [ 73.220631348305133, 33.688859948376752 ], [ 73.220659890593609, 33.688817410064331 ], [ 73.220668870626611, 33.688821620823674 ], [ 73.220696293297976, 33.688780749977305 ], [ 73.22070627122821, 33.68878542869767 ], [ 73.220714106260786, 33.688773751826176 ], [ 73.220828849915591, 33.688827552951494 ], [ 73.220767288162889, 33.688919301376707 ], [ 73.220759305997063, 33.688915559488912 ], [ 73.220732443130586, 33.688955595257639 ], [ 73.220721468356999, 33.688950448590745 ], [ 73.220700761105661, 33.688981310046451 ], [ 73.220577037296806, 33.688923298033821 ], [ 73.220622368270185, 33.688855737614638 ] ] ] } },
{ "type": "Feature", "id": 278, "properties": { "FID": 278, "SolarPV_Area(sqm)": 35.966752395299999, "Rooftop_Area(sqm)": 176.940931455, "class": "rooftops" }, "geometry": { "type": "Polygon", "coordinates": [ [ [ 73.22063615429812, 33.688808967560973 ], [ 73.220577430072979, 33.688876142977669 ], [ 73.220586666453357, 33.6888817858378 ], [ 73.220545491839431, 33.688928885462623 ], [ 73.220524248143064, 33.688915907777655 ], [ 73.220528972268582, 33.688910502995782 ], [ 73.220484637621553, 33.688883419043655 ], [ 73.220478562357783, 33.688890368026719 ], [ 73.220436073951362, 33.688864411714384 ], [ 73.220477923619669, 33.688816540017299 ], [ 73.220480694548343, 33.688818231976029 ], [ 73.220540093814208, 33.688750285397781 ], [ 73.220574268406907, 33.688771162182817 ], [ 73.220570219301237, 33.688775795758616 ], [ 73.220602546636783, 33.68879554396414 ], [ 73.220606597879993, 33.688790911319835 ], [ 73.22063615429812, 33.688808967560973 ] ] ] } },
{ "type": "Feature", "id": 279, "properties": { "FID": 279, "SolarPV_Area(sqm)": 55.530274142700002, "Rooftop_Area(sqm)": 129.206069654, "class": "rooftops" }, "geometry": { "type": "Polygon", "coordinates": [ [ [ 73.220073385992251, 33.688775085401083 ], [ 73.220047223400059, 33.688763255949461 ], [ 73.220066817487833, 33.688732973733281 ], [ 73.220181528237291, 33.688784842487586 ], [ 73.22014016287963, 33.688848770742965 ], [ 73.220130100338267, 33.688844220612872 ], [ 73.220083291802752, 33.688916560571506 ], [ 73.220034992652245, 33.688894720834135 ], [ 73.220070916082179, 33.688839204356121 ], [ 73.220057834236627, 33.6888332896227 ], [ 73.220085592443297, 33.688790390263428 ], [ 73.220068486670101, 33.688782655493242 ], [ 73.220073385992251, 33.688775085401083 ] ] ] } },
{ "type": "Feature", "id": 280, "properties": { "FID": 280, "SolarPV_Area(sqm)": 41.130286424099999, "Rooftop_Area(sqm)": 178.00878889800001, "class": "rooftops" }, "geometry": { "type": "Polygon", "coordinates": [ [ [ 73.219750921082678, 33.688696883014877 ], [ 73.219740557718197, 33.688690915446408 ], [ 73.219769761961444, 33.688655475690844 ], [ 73.219761283437691, 33.688650593062746 ], [ 73.219806062871825, 33.688596252146937 ], [ 73.219811716303809, 33.688599506945351 ], [ 73.21981690766809, 33.688593207155641 ], [ 73.219917712954398, 33.688651256669949 ], [ 73.219829450865745, 33.688758363828157 ], [ 73.219789882222955, 33.688735577611084 ], [ 73.219782743521662, 33.688744240826068 ], [ 73.219769553978153, 33.688736645416917 ], [ 73.219755924960054, 33.688753184024776 ], [ 73.219730488287794, 33.688738536119828 ], [ 73.219740222691968, 33.688726722564269 ], [ 73.219730801753272, 33.688721297013693 ], [ 73.219750921082678, 33.688696883014877 ] ] ] } },
{ "type": "Feature", "id": 281, "properties": { "FID": 281, "SolarPV_Area(sqm)": 30.263085956099999, "Rooftop_Area(sqm)": 219.22851497100001, "class": "rooftops" }, "geometry": { "type": "Polygon", "coordinates": [ [ [ 73.218562285727288, 33.688579235709099 ], [ 73.218559990520589, 33.688586641298343 ], [ 73.218603181134526, 33.688595995087852 ], [ 73.218559860773013, 33.688735785646223 ], [ 73.218552109054642, 33.688734107482325 ], [ 73.218546084365457, 33.688753548396008 ], [ 73.218530579885254, 33.688750190247333 ], [ 73.218527998022097, 33.688758522326765 ], [ 73.218446046631087, 33.688740775826865 ], [ 73.218448341870811, 33.688733369338863 ], [ 73.218423977368673, 33.688728093382949 ], [ 73.218456970504519, 33.688621630290278 ], [ 73.218465829446004, 33.688623548067262 ], [ 73.218472715110835, 33.688601330404126 ], [ 73.218509261287309, 33.688609243861819 ], [ 73.218512129776627, 33.688599986192784 ], [ 73.218499948071468, 33.68859734868073 ], [ 73.218503390917405, 33.688586238946549 ], [ 73.218516679837492, 33.68858911696671 ], [ 73.218522417890753, 33.688570601643576 ], [ 73.218562285727288, 33.688579235709099 ] ] ] } },
{ "type": "Feature", "id": 282, "properties": { "FID": 282, "SolarPV_Area(sqm)": 31.620142540900002, "Rooftop_Area(sqm)": 254.149011245, "class": "rooftops" }, "geometry": { "type": "Polygon", "coordinates": [ [ [ 73.219608023166472, 33.688727759711071 ], [ 73.219535480359212, 33.688689458451535 ], [ 73.219595960481442, 33.688609410849566 ], [ 73.219609502205344, 33.688616561370132 ], [ 73.219615610668995, 33.688608475778487 ], [ 73.219600135322537, 33.688600304541708 ], [ 73.219649618363505, 33.688534811668845 ], [ 73.219658323932165, 33.688539407207095 ], [ 73.219664433445374, 33.688531322529649 ], [ 73.219769861599929, 33.688586986879741 ], [ 73.219660508569731, 33.688731718354717 ], [ 73.219649868295548, 33.688726101182851 ], [ 73.219643759826198, 33.688734186775861 ], [ 73.219614742694006, 33.688718865924486 ], [ 73.219608023166472, 33.688727759711071 ] ] ] } },
{ "type": "Feature", "id": 283, "properties": { "FID": 283, "SolarPV_Area(sqm)": 45.308628573500002, "Rooftop_Area(sqm)": 210.08314460099999, "class": "rooftops" }, "geometry": { "type": "Polygon", "coordinates": [ [ [ 73.218320451511772, 33.688705994813304 ], [ 73.218328649984201, 33.688678135693081 ], [ 73.218314207634009, 33.688675165267526 ], [ 73.218316940805394, 33.688665879500462 ], [ 73.218291390349009, 33.688660625189272 ], [ 73.218299862590996, 33.68863183668914 ], [ 73.218289864119811, 33.688629780725336 ], [ 73.218322930648526, 33.688517415750596 ], [ 73.218376253966653, 33.688528381140138 ], [ 73.218370514960213, 33.688547882075426 ], [ 73.218439389193918, 33.688562045761188 ], [ 73.218424086242507, 33.688614050081505 ], [ 73.218431862231455, 33.688615649247652 ], [ 73.218400435040067, 33.688722443323378 ], [ 73.218320451511772, 33.688705994813304 ] ] ] } },
{ "type": "Feature", "id": 284, "properties": { "FID": 284, "SolarPV_Area(sqm)": 33.016553221199999, "Rooftop_Area(sqm)": 291.13377343799999, "class": "rooftops" }, "geometry": { "type": "Polygon", "coordinates": [ [ [ 73.220011510932466, 33.688634076057753 ], [ 73.220052490481137, 33.688653152818432 ], [ 73.220028556741738, 33.688689079795722 ], [ 73.219963590812796, 33.688658836155511 ], [ 73.219976392580605, 33.688639619973934 ], [ 73.219881441875032, 33.688595418574813 ], [ 73.219986888073365, 33.688433379754692 ], [ 73.220018533032857, 33.688442577499387 ], [ 73.220106009996485, 33.688474439509726 ], [ 73.220051029392536, 33.688574755421158 ], [ 73.220011510932466, 33.688634076057753 ] ] ] } },
{ "type": "Feature", "id": 285, "properties": { "FID": 285, "SolarPV_Area(sqm)": 66.165371535199995, "Rooftop_Area(sqm)": 189.562494544, "class": "rooftops" }, "geometry": { "type": "Polygon", "coordinates": [ [ [ 73.218128224583609, 33.688538491516617 ], [ 73.218140214864874, 33.688506556103917 ], [ 73.218157678896148, 33.688511138311824 ], [ 73.21816042070914, 33.688503838367296 ], [ 73.218276118730046, 33.688534196089542 ], [ 73.218269611027381, 33.68855153160704 ], [ 73.218278342493306, 33.688553823596116 ], [ 73.21827012034953, 33.688575721681637 ], [ 73.218279944083548, 33.688578299054136 ], [ 73.218255277613721, 33.688643994209833 ], [ 73.218236722380837, 33.68863912574507 ], [ 73.218222676297856, 33.688676535908797 ], [ 73.218140812881416, 33.688655057155671 ], [ 73.218147322793868, 33.688637720775958 ], [ 73.218129857659491, 33.688633138550301 ], [ 73.218138422313899, 33.688610327415361 ], [ 73.218166802328923, 33.688617774193105 ], [ 73.218170227985908, 33.688608649013709 ], [ 73.218134207638073, 33.688599198311685 ], [ 73.218146541455468, 33.688566350755615 ], [ 73.218137808895207, 33.688564059643248 ], [ 73.218145688620567, 33.688543073726386 ], [ 73.218128224583609, 33.688538491516617 ] ] ] } },
{ "type": "Feature", "id": 286, "properties": { "FID": 286, "SolarPV_Area(sqm)": 0.0, "Rooftop_Area(sqm)": 216.551752467, "class": "rooftops" }, "geometry": { "type": "Polygon", "coordinates": [ [ [ 73.217648725408196, 33.688528618725449 ], [ 73.217629530368853, 33.688526005279293 ], [ 73.217619966831862, 33.688575087612939 ], [ 73.2175273790305, 33.688562481317291 ], [ 73.217560664834053, 33.688391637336636 ], [ 73.217692773072457, 33.68840962386362 ], [ 73.217670152841094, 33.688525723011828 ], [ 73.217649828311991, 33.688522955301217 ], [ 73.217648725408196, 33.688528618725449 ] ] ] } },
{ "type": "Feature", "id": 287, "properties": { "FID": 287, "SolarPV_Area(sqm)": 0.0, "Rooftop_Area(sqm)": 268.378736801, "class": "rooftops" }, "geometry": { "type": "Polygon", "coordinates": [ [ [ 73.219890657998704, 33.688381132382851 ], [ 73.219968185544005, 33.688421788542819 ], [ 73.219895233345724, 33.688519003034507 ], [ 73.219890387187931, 33.688516462351288 ], [ 73.219841752306394, 33.688581271381736 ], [ 73.219727398931298, 33.688521303272296 ], [ 73.21984412329509, 33.6883657611411 ], [ 73.219885794083226, 33.68838761364168 ], [ 73.219890657998704, 33.688381132382851 ] ] ] } },
{ "type": "Feature", "id": 288, "properties": { "FID": 288, "SolarPV_Area(sqm)": 30.213132874199999, "Rooftop_Area(sqm)": 170.853461514, "class": "rooftops" }, "geometry": { "type": "Polygon", "coordinates": [ [ [ 73.220896506092089, 33.688441669363733 ], [ 73.220890636482793, 33.688438695558148 ], [ 73.22083667487054, 33.688513116884039 ], [ 73.220811238488096, 33.688500228554958 ], [ 73.220795819779752, 33.68852149202467 ], [ 73.220783102668022, 33.688515047872151 ], [ 73.220776579659841, 33.68852404375027 ], [ 73.220708097055109, 33.688489343802622 ], [ 73.220746048238638, 33.6884370034958 ], [ 73.22076072330897, 33.688444438943058 ], [ 73.220818243440618, 33.688365110075715 ], [ 73.220916075055925, 33.688414681707002 ], [ 73.220896506092089, 33.688441669363733 ] ] ] } },
{ "type": "Feature", "id": 289, "properties": { "FID": 289, "SolarPV_Area(sqm)": 25.958725661300001, "Rooftop_Area(sqm)": 238.690653363, "class": "rooftops" }, "geometry": { "type": "Polygon", "coordinates": [ [ [ 73.219165248929457, 33.688399313192278 ], [ 73.21920057670377, 33.688353495923792 ], [ 73.219211153721417, 33.688359195184141 ], [ 73.219217971431149, 33.688350353333377 ], [ 73.219240087804579, 33.688362269812025 ], [ 73.219245045662177, 33.688355838629242 ], [ 73.219271008128231, 33.68836982780406 ], [ 73.219277206242737, 33.688361789511724 ], [ 73.219327207604593, 33.688388731936463 ], [ 73.219208826974054, 33.688542260381716 ], [ 73.219188634136273, 33.688531380706721 ], [ 73.219184915485684, 33.688536202960876 ], [ 73.219154145618219, 33.688519624017353 ], [ 73.219164062424156, 33.688506762576864 ], [ 73.219095791830867, 33.688469976306401 ], [ 73.219154671910232, 33.688393613927971 ], [ 73.219165248929457, 33.688399313192278 ] ] ] } },
{ "type": "Feature", "id": 290, "properties": { "FID": 290, "SolarPV_Area(sqm)": 62.789478566900002, "Rooftop_Area(sqm)": 356.48443591400002, "class": "rooftops" }, "geometry": { "type": "Polygon", "coordinates": [ [ [ 73.217243644280586, 33.688301296174551 ], [ 73.217277535293107, 33.688305821603699 ], [ 73.217279520023055, 33.688295433919748 ], [ 73.217341652129889, 33.688303729592519 ], [ 73.217332449419303, 33.688351891895721 ], [ 73.217323411870552, 33.688350685661291 ], [ 73.217319262185484, 33.688372405286444 ], [ 73.217233406088596, 33.688360941974331 ], [ 73.217231963128455, 33.688368496905724 ], [ 73.217338153422105, 33.688382675820456 ], [ 73.21731054523724, 33.688527161820907 ], [ 73.217208874084164, 33.68851358645751 ], [ 73.217204427472794, 33.688508992699433 ], [ 73.217194314732339, 33.688506987300926 ], [ 73.21717865237251, 33.688504801709641 ], [ 73.217136544211201, 33.688493450301053 ], [ 73.217157989026163, 33.688407920479037 ], [ 73.217172992374856, 33.688355780345077 ], [ 73.217182555640974, 33.688305729545476 ], [ 73.217241299062238, 33.688313573270683 ], [ 73.217243644280586, 33.688301296174551 ] ] ] } },
{ "type": "Feature", "id": 291, "properties": { "FID": 291, "SolarPV_Area(sqm)": 0.0, "Rooftop_Area(sqm)": 195.36694104899999, "class": "rooftops" }, "geometry": { "type": "Polygon", "coordinates": [ [ [ 73.216900809441654, 33.688298418334156 ], [ 73.216912931079406, 33.688301243605061 ], [ 73.216917540056812, 33.688287426508751 ], [ 73.216972638727341, 33.688300267653027 ], [ 73.216976632515497, 33.68828829300498 ], [ 73.217024017615202, 33.688299336479716 ], [ 73.216971478635855, 33.688456860118293 ], [ 73.216846956534852, 33.688427837374469 ], [ 73.216865390406682, 33.688372566265258 ], [ 73.216875308012774, 33.688374878180099 ], [ 73.216900809441654, 33.688298418334156 ] ] ] } },
{ "type": "Feature", "id": 292, "properties": { "FID": 292, "SolarPV_Area(sqm)": 55.732884682300003, "Rooftop_Area(sqm)": 236.81057403200001, "class": "rooftops" }, "geometry": { "type": "Polygon", "coordinates": [ [ [ 73.220643976990019, 33.688280895180199 ], [ 73.220673272640838, 33.688295841961811 ], [ 73.220676848196817, 33.688290944556464 ], [ 73.220808675002672, 33.688358203580862 ], [ 73.220765360872775, 33.688416330867639 ], [ 73.220730216871871, 33.688401249369299 ], [ 73.220658829309528, 33.688492255641293 ], [ 73.220597945109432, 33.688464530252091 ], [ 73.220632104666095, 33.688415012006182 ], [ 73.220601237680171, 33.688400568310861 ], [ 73.220629148848346, 33.688362264634186 ], [ 73.22061544748361, 33.688354849510077 ], [ 73.220623195816572, 33.68834423728525 ], [ 73.220602688964831, 33.688333774441809 ], [ 73.220618184530821, 33.688312550879104 ], [ 73.220630879344441, 33.688319028092302 ], [ 73.220641607136841, 33.6883043340925 ], [ 73.22063086584869, 33.688298854422037 ], [ 73.220643976990019, 33.688280895180199 ] ] ] } },
{ "type": "Feature", "id": 293, "properties": { "FID": 293, "SolarPV_Area(sqm)": 47.8271893099, "Rooftop_Area(sqm)": 288.85443899299997, "class": "rooftops" }, "geometry": { "type": "Polygon", "coordinates": [ [ [ 73.219064101458315, 33.688468840386378 ], [ 73.219015466169296, 33.688445540858552 ], [ 73.219010915037131, 33.688452178088362 ], [ 73.218994042075849, 33.688444094838637 ], [ 73.218985509217887, 33.688456540664738 ], [ 73.218974591346864, 33.688451310801078 ], [ 73.218968902413366, 33.688459608012394 ], [ 73.218921259500746, 33.688436783560007 ], [ 73.219036161827532, 33.688269177331279 ], [ 73.21906990875469, 33.688285344732513 ], [ 73.219074458813196, 33.688278706582878 ], [ 73.219179671182289, 33.688329110101897 ], [ 73.219160331051711, 33.688357320866267 ], [ 73.219155368288682, 33.688354943497309 ], [ 73.219079146488824, 33.688466127448741 ], [ 73.219069220955575, 33.688461372703955 ], [ 73.219064101458315, 33.688468840386378 ] ] ] } },
{ "type": "Feature", "id": 294, "properties": { "FID": 294, "SolarPV_Area(sqm)": 50.811859651200002, "Rooftop_Area(sqm)": 236.9136808, "class": "rooftops" }, "geometry": { "type": "Polygon", "coordinates": [ [ [ 73.216869617051302, 33.688261273314005 ], [ 73.216864924666638, 33.688273070145122 ], [ 73.216879037629994, 33.688276992759874 ], [ 73.216821646706336, 33.68842128227822 ], [ 73.216690293486863, 33.688384772579241 ], [ 73.216755263722533, 33.688221426355817 ], [ 73.216811713390243, 33.68823711592124 ], [ 73.216808825592096, 33.688244375852527 ], [ 73.216869617051302, 33.688261273314005 ] ] ] } },
{ "type": "Feature", "id": 295, "properties": { "FID": 295, "SolarPV_Area(sqm)": 81.868092626299998, "Rooftop_Area(sqm)": 247.758593598, "class": "rooftops" }, "geometry": { "type": "Polygon", "coordinates": [ [ [ 73.21887372447253, 33.688215919606129 ], [ 73.219002877602051, 33.688267235682069 ], [ 73.218940509368139, 33.688376929370499 ], [ 73.218932242816678, 33.688373644971804 ], [ 73.218904741349661, 33.68842201338839 ], [ 73.218877877718953, 33.688411340473763 ], [ 73.218874440178368, 33.688417385963021 ], [ 73.21883414422247, 33.688401375670061 ], [ 73.218840037635871, 33.688391010952493 ], [ 73.218824539201066, 33.688384852936871 ], [ 73.218828958452377, 33.688377079387394 ], [ 73.218803127368815, 33.688366816320126 ], [ 73.218806564930716, 33.688360769931379 ], [ 73.218794166192737, 33.688355843335557 ], [ 73.21887372447253, 33.688215919606129 ] ] ] } },
{ "type": "Feature", "id": 296, "properties": { "FID": 296, "SolarPV_Area(sqm)": 57.2132437697, "Rooftop_Area(sqm)": 251.95480057899999, "class": "rooftops" }, "geometry": { "type": "Polygon", "coordinates": [ [ [ 73.218703518950875, 33.688176012157058 ], [ 73.218712973884408, 33.688179418312515 ], [ 73.218716142771868, 33.688173270660755 ], [ 73.218846418609246, 33.688220199750774 ], [ 73.218796617818157, 33.688316807753623 ], [ 73.218788212216083, 33.688313780148029 ], [ 73.218769650633931, 33.688349788848114 ], [ 73.218759144172637, 33.688346004121072 ], [ 73.218754164940222, 33.688355665110969 ], [ 73.218703735656675, 33.688337498612142 ], [ 73.21869875534027, 33.688347159584069 ], [ 73.21868509759824, 33.688342239169927 ], [ 73.218679211577552, 33.688353656350543 ], [ 73.218622479727202, 33.688333219357737 ], [ 73.218703518950875, 33.688176012157058 ] ] ] } },
{ "type": "Feature", "id": 297, "properties": { "FID": 297, "SolarPV_Area(sqm)": 0.0, "Rooftop_Area(sqm)": 163.94840004, "class": "rooftops" }, "geometry": { "type": "Polygon", "coordinates": [ [ [ 73.216532862112075, 33.688226704805203 ], [ 73.216523956765727, 33.688241238983522 ], [ 73.216508809663793, 33.688281366305304 ], [ 73.216502423498326, 33.688288730823395 ], [ 73.216492637077224, 33.688301685906538 ], [ 73.216484996895318, 33.688320457722064 ], [ 73.216459419234823, 33.688312406258966 ], [ 73.216393176134389, 33.688288971415986 ], [ 73.2164062577409, 33.688254315072534 ], [ 73.216417167922188, 33.688257193237611 ], [ 73.216461231937885, 33.688140457102904 ], [ 73.216514689552099, 33.688154557971053 ], [ 73.216511935826048, 33.688161854098006 ], [ 73.216559938904126, 33.688174516327614 ], [ 73.216532862112075, 33.688226704805203 ] ] ] } },
{ "type": "Feature", "id": 298, "properties": { "FID": 298, "SolarPV_Area(sqm)": 36.812555311700002, "Rooftop_Area(sqm)": 230.70435743, "class": "rooftops" }, "geometry": { "type": "Polygon", "coordinates": [ [ [ 73.218586977176813, 33.688320007764489 ], [ 73.218534653830105, 33.688303193588844 ], [ 73.218531369484737, 33.688310335123013 ], [ 73.21845662233261, 33.688286315225589 ], [ 73.218468936468398, 33.688259535350255 ], [ 73.218480682579838, 33.688263310025135 ], [ 73.218543897393744, 33.688125842586551 ], [ 73.218589813383247, 33.688140597597922 ], [ 73.218591865543232, 33.688136134580731 ], [ 73.218667681014708, 33.688160498044624 ], [ 73.21864223074482, 33.688215842306448 ], [ 73.218635824563421, 33.688213783166816 ], [ 73.218586977176813, 33.688320007764489 ] ] ] } },
{ "type": "Feature", "id": 299, "properties": { "FID": 299, "SolarPV_Area(sqm)": 38.038177060099997, "Rooftop_Area(sqm)": 244.52039651000001, "class": "rooftops" }, "geometry": { "type": "Polygon", "coordinates": [ [ [ 73.219379062232207, 33.688152628033599 ], [ 73.219285565216197, 33.688306000345065 ], [ 73.219275372277494, 33.688301658379253 ], [ 73.219268619571125, 33.688312735753648 ], [ 73.219158536600688, 33.688265839409269 ], [ 73.219246839749317, 33.68812098798319 ], [ 73.219260090964582, 33.688126632907647 ], [ 73.21926684363774, 33.688115556434475 ], [ 73.219329019137049, 33.688142043116407 ], [ 73.219334213153672, 33.688133523230036 ], [ 73.219379062232207, 33.688152628033599 ] ] ] } },
{ "type": "Feature", "id": 300, "properties": { "FID": 300, "SolarPV_Area(sqm)": 0.0, "Rooftop_Area(sqm)": 209.93484288100001, "class": "rooftops" }, "geometry": { "type": "Polygon", "coordinates": [ [ [ 73.219187099048156, 33.688164463122668 ], [ 73.219148576278357, 33.688229620554445 ], [ 73.219142422768783, 33.688227078128413 ], [ 73.219133298688433, 33.688242510216611 ], [ 73.219122017424155, 33.688237849553914 ], [ 73.219115428362159, 33.688248994206312 ], [ 73.219061072541592, 33.688226536538146 ], [ 73.219071716765825, 33.688208532884765 ], [ 73.219023515563677, 33.688188617646027 ], [ 73.219104109960753, 33.688052302242184 ], [ 73.21918513013371, 33.6880857770511 ], [ 73.219177019867431, 33.688099494166117 ], [ 73.219184199141878, 33.688102459879367 ], [ 73.219177102645787, 33.688114462918371 ], [ 73.219191460100618, 33.688120395230492 ], [ 73.219184871057095, 33.688131539887394 ], [ 73.219208459303005, 33.68814128629176 ], [ 73.219193252554788, 33.688167005546397 ], [ 73.219187099048156, 33.688164463122668 ] ] ] } },
{ "type": "Feature", "id": 301, "properties": { "FID": 301, "SolarPV_Area(sqm)": 45.649789269000003, "Rooftop_Area(sqm)": 176.388350704, "class": "rooftops" }, "geometry": { "type": "Polygon", "coordinates": [ [ [ 73.218718870091351, 33.688112093418901 ], [ 73.218708420892284, 33.688108201301461 ], [ 73.218768482085622, 33.687995513954263 ], [ 73.218785201208064, 33.688001741880285 ], [ 73.218789391428871, 33.687993879360953 ], [ 73.218823875585443, 33.688006723618699 ], [ 73.218828997193796, 33.687997114275205 ], [ 73.218846761130891, 33.688003731492408 ], [ 73.218824878706442, 33.68804478821594 ], [ 73.218883396819152, 33.688066583683934 ], [ 73.218835441742414, 33.688156558757697 ], [ 73.218810361921854, 33.688147217311815 ], [ 73.218806637409941, 33.688154205518764 ], [ 73.218714679876584, 33.688119955033798 ], [ 73.218718870091351, 33.688112093418901 ] ] ] } },
{ "type": "Feature", "id": 302, "properties": { "FID": 302, "SolarPV_Area(sqm)": 0.0, "Rooftop_Area(sqm)": 260.549816507, "class": "rooftops" }, "geometry": { "type": "Polygon", "coordinates": [ [ [ 73.218973303298682, 33.688195853605777 ], [ 73.218959813816539, 33.688190620930762 ], [ 73.218954997370901, 33.688199295036299 ], [ 73.218856415627116, 33.688161051701321 ], [ 73.218940689057263, 33.688009244765411 ], [ 73.218945878300843, 33.688011257486437 ], [ 73.218955027291898, 33.687994775210271 ], [ 73.219078513822552, 33.68804268017098 ], [ 73.21902217147192, 33.688144174431805 ], [ 73.219016983296981, 33.688142161729289 ], [ 73.218992423600071, 33.688186402803964 ], [ 73.218981009184077, 33.688181974668716 ], [ 73.218973303298682, 33.688195853605777 ] ] ] } },
{ "type": "Feature", "id": 303, "properties": { "FID": 303, "SolarPV_Area(sqm)": 0.0, "Rooftop_Area(sqm)": 234.304298166, "class": "rooftops" }, "geometry": { "type": "Polygon", "coordinates": [ [ [ 73.220534296310674, 33.687971845342034 ], [ 73.220639558597043, 33.688025923055491 ], [ 73.220601224295024, 33.68807806844454 ], [ 73.220593426730105, 33.688074062282617 ], [ 73.220561081181287, 33.688118059871826 ], [ 73.220569853323582, 33.688122566128271 ], [ 73.220531518934791, 33.688174711492152 ], [ 73.220416508793818, 33.688115625505638 ], [ 73.220518935002474, 33.687976301532039 ], [ 73.220527707128369, 33.687980807791028 ], [ 73.220534296310674, 33.687971845342034 ] ] ] } },
{ "type": "Feature", "id": 304, "properties": { "FID": 304, "SolarPV_Area(sqm)": 58.177878116400002, "Rooftop_Area(sqm)": 227.47442719599999, "class": "rooftops" }, "geometry": { "type": "Polygon", "coordinates": [ [ [ 73.217645896622429, 33.688119714267252 ], [ 73.217514076070685, 33.688106937758434 ], [ 73.217520795910602, 33.688058489820449 ], [ 73.217532160274459, 33.688059590742895 ], [ 73.217546917957776, 33.687953194812557 ], [ 73.217687828869472, 33.687966853615556 ], [ 73.217670436390691, 33.688092248784884 ], [ 73.217659072038828, 33.68809114697347 ], [ 73.217658150497968, 33.688097796844545 ], [ 73.217649058800362, 33.688096915391462 ], [ 73.217645896622429, 33.688119714267252 ] ] ] } },
{ "type": "Feature", "id": 305, "properties": { "FID": 305, "SolarPV_Area(sqm)": 43.003073366300001, "Rooftop_Area(sqm)": 234.66301837399999, "class": "rooftops" }, "geometry": { "type": "Polygon", "coordinates": [ [ [ 73.218656113091853, 33.688107157534304 ], [ 73.218550599578791, 33.688078431361554 ], [ 73.218568667472709, 33.688032056054965 ], [ 73.218578456980083, 33.688034721282676 ], [ 73.218591918503066, 33.688000167559466 ], [ 73.218601709086087, 33.688002832800805 ], [ 73.218620130106217, 33.687955548184313 ], [ 73.218612516050641, 33.687953475232241 ], [ 73.218625977564557, 33.687918920602513 ], [ 73.218699944804712, 33.687939058755745 ], [ 73.218704195805472, 33.687928146432085 ], [ 73.218755320897429, 33.687942065710558 ], [ 73.218705016430931, 33.688071188708079 ], [ 73.218697402362992, 33.688069115760847 ], [ 73.218683586601585, 33.6881045796828 ], [ 73.218659655589349, 33.688098064684375 ], [ 73.218656113091853, 33.688107157534304 ] ] ] } },
{ "type": "Feature", "id": 306, "properties": { "FID": 306, "SolarPV_Area(sqm)": 40.276183371000002, "Rooftop_Area(sqm)": 182.05934812300001, "class": "rooftops" }, "geometry": { "type": "Polygon", "coordinates": [ [ [ 73.215920159343199, 33.688049880311723 ], [ 73.215910304106501, 33.688045023530286 ], [ 73.215905075451218, 33.6880524371985 ], [ 73.215800613658175, 33.688000956038572 ], [ 73.215825595694241, 33.687965532002096 ], [ 73.215817711743739, 33.687961646033521 ], [ 73.21587464911579, 33.687880911580159 ], [ 73.215964327415861, 33.687925108403817 ], [ 73.215957937442894, 33.687934169966582 ], [ 73.215971734099327, 33.687940970166551 ], [ 73.215962438123185, 33.687954150518664 ], [ 73.215971307707107, 33.687958522337716 ], [ 73.215959687989496, 33.68797499845757 ], [ 73.215969543221348, 33.687979855234943 ], [ 73.215920159343199, 33.688049880311723 ] ] ] } },
{ "type": "Feature", "id": 307, "properties": { "FID": 307, "SolarPV_Area(sqm)": 0.0, "Rooftop_Area(sqm)": 225.66264503400001, "class": "rooftops" }, "geometry": { "type": "Polygon", "coordinates": [ [ [ 73.218531195050815, 33.68789999087722 ], [ 73.218595499304342, 33.687917133834866 ], [ 73.218535717086766, 33.68807384586048 ], [ 73.218413646210195, 33.688041303471259 ], [ 73.218478642628028, 33.68787092465346 ], [ 73.218536407971044, 33.687886324002029 ], [ 73.218531195050815, 33.68789999087722 ] ] ] } },
{ "type": "Feature", "id": 308, "properties": { "FID": 308, "SolarPV_Area(sqm)": 0.0, "Rooftop_Area(sqm)": 308.4748042, "class": "rooftops" }, "geometry": { "type": "Polygon", "coordinates": [ [ [ 73.217051274680273, 33.688029548363261 ], [ 73.217057262571871, 33.688015088363386 ], [ 73.217038885109105, 33.688009770501601 ], [ 73.217042627256021, 33.688000733787014 ], [ 73.217024249815907, 33.687995415021668 ], [ 73.217086372087834, 33.687845398913602 ], [ 73.217245286809629, 33.687891386761123 ], [ 73.217176802276171, 33.688056765636574 ], [ 73.217165992186196, 33.688053637389757 ], [ 73.217162623614271, 33.688061770517308 ], [ 73.217051274680273, 33.688029548363261 ] ] ] } },
{ "type": "Feature", "id": 309, "properties": { "FID": 309, "SolarPV_Area(sqm)": 19.699717506399999, "Rooftop_Area(sqm)": 233.032782005, "class": "rooftops" }, "geometry": { "type": "Polygon", "coordinates": [ [ [ 73.215768678773784, 33.688023821715312 ], [ 73.215695432360533, 33.687996763041816 ], [ 73.215698206378804, 33.687991515142727 ], [ 73.215647980188379, 33.687972959877655 ], [ 73.215727977309058, 33.687821633618931 ], [ 73.215840986153623, 33.68786338105707 ], [ 73.215835437045712, 33.687873877748586 ], [ 73.215845900654259, 33.687877743261652 ], [ 73.215768678773784, 33.688023821715312 ] ] ] } },
{ "type": "Feature", "id": 310, "properties": { "FID": 310, "SolarPV_Area(sqm)": 0.0, "Rooftop_Area(sqm)": 118.732807342, "class": "rooftops" }, "geometry": { "type": "Polygon", "coordinates": [ [ [ 73.22111740972197, 33.687934491766804 ], [ 73.221126525602244, 33.687938493434416 ], [ 73.221118015727257, 33.687952039904793 ], [ 73.221130168792882, 33.687957375741284 ], [ 73.22112006397208, 33.687973462973474 ], [ 73.221087653273926, 33.687959234335175 ], [ 73.221093503140665, 33.687949921241405 ], [ 73.221080336606022, 33.687944140662566 ], [ 73.221161182585732, 33.687815445616792 ], [ 73.221173335653944, 33.687820780547078 ], [ 73.221180782597827, 33.687808926716869 ], [ 73.221277002233279, 33.687851166907706 ], [ 73.221254662519414, 33.68788672752887 ], [ 73.221237444230283, 33.687879168949401 ], [ 73.221232126377501, 33.687887635735812 ], [ 73.221216933975512, 33.687880965711756 ], [ 73.221207360095647, 33.687896206621751 ], [ 73.221199256609864, 33.687892649682468 ], [ 73.221188619815692, 33.687909583235871 ], [ 73.221155195637962, 33.687894910779072 ], [ 73.221147217766543, 33.687907610937287 ], [ 73.221137089494505, 33.687903164548395 ], [ 73.22111740972197, 33.687934491766804 ] ] ] } },
{ "type": "Feature", "id": 311, "properties": { "FID": 311, "SolarPV_Area(sqm)": 39.612574904399999, "Rooftop_Area(sqm)": 251.90983238300001, "class": "rooftops" }, "geometry": { "type": "Polygon", "coordinates": [ [ [ 73.216970719251051, 33.688009862407505 ], [ 73.216931209755415, 33.6879971660317 ], [ 73.216928336398638, 33.688003414390664 ], [ 73.216846115486959, 33.687976990648174 ], [ 73.216862124524226, 33.687942178119734 ], [ 73.216869599053254, 33.687944580113964 ], [ 73.216935279460401, 33.687801758354553 ], [ 73.217057009689711, 33.687840877478749 ], [ 73.21699338166691, 33.687979237221001 ], [ 73.216985907131132, 33.687976835234053 ], [ 73.216970719251051, 33.688009862407505 ] ] ] } },
{ "type": "Feature", "id": 312, "properties": { "FID": 312, "SolarPV_Area(sqm)": 47.613791546199998, "Rooftop_Area(sqm)": 168.88519376900001, "class": "rooftops" }, "geometry": { "type": "Polygon", "coordinates": [ [ [ 73.217976549830226, 33.687950618355821 ], [ 73.217965216676475, 33.68794931232145 ], [ 73.217989104994487, 33.687804363975282 ], [ 73.218042370069952, 33.687810497886645 ], [ 73.218043462709133, 33.687803866711846 ], [ 73.218058195483309, 33.687805563549965 ], [ 73.218048983559896, 33.68786145845155 ], [ 73.218104515078153, 33.687867854080494 ], [ 73.21808749700574, 33.68797111810629 ], [ 73.217975300628979, 33.687958196833542 ], [ 73.217976549830226, 33.687950618355821 ] ] ] } },
{ "type": "Feature", "id": 313, "properties": { "FID": 313, "SolarPV_Area(sqm)": 33.0012525219, "Rooftop_Area(sqm)": 251.337700993, "class": "rooftops" }, "geometry": { "type": "Polygon", "coordinates": [ [ [ 73.218134084536572, 33.687852261598891 ], [ 73.218143393416412, 33.687830130307177 ], [ 73.218158833425392, 33.687798348352118 ], [ 73.218256663506182, 33.687818201542157 ], [ 73.218245058948554, 33.687858162866156 ], [ 73.218275075105865, 33.687864253508963 ], [ 73.218246198948052, 33.68796369255611 ], [ 73.218238417201263, 33.687962114036871 ], [ 73.218228162020054, 33.687997428168508 ], [ 73.218208151226179, 33.687993367431815 ], [ 73.218202484179116, 33.688012883827021 ], [ 73.218144675453871, 33.688001152992797 ], [ 73.218147643709216, 33.687990930074861 ], [ 73.21809316942192, 33.687979875847837 ], [ 73.218100186964065, 33.687955713188039 ], [ 73.218106856870349, 33.687957066467305 ], [ 73.218111983953989, 33.687939408948786 ], [ 73.218111760076752, 33.687925065794424 ], [ 73.21812132287144, 33.687890372923235 ], [ 73.218139070755598, 33.687897032392598 ], [ 73.218153804490939, 33.687857711384353 ], [ 73.218134084536572, 33.687852261598891 ] ] ] } },
{ "type": "Feature", "id": 314, "properties": { "FID": 314, "SolarPV_Area(sqm)": 57.581794880700002, "Rooftop_Area(sqm)": 232.9543541, "class": "rooftops" }, "geometry": { "type": "Polygon", "coordinates": [ [ [ 73.217866176822852, 33.687766767800014 ], [ 73.217863926500186, 33.687777118298563 ], [ 73.217944965212496, 33.687789435979802 ], [ 73.217938825966115, 33.68781766294785 ], [ 73.217952332434166, 33.687819715439687 ], [ 73.217923681487932, 33.687951441872336 ], [ 73.217800997305261, 33.687932794405739 ], [ 73.217802429923296, 33.687926207816417 ], [ 73.217787797549761, 33.687923983959656 ], [ 73.217823406767565, 33.687760266711415 ], [ 73.217866176822852, 33.687766767800014 ] ] ] } },
{ "type": "Feature", "id": 315, "properties": { "FID": 315, "SolarPV_Area(sqm)": 25.931010530599998, "Rooftop_Area(sqm)": 269.213507359, "class": "rooftops" }, "geometry": { "type": "Polygon", "coordinates": [ [ [ 73.215673279246246, 33.687790636102122 ], [ 73.215669578404302, 33.687796572188844 ], [ 73.215715227845095, 33.6878164653887 ], [ 73.215623212846282, 33.687964020886277 ], [ 73.215511625580419, 33.68791539345515 ], [ 73.215516912990523, 33.6879069129592 ], [ 73.215497639291641, 33.687898513205909 ], [ 73.215527781463592, 33.687850176509833 ], [ 73.215520680517358, 33.687847081863318 ], [ 73.215584140013362, 33.687745319648158 ], [ 73.215632832051796, 33.687766539143745 ], [ 73.2156296589785, 33.687771627074873 ], [ 73.215673279246246, 33.687790636102122 ] ] ] } },
{ "type": "Feature", "id": 316, "properties": { "FID": 316, "SolarPV_Area(sqm)": 85.694882788900003, "Rooftop_Area(sqm)": 309.01592745599999, "class": "rooftops" }, "geometry": { "type": "Polygon", "coordinates": [ [ [ 73.217780800020051, 33.687761948808998 ], [ 73.217777427892827, 33.687778930958906 ], [ 73.217792098640544, 33.687780966900512 ], [ 73.217763432957341, 33.687925308822265 ], [ 73.217580607199963, 33.687899935524001 ], [ 73.217612646413968, 33.687738611525035 ], [ 73.217780800020051, 33.687761948808998 ] ] ] } },
{ "type": "Feature", "id": 317, "properties": { "FID": 317, "SolarPV_Area(sqm)": 33.452896067700003, "Rooftop_Area(sqm)": 70.233452261699995, "class": "rooftops" }, "geometry": { "type": "Polygon", "coordinates": [ [ [ 73.217093317092818, 33.687801675910592 ], [ 73.21711490742959, 33.687728313042172 ], [ 73.217159341349458, 33.68773745171417 ], [ 73.21715660914856, 33.687746738370898 ], [ 73.217179936802481, 33.687751536098062 ], [ 73.217176930866458, 33.687761750331397 ], [ 73.217218032755184, 33.687770203342673 ], [ 73.217213933921997, 33.687784133322069 ], [ 73.217196159689848, 33.687780478033609 ], [ 73.21718878114217, 33.687805551624855 ], [ 73.217201000865941, 33.687808064466758 ], [ 73.217196628291106, 33.687822922021532 ], [ 73.217093317092818, 33.687801675910592 ] ] ] } },
{ "type": "Feature", "id": 318, "properties": { "FID": 318, "SolarPV_Area(sqm)": 0.0, "Rooftop_Area(sqm)": 247.91765785499999, "class": "rooftops" }, "geometry": { "type": "Polygon", "coordinates": [ [ [ 73.221000468371457, 33.687880125423405 ], [ 73.220983832500778, 33.687876917215384 ], [ 73.220941353626429, 33.687854754057945 ], [ 73.22095237131964, 33.68783745087616 ], [ 73.220952983587509, 33.687828679167389 ], [ 73.220975516867739, 33.687797602281371 ], [ 73.220966712532345, 33.687793140678593 ], [ 73.221016523303476, 33.687724443447692 ], [ 73.22114663803066, 33.687790372589255 ], [ 73.221133592184955, 33.687808365293037 ], [ 73.221141419724731, 33.687812330371273 ], [ 73.221047134247215, 33.687942364867048 ], [ 73.220991371174108, 33.687914109239408 ], [ 73.221009864796173, 33.687887630004226 ], [ 73.221000468371457, 33.687880125423405 ] ] ] } },
{ "type": "Feature", "id": 319, "properties": { "FID": 319, "SolarPV_Area(sqm)": 102.154753204, "Rooftop_Area(sqm)": 238.20770148899999, "class": "rooftops" }, "geometry": { "type": "Polygon", "coordinates": [ [ [ 73.220400146446153, 33.687730980053793 ], [ 73.220397706737003, 33.687735304959944 ], [ 73.220413227564649, 33.687741423423255 ], [ 73.220391759412337, 33.687779482616207 ], [ 73.220373134405904, 33.687772140817202 ], [ 73.220366303428051, 33.687784250555559 ], [ 73.2203838947962, 33.687791184293133 ], [ 73.220357059012329, 33.687838759169594 ], [ 73.220175981490911, 33.687767382287333 ], [ 73.220177933052071, 33.687763922363139 ], [ 73.220154134464778, 33.687754541034543 ], [ 73.220176577954035, 33.687714751916069 ], [ 73.220184855724938, 33.687718014750637 ], [ 73.220191686722117, 33.687705905022874 ], [ 73.220203068661633, 33.687710391193484 ], [ 73.22020794701892, 33.68770174137385 ], [ 73.220225537278367, 33.68770867511757 ], [ 73.220234319826346, 33.687693105462095 ], [ 73.220232250374352, 33.687692290205085 ], [ 73.220244936050563, 33.687669799796637 ], [ 73.220400146446153, 33.687730980053793 ] ] ] } },
{ "type": "Feature", "id": 320, "properties": { "FID": 320, "SolarPV_Area(sqm)": 50.748248633599999, "Rooftop_Area(sqm)": 248.59439364, "class": "rooftops" }, "geometry": { "type": "Polygon", "coordinates": [ [ [ 73.220903257215468, 33.68787333371359 ], [ 73.220799207559693, 33.687827833282917 ], [ 73.220804150068417, 33.687819208710643 ], [ 73.220791769206897, 33.687814250108268 ], [ 73.220813515389295, 33.687776301256108 ], [ 73.220807324951778, 33.687773822406363 ], [ 73.22087058831616, 33.687663426404768 ], [ 73.220999552793714, 33.68771507133922 ], [ 73.220903257215468, 33.68787333371359 ] ] ] } },
{ "type": "Feature", "id": 321, "properties": { "FID": 321, "SolarPV_Area(sqm)": 68.083863650699996, "Rooftop_Area(sqm)": 217.3504437, "class": "rooftops" }, "geometry": { "type": "Polygon", "coordinates": [ [ [ 73.219341332785433, 33.687702349484418 ], [ 73.219349644052784, 33.687688716413255 ], [ 73.219341489332223, 33.687685242479589 ], [ 73.219361747222706, 33.687652012137271 ], [ 73.219354612658123, 33.687648972232381 ], [ 73.219382661529124, 33.687602960699685 ], [ 73.219563072697511, 33.687679817291176 ], [ 73.219501781064466, 33.687780361231255 ], [ 73.219440623780116, 33.687754307736263 ], [ 73.219445298580339, 33.687746639745825 ], [ 73.219341332785433, 33.687702349484418 ] ] ] } },
{ "type": "Feature", "id": 322, "properties": { "FID": 322, "SolarPV_Area(sqm)": 18.932177879099999, "Rooftop_Area(sqm)": 155.59140743200001, "class": "rooftops" }, "geometry": { "type": "Polygon", "coordinates": [ [ [ 73.218725342694981, 33.687626532873011 ], [ 73.218740838794417, 33.687632692669041 ], [ 73.21870890430975, 33.687688830791544 ], [ 73.218652082467216, 33.687666240900171 ], [ 73.218647169710437, 33.687674877534711 ], [ 73.218636838264345, 33.687670770685536 ], [ 73.218631435193004, 33.687680271357387 ], [ 73.218619036599037, 33.687675342943955 ], [ 73.218611666937178, 33.687688296984241 ], [ 73.218540382605042, 33.68765995801197 ], [ 73.218566048332377, 33.68761695847941 ], [ 73.218519590713456, 33.687590827053242 ], [ 73.21852924269524, 33.687574802044836 ], [ 73.218545196009828, 33.687582902752816 ], [ 73.218550429905704, 33.687573288727364 ], [ 73.21860095828643, 33.687594314416536 ], [ 73.218611156873877, 33.687580080982706 ], [ 73.218693806181193, 33.68761293753915 ], [ 73.218700194159524, 33.687601709751227 ], [ 73.218732219903373, 33.68761444102941 ], [ 73.218725342694981, 33.687626532873011 ] ] ] } },
{ "type": "Feature", "id": 323, "properties": { "FID": 323, "SolarPV_Area(sqm)": 60.155738961399997, "Rooftop_Area(sqm)": 245.374264299, "class": "rooftops" }, "geometry": { "type": "Polygon", "coordinates": [ [ [ 73.220388671870722, 33.687703620095064 ], [ 73.220252477826207, 33.687646916049331 ], [ 73.220281549054604, 33.687598121745573 ], [ 73.220263116478108, 33.687590448146722 ], [ 73.220267706727881, 33.687582743736293 ], [ 73.220244154256918, 33.687572937631131 ], [ 73.22026863521711, 33.68753184773891 ], [ 73.220484701809184, 33.687621807194503 ], [ 73.220470932186018, 33.68764492046644 ], [ 73.220478100297015, 33.687647904881061 ], [ 73.220437298805763, 33.687716387201583 ], [ 73.220392243018082, 33.687697627886202 ], [ 73.220388671870722, 33.687703620095064 ] ] ] } },
{ "type": "Feature", "id": 324, "properties": { "FID": 324, "SolarPV_Area(sqm)": 58.659315105600001, "Rooftop_Area(sqm)": 275.76061087900001, "class": "rooftops" }, "geometry": { "type": "Polygon", "coordinates": [ [ [ 73.220645912165494, 33.687689791758267 ], [ 73.22065333264689, 33.687692308172863 ], [ 73.220640001798316, 33.687719779722222 ], [ 73.220623039780548, 33.687714027386392 ], [ 73.220613578748242, 33.68773352351969 ], [ 73.220534072365524, 33.68770656148191 ], [ 73.220537943278529, 33.687698586087691 ], [ 73.22049023884135, 33.687682408292545 ], [ 73.220570657645837, 33.687516691665998 ], [ 73.220667125855684, 33.687549406006909 ], [ 73.220664115637689, 33.687555609202157 ], [ 73.220691677534106, 33.687564956266108 ], [ 73.22068737737294, 33.687573818234263 ], [ 73.220700098330013, 33.687578132471472 ], [ 73.220645912165494, 33.687689791758267 ] ] ] } },
{ "type": "Feature", "id": 325, "properties": { "FID": 325, "SolarPV_Area(sqm)": 0.0, "Rooftop_Area(sqm)": 231.35746251, "class": "rooftops" }, "geometry": { "type": "Polygon", "coordinates": [ [ [ 73.216667914848543, 33.68751777886758 ], [ 73.216687921043516, 33.687482315274416 ], [ 73.216795531034464, 33.687524735975416 ], [ 73.216710629704579, 33.687675241902035 ], [ 73.216703385699901, 33.687672386931695 ], [ 73.216697530612365, 33.687682766526116 ], [ 73.216587851085265, 33.687639529517462 ], [ 73.216658602544129, 33.687514107693531 ], [ 73.216667914848543, 33.68751777886758 ] ] ] } },
{ "type": "Feature", "id": 326, "properties": { "FID": 326, "SolarPV_Area(sqm)": 27.320480384700002, "Rooftop_Area(sqm)": 191.77914495600001, "class": "rooftops" }, "geometry": { "type": "Polygon", "coordinates": [ [ [ 73.215971333564809, 33.687517567049376 ], [ 73.216018508968403, 33.687537060147193 ], [ 73.216035744213244, 33.687507911408346 ], [ 73.215999849788005, 33.687493080159712 ], [ 73.216014042456337, 33.687469074454022 ], [ 73.216033528258919, 33.687477126401639 ], [ 73.216038597458819, 33.68746855255322 ], [ 73.21612371769362, 33.687503724362941 ], [ 73.216104962253354, 33.687535445548697 ], [ 73.216117268983041, 33.68754053069469 ], [ 73.216075702743893, 33.687610830156366 ], [ 73.216064421738778, 33.687606169221958 ], [ 73.216043131118397, 33.687642176862376 ], [ 73.215926218216225, 33.687593868772197 ], [ 73.215971333564809, 33.687517567049376 ] ] ] } },
{ "type": "Feature", "id": 327, "properties": { "FID": 327, "SolarPV_Area(sqm)": 28.315380884100001, "Rooftop_Area(sqm)": 278.673644121, "class": "rooftops" }, "geometry": { "type": "Polygon", "coordinates": [ [ [ 73.216657556426242, 33.687469815761474 ], [ 73.216595088304501, 33.687589975420927 ], [ 73.216591940461342, 33.687588832522707 ], [ 73.216570053881341, 33.687630932117351 ], [ 73.216560611464445, 33.687627501633024 ], [ 73.216556051714917, 33.687636272230016 ], [ 73.216429098946506, 33.687590150731275 ], [ 73.216476976959697, 33.687498057258431 ], [ 73.216485370085749, 33.6875011064812 ], [ 73.216517288344477, 33.687439710511747 ], [ 73.21652673073929, 33.687443140998759 ], [ 73.216535850220993, 33.687425599805721 ], [ 73.216657556426242, 33.687469815761474 ] ] ] } },
{ "type": "Feature", "id": 328, "properties": { "FID": 328, "SolarPV_Area(sqm)": 25.324795178700001, "Rooftop_Area(sqm)": 181.44002416399999, "class": "rooftops" }, "geometry": { "type": "Polygon", "coordinates": [ [ [ 73.216365418329488, 33.687530903078446 ], [ 73.216357870158731, 33.68754068197989 ], [ 73.216287691267098, 33.687514486758033 ], [ 73.216318701792403, 33.687454846103101 ], [ 73.216327095968026, 33.687457896253413 ], [ 73.216342600653931, 33.687428076814882 ], [ 73.216348895205954, 33.687430364410851 ], [ 73.216359384056275, 33.687410191804929 ], [ 73.216400387017572, 33.6874250913 ], [ 73.216409917135294, 33.687406994244007 ], [ 73.216485206080421, 33.687441691102677 ], [ 73.216437170025912, 33.687536475880471 ], [ 73.216426449914309, 33.687552074089716 ], [ 73.216417930388261, 33.68755159217595 ], [ 73.216365418329488, 33.687530903078446 ] ] ] } },
{ "type": "Feature", "id": 329, "properties": { "FID": 329, "SolarPV_Area(sqm)": 0.0, "Rooftop_Area(sqm)": 261.022626188, "class": "rooftops" }, "geometry": { "type": "Polygon", "coordinates": [ [ [ 73.215887405578854, 33.687585938959707 ], [ 73.215880209978536, 33.687596819473143 ], [ 73.21577609039079, 33.687548693310823 ], [ 73.215888461215769, 33.687378799997227 ], [ 73.216003592829111, 33.687432015066378 ], [ 73.215898418792278, 33.687591029792955 ], [ 73.215887405578854, 33.687585938959707 ] ] ] } },
{ "type": "Feature", "id": 330, "properties": { "FID": 330, "SolarPV_Area(sqm)": 31.533277911599999, "Rooftop_Area(sqm)": 272.88004424500002, "class": "rooftops" }, "geometry": { "type": "Polygon", "coordinates": [ [ [ 73.218840371693943, 33.687472564267274 ], [ 73.218658654940427, 33.687391594680648 ], [ 73.218686636458727, 33.687347710512832 ], [ 73.218676541818255, 33.6873432121075 ], [ 73.218714208720442, 33.687284136626147 ], [ 73.218918133755821, 33.687375003122895 ], [ 73.218880466966382, 33.687434077767378 ], [ 73.218886524414387, 33.687436776630072 ], [ 73.218863924086435, 33.687472222129415 ], [ 73.218845752835549, 33.687464124651051 ], [ 73.218840371693943, 33.687472564267274 ] ] ] } },
{ "type": "Feature", "id": 331, "properties": { "FID": 331, "SolarPV_Area(sqm)": 55.242891479199997, "Rooftop_Area(sqm)": 248.27656913800001, "class": "rooftops" }, "geometry": { "type": "Polygon", "coordinates": [ [ [ 73.220351060611691, 33.687336676824607 ], [ 73.220334881653159, 33.687329520856082 ], [ 73.220368050877141, 33.687277111758462 ], [ 73.220572311115717, 33.68736745104367 ], [ 73.22056321574513, 33.687381821375283 ], [ 73.220573328288921, 33.687386293734718 ], [ 73.220547648881606, 33.687426868651237 ], [ 73.220555738908843, 33.687430447080857 ], [ 73.220527918641011, 33.687474402546044 ], [ 73.220482415384922, 33.687454277852808 ], [ 73.220487230158611, 33.687446669550212 ], [ 73.220351730718889, 33.687386741880147 ], [ 73.220358686342166, 33.687375753032597 ], [ 73.220348573811535, 33.687371280655988 ], [ 73.22036087834951, 33.687351838132514 ], [ 73.220345710636295, 33.6873451295832 ], [ 73.220351060611691, 33.687336676824607 ] ] ] } },
{ "type": "Feature", "id": 332, "properties": { "FID": 332, "SolarPV_Area(sqm)": 44.700737626600002, "Rooftop_Area(sqm)": 272.29501501099998, "class": "rooftops" }, "geometry": { "type": "Polygon", "coordinates": [ [ [ 73.218993582499436, 33.68731756253748 ], [ 73.218999716956858, 33.687320136257227 ], [ 73.21902845458095, 33.687272272581765 ], [ 73.219228851193449, 33.687356352387695 ], [ 73.219170351596645, 33.687453790142811 ], [ 73.219157060253011, 33.687448213166071 ], [ 73.219152954865194, 33.687455051611359 ], [ 73.218959713905292, 33.687373974037925 ], [ 73.218993582499436, 33.68731756253748 ] ] ] } },
{ "type": "Feature", "id": 333, "properties": { "FID": 333, "SolarPV_Area(sqm)": 0.0, "Rooftop_Area(sqm)": 207.775219881, "class": "rooftops" }, "geometry": { "type": "Polygon", "coordinates": [ [ [ 73.215595953764961, 33.687451223497114 ], [ 73.215539797947343, 33.687429704093354 ], [ 73.215544565486994, 33.687421009580206 ], [ 73.215530005846475, 33.687415431029322 ], [ 73.21553429693347, 33.687407607054311 ], [ 73.215497900027941, 33.687393659350057 ], [ 73.215578465884562, 33.687246741113718 ], [ 73.215612783251885, 33.687259892251483 ], [ 73.215608968593784, 33.687266847494776 ], [ 73.215692162995623, 33.68729872827813 ], [ 73.215669756944337, 33.68733958748755 ], [ 73.215659358452712, 33.687335602064223 ], [ 73.215595953764961, 33.687451223497114 ] ] ] } },
{ "type": "Feature", "id": 334, "properties": { "FID": 334, "SolarPV_Area(sqm)": 31.255222746400001, "Rooftop_Area(sqm)": 200.65481950899999, "class": "rooftops" }, "geometry": { "type": "Polygon", "coordinates": [ [ [ 73.220064027686576, 33.687289050767795 ], [ 73.220018078615169, 33.687365002978694 ], [ 73.219992557342451, 33.687354213484006 ], [ 73.21997913355753, 33.687376401959831 ], [ 73.219944423992757, 33.687361727792947 ], [ 73.219947006006493, 33.687357459954256 ], [ 73.219833690165331, 33.687309553644248 ], [ 73.219866216667825, 33.687255789083345 ], [ 73.219873362394338, 33.687258810182264 ], [ 73.219888335170651, 33.687234061372763 ], [ 73.219898543655702, 33.687238377359627 ], [ 73.219907836461971, 33.687223016173988 ], [ 73.220064027686576, 33.687289050767795 ] ] ] } },
{ "type": "Feature", "id": 335, "properties": { "FID": 335, "SolarPV_Area(sqm)": 35.207149464399997, "Rooftop_Area(sqm)": 224.089931245, "class": "rooftops" }, "geometry": { "type": "Polygon", "coordinates": [ [ [ 73.216110890616349, 33.687390654865681 ], [ 73.216100012036847, 33.687385365803181 ], [ 73.21607470753014, 33.687421740219058 ], [ 73.215990650025645, 33.687380874629795 ], [ 73.216101069934197, 33.68722214928745 ], [ 73.216139638340735, 33.687240899429248 ], [ 73.21614366289991, 33.687235112284583 ], [ 73.216198054710304, 33.687261554846522 ], [ 73.216189427596532, 33.687273954928514 ], [ 73.216199317200292, 33.687278763487676 ], [ 73.216183789472851, 33.687301083470032 ], [ 73.216189723225412, 33.687303969146818 ], [ 73.216132787395622, 33.68738581115845 ], [ 73.216118941909627, 33.6873790806101 ], [ 73.216110890616349, 33.687390654865681 ] ] ] } },
{ "type": "Feature", "id": 336, "properties": { "FID": 336, "SolarPV_Area(sqm)": 25.0514069687, "Rooftop_Area(sqm)": 244.81242794799999, "class": "rooftops" }, "geometry": { "type": "Polygon", "coordinates": [ [ [ 73.218901353965521, 33.687344063169334 ], [ 73.218722693874156, 33.687258471999648 ], [ 73.218767061680765, 33.687193752465703 ], [ 73.218774010084999, 33.6871970809907 ], [ 73.218787092857937, 33.687177997032386 ], [ 73.218782130172201, 33.68717561965056 ], [ 73.218789524080663, 33.68716483289807 ], [ 73.218980094087698, 33.687256129841046 ], [ 73.218922075296092, 33.687340762977833 ], [ 73.218908179531724, 33.687334105958676 ], [ 73.218901353965521, 33.687344063169334 ] ] ] } },
{ "type": "Feature", "id": 337, "properties": { "FID": 337, "SolarPV_Area(sqm)": 0.0, "Rooftop_Area(sqm)": 265.62412506200002, "class": "rooftops" }, "geometry": { "type": "Polygon", "coordinates": [ [ [ 73.215344070926832, 33.68727421798777 ], [ 73.215333494888711, 33.687290092318676 ], [ 73.215325499771481, 33.687286369737329 ], [ 73.215315480354548, 33.687301408955044 ], [ 73.215306485173485, 33.687297221039934 ], [ 73.215288673967265, 33.687323956337025 ], [ 73.215277679717644, 33.687318838671381 ], [ 73.215273783294109, 33.687324686252801 ], [ 73.21519082978584, 33.687286065248038 ], [ 73.215250388589624, 33.687196667791667 ], [ 73.215241394501035, 33.687192479887791 ], [ 73.215295943485714, 33.687110602010414 ], [ 73.215417874516703, 33.687167370524378 ], [ 73.215387816365393, 33.687212487299398 ], [ 73.21539581255719, 33.687216209892213 ], [ 73.215354065092754, 33.687278871216769 ], [ 73.215344070926832, 33.68727421798777 ] ] ] } },
{ "type": "Feature", "id": 338, "properties": { "FID": 338, "SolarPV_Area(sqm)": 0.0, "Rooftop_Area(sqm)": 281.46435433300002, "class": "rooftops" }, "geometry": { "type": "Polygon", "coordinates": [ [ [ 73.216774291917687, 33.687168334534732 ], [ 73.216767499445169, 33.687179394062191 ], [ 73.216776657462319, 33.687183326316827 ], [ 73.216715516546387, 33.687282860121016 ], [ 73.216516056335706, 33.687197237856353 ], [ 73.216561520624239, 33.687123225117503 ], [ 73.216569661803149, 33.687126719777339 ], [ 73.216592132174839, 33.687090138410937 ], [ 73.216774291917687, 33.687168334534732 ] ] ] } },
{ "type": "Feature", "id": 339, "properties": { "FID": 339, "SolarPV_Area(sqm)": 26.010643366099998, "Rooftop_Area(sqm)": 269.099292859, "class": "rooftops" }, "geometry": { "type": "Polygon", "coordinates": [ [ [ 73.219393276246123, 33.687118840328921 ], [ 73.219323477047567, 33.687230780756877 ], [ 73.219187541605976, 33.687171547118666 ], [ 73.21919124326044, 33.687165610932716 ], [ 73.219139506853551, 33.687143066625097 ], [ 73.21919978767697, 33.687046391300385 ], [ 73.219212975156992, 33.687052137208816 ], [ 73.219218792023042, 33.687042809301211 ], [ 73.219393276246123, 33.687118840328921 ] ] ] } },
{ "type": "Feature", "id": 340, "properties": { "FID": 340, "SolarPV_Area(sqm)": 149.20395100499999, "Rooftop_Area(sqm)": 416.32483718100002, "class": "rooftops" }, "geometry": { "type": "Polygon", "coordinates": [ [ [ 73.215580075116009, 33.687010244971553 ], [ 73.215585186184853, 33.687003664654206 ], [ 73.215621958876227, 33.687022126600411 ], [ 73.215646623844862, 33.687030943272667 ], [ 73.215639236233415, 33.687038171543406 ], [ 73.215703921872674, 33.687070725503034 ], [ 73.21570805216983, 33.687064990399172 ], [ 73.215764897310393, 33.687093597659846 ], [ 73.215711795287376, 33.687167336552093 ], [ 73.215707875003389, 33.687165363668797 ], [ 73.215658312398929, 33.687234185818618 ], [ 73.215549523503043, 33.687179436170716 ], [ 73.215546572663115, 33.687183532660356 ], [ 73.21543582267951, 33.687127796907284 ], [ 73.215475945296063, 33.68707208364885 ], [ 73.215499466944124, 33.687083920989338 ], [ 73.215514913396404, 33.687066896005803 ], [ 73.215534573632993, 33.687042132497474 ], [ 73.215519658662473, 33.687035482021379 ], [ 73.215549968427041, 33.686995251018843 ], [ 73.215580075116009, 33.687010244971553 ] ] ] } },
{ "type": "Feature", "id": 341, "properties": { "FID": 341, "SolarPV_Area(sqm)": 62.388919777700004, "Rooftop_Area(sqm)": 255.43119379300001, "class": "rooftops" }, "geometry": { "type": "Polygon", "coordinates": [ [ [ 73.218404358349574, 33.686984490418766 ], [ 73.218572685084411, 33.687063989460661 ], [ 73.218557492318723, 33.687086470590771 ], [ 73.218562472786743, 33.687088822086601 ], [ 73.218507326406254, 33.687170420515152 ], [ 73.218324058185928, 33.687083865063137 ], [ 73.218385394602265, 33.686993108354791 ], [ 73.218395354420991, 33.686997812245515 ], [ 73.218404358349574, 33.686984490418766 ] ] ] } },
{ "type": "Feature", "id": 342, "properties": { "FID": 342, "SolarPV_Area(sqm)": 36.309035683799998, "Rooftop_Area(sqm)": 171.33821623, "class": "rooftops" }, "geometry": { "type": "Polygon", "coordinates": [ [ [ 73.219115774898697, 33.686997234893042 ], [ 73.219110655498156, 33.687004702582037 ], [ 73.219148372315132, 33.68702277220806 ], [ 73.219113107015062, 33.687074215615269 ], [ 73.219106158606522, 33.687070887109186 ], [ 73.219077149352202, 33.68711320371645 ], [ 73.2189530800878, 33.687053765763402 ], [ 73.219008254770102, 33.686973281217931 ], [ 73.219015203166919, 33.686976609729228 ], [ 73.219029423609086, 33.686955866658622 ], [ 73.219115774898697, 33.686997234893042 ] ] ] } },
{ "type": "Feature", "id": 343, "properties": { "FID": 343, "SolarPV_Area(sqm)": 63.317341121799998, "Rooftop_Area(sqm)": 99.067502035100006, "class": "rooftops" }, "geometry": { "type": "Polygon", "coordinates": [ [ [ 73.219935001604497, 33.686937188821616 ], [ 73.219947162907403, 33.68691768385618 ], [ 73.219997885897968, 33.686939785785931 ], [ 73.219935489742582, 33.687039854153149 ], [ 73.219866508417908, 33.687009795191543 ], [ 73.219869151335146, 33.687005555284877 ], [ 73.219853934655703, 33.68699892442487 ], [ 73.219895708770323, 33.686931929798817 ], [ 73.219909910853033, 33.686938118594483 ], [ 73.219915726577213, 33.686928789734154 ], [ 73.219935001604497, 33.686937188821616 ] ] ] } },
{ "type": "Feature", "id": 344, "properties": { "FID": 344, "SolarPV_Area(sqm)": 0.0, "Rooftop_Area(sqm)": 199.507885359, "class": "rooftops" }, "geometry": { "type": "Polygon", "coordinates": [ [ [ 73.218278413647738, 33.687029906773446 ], [ 73.218267254339239, 33.68702504399478 ], [ 73.218263023810522, 33.687031828302409 ], [ 73.218221432465754, 33.687013704326894 ], [ 73.218216144296434, 33.687022184934698 ], [ 73.218111657647313, 33.68697665342922 ], [ 73.218139683859903, 33.686931707746446 ], [ 73.218129539150922, 33.686927287029157 ], [ 73.218140643214468, 33.686909478555968 ], [ 73.218127455832558, 33.686903732535917 ], [ 73.218145963335346, 33.686874050855515 ], [ 73.218323489948304, 33.686951409574547 ], [ 73.218316615359115, 33.686962433739964 ], [ 73.218324730922006, 33.686965970298772 ], [ 73.218316798696591, 33.686978690767013 ], [ 73.218322886178612, 33.686981343197857 ], [ 73.218303849911379, 33.687011872155338 ], [ 73.218292690603633, 33.687007009378988 ], [ 73.218278413647738, 33.687029906773446 ] ] ] } },
{ "type": "Feature", "id": 345, "properties": { "FID": 345, "SolarPV_Area(sqm)": 26.220037923900001, "Rooftop_Area(sqm)": 178.95411531799999, "class": "rooftops" }, "geometry": { "type": "Polygon", "coordinates": [ [ [ 73.218643748404062, 33.686942581090555 ], [ 73.218615003991744, 33.68698392118305 ], [ 73.218584343567869, 33.686969022777582 ], [ 73.218548125078271, 33.687021111465135 ], [ 73.218416582666364, 33.686957192531544 ], [ 73.218476947579006, 33.686870378723007 ], [ 73.218560025782281, 33.686910748770423 ], [ 73.218564624942914, 33.686904133889989 ], [ 73.218643748404062, 33.686942581090555 ] ] ] } },
{ "type": "Feature", "id": 346, "properties": { "FID": 346, "SolarPV_Area(sqm)": 43.217451418400003, "Rooftop_Area(sqm)": 274.72552451799999, "class": "rooftops" }, "geometry": { "type": "Polygon", "coordinates": [ [ [ 73.21530799973543, 33.686955609836808 ], [ 73.215249791602957, 33.687042352198205 ], [ 73.215230834618183, 33.687033461911277 ], [ 73.215228036488483, 33.687037632741038 ], [ 73.215122278453279, 33.686988037736825 ], [ 73.215233656228961, 33.68682205967135 ], [ 73.215354379709709, 33.686878672824953 ], [ 73.215304008328644, 33.68695373871499 ], [ 73.21530799973543, 33.686955609836808 ] ] ] } },
{ "type": "Feature", "id": 347, "properties": { "FID": 347, "SolarPV_Area(sqm)": 46.797492696, "Rooftop_Area(sqm)": 247.95952130500001, "class": "rooftops" }, "geometry": { "type": "Polygon", "coordinates": [ [ [ 73.219036252307475, 33.686867010111932 ], [ 73.219015227940474, 33.686857292528174 ], [ 73.219044564009977, 33.686812935432634 ], [ 73.219055577344832, 33.686818025086254 ], [ 73.219060558908382, 33.686810493189945 ], [ 73.21924477126926, 33.686895633664548 ], [ 73.219178349651727, 33.686996064730863 ], [ 73.219010155472475, 33.68691832776895 ], [ 73.219014030265313, 33.68691246983294 ], [ 73.219008022995041, 33.686909693246427 ], [ 73.219036252307475, 33.686867010111932 ] ] ] } },
{ "type": "Feature", "id": 348, "properties": { "FID": 348, "SolarPV_Area(sqm)": 36.600245791100001, "Rooftop_Area(sqm)": 233.74177834700001, "class": "rooftops" }, "geometry": { "type": "Polygon", "coordinates": [ [ [ 73.218172441941746, 33.686848945199792 ], [ 73.218193709342401, 33.68681724999341 ], [ 73.218197700791407, 33.68681912192519 ], [ 73.218243032423388, 33.686751561480712 ], [ 73.218416638339463, 33.686832968364897 ], [ 73.218355076659634, 33.686924716495639 ], [ 73.218346096940465, 33.686920505576907 ], [ 73.218341059734797, 33.686928012292739 ], [ 73.218172441941746, 33.686848945199792 ] ] ] } },
{ "type": "Feature", "id": 349, "properties": { "FID": 349, "SolarPV_Area(sqm)": 36.938668999199997, "Rooftop_Area(sqm)": 237.77724743, "class": "rooftops" }, "geometry": { "type": "Polygon", "coordinates": [ [ [ 73.218620701617269, 33.686773363663576 ], [ 73.218645938992694, 33.686784198038261 ], [ 73.218724632867719, 33.686816694530854 ], [ 73.218706335882317, 33.686842196031854 ], [ 73.218659793482374, 33.686914654733862 ], [ 73.218590249785692, 33.686883438105021 ], [ 73.218584277807466, 33.686878586135151 ], [ 73.218473411603085, 33.686828820209257 ], [ 73.218534024966104, 33.686734454931937 ], [ 73.218620701617269, 33.686773363663576 ] ] ] } },
{ "type": "Feature", "id": 350, "properties": { "FID": 350, "SolarPV_Area(sqm)": 22.027963228400001, "Rooftop_Area(sqm)": 235.24882437700001, "class": "rooftops" }, "geometry": { "type": "Polygon", "coordinates": [ [ [ 73.216970950080636, 33.686851535996638 ], [ 73.21696577603106, 33.686858977555289 ], [ 73.216949951507601, 33.686851287909299 ], [ 73.216916605991855, 33.686899241480745 ], [ 73.216862209669912, 33.686872808186827 ], [ 73.21685933580163, 33.686876941891185 ], [ 73.216749553212281, 33.686823594725404 ], [ 73.216817392792592, 33.686726034168231 ], [ 73.217004318881507, 33.686816867600108 ], [ 73.216998570064959, 33.68682513590192 ], [ 73.217009448690078, 33.686830422180712 ], [ 73.216988752541894, 33.686860186617949 ], [ 73.216970950080636, 33.686851535996638 ] ] ] } },
{ "type": "Feature", "id": 351, "properties": { "FID": 351, "SolarPV_Area(sqm)": 40.021889982399998, "Rooftop_Area(sqm)": 202.22744032200001, "class": "rooftops" }, "geometry": { "type": "Polygon", "coordinates": [ [ [ 73.219191948616796, 33.686854060824494 ], [ 73.219190852745768, 33.686844120156906 ], [ 73.219141666415865, 33.686821324048459 ], [ 73.219109675861176, 33.686802714754641 ], [ 73.219065184561046, 33.686783036085629 ], [ 73.219096214501008, 33.686734008787575 ], [ 73.219123515804952, 33.686746083896423 ], [ 73.219134215928023, 33.686729177587168 ], [ 73.219154439629463, 33.686738122514832 ], [ 73.219145344098834, 33.686752492737888 ], [ 73.219163545335462, 33.686760542809289 ], [ 73.219168360162868, 33.686752935461342 ], [ 73.219153192652286, 33.686746226771398 ], [ 73.21917459288278, 33.686712414146228 ], [ 73.219302000459336, 33.686768766348195 ], [ 73.219255990891085, 33.686841462917563 ], [ 73.219236960982556, 33.686872956108878 ], [ 73.219191948616796, 33.686854060824494 ] ] ] } },
{ "type": "Feature", "id": 352, "properties": { "FID": 352, "SolarPV_Area(sqm)": 52.400480134399999, "Rooftop_Area(sqm)": 252.73053947599999, "class": "rooftops" }, "geometry": { "type": "Polygon", "coordinates": [ [ [ 73.219538771824588, 33.686707592700095 ], [ 73.219533873642163, 33.686715163692782 ], [ 73.219643550832842, 33.686764757336263 ], [ 73.219597831710459, 33.686835414815675 ], [ 73.219586762653051, 33.686830410074784 ], [ 73.219568257486202, 33.686859008989657 ], [ 73.219390158947988, 33.68677847498315 ], [ 73.219455471983366, 33.686677536349038 ], [ 73.21946352070961, 33.686681176475318 ], [ 73.219467331352277, 33.686675288742876 ], [ 73.219538771824588, 33.686707592700095 ] ] ] } },
{ "type": "Feature", "id": 353, "properties": { "FID": 353, "SolarPV_Area(sqm)": 36.146309347299997, "Rooftop_Area(sqm)": 228.212309968, "class": "rooftops" }, "geometry": { "type": "Polygon", "coordinates": [ [ [ 73.218348876849944, 33.686639616723141 ], [ 73.218360853723411, 33.686648559164702 ], [ 73.218368682509492, 33.686651354839043 ], [ 73.218381940499526, 33.68665477618957 ], [ 73.218391020559352, 33.686657521374613 ], [ 73.218402749341408, 33.686663118278695 ], [ 73.218419102709447, 33.686669963195861 ], [ 73.218427849363351, 33.686675535124024 ], [ 73.218444563205949, 33.686683259952503 ], [ 73.218505518445426, 33.686711316546152 ], [ 73.218454006495719, 33.686797774702676 ], [ 73.218440694104558, 33.686792231614575 ], [ 73.218429474046971, 33.686811064656546 ], [ 73.218339362203182, 33.6867735445676 ], [ 73.218341912165798, 33.686769264578011 ], [ 73.218278425164073, 33.686742829740318 ], [ 73.218315088334506, 33.686672698640848 ], [ 73.21833613453947, 33.686637604155521 ], [ 73.218348876849944, 33.686639616723141 ] ] ] } },
{ "type": "Feature", "id": 354, "properties": { "FID": 354, "SolarPV_Area(sqm)": 76.171266380099993, "Rooftop_Area(sqm)": 257.05058071000002, "class": "rooftops" }, "geometry": { "type": "Polygon", "coordinates": [ [ [ 73.216642927812643, 33.686660032904136 ], [ 73.216651797322001, 33.686664403770479 ], [ 73.216659930688905, 33.686652870338506 ], [ 73.216795927010736, 33.686719892565883 ], [ 73.216769783371973, 33.68675696471535 ], [ 73.21676288508381, 33.686753565563052 ], [ 73.216733836573596, 33.686794756530453 ], [ 73.216723981428117, 33.686789899816212 ], [ 73.216708295870404, 33.686812142745005 ], [ 73.216511200698179, 33.686715009286317 ], [ 73.216558839725295, 33.686647455742843 ], [ 73.216616982686858, 33.686676110206498 ], [ 73.216622792400983, 33.686667871658514 ], [ 73.216633633143545, 33.68667321423429 ], [ 73.216642927812643, 33.686660032904136 ] ] ] } },
{ "type": "Feature", "id": 355, "properties": { "FID": 355, "SolarPV_Area(sqm)": 41.620418600299999, "Rooftop_Area(sqm)": 263.73397196500002, "class": "rooftops" }, "geometry": { "type": "Polygon", "coordinates": [ [ [ 73.218618684142058, 33.686612367919658 ], [ 73.218816577323324, 33.686702510930417 ], [ 73.218751440736938, 33.686802441775242 ], [ 73.218553548482703, 33.686712298671793 ], [ 73.218618684142058, 33.686612367919658 ] ] ] } },
{ "type": "Feature", "id": 356, "properties": { "FID": 356, "SolarPV_Area(sqm)": 52.64966974, "Rooftop_Area(sqm)": 175.15141244200001, "class": "rooftops" }, "geometry": { "type": "Polygon", "coordinates": [ [ [ 73.217019219806247, 33.686787903247208 ], [ 73.216902189089211, 33.68672610753552 ], [ 73.216897912673772, 33.686731766627183 ], [ 73.21684858490093, 33.686705720306293 ], [ 73.216894404538579, 33.686645080376472 ], [ 73.216887633937333, 33.686641505425868 ], [ 73.216911460357153, 33.686609971829654 ], [ 73.216988835124141, 33.686650828706703 ], [ 73.216967453014206, 33.686679127786249 ], [ 73.217063205103699, 33.686729687785004 ], [ 73.217019219806247, 33.686787903247208 ] ] ] } },
{ "type": "Feature", "id": 357, "properties": { "FID": 357, "SolarPV_Area(sqm)": 0.0, "Rooftop_Area(sqm)": 240.87355433100001, "class": "rooftops" }, "geometry": { "type": "Polygon", "coordinates": [ [ [ 73.215940236885189, 33.686639790225364 ], [ 73.215905434637264, 33.686696878132153 ], [ 73.215898299202763, 33.686693838018094 ], [ 73.215880638445896, 33.686722808359988 ], [ 73.215872483965114, 33.686719334204248 ], [ 73.215865730982543, 33.686730410483534 ], [ 73.215673094665675, 33.686648338315663 ], [ 73.215679847665569, 33.68663726204737 ], [ 73.215690039138437, 33.686641604283182 ], [ 73.215707700999886, 33.686612634886806 ], [ 73.215713816317759, 33.68661524005293 ], [ 73.215748619732878, 33.686558152218048 ], [ 73.215940236885189, 33.686639790225364 ] ] ] } },
{ "type": "Feature", "id": 358, "properties": { "FID": 358, "SolarPV_Area(sqm)": 49.042557173200002, "Rooftop_Area(sqm)": 173.239026835, "class": "rooftops" }, "geometry": { "type": "Polygon", "coordinates": [ [ [ 73.220473073651291, 33.686624745559087 ], [ 73.220482247391701, 33.686628653419746 ], [ 73.220453161090049, 33.686676369954291 ], [ 73.220436852819873, 33.686669422249956 ], [ 73.220429580154658, 33.686681351591147 ], [ 73.220400021867519, 33.686668760003592 ], [ 73.220374570776102, 33.68671051138169 ], [ 73.220338895953901, 33.686695313922442 ], [ 73.220366943976856, 33.686649302132246 ], [ 73.220351655847438, 33.68664278933791 ], [ 73.220369315115519, 33.68661381830681 ], [ 73.220354025913679, 33.686607305497397 ], [ 73.220405447207057, 33.686522949932218 ], [ 73.220508393128668, 33.686566805274616 ], [ 73.220473073651291, 33.686624745559087 ] ] ] } },
{ "type": "Feature", "id": 359, "properties": { "FID": 359, "SolarPV_Area(sqm)": 18.8751529076, "Rooftop_Area(sqm)": 222.18827464500001, "class": "rooftops" }, "geometry": { "type": "Polygon", "coordinates": [ [ [ 73.218516590465399, 33.686691501138775 ], [ 73.21845384155138, 33.686661865836427 ], [ 73.218474099218056, 33.686631891019118 ], [ 73.218426290575124, 33.686609311084759 ], [ 73.218422351649565, 33.68661513922055 ], [ 73.218400438642803, 33.686604790104496 ], [ 73.218382994933052, 33.686630602349176 ], [ 73.218343153695272, 33.686611785849585 ], [ 73.218360035465508, 33.68658680685629 ], [ 73.218331150745868, 33.686573164915337 ], [ 73.218377856011088, 33.686504056050325 ], [ 73.218585027426215, 33.686601900884895 ], [ 73.218545074096085, 33.686661018210295 ], [ 73.218539098002893, 33.686658196060826 ], [ 73.218516590465399, 33.686691501138775 ] ] ] } },
{ "type": "Feature", "id": 360, "properties": { "FID": 360, "SolarPV_Area(sqm)": 55.759620141699997, "Rooftop_Area(sqm)": 264.16074951000002, "class": "rooftops" }, "geometry": { "type": "Polygon", "coordinates": [ [ [ 73.217128053656452, 33.686637944472061 ], [ 73.217107459008602, 33.686668857446229 ], [ 73.217098463799005, 33.686664669660566 ], [ 73.217094011964036, 33.686671354243771 ], [ 73.216914112245647, 33.686587599355136 ], [ 73.216981461347075, 33.686486504800826 ], [ 73.217179350276837, 33.686578634232106 ], [ 73.217137048864871, 33.686642132255557 ], [ 73.217128053656452, 33.686637944472061 ] ] ] } },
{ "type": "Feature", "id": 361, "properties": { "FID": 361, "SolarPV_Area(sqm)": 43.888080734500001, "Rooftop_Area(sqm)": 236.09269253, "class": "rooftops" }, "geometry": { "type": "Polygon", "coordinates": [ [ [ 73.218732059275396, 33.686456204963356 ], [ 73.218742078004851, 33.686441165443867 ], [ 73.218727085527107, 33.686434185990734 ], [ 73.218746009766605, 33.686405779010862 ], [ 73.218757004103921, 33.68641089727285 ], [ 73.218770917910788, 33.686390009132289 ], [ 73.218780913252644, 33.686394662102821 ], [ 73.218788705581531, 33.686382964895593 ], [ 73.218957611393179, 33.686461598841987 ], [ 73.218887481585597, 33.686566872899455 ], [ 73.218822517647538, 33.686536628714066 ], [ 73.218828083597501, 33.686528273822148 ], [ 73.218749127276681, 33.686491516362658 ], [ 73.21875469323048, 33.686483161474122 ], [ 73.218735703683279, 33.686474320848312 ], [ 73.218744052632289, 33.686461787614796 ], [ 73.218732059275396, 33.686456204963356 ] ] ] } },
{ "type": "Feature", "id": 362, "properties": { "FID": 362, "SolarPV_Area(sqm)": 0.0, "Rooftop_Area(sqm)": 268.75184285699999, "class": "rooftops" }, "geometry": { "type": "Polygon", "coordinates": [ [ [ 73.218433333888058, 33.686413330233364 ], [ 73.21845456141655, 33.686380525225495 ], [ 73.21864875771081, 33.686468340918211 ], [ 73.21858344392146, 33.68656927910331 ], [ 73.218380190972596, 33.686477368510836 ], [ 73.21842427848631, 33.686409234557587 ], [ 73.218433333888058, 33.686413330233364 ] ] ] } },
{ "type": "Feature", "id": 363, "properties": { "FID": 363, "SolarPV_Area(sqm)": 0.0, "Rooftop_Area(sqm)": 223.61647880699999, "class": "rooftops" }, "geometry": { "type": "Polygon", "coordinates": [ [ [ 73.217218813433604, 33.686486411773394 ], [ 73.217212244160706, 33.686496488916511 ], [ 73.217221285025232, 33.686500607014707 ], [ 73.217201579355972, 33.686530838474198 ], [ 73.217195552111463, 33.686528093074479 ], [ 73.217182962718155, 33.686547406718695 ], [ 73.21700013979553, 33.686464124678643 ], [ 73.217060898932459, 33.686370912905311 ], [ 73.217233676317491, 33.686449619489814 ], [ 73.217219991886637, 33.686470612660138 ], [ 73.21721296009926, 33.686467409995409 ], [ 73.217204749875606, 33.686480005541881 ], [ 73.217218813433604, 33.686486411773394 ] ] ] } },
{ "type": "Feature", "id": 364, "properties": { "FID": 364, "SolarPV_Area(sqm)": 28.920456602600002, "Rooftop_Area(sqm)": 227.23854485000001, "class": "rooftops" }, "geometry": { "type": "Polygon", "coordinates": [ [ [ 73.215488812189307, 33.686496343480819 ], [ 73.215450656610329, 33.686549696385207 ], [ 73.215380943398358, 33.686514854923928 ], [ 73.215383878194856, 33.686510750991644 ], [ 73.215336747535417, 33.68648719674308 ], [ 73.215331464475213, 33.686494583452216 ], [ 73.215262732538775, 33.686460233137659 ], [ 73.215325542893808, 33.68637240478494 ], [ 73.215338308073058, 33.686378784354126 ], [ 73.215342416995895, 33.686373039033498 ], [ 73.215503445643193, 33.686453517078114 ], [ 73.215477030339059, 33.686490454265687 ], [ 73.215488812189307, 33.686496343480819 ] ] ] } },
{ "type": "Feature", "id": 365, "properties": { "FID": 365, "SolarPV_Area(sqm)": 0.0, "Rooftop_Area(sqm)": 242.639730773, "class": "rooftops" }, "geometry": { "type": "Polygon", "coordinates": [ [ [ 73.216027553171671, 33.68649891360203 ], [ 73.215847211707768, 33.686410035069571 ], [ 73.21588613751247, 33.686354839124128 ], [ 73.215896977089599, 33.686360181746487 ], [ 73.21590627291107, 33.686347000489292 ], [ 73.215916127958067, 33.686351857265983 ], [ 73.215935299686308, 33.686324671695033 ], [ 73.216053556021137, 33.686382951973826 ], [ 73.216056460884772, 33.686378833164241 ], [ 73.216106719647712, 33.686403602808959 ], [ 73.216042232368849, 33.686495046893143 ], [ 73.216033362909428, 33.68649067598448 ], [ 73.216027553171671, 33.68649891360203 ] ] ] } },
{ "type": "Feature", "id": 366, "properties": { "FID": 366, "SolarPV_Area(sqm)": 0.0, "Rooftop_Area(sqm)": 95.681244715199995, "class": "rooftops" }, "geometry": { "type": "Polygon", "coordinates": [ [ [ 73.217931953877397, 33.686356119548272 ], [ 73.217955394869989, 33.686313553351418 ], [ 73.218031252343792, 33.686342746758527 ], [ 73.217977195492125, 33.686440909936714 ], [ 73.217901337953407, 33.686411716494611 ], [ 73.217916645911188, 33.686383918473346 ], [ 73.217908332528964, 33.686380719001733 ], [ 73.217923640478574, 33.686352920979225 ], [ 73.217931953877397, 33.686356119548272 ] ] ] } },
{ "type": "Feature", "id": 367, "properties": { "FID": 367, "SolarPV_Area(sqm)": 0.0, "Rooftop_Area(sqm)": 102.87065031, "class": "rooftops" }, "geometry": { "type": "Polygon", "coordinates": [ [ [ 73.218663585492678, 33.68642103963149 ], [ 73.218644467880026, 33.68641239463264 ], [ 73.218649366101801, 33.686404824578375 ], [ 73.218643328794798, 33.686402094433596 ], [ 73.218655847322793, 33.686382748049859 ], [ 73.218573339631533, 33.68634543788562 ], [ 73.218547213927977, 33.686385812966051 ], [ 73.21854016987885, 33.686382627332925 ], [ 73.218561397340878, 33.686349823206484 ], [ 73.218547310307557, 33.686343452858651 ], [ 73.218585954525253, 33.686283731400593 ], [ 73.218714748196177, 33.68634197084431 ], [ 73.218663585492678, 33.68642103963149 ] ] ] } },
{ "type": "Feature", "id": 368, "properties": { "FID": 368, "SolarPV_Area(sqm)": 0.0, "Rooftop_Area(sqm)": 155.30623323699999, "class": "rooftops" }, "geometry": { "type": "Polygon", "coordinates": [ [ [ 73.216832356951528, 33.686332832892887 ], [ 73.216868136050238, 33.686278341473731 ], [ 73.217010538580368, 33.68634368485862 ], [ 73.216955492873495, 33.686427518620292 ], [ 73.216947469943321, 33.686423837223643 ], [ 73.216938662437741, 33.686437251052439 ], [ 73.216917602781734, 33.686427587615434 ], [ 73.216928612165944, 33.686410820331254 ], [ 73.216824317380528, 33.686362963062123 ], [ 73.216841382179652, 33.686336975140428 ], [ 73.216832356951528, 33.686332832892887 ] ] ] } },
{ "type": "Feature", "id": 369, "properties": { "FID": 369, "SolarPV_Area(sqm)": 0.0, "Rooftop_Area(sqm)": 182.28361475400001, "class": "rooftops" }, "geometry": { "type": "Polygon", "coordinates": [ [ [ 73.215487698192263, 33.686407302112393 ], [ 73.215363013683572, 33.686361621721723 ], [ 73.215367146301176, 33.686353738649821 ], [ 73.21533676155687, 33.686342606512291 ], [ 73.215373037586176, 33.686273410372685 ], [ 73.215381419321503, 33.686276481146102 ], [ 73.215391981049834, 33.686256334922923 ], [ 73.215382551197266, 33.686252880185123 ], [ 73.215387143112338, 33.686244120916449 ], [ 73.215460486751297, 33.686270992686019 ], [ 73.215454976251763, 33.68628150344815 ], [ 73.215519938219501, 33.686305303513784 ], [ 73.215496978720196, 33.686349098077969 ], [ 73.21553993772217, 33.686364836795768 ], [ 73.215529835317625, 33.686384106835654 ], [ 73.215504689005655, 33.686374893625498 ], [ 73.215487698192263, 33.686407302112393 ] ] ] } },
{ "type": "Feature", "id": 370, "properties": { "FID": 370, "SolarPV_Area(sqm)": 41.2987226734, "Rooftop_Area(sqm)": 226.21444173200001, "class": "rooftops" }, "geometry": { "type": "Polygon", "coordinates": [ [ [ 73.215964940858569, 33.686240196474337 ], [ 73.215969708865302, 33.686233666192336 ], [ 73.215958968144392, 33.686228186131814 ], [ 73.215988172311981, 33.686188187928998 ], [ 73.216111203724168, 33.686250968402099 ], [ 73.216105244545517, 33.686259130822712 ], [ 73.216165783053142, 33.686290023107325 ], [ 73.216143730407424, 33.686320225010498 ], [ 73.216150565323431, 33.686323712556479 ], [ 73.216109440650598, 33.686380035607826 ], [ 73.215943445117205, 33.686295332165379 ], [ 73.215978610644754, 33.68624717248646 ], [ 73.215964940858569, 33.686240196474337 ] ] ] } },
{ "type": "Feature", "id": 371, "properties": { "FID": 371, "SolarPV_Area(sqm)": 29.2248558225, "Rooftop_Area(sqm)": 270.33695343300002, "class": "rooftops" }, "geometry": { "type": "Polygon", "coordinates": [ [ [ 73.217999505706885, 33.686231027658579 ], [ 73.217994508606822, 33.686228701150497 ], [ 73.218026234855031, 33.686181077402459 ], [ 73.218099193380084, 33.686215044394153 ], [ 73.218095297178309, 33.686220892974958 ], [ 73.218221227068682, 33.686279519957367 ], [ 73.218203972484076, 33.686305420574129 ], [ 73.21821296771445, 33.686309608280048 ], [ 73.218165657797442, 33.686380625523071 ], [ 73.217962771082796, 33.686286171140601 ], [ 73.217999505706885, 33.686231027658579 ] ] ] } },
{ "type": "Feature", "id": 372, "properties": { "FID": 372, "SolarPV_Area(sqm)": 50.5683662255, "Rooftop_Area(sqm)": 271.68805506400003, "class": "rooftops" }, "geometry": { "type": "Polygon", "coordinates": [ [ [ 73.216823892045284, 33.68623435209345 ], [ 73.216848523931219, 33.686196562840856 ], [ 73.216868614608003, 33.686205715427377 ], [ 73.21691240514302, 33.686138535422231 ], [ 73.217099244374367, 33.686223647524365 ], [ 73.217030822127953, 33.686328615992139 ], [ 73.216823892045284, 33.68623435209345 ] ] ] } },
{ "type": "Feature", "id": 373, "properties": { "FID": 373, "SolarPV_Area(sqm)": 0.0, "Rooftop_Area(sqm)": 236.74576175499999, "class": "rooftops" }, "geometry": { "type": "Polygon", "coordinates": [ [ [ 73.217793493766052, 33.686123650663653 ], [ 73.217817034179674, 33.686086457762997 ], [ 73.217872648309211, 33.686111055970954 ], [ 73.217869438003561, 33.686116128097197 ], [ 73.217979655123827, 33.686164877908681 ], [ 73.217917594386023, 33.686262932816419 ], [ 73.217728507001908, 33.686179297259294 ], [ 73.217765956998846, 33.686120126048266 ], [ 73.217779102922847, 33.686125940041279 ], [ 73.217783382600217, 33.686119178100761 ], [ 73.217793493766052, 33.686123650663653 ] ] ] } },
{ "type": "Feature", "id": 374, "properties": { "FID": 374, "SolarPV_Area(sqm)": 40.716844939399998, "Rooftop_Area(sqm)": 232.931520396, "class": "rooftops" }, "geometry": { "type": "Polygon", "coordinates": [ [ [ 73.216266882636148, 33.686160408225817 ], [ 73.216241351289099, 33.686201048386856 ], [ 73.21623527397054, 33.686198379770097 ], [ 73.216204423291074, 33.686247486467224 ], [ 73.216195307830958, 33.686243484448461 ], [ 73.216188925520839, 33.686253644492801 ], [ 73.216014726035624, 33.686177162235595 ], [ 73.216040257479605, 33.686136522124521 ], [ 73.216050385266442, 33.686140968917357 ], [ 73.216083896183846, 33.686087628998088 ], [ 73.216103139406883, 33.686096077812913 ], [ 73.216106862601038, 33.686090151050308 ], [ 73.216266882636148, 33.686160408225817 ] ] ] } },
{ "type": "Feature", "id": 375, "properties": { "FID": 375, "SolarPV_Area(sqm)": 25.848584666899999, "Rooftop_Area(sqm)": 272.19381453099999, "class": "rooftops" }, "geometry": { "type": "Polygon", "coordinates": [ [ [ 73.218281183010106, 33.68618386480032 ], [ 73.218276119043054, 33.686181641944316 ], [ 73.218233035234007, 33.686250222271262 ], [ 73.218030475899127, 33.686161292451743 ], [ 73.218094303185381, 33.686059691959343 ], [ 73.218301926323051, 33.686150844525059 ], [ 73.218281183010106, 33.68618386480032 ] ] ] } },
{ "type": "Feature", "id": 376, "properties": { "FID": 376, "SolarPV_Area(sqm)": 0.0, "Rooftop_Area(sqm)": 235.709809584, "class": "rooftops" }, "geometry": { "type": "Polygon", "coordinates": [ [ [ 73.21556647881566, 33.686111967559739 ], [ 73.215557721371027, 33.686125403652845 ], [ 73.215531603683459, 33.686113506281131 ], [ 73.215534340857843, 33.68610930750954 ], [ 73.215515254868563, 33.686100612892027 ], [ 73.215522371306591, 33.686089696083556 ], [ 73.215513330571071, 33.686085577864745 ], [ 73.215565880566189, 33.686004963194826 ], [ 73.215755731674037, 33.686091450017237 ], [ 73.215710846297682, 33.686160308205373 ], [ 73.215700801011081, 33.686155732721971 ], [ 73.215681641926139, 33.686185123262895 ], [ 73.215580186832852, 33.686138905712696 ], [ 73.215588397272455, 33.68612630937875 ], [ 73.215572325932484, 33.686118987523265 ], [ 73.21557451502359, 33.686115628495862 ], [ 73.21556647881566, 33.686111967559739 ] ] ] } },
{ "type": "Feature", "id": 377, "properties": { "FID": 377, "SolarPV_Area(sqm)": 0.0, "Rooftop_Area(sqm)": 265.926240544, "class": "rooftops" }, "geometry": { "type": "Polygon", "coordinates": [ [ [ 73.219152544324302, 33.686078618867782 ], [ 73.219180573771325, 33.686086134292857 ], [ 73.219170217772614, 33.686115856101857 ], [ 73.219154216147004, 33.686113401658311 ], [ 73.219133437556863, 33.686184961380974 ], [ 73.219015598658885, 33.686161048339891 ], [ 73.219010201367482, 33.686179635341105 ], [ 73.218957951699423, 33.686169032907316 ], [ 73.218998699739515, 33.686028701848244 ], [ 73.21904983751385, 33.686039079022962 ], [ 73.21906360010631, 33.685991682967376 ], [ 73.219073605287178, 33.685993713711277 ], [ 73.219072255979981, 33.685998360011801 ], [ 73.219115612174562, 33.686007157795089 ], [ 73.219103738841298, 33.686048049580059 ], [ 73.219158210992532, 33.686059103313518 ], [ 73.219152544324302, 33.686078618867782 ] ] ] } },
{ "type": "Feature", "id": 378, "properties": { "FID": 378, "SolarPV_Area(sqm)": 37.793397851400002, "Rooftop_Area(sqm)": 229.26471395600001, "class": "rooftops" }, "geometry": { "type": "Polygon", "coordinates": [ [ [ 73.216339942021108, 33.686033090084493 ], [ 73.216271857518365, 33.686141462664338 ], [ 73.216190834058111, 33.686105889327585 ], [ 73.216194025198078, 33.686100809755878 ], [ 73.216129206916932, 33.686072350877289 ], [ 73.216160590679408, 33.686022397920496 ], [ 73.216123116601665, 33.686005945068942 ], [ 73.216156627418712, 33.685952605125671 ], [ 73.216339942021108, 33.686033090084493 ] ] ] } },
{ "type": "Feature", "id": 379, "properties": { "FID": 379, "SolarPV_Area(sqm)": 19.528924091699999, "Rooftop_Area(sqm)": 212.49012898000001, "class": "rooftops" }, "geometry": { "type": "Polygon", "coordinates": [ [ [ 73.216516352712844, 33.686089007414154 ], [ 73.216516884758434, 33.686088160218965 ], [ 73.216408515946625, 33.686040581951744 ], [ 73.216469153889918, 33.685944061934912 ], [ 73.21663221317516, 33.686015652949841 ], [ 73.216592319310266, 33.686079152180795 ], [ 73.216604472895312, 33.686084488462079 ], [ 73.216583196936796, 33.686118354725878 ], [ 73.216516352712844, 33.686089007414154 ] ] ] } },
{ "type": "Feature", "id": 380, "properties": { "FID": 380, "SolarPV_Area(sqm)": 0.0, "Rooftop_Area(sqm)": 239.25488871300001, "class": "rooftops" }, "geometry": { "type": "Polygon", "coordinates": [ [ [ 73.215805751905563, 33.685993662396058 ], [ 73.215798926102622, 33.686003619429087 ], [ 73.215807858868786, 33.686007899287766 ], [ 73.215764627368316, 33.68607095776462 ], [ 73.215576048146431, 33.685980606314033 ], [ 73.215638052047865, 33.685890167237972 ], [ 73.215652939592985, 33.685897300649174 ], [ 73.215656921410442, 33.685891492160664 ], [ 73.215810761773511, 33.685965199193582 ], [ 73.21579483456361, 33.685988431364216 ], [ 73.215805751905563, 33.685993662396058 ] ] ] } },
{ "type": "Feature", "id": 381, "properties": { "FID": 381, "SolarPV_Area(sqm)": 0.0, "Rooftop_Area(sqm)": 231.47382800099999, "class": "rooftops" }, "geometry": { "type": "Polygon", "coordinates": [ [ [ 73.217369113607035, 33.685885815135862 ], [ 73.217537976658662, 33.685960505134389 ], [ 73.217514082611302, 33.685995699969183 ], [ 73.217513189473536, 33.686004266509926 ], [ 73.217541891827537, 33.686017843784228 ], [ 73.217507150040149, 33.686072171828172 ], [ 73.217460635955618, 33.686050554359795 ], [ 73.217435755526964, 33.686037287417939 ], [ 73.217440183043294, 33.68602879983402 ], [ 73.217391273494343, 33.686010302160561 ], [ 73.217386992714282, 33.686017064071208 ], [ 73.217308122875735, 33.68598217902651 ], [ 73.217369113607035, 33.685885815135862 ] ] ] } },
{ "type": "Feature", "id": 382, "properties": { "FID": 382, "SolarPV_Area(sqm)": 54.821199831400001, "Rooftop_Area(sqm)": 209.28507705199999, "class": "rooftops" }, "geometry": { "type": "Polygon", "coordinates": [ [ [ 73.216402228109303, 33.685917208579959 ], [ 73.216352471003631, 33.685995821442553 ], [ 73.216341348721514, 33.685990901314824 ], [ 73.216335998432427, 33.685999354792877 ], [ 73.216163091585756, 33.685922873378196 ], [ 73.216213382981621, 33.68584341523556 ], [ 73.21625686297827, 33.685862647463132 ], [ 73.216264888390612, 33.685849968152283 ], [ 73.216324545656349, 33.685876356824487 ], [ 73.216321335289578, 33.685881428006503 ], [ 73.216402228109303, 33.685917208579959 ] ] ] } },
{ "type": "Feature", "id": 383, "properties": { "FID": 383, "SolarPV_Area(sqm)": 51.543569318899998, "Rooftop_Area(sqm)": 292.00342948100001, "class": "rooftops" }, "geometry": { "type": "Polygon", "coordinates": [ [ [ 73.21832186615174, 33.685885066996626 ], [ 73.218271799203919, 33.685860027776734 ], [ 73.218298228101318, 33.685823096470713 ], [ 73.21828841075174, 33.685818186320127 ], [ 73.218322473702614, 33.685770588073929 ], [ 73.218332386868966, 33.685760819706694 ], [ 73.218347819979854, 33.685773254950746 ], [ 73.218388491496171, 33.685716120203175 ], [ 73.218432719892917, 33.685731516421015 ], [ 73.218413149224574, 33.68575957406668 ], [ 73.218436103799064, 33.685765178662557 ], [ 73.218461387899424, 33.685777654062477 ], [ 73.218451402424435, 33.685791606507351 ], [ 73.218492634299352, 33.685812226721886 ], [ 73.218486174267611, 33.685821254050239 ], [ 73.218497955113179, 33.685827145671531 ], [ 73.218462128413066, 33.68587720741322 ], [ 73.218470964604506, 33.685881625462763 ], [ 73.218424568039225, 33.685946459935138 ], [ 73.218316580163815, 33.68589245289553 ], [ 73.21832186615174, 33.685885066996626 ] ] ] } },
{ "type": "Feature", "id": 384, "properties": { "FID": 384, "SolarPV_Area(sqm)": 62.478487679200001, "Rooftop_Area(sqm)": 239.42401027, "class": "rooftops" }, "geometry": { "type": "Polygon", "coordinates": [ [ [ 73.216635278678083, 33.685724386258734 ], [ 73.21664413531046, 33.685710994801383 ], [ 73.216664157930552, 33.685720250140292 ], [ 73.216669139649099, 33.685712717442406 ], [ 73.216823313715224, 33.685783979740343 ], [ 73.216757997047253, 33.685882736421874 ], [ 73.216573788349933, 33.685797592359201 ], [ 73.21662526683879, 33.685719758128819 ], [ 73.216635278678083, 33.685724386258734 ] ] ] } },
{ "type": "Feature", "id": 385, "properties": { "FID": 385, "SolarPV_Area(sqm)": 0.0, "Rooftop_Area(sqm)": 251.74084836, "class": "rooftops" }, "geometry": { "type": "Polygon", "coordinates": [ [ [ 73.216268813734828, 33.685818333077698 ], [ 73.216273461047876, 33.68581174242501 ], [ 73.216251780882928, 33.685801058133478 ], [ 73.216262238959104, 33.68578622896402 ], [ 73.21625533968971, 33.685782829770467 ], [ 73.21630820793176, 33.685707861726335 ], [ 73.216500373641509, 33.685802567084949 ], [ 73.216438210892264, 33.685890716532612 ], [ 73.216430327078896, 33.685886831508697 ], [ 73.216424517421487, 33.685895069148238 ], [ 73.216268813734828, 33.685818333077698 ] ] ] } },
{ "type": "Feature", "id": 386, "properties": { "FID": 386, "SolarPV_Area(sqm)": 44.948699119499999, "Rooftop_Area(sqm)": 220.33081698500001, "class": "rooftops" }, "geometry": { "type": "Polygon", "coordinates": [ [ [ 73.21591145798061, 33.685799988676322 ], [ 73.215903422864528, 33.685796327777986 ], [ 73.215891380300675, 33.685814801524366 ], [ 73.215780884796843, 33.68576446595565 ], [ 73.215784168946243, 33.685759427415682 ], [ 73.215735952925186, 33.685737461892295 ], [ 73.215799449977482, 33.685640052881176 ], [ 73.215951129721688, 33.685709150250702 ], [ 73.215930328756428, 33.685741060110637 ], [ 73.215946401138439, 33.685748381934232 ], [ 73.215938189710144, 33.685760978280008 ], [ 73.215948234965254, 33.685765553743302 ], [ 73.215930719186488, 33.685792425974974 ], [ 73.215919669416692, 33.685787392332635 ], [ 73.21591145798061, 33.685799988676322 ] ] ] } },
{ "type": "Feature", "id": 387, "properties": { "FID": 387, "SolarPV_Area(sqm)": 29.7635994111, "Rooftop_Area(sqm)": 236.62045411299999, "class": "rooftops" }, "geometry": { "type": "Polygon", "coordinates": [ [ [ 73.216502047614881, 33.685768009328292 ], [ 73.216322459754167, 33.685683792800582 ], [ 73.216385142223658, 33.685590378270831 ], [ 73.216573709477686, 33.685678804844777 ], [ 73.216519422236374, 33.685759709604334 ], [ 73.216510442731561, 33.685755498558244 ], [ 73.216502047614881, 33.685768009328292 ] ] ] } },
{ "type": "Feature", "id": 388, "properties": { "FID": 388, "SolarPV_Area(sqm)": 0.0, "Rooftop_Area(sqm)": 136.54121572700001, "class": "rooftops" }, "geometry": { "type": "Polygon", "coordinates": [ [ [ 73.222191979311972, 33.685686845517878 ], [ 73.2221673342179, 33.685679143216809 ], [ 73.222170137447847, 33.685672872975509 ], [ 73.222158350809153, 33.68566918914933 ], [ 73.222206822538666, 33.685560799648634 ], [ 73.222304332091895, 33.685591274154405 ], [ 73.222297922877914, 33.685605606631029 ], [ 73.222290422391154, 33.685603262305406 ], [ 73.222234739820394, 33.685727775413838 ], [ 73.222181163452888, 33.685711031331053 ], [ 73.222191979311972, 33.685686845517878 ] ] ] } },
{ "type": "Feature", "id": 389, "properties": { "FID": 389, "SolarPV_Area(sqm)": 37.728387108100002, "Rooftop_Area(sqm)": 224.76318089399999, "class": "rooftops" }, "geometry": { "type": "Polygon", "coordinates": [ [ [ 73.217251020106346, 33.685599510895877 ], [ 73.217282360834162, 33.685552803382024 ], [ 73.217277371602478, 33.685550464334533 ], [ 73.217272895281852, 33.685557136850228 ], [ 73.217271897439218, 33.685556668860386 ], [ 73.21728588836767, 33.685535817170603 ], [ 73.217462484477764, 33.685618628370214 ], [ 73.217455768924196, 33.685628637589382 ], [ 73.217465745250252, 33.685633315639194 ], [ 73.217422092007794, 33.685698373271997 ], [ 73.217418101705874, 33.685696501332608 ], [ 73.217405789119525, 33.685714851401471 ], [ 73.21723418210992, 33.685634379166899 ], [ 73.217256008243041, 33.685601850830409 ], [ 73.217251020106346, 33.685599510895877 ] ] ] } },
{ "type": "Feature", "id": 390, "properties": { "FID": 390, "SolarPV_Area(sqm)": 30.9769777966, "Rooftop_Area(sqm)": 245.024730866, "class": "rooftops" }, "geometry": { "type": "Polygon", "coordinates": [ [ [ 73.215872506367177, 33.685534916670584 ], [ 73.215880670743033, 33.685522299810067 ], [ 73.216065807139586, 33.685606023570884 ], [ 73.216026617742131, 33.685666585812307 ], [ 73.216011524275629, 33.685659760582446 ], [ 73.215985398699758, 33.685700135108405 ], [ 73.215811329780379, 33.685621416277648 ], [ 73.215868481598307, 33.685533096486587 ], [ 73.215872506367177, 33.685534916670584 ] ] ] } },
{ "type": "Feature", "id": 391, "properties": { "FID": 391, "SolarPV_Area(sqm)": 42.980120151100003, "Rooftop_Area(sqm)": 166.54536162599999, "class": "rooftops" }, "geometry": { "type": "Polygon", "coordinates": [ [ [ 73.222612686857815, 33.685614583398269 ], [ 73.222585854109752, 33.685662157951015 ], [ 73.2225465340873, 33.685646659791807 ], [ 73.222542631254896, 33.685653579726534 ], [ 73.22247433940268, 33.685626662183616 ], [ 73.222550447869551, 33.685491721716765 ], [ 73.222645642043986, 33.68552924333563 ], [ 73.222600269289899, 33.685609688477101 ], [ 73.222612686857815, 33.685614583398269 ] ] ] } },
{ "type": "Feature", "id": 392, "properties": { "FID": 392, "SolarPV_Area(sqm)": 21.798098442800001, "Rooftop_Area(sqm)": 143.25775788300001, "class": "rooftops" }, "geometry": { "type": "Polygon", "coordinates": [ [ [ 73.221972429049885, 33.685631097170507 ], [ 73.221979267159, 33.685617940480306 ], [ 73.221943594900424, 33.685604982616596 ], [ 73.222006965111277, 33.685483064666833 ], [ 73.22209719653759, 33.685515842305108 ], [ 73.222026986184972, 33.685650916064766 ], [ 73.221972429049885, 33.685631097170507 ] ] ] } },
{ "type": "Feature", "id": 393, "properties": { "FID": 393, "SolarPV_Area(sqm)": 0.0, "Rooftop_Area(sqm)": 212.096597156, "class": "rooftops" }, "geometry": { "type": "Polygon", "coordinates": [ [ [ 73.216650800980489, 33.685557347587661 ], [ 73.216601263800428, 33.685631706487669 ], [ 73.216596266774644, 33.685629379925153 ], [ 73.216582351505693, 33.685650267794422 ], [ 73.216427440565269, 33.685578145096862 ], [ 73.2164452521192, 33.685551409620629 ], [ 73.216436257057921, 33.685547221790848 ], [ 73.216481898070924, 33.685478710585713 ], [ 73.216650800980489, 33.685557347587661 ] ] ] } },
{ "type": "Feature", "id": 394, "properties": { "FID": 394, "SolarPV_Area(sqm)": 34.150303586500002, "Rooftop_Area(sqm)": 216.57398152900001, "class": "rooftops" }, "geometry": { "type": "Polygon", "coordinates": [ [ [ 73.216828176746347, 33.685576114701647 ], [ 73.216821497454092, 33.685586140640346 ], [ 73.216809504367944, 33.685580556907958 ], [ 73.21680171185416, 33.685592253985369 ], [ 73.216720758268949, 33.685554564654836 ], [ 73.216778644426242, 33.685467672604801 ], [ 73.216785640472651, 33.685470929784934 ], [ 73.216792876358838, 33.685460068728688 ], [ 73.216958781551625, 33.685537308486353 ], [ 73.216917592665681, 33.685599135299341 ], [ 73.216932583766521, 33.685606114947994 ], [ 73.216916443243448, 33.685630344253859 ], [ 73.216900452086051, 33.685622899283715 ], [ 73.216894885997377, 33.685631254987236 ], [ 73.216853909677837, 33.68561217725486 ], [ 73.216866155039838, 33.685593796513942 ], [ 73.216828176746347, 33.685576114701647 ] ] ] } },
{ "type": "Feature", "id": 395, "properties": { "FID": 395, "SolarPV_Area(sqm)": 29.6439580288, "Rooftop_Area(sqm)": 251.99920082899999, "class": "rooftops" }, "geometry": { "type": "Polygon", "coordinates": [ [ [ 73.216127420450903, 33.685513775953844 ], [ 73.216134344144749, 33.6855171403379 ], [ 73.216083177543155, 33.685590724319802 ], [ 73.215895266156963, 33.685499408196044 ], [ 73.215963680341915, 33.685401021348902 ], [ 73.216144667922009, 33.685488972080748 ], [ 73.216127420450903, 33.685513775953844 ] ] ] } },
{ "type": "Feature", "id": 396, "properties": { "FID": 396, "SolarPV_Area(sqm)": 101.364669689, "Rooftop_Area(sqm)": 246.087253893, "class": "rooftops" }, "geometry": { "type": "Polygon", "coordinates": [ [ [ 73.217770226248703, 33.685534342684818 ], [ 73.217768764746424, 33.685553094624133 ], [ 73.217755845757509, 33.685567800049142 ], [ 73.217735583790059, 33.685589101478087 ], [ 73.217700326814651, 33.685567347126813 ], [ 73.21771179636859, 33.685544892636443 ], [ 73.217701173728841, 33.685536930958705 ], [ 73.217698374856383, 33.685531218450812 ], [ 73.217691223850693, 33.685528097958418 ], [ 73.2176450737538, 33.68550902970388 ], [ 73.217640005931628, 33.685517602743857 ], [ 73.217617443217321, 33.685508280252137 ], [ 73.217700572074207, 33.685367679194485 ], [ 73.217742619213766, 33.685385052423584 ], [ 73.217736536546354, 33.685395340419127 ], [ 73.217765251454054, 33.68540720445985 ], [ 73.217761703768232, 33.685413205949303 ], [ 73.217782213947146, 33.685421680898031 ], [ 73.217749774131448, 33.685476549928872 ], [ 73.217756952060597, 33.685479515702049 ], [ 73.217789899285364, 33.685423790095086 ], [ 73.217837074028267, 33.685443281579019 ], [ 73.217795170098356, 33.685535493404814 ], [ 73.21777663747794, 33.685523919653981 ], [ 73.217770226248703, 33.685534342684818 ] ] ] } },
{ "type": "Feature", "id": 397, "properties": { "FID": 397, "SolarPV_Area(sqm)": 0.0, "Rooftop_Area(sqm)": 234.01051593299999, "class": "rooftops" }, "geometry": { "type": "Polygon", "coordinates": [ [ [ 73.216845326987666, 33.685376092954975 ], [ 73.216868453958128, 33.685344198470759 ], [ 73.216907584082577, 33.685364027774895 ], [ 73.216911142650119, 33.68535912121532 ], [ 73.217055924787701, 33.685432490352177 ], [ 73.216987135800764, 33.685527355518737 ], [ 73.216818875482559, 33.685442088524937 ], [ 73.216836665141386, 33.685417554792139 ], [ 73.216827861270801, 33.68541309290751 ], [ 73.216852174095393, 33.685379562602357 ], [ 73.216845326987666, 33.685376092954975 ] ] ] } },
{ "type": "Feature", "id": 398, "properties": { "FID": 398, "SolarPV_Area(sqm)": 0.0, "Rooftop_Area(sqm)": 346.05568379800002, "class": "rooftops" }, "geometry": { "type": "Polygon", "coordinates": [ [ [ 73.219016308425978, 33.685374157723537 ], [ 73.219034301054947, 33.685341375400547 ], [ 73.219110966205875, 33.685373540291664 ], [ 73.219058107031231, 33.68546764796551 ], [ 73.219047775786123, 33.685463542960285 ], [ 73.219026167485652, 33.685501546702852 ], [ 73.21903236666968, 33.685504009533147 ], [ 73.219008795029652, 33.685545468500735 ], [ 73.219017061318368, 33.685548752887009 ], [ 73.218996927068446, 33.685584166351603 ], [ 73.218953532811867, 33.685566923815401 ], [ 73.218957951895632, 33.685559150252864 ], [ 73.218823636084664, 33.685505781263068 ], [ 73.218857029784658, 33.685447048084328 ], [ 73.218940718584363, 33.685480300886489 ], [ 73.218967237366172, 33.685433659571963 ], [ 73.218889746693904, 33.685402869610257 ], [ 73.218925596079245, 33.685339817173762 ], [ 73.219016308425978, 33.685374157723537 ] ] ] } },
{ "type": "Feature", "id": 399, "properties": { "FID": 399, "SolarPV_Area(sqm)": 67.524799924700005, "Rooftop_Area(sqm)": 243.93021742400001, "class": "rooftops" }, "geometry": { "type": "Polygon", "coordinates": [ [ [ 73.215383716169327, 33.685401219143237 ], [ 73.215395594636092, 33.685378527308039 ], [ 73.215471144115114, 33.685408291337502 ], [ 73.215466610258247, 33.685416018925139 ], [ 73.215529261896705, 33.685441707270947 ], [ 73.215466293222988, 33.685549033309421 ], [ 73.215450887275011, 33.685542716604211 ], [ 73.215447865063254, 33.685547868033218 ], [ 73.215265045433767, 33.68547290775129 ], [ 73.215285698918365, 33.68543770442006 ], [ 73.215313464411977, 33.685443767758969 ], [ 73.215328414668363, 33.685426729309043 ], [ 73.215330853857537, 33.685413724074515 ], [ 73.215375452914046, 33.685432236028568 ], [ 73.215381100665113, 33.68541205668577 ], [ 73.215383716169327, 33.685401219143237 ] ] ] } },
{ "type": "Feature", "id": 400, "properties": { "FID": 400, "SolarPV_Area(sqm)": 0.0, "Rooftop_Area(sqm)": 244.75497381599999, "class": "rooftops" }, "geometry": { "type": "Polygon", "coordinates": [ [ [ 73.21620313294423, 33.685399148902924 ], [ 73.216162708109792, 33.685463495209653 ], [ 73.215971292906673, 33.685379453673583 ], [ 73.21603405787522, 33.685279547778414 ], [ 73.216212307129084, 33.685357808136565 ], [ 73.216189967142682, 33.68539336782375 ], [ 73.21620313294423, 33.685399148902924 ] ] ] } },
{ "type": "Feature", "id": 401, "properties": { "FID": 401, "SolarPV_Area(sqm)": 39.572193836899999, "Rooftop_Area(sqm)": 247.06183270700001, "class": "rooftops" }, "geometry": { "type": "Polygon", "coordinates": [ [ [ 73.216582348070347, 33.685325484033953 ], [ 73.216590789071418, 33.685312994659732 ], [ 73.216579832846463, 33.68530781994761 ], [ 73.216631040741902, 33.685232051356508 ], [ 73.216761515537954, 33.685293676153208 ], [ 73.216763766529866, 33.685290345951479 ], [ 73.216823525877018, 33.685318570953328 ], [ 73.216755999135501, 33.685418486079449 ], [ 73.216592656543568, 33.685341337157055 ], [ 73.216598283512369, 33.685333011202502 ], [ 73.216582348070347, 33.685325484033953 ] ] ] } },
{ "type": "Feature", "id": 402, "properties": { "FID": 402, "SolarPV_Area(sqm)": 0.0, "Rooftop_Area(sqm)": 207.64176912799999, "class": "rooftops" }, "geometry": { "type": "Polygon", "coordinates": [ [ [ 73.221300537685465, 33.685359306391632 ], [ 73.221290161549447, 33.685355281183504 ], [ 73.221287272347027, 33.685360486078146 ], [ 73.221244726553749, 33.685343981580331 ], [ 73.221239911565632, 33.68535265670846 ], [ 73.221164160246062, 33.685323271110171 ], [ 73.221233981788515, 33.685197485893497 ], [ 73.221266150312644, 33.685209965167793 ], [ 73.221268076091548, 33.685206494932537 ], [ 73.221373919823534, 33.685247554298755 ], [ 73.221337805417306, 33.685312615512608 ], [ 73.221328466265959, 33.68530899209771 ], [ 73.221300537685465, 33.685359306391632 ] ] ] } },
{ "type": "Feature", "id": 403, "properties": { "FID": 403, "SolarPV_Area(sqm)": 24.475627977599999, "Rooftop_Area(sqm)": 155.81315020400001, "class": "rooftops" }, "geometry": { "type": "Polygon", "coordinates": [ [ [ 73.221589495678344, 33.685176273698126 ], [ 73.22157046830047, 33.685210008213097 ], [ 73.221560121320508, 33.685205929341237 ], [ 73.221551339262774, 33.685221500014507 ], [ 73.221540992282442, 33.685217421141026 ], [ 73.221517086779542, 33.685259806432498 ], [ 73.221499495819373, 33.685252872867459 ], [ 73.221496569186982, 33.685258062800187 ], [ 73.221425173913659, 33.685229920491992 ], [ 73.221500307351121, 33.685096710672831 ], [ 73.221544799329649, 33.685114248573413 ], [ 73.221539921262249, 33.685122898458431 ], [ 73.221583378569164, 33.685140028278077 ], [ 73.221578012373882, 33.685149543148633 ], [ 73.221588359348118, 33.685153622018838 ], [ 73.221578114007457, 33.685171786760563 ], [ 73.221589495678344, 33.685176273698126 ] ] ] } },
{ "type": "Feature", "id": 404, "properties": { "FID": 404, "SolarPV_Area(sqm)": 30.617674771699999, "Rooftop_Area(sqm)": 138.262587478, "class": "rooftops" }, "geometry": { "type": "Polygon", "coordinates": [ [ [ 73.221443676760643, 33.685088548634951 ], [ 73.221448138430134, 33.685079743065046 ], [ 73.221488165908099, 33.685093918035207 ], [ 73.221420338290272, 33.685227765077478 ], [ 73.221330804894293, 33.685196056582811 ], [ 73.221391937954209, 33.685075417913644 ], [ 73.221425645046438, 33.685087355692183 ], [ 73.221427875882156, 33.685082952907621 ], [ 73.221443676760643, 33.685088548634951 ] ] ] } },
{ "type": "Feature", "id": 405, "properties": { "FID": 405, "SolarPV_Area(sqm)": 0.0, "Rooftop_Area(sqm)": 258.842757828, "class": "rooftops" }, "geometry": { "type": "Polygon", "coordinates": [ [ [ 73.215758555442136, 33.685021030263229 ], [ 73.215738053213357, 33.684995274506591 ], [ 73.215772365898559, 33.684974423434575 ], [ 73.215825044350524, 33.685036722767371 ], [ 73.215813162914969, 33.68504286354446 ], [ 73.215848866971413, 33.685082724278438 ], [ 73.21589489146848, 33.685142864234614 ], [ 73.215853188367703, 33.685159185427274 ], [ 73.215775473486872, 33.685202206364522 ], [ 73.215636926837433, 33.685080081524866 ], [ 73.21566182771555, 33.685060338976918 ], [ 73.21567170010475, 33.685050257323695 ], [ 73.215697568137529, 33.685032622644499 ], [ 73.215727128703847, 33.685065919978015 ], [ 73.215712363794708, 33.685074310491039 ], [ 73.215743063987944, 33.685101372320013 ], [ 73.215779359846664, 33.685076530708685 ], [ 73.21574351134133, 33.685032804692248 ], [ 73.215758555442136, 33.685021030263229 ] ] ] } },
{ "type": "Feature", "id": 406, "properties": { "FID": 406, "SolarPV_Area(sqm)": 48.363704067, "Rooftop_Area(sqm)": 136.529924792, "class": "rooftops" }, "geometry": { "type": "Polygon", "coordinates": [ [ [ 73.221001482449822, 33.685167551917779 ], [ 73.220843078709592, 33.68511758146397 ], [ 73.220876197549913, 33.685044212538337 ], [ 73.221034600100225, 33.685094182930932 ], [ 73.221001482449822, 33.685167551917779 ] ] ] } },
{ "type": "Feature", "id": 407, "properties": { "FID": 407, "SolarPV_Area(sqm)": 93.806349183400002, "Rooftop_Area(sqm)": 356.77120661499998, "class": "rooftops" }, "geometry": { "type": "Polygon", "coordinates": [ [ [ 73.217274759474961, 33.685032603922281 ], [ 73.21722688838409, 33.685108804202251 ], [ 73.217236003778211, 33.685112806143195 ], [ 73.217165793060403, 33.6852245662838 ], [ 73.217104013179537, 33.685197442201286 ], [ 73.217108800314023, 33.685189821909226 ], [ 73.217073353233076, 33.685174258889617 ], [ 73.217078672384304, 33.685165792302165 ], [ 73.217038161445458, 33.685148006370241 ], [ 73.21704188453279, 33.685142079575158 ], [ 73.217011501355302, 33.685128739442639 ], [ 73.217073200900629, 33.685030526464452 ], [ 73.21708332861752, 33.685034973170829 ], [ 73.217091838822498, 33.685021426082166 ], [ 73.217107031467265, 33.685028096605443 ], [ 73.217131497996036, 33.684989149728786 ], [ 73.21713960103466, 33.684992706922245 ], [ 73.217143856121623, 33.684985933826539 ], [ 73.217201584355152, 33.685011278840157 ], [ 73.217206903483273, 33.685002812246239 ], [ 73.217274759474961, 33.685032603922281 ] ] ] } },
{ "type": "Feature", "id": 408, "properties": { "FID": 408, "SolarPV_Area(sqm)": 0.0, "Rooftop_Area(sqm)": 136.50722277, "class": "rooftops" }, "geometry": { "type": "Polygon", "coordinates": [ [ [ 73.220687763712633, 33.68496281647657 ], [ 73.220855676226194, 33.685013340688755 ], [ 73.220823907960579, 33.685087125839267 ], [ 73.220671065100078, 33.685041135411694 ], [ 73.220689273504988, 33.68499884407624 ], [ 73.22067420481558, 33.684994310262866 ], [ 73.220687763712633, 33.68496281647657 ] ] ] } },
{ "type": "Feature", "id": 409, "properties": { "FID": 409, "SolarPV_Area(sqm)": 0.0, "Rooftop_Area(sqm)": 136.79974570799999, "class": "rooftops" }, "geometry": { "type": "Polygon", "coordinates": [ [ [ 73.222103674253617, 33.685107900054376 ], [ 73.222116988535802, 33.685082498545633 ], [ 73.222080316617607, 33.685069064630895 ], [ 73.222138165962605, 33.684958698162774 ], [ 73.222227227531974, 33.684991321794151 ], [ 73.22215606398629, 33.685127090722645 ], [ 73.222103674253617, 33.685107900054376 ] ] ] } },
{ "type": "Feature", "id": 410, "properties": { "FID": 410, "SolarPV_Area(sqm)": 52.4707349675, "Rooftop_Area(sqm)": 347.928735996, "class": "rooftops" }, "geometry": { "type": "Polygon", "coordinates": [ [ [ 73.21836672309324, 33.685185065587127 ], [ 73.218353865608009, 33.685178817558004 ], [ 73.218350417122096, 33.68518377805119 ], [ 73.218317779458332, 33.685167918642101 ], [ 73.218312030881975, 33.685176187014868 ], [ 73.218295217575388, 33.685168017067305 ], [ 73.218288893188927, 33.685177111270441 ], [ 73.218241420154001, 33.685154042847984 ], [ 73.218246595046764, 33.685146602144037 ], [ 73.218209011578523, 33.685128339397039 ], [ 73.218217634981869, 33.685115937303735 ], [ 73.218207745444545, 33.685111131613539 ], [ 73.218242237957796, 33.685061523220575 ], [ 73.218231359470039, 33.68505623705375 ], [ 73.21830149493546, 33.684955367659853 ], [ 73.218457759196525, 33.685031301279217 ], [ 73.218392797663029, 33.685124729137051 ], [ 73.218404665108096, 33.685130496669075 ], [ 73.21836672309324, 33.685185065587127 ] ] ] } },
{ "type": "Feature", "id": 411, "properties": { "FID": 411, "SolarPV_Area(sqm)": 0.0, "Rooftop_Area(sqm)": 208.77765379799999, "class": "rooftops" }, "geometry": { "type": "Polygon", "coordinates": [ [ [ 73.222076630639265, 33.684932618902103 ], [ 73.222124286106919, 33.68495127432876 ], [ 73.222051033306698, 33.685082052491332 ], [ 73.222006485253473, 33.68506461406097 ], [ 73.222002604885844, 33.685071542418157 ], [ 73.221918687970557, 33.685038692385703 ], [ 73.221987089653581, 33.684916575416914 ], [ 73.222006773530836, 33.684924281191755 ], [ 73.222011624803599, 33.684915620080105 ], [ 73.222072749205225, 33.684939547246501 ], [ 73.222076630639265, 33.684932618902103 ] ] ] } },
{ "type": "Feature", "id": 412, "properties": { "FID": 412, "SolarPV_Area(sqm)": 0.0, "Rooftop_Area(sqm)": 154.147035687, "class": "rooftops" }, "geometry": { "type": "Polygon", "coordinates": [ [ [ 73.222565787256698, 33.684952575848136 ], [ 73.222573850430393, 33.684956194337339 ], [ 73.222506747921031, 33.685060672783173 ], [ 73.222482559497905, 33.685049815512919 ], [ 73.222478229999851, 33.68505655526576 ], [ 73.222405663685748, 33.685023983409515 ], [ 73.222489000017703, 33.684894229341602 ], [ 73.222526291036431, 33.68491096711017 ], [ 73.222518715209603, 33.684922763270308 ], [ 73.22257011676102, 33.684945835190234 ], [ 73.222565787256698, 33.684952575848136 ] ] ] } },
{ "type": "Feature", "id": 413, "properties": { "FID": 413, "SolarPV_Area(sqm)": 43.471625167699997, "Rooftop_Area(sqm)": 143.68444183400001, "class": "rooftops" }, "geometry": { "type": "Polygon", "coordinates": [ [ [ 73.220871907470169, 33.684962194328662 ], [ 73.220858801591646, 33.684995839068812 ], [ 73.220697816510778, 33.684952012887841 ], [ 73.220727924732344, 33.684874720323798 ], [ 73.220893260460727, 33.684919730922346 ], [ 73.220876258244843, 33.684963378789796 ], [ 73.220871907470169, 33.684962194328662 ] ] ] } },
{ "type": "Feature", "id": 414, "properties": { "FID": 414, "SolarPV_Area(sqm)": 0.0, "Rooftop_Area(sqm)": 376.94289240099999, "class": "rooftops" }, "geometry": { "type": "Polygon", "coordinates": [ [ [ 73.216799362943277, 33.685009250936055 ], [ 73.216874277541407, 33.684916529413897 ], [ 73.216865745348827, 33.68491171164829 ], [ 73.216877911168254, 33.684896654575894 ], [ 73.216867483176785, 33.684890766099301 ], [ 73.2168764475811, 33.684879671178678 ], [ 73.21686317588221, 33.684872177085737 ], [ 73.216886225647826, 33.684843647781847 ], [ 73.216997139937135, 33.68490627410096 ], [ 73.217001622123021, 33.684900727086564 ], [ 73.217013944868413, 33.684907685344236 ], [ 73.217032513491432, 33.684884703042442 ], [ 73.217064745433419, 33.68490290243092 ], [ 73.21705450027234, 33.684915582225521 ], [ 73.217063980387636, 33.684920934881873 ], [ 73.217030685468444, 33.684962144913591 ], [ 73.217040165587164, 33.684967497571847 ], [ 73.217029920414475, 33.684980177363933 ], [ 73.217041296339943, 33.684986600731087 ], [ 73.216947814246097, 33.685102304662244 ], [ 73.216819836424207, 33.685030042771821 ], [ 73.216824958480601, 33.685023703328241 ], [ 73.216799362943277, 33.685009250936055 ] ] ] } },
{ "type": "Feature", "id": 415, "properties": { "FID": 415, "SolarPV_Area(sqm)": 0.0, "Rooftop_Area(sqm)": 132.89643183199999, "class": "rooftops" }, "geometry": { "type": "Polygon", "coordinates": [ [ [ 73.220321226404224, 33.684889623352852 ], [ 73.220330829306803, 33.684867103836652 ], [ 73.220393326717257, 33.684885728460834 ], [ 73.220376809548952, 33.684924463188551 ], [ 73.220368188727477, 33.684921894299578 ], [ 73.220353208538498, 33.68495702515046 ], [ 73.220201274830131, 33.684911747921177 ], [ 73.220210110371241, 33.68489102901416 ], [ 73.220200412094144, 33.684888138890464 ], [ 73.220224227862289, 33.684832289150876 ], [ 73.220296422420191, 33.684853803928881 ], [ 73.220285666756297, 33.684879026571465 ], [ 73.220321226404224, 33.684889623352852 ] ] ] } },
{ "type": "Feature", "id": 416, "properties": { "FID": 416, "SolarPV_Area(sqm)": 70.742512376999997, "Rooftop_Area(sqm)": 530.27947693800002, "class": "rooftops" }, "geometry": { "type": "Polygon", "coordinates": [ [ [ 73.218002097966433, 33.684915294004462 ], [ 73.218039826490511, 33.684940162559563 ], [ 73.218061783774374, 33.684916882700023 ], [ 73.21802405417516, 33.684892014136118 ], [ 73.218096299261717, 33.684815413940086 ], [ 73.21815828335572, 33.684856269907534 ], [ 73.21816253255966, 33.684851763737562 ], [ 73.218264940958093, 33.684919264751287 ], [ 73.218255733475758, 33.684929027062317 ], [ 73.218265614716927, 33.684935540579424 ], [ 73.218189828497444, 33.685015895263156 ], [ 73.218185336427709, 33.685012934890217 ], [ 73.218093260164892, 33.685110561489367 ], [ 73.217989055285642, 33.685041876547075 ], [ 73.217982680921793, 33.685048635333388 ], [ 73.217971901471174, 33.68504153080282 ], [ 73.217966235145795, 33.685047537807293 ], [ 73.217911437636005, 33.685011419608387 ], [ 73.218002097966433, 33.684915294004462 ] ] ] } },
{ "type": "Feature", "id": 417, "properties": { "FID": 417, "SolarPV_Area(sqm)": 0.0, "Rooftop_Area(sqm)": 117.494840211, "class": "rooftops" }, "geometry": { "type": "Polygon", "coordinates": [ [ [ 73.21871075648825, 33.684874184040034 ], [ 73.2186495183565, 33.684945738313544 ], [ 73.218630911847114, 33.684934609098683 ], [ 73.218624255480307, 33.684942386458964 ], [ 73.218557269038726, 33.684902322478308 ], [ 73.218643799682738, 33.684801212271779 ], [ 73.218685665912858, 33.684826252117446 ], [ 73.218667028745514, 33.684848029826185 ], [ 73.21871075648825, 33.684874184040034 ] ] ] } },
{ "type": "Feature", "id": 418, "properties": { "FID": 418, "SolarPV_Area(sqm)": 0.0, "Rooftop_Area(sqm)": 147.34080588699999, "class": "rooftops" }, "geometry": { "type": "Polygon", "coordinates": [ [ [ 73.220729052604653, 33.684853805595843 ], [ 73.220744427545441, 33.684814743255473 ], [ 73.220736820566714, 33.684812651602371 ], [ 73.22075255292502, 33.684772680915877 ], [ 73.220919895361263, 33.684818713226917 ], [ 73.220888788210488, 33.684897745397279 ], [ 73.220729052604653, 33.684853805595843 ] ] ] } },
{ "type": "Feature", "id": 419, "properties": { "FID": 419, "SolarPV_Area(sqm)": 0.0, "Rooftop_Area(sqm)": 139.590330696, "class": "rooftops" }, "geometry": { "type": "Polygon", "coordinates": [ [ [ 73.219238130824579, 33.684871810211028 ], [ 73.219191898694731, 33.684857764205482 ], [ 73.219204401810174, 33.68482900216042 ], [ 73.219191500593936, 33.684825082857706 ], [ 73.219195407485671, 33.684816094432129 ], [ 73.219183581481346, 33.684812500837026 ], [ 73.219196865951588, 33.684781942008804 ], [ 73.219188264445165, 33.684779328228224 ], [ 73.219198423416586, 33.68475595923843 ], [ 73.219351096106706, 33.684802343088705 ], [ 73.219332340960491, 33.684845486623708 ], [ 73.219312987524333, 33.68483960676398 ], [ 73.219289153418387, 33.684894434348003 ], [ 73.219235394923189, 33.684878102094324 ], [ 73.219238130824579, 33.684871810211028 ] ] ] } },
{ "type": "Feature", "id": 420, "properties": { "FID": 420, "SolarPV_Area(sqm)": 0.0, "Rooftop_Area(sqm)": 155.15943675299999, "class": "rooftops" }, "geometry": { "type": "Polygon", "coordinates": [ [ [ 73.220413072056445, 33.684837433684194 ], [ 73.220397323395161, 33.684874366929492 ], [ 73.220223839431682, 33.684822666183472 ], [ 73.220257642316014, 33.684743396184473 ], [ 73.220422505352857, 33.684792527092732 ], [ 73.220404451242331, 33.684834864797949 ], [ 73.220413072056445, 33.684837433684194 ] ] ] } },
{ "type": "Feature", "id": 421, "properties": { "FID": 421, "SolarPV_Area(sqm)": 0.0, "Rooftop_Area(sqm)": 167.06253481799999, "class": "rooftops" }, "geometry": { "type": "Polygon", "coordinates": [ [ [ 73.222092390618172, 33.684908563767323 ], [ 73.221990707417817, 33.684866877750338 ], [ 73.222066260057787, 33.684738081442326 ], [ 73.222167943148676, 33.684779767394183 ], [ 73.222092390618172, 33.684908563767323 ] ] ] } },
{ "type": "Feature", "id": 422, "properties": { "FID": 422, "SolarPV_Area(sqm)": 35.285880474199999, "Rooftop_Area(sqm)": 162.69787439199999, "class": "rooftops" }, "geometry": { "type": "Polygon", "coordinates": [ [ [ 73.220066699809777, 33.684688046732177 ], [ 73.220221310631985, 33.68472970060423 ], [ 73.220217100770682, 33.684740623503771 ], [ 73.220226900192131, 33.684743263489452 ], [ 73.22019812669167, 33.684817902310698 ], [ 73.220025005711051, 33.684771261838002 ], [ 73.220041497484033, 33.684728480553488 ], [ 73.220050208057771, 33.684730828020989 ], [ 73.220066699809777, 33.684688046732177 ] ] ] } },
{ "type": "Feature", "id": 423, "properties": { "FID": 423, "SolarPV_Area(sqm)": 0.0, "Rooftop_Area(sqm)": 148.82694450100001, "class": "rooftops" }, "geometry": { "type": "Polygon", "coordinates": [ [ [ 73.221149252652168, 33.68475241934685 ], [ 73.221134452903001, 33.684791636110901 ], [ 73.220974083762812, 33.6847493386446 ], [ 73.221004027934569, 33.684669993018517 ], [ 73.221175306881449, 33.684715167277481 ], [ 73.221160162592454, 33.684755296183667 ], [ 73.221149252652168, 33.68475241934685 ] ] ] } },
{ "type": "Feature", "id": 424, "properties": { "FID": 424, "SolarPV_Area(sqm)": 28.410586263399999, "Rooftop_Area(sqm)": 123.535960851, "class": "rooftops" }, "geometry": { "type": "Polygon", "coordinates": [ [ [ 73.219529247236963, 33.68477389993766 ], [ 73.219409882815185, 33.684743757534058 ], [ 73.219436346647072, 33.684670519430341 ], [ 73.219460437761043, 33.684676603723553 ], [ 73.219463415528111, 33.684668363891944 ], [ 73.219595919980307, 33.684701825662586 ], [ 73.219583019292344, 33.684737529251599 ], [ 73.219566593323336, 33.684733380637454 ], [ 73.219563947272675, 33.684740704546002 ], [ 73.219543139809062, 33.684735450334777 ], [ 73.219529247236963, 33.68477389993766 ] ] ] } },
{ "type": "Feature", "id": 425, "properties": { "FID": 425, "SolarPV_Area(sqm)": 0.0, "Rooftop_Area(sqm)": 148.994253187, "class": "rooftops" }, "geometry": { "type": "Polygon", "coordinates": [ [ [ 73.221809516524942, 33.684789921539512 ], [ 73.221645271682945, 33.684736660442674 ], [ 73.221680850371186, 33.684659982930931 ], [ 73.221845095093627, 33.684713243977036 ], [ 73.221809516524942, 33.684789921539512 ] ] ] } },
{ "type": "Feature", "id": 426, "properties": { "FID": 426, "SolarPV_Area(sqm)": 0.0, "Rooftop_Area(sqm)": 158.140398025, "class": "rooftops" }, "geometry": { "type": "Polygon", "coordinates": [ [ [ 73.219193851275932, 33.68474244614525 ], [ 73.219212561216679, 33.6846972603742 ], [ 73.219202832338723, 33.684694444578753 ], [ 73.219217425878952, 33.684659200087857 ], [ 73.219393632125048, 33.684710190297999 ], [ 73.219360328779828, 33.684790620609931 ], [ 73.219193851275932, 33.68474244614525 ] ] ] } },
{ "type": "Feature", "id": 427, "properties": { "FID": 427, "SolarPV_Area(sqm)": 0.0, "Rooftop_Area(sqm)": 142.45904953300001, "class": "rooftops" }, "geometry": { "type": "Polygon", "coordinates": [ [ [ 73.220808410001851, 33.684625951397052 ], [ 73.220824564726243, 33.684589141172246 ], [ 73.220988880729251, 33.684639537647413 ], [ 73.220954994756639, 33.684716749727784 ], [ 73.220802493292481, 33.684669976241068 ], [ 73.220820223562143, 33.684629575318276 ], [ 73.220808410001851, 33.684625951397052 ] ] ] } },
{ "type": "Feature", "id": 428, "properties": { "FID": 428, "SolarPV_Area(sqm)": 0.0, "Rooftop_Area(sqm)": 159.15399718399999, "class": "rooftops" }, "geometry": { "type": "Polygon", "coordinates": [ [ [ 73.221475857204908, 33.684629450275168 ], [ 73.221493068691331, 33.684587878497716 ], [ 73.221657385571092, 33.684635424510027 ], [ 73.221623336237101, 33.68471766360296 ], [ 73.221451452005525, 33.684667928211809 ], [ 73.221468290008289, 33.684627260045147 ], [ 73.221475857204908, 33.684629450275168 ] ] ] } },
{ "type": "Feature", "id": 429, "properties": { "FID": 429, "SolarPV_Area(sqm)": 0.0, "Rooftop_Area(sqm)": 144.743009368, "class": "rooftops" }, "geometry": { "type": "Polygon", "coordinates": [ [ [ 73.221866628081358, 33.684648345146051 ], [ 73.221852559735012, 33.684644315536119 ], [ 73.221835500681507, 33.684685931041855 ], [ 73.221683996193079, 33.684642526668888 ], [ 73.221716631095177, 33.684562914791925 ], [ 73.221882203805023, 33.684610348729379 ], [ 73.221866628081358, 33.684648345146051 ] ] ] } },
{ "type": "Feature", "id": 430, "properties": { "FID": 430, "SolarPV_Area(sqm)": 0.0, "Rooftop_Area(sqm)": 141.05246535800001, "class": "rooftops" }, "geometry": { "type": "Polygon", "coordinates": [ [ [ 73.22083048524722, 33.684587695236523 ], [ 73.220853510060863, 33.684528589405538 ], [ 73.220842632100997, 33.684525628236486 ], [ 73.220851133171337, 33.684503804302857 ], [ 73.221005591398409, 33.684545852677061 ], [ 73.220993548251329, 33.684576770458449 ], [ 73.221004425144969, 33.684579731599065 ], [ 73.220984943592683, 33.684629744542072 ], [ 73.22083048524722, 33.684587695236523 ] ] ] } },
{ "type": "Feature", "id": 431, "properties": { "FID": 431, "SolarPV_Area(sqm)": 38.534741775999997, "Rooftop_Area(sqm)": 125.22357473300001, "class": "rooftops" }, "geometry": { "type": "Polygon", "coordinates": [ [ [ 73.219660875177098, 33.684522315943425 ], [ 73.219635251186247, 33.684586747802214 ], [ 73.219642850157882, 33.684588859245963 ], [ 73.219637075304007, 33.684603379272495 ], [ 73.219480758800032, 33.684559933526479 ], [ 73.219506743553211, 33.684494594310529 ], [ 73.219571875714223, 33.684512697319391 ], [ 73.219577288837115, 33.684499084673021 ], [ 73.219660875177098, 33.684522315943425 ] ] ] } },
{ "type": "Feature", "id": 432, "properties": { "FID": 432, "SolarPV_Area(sqm)": 0.0, "Rooftop_Area(sqm)": 145.23752365000001, "class": "rooftops" }, "geometry": { "type": "Polygon", "coordinates": [ [ [ 73.221689113194529, 33.684550791150613 ], [ 73.221662282493071, 33.684616902315241 ], [ 73.221495454054306, 33.68456958527161 ], [ 73.221526694031581, 33.684492607272503 ], [ 73.221677274066394, 33.684535314983975 ], [ 73.221672862741244, 33.684546182734195 ], [ 73.221689113194529, 33.684550791150613 ] ] ] } },
{ "type": "Feature", "id": 433, "properties": { "FID": 433, "SolarPV_Area(sqm)": 42.664732606900003, "Rooftop_Area(sqm)": 126.629450351, "class": "rooftops" }, "geometry": { "type": "Polygon", "coordinates": [ [ [ 73.218779468278981, 33.684486496956126 ], [ 73.21877476551154, 33.684502271429167 ], [ 73.218783644848102, 33.684504121838323 ], [ 73.218754871017154, 33.684600627301165 ], [ 73.218697151484591, 33.68458860046227 ], [ 73.21870323904713, 33.684568185617572 ], [ 73.218656618996889, 33.684558471331606 ], [ 73.218673772786175, 33.684500939628023 ], [ 73.218653792947663, 33.68449677571877 ], [ 73.218665690034086, 33.684456874452898 ], [ 73.218716749157636, 33.684467513932866 ], [ 73.218715088519502, 33.684473081858414 ], [ 73.218779468278981, 33.684486496956126 ] ] ] } },
{ "type": "Feature", "id": 434, "properties": { "FID": 434, "SolarPV_Area(sqm)": 26.465264173000001, "Rooftop_Area(sqm)": 168.59277716599999, "class": "rooftops" }, "geometry": { "type": "Polygon", "coordinates": [ [ [ 73.218060584601943, 33.684608782318634 ], [ 73.218055786369447, 33.684606180036113 ], [ 73.218040218999121, 33.684626235364298 ], [ 73.217952894257749, 33.684578861920926 ], [ 73.218034469938829, 33.684473771496663 ], [ 73.218020076382246, 33.684465962858781 ], [ 73.218031908131991, 33.684450720494056 ], [ 73.218044382620747, 33.684457487859945 ], [ 73.218049987638622, 33.684450267988574 ], [ 73.218089331242254, 33.684471612264311 ], [ 73.218084349014006, 33.684478029528712 ], [ 73.21813904736284, 33.684507703078324 ], [ 73.218060584601943, 33.684608782318634 ] ] ] } },
{ "type": "Feature", "id": 435, "properties": { "FID": 435, "SolarPV_Area(sqm)": 0.0, "Rooftop_Area(sqm)": 141.22109141000001, "class": "rooftops" }, "geometry": { "type": "Polygon", "coordinates": [ [ [ 73.22105773027009, 33.684449297153314 ], [ 73.221029791913708, 33.68453511482641 ], [ 73.220979016628959, 33.684523561481967 ], [ 73.220980819933573, 33.68451802533631 ], [ 73.220873750806902, 33.684493664103627 ], [ 73.220887569767271, 33.684451217534765 ], [ 73.220891985717756, 33.684452221677937 ], [ 73.220904302984394, 33.68441438857559 ], [ 73.22105773027009, 33.684449297153314 ] ] ] } },
{ "type": "Feature", "id": 436, "properties": { "FID": 436, "SolarPV_Area(sqm)": 0.0, "Rooftop_Area(sqm)": 145.90160928099999, "class": "rooftops" }, "geometry": { "type": "Polygon", "coordinates": [ [ [ 73.221701644670588, 33.684509402663224 ], [ 73.221691990497931, 33.68450641319491 ], [ 73.221680468361313, 33.684532420295859 ], [ 73.221532429409805, 33.68448658576294 ], [ 73.221568186118432, 33.684405873620477 ], [ 73.221725880200424, 33.684454697589004 ], [ 73.221701644670588, 33.684509402663224 ] ] ] } },
{ "type": "Feature", "id": 437, "properties": { "FID": 437, "SolarPV_Area(sqm)": 30.508053456900001, "Rooftop_Area(sqm)": 157.64528904100001, "class": "rooftops" }, "geometry": { "type": "Polygon", "coordinates": [ [ [ 73.221117961591261, 33.684425236874453 ], [ 73.22112598086531, 33.684403286046965 ], [ 73.22128352611297, 33.684443509157042 ], [ 73.221252451659936, 33.684528569331313 ], [ 73.221085060038902, 33.684485831834337 ], [ 73.221108115342759, 33.6844227234348 ], [ 73.221117961591261, 33.684425236874453 ] ] ] } },
{ "type": "Feature", "id": 438, "properties": { "FID": 438, "SolarPV_Area(sqm)": 19.8636372022, "Rooftop_Area(sqm)": 196.88680068100001, "class": "rooftops" }, "geometry": { "type": "Polygon", "coordinates": [ [ [ 73.219448729970225, 33.684505453195591 ], [ 73.219444921753535, 33.684514471007432 ], [ 73.219262621036194, 33.684460668779359 ], [ 73.219279377049943, 33.684420989888949 ], [ 73.219267511455683, 33.684417487712381 ], [ 73.21928617156199, 33.684373300368101 ], [ 73.219496518762512, 33.684435381047308 ], [ 73.219464911044994, 33.684510228631737 ], [ 73.219448729970225, 33.684505453195591 ] ] ] } },
{ "type": "Feature", "id": 439, "properties": { "FID": 439, "SolarPV_Area(sqm)": 29.000292771800002, "Rooftop_Area(sqm)": 113.79372374099999, "class": "rooftops" }, "geometry": { "type": "Polygon", "coordinates": [ [ [ 73.21788916769529, 33.68439913894251 ], [ 73.21786910672995, 33.68442587285378 ], [ 73.217898177606571, 33.684441119120152 ], [ 73.217840424958482, 33.684518079779707 ], [ 73.217754180215067, 33.684472848150861 ], [ 73.217807069076812, 33.68440236871578 ], [ 73.217813852859706, 33.68440592576939 ], [ 73.217838777644104, 33.684372711584579 ], [ 73.21788916769529, 33.68439913894251 ] ] ] } },
{ "type": "Feature", "id": 440, "properties": { "FID": 440, "SolarPV_Area(sqm)": 0.0, "Rooftop_Area(sqm)": 118.462278406, "class": "rooftops" }, "geometry": { "type": "Polygon", "coordinates": [ [ [ 73.21865855527497, 33.684432632111218 ], [ 73.218672396911003, 33.684398183025984 ], [ 73.21871468883748, 33.684410057757077 ], [ 73.218732536395692, 33.68436563694992 ], [ 73.218845315557871, 33.68439730462601 ], [ 73.218813626466897, 33.684476174555101 ], [ 73.21865855527497, 33.684432632111218 ] ] ] } },
{ "type": "Feature", "id": 441, "properties": { "FID": 441, "SolarPV_Area(sqm)": 0.0, "Rooftop_Area(sqm)": 138.76963728800001, "class": "rooftops" }, "geometry": { "type": "Polygon", "coordinates": [ [ [ 73.219023336035818, 33.684444080490401 ], [ 73.219018775027692, 33.684455913580408 ], [ 73.218999176332701, 33.684450633420859 ], [ 73.218996369307519, 33.684457915318205 ], [ 73.21898112588903, 33.684453808024145 ], [ 73.218973756768619, 33.684472922993557 ], [ 73.218857254542755, 33.684441534505474 ], [ 73.218883922965219, 33.684372357435322 ], [ 73.218893722299683, 33.684374997524252 ], [ 73.21889898642543, 33.684361343984818 ], [ 73.219054684851869, 33.684403292725499 ], [ 73.219037490640503, 33.684447894337175 ], [ 73.219023336035818, 33.684444080490401 ] ] ] } },
{ "type": "Feature", "id": 442, "properties": { "FID": 442, "SolarPV_Area(sqm)": 0.0, "Rooftop_Area(sqm)": 141.261188242, "class": "rooftops" }, "geometry": { "type": "Polygon", "coordinates": [ [ [ 73.221019839889877, 33.68434529779033 ], [ 73.2210320547767, 33.684350802249398 ], [ 73.221096281232519, 33.684369996984856 ], [ 73.221086943870986, 33.68438985025071 ], [ 73.221075964878764, 33.684397132652656 ], [ 73.221069566141921, 33.684435975316291 ], [ 73.221064239101679, 33.68444882457154 ], [ 73.22103192020829, 33.684439051097762 ], [ 73.220909892064554, 33.684409867336875 ], [ 73.22094190274818, 33.684327860601201 ], [ 73.220981580075701, 33.684332205004551 ], [ 73.220995661314561, 33.684338850029995 ], [ 73.221019839889877, 33.68434529779033 ] ] ] } },
{ "type": "Feature", "id": 443, "properties": { "FID": 443, "SolarPV_Area(sqm)": 0.0, "Rooftop_Area(sqm)": 160.514779508, "class": "rooftops" }, "geometry": { "type": "Polygon", "coordinates": [ [ [ 73.22197742340478, 33.684374001911934 ], [ 73.221957945116657, 33.684422000514282 ], [ 73.221788949483454, 33.684374070134034 ], [ 73.221823128919439, 33.684289846259738 ], [ 73.221985624446404, 33.684335933602704 ], [ 73.221970923437752, 33.684372158924688 ], [ 73.22197742340478, 33.684374001911934 ] ] ] } },
{ "type": "Feature", "id": 444, "properties": { "FID": 444, "SolarPV_Area(sqm)": 18.4597315886, "Rooftop_Area(sqm)": 90.449685023900003, "class": "rooftops" }, "geometry": { "type": "Polygon", "coordinates": [ [ [ 73.21770697342852, 33.684348497575449 ], [ 73.217657305263188, 33.684404618577005 ], [ 73.217620520383917, 33.684381866449741 ], [ 73.217610315254277, 33.684393398017917 ], [ 73.217568932416512, 33.684367802086172 ], [ 73.217648537785607, 33.684277854852041 ], [ 73.217685322629606, 33.684300606970112 ], [ 73.217665591659838, 33.684322901691239 ], [ 73.21770697342852, 33.684348497575449 ] ] ] } },
{ "type": "Feature", "id": 445, "properties": { "FID": 445, "SolarPV_Area(sqm)": 0.0, "Rooftop_Area(sqm)": 142.593387527, "class": "rooftops" }, "geometry": { "type": "Polygon", "coordinates": [ [ [ 73.220980759970786, 33.684317352770918 ], [ 73.22097843525998, 33.684322751553182 ], [ 73.2209256941522, 33.684306881964275 ], [ 73.220961723980835, 33.684223198999497 ], [ 73.221124252523438, 33.684272104168699 ], [ 73.221104494696618, 33.684317994774894 ], [ 73.221081891811963, 33.684311193683413 ], [ 73.221067944659367, 33.684343586404488 ], [ 73.220980759970786, 33.684317352770918 ] ] ] } },
{ "type": "Feature", "id": 446, "properties": { "FID": 446, "SolarPV_Area(sqm)": 28.823652624299999, "Rooftop_Area(sqm)": 128.76700799899999, "class": "rooftops" }, "geometry": { "type": "Polygon", "coordinates": [ [ [ 73.219088474678088, 33.684259175737452 ], [ 73.219085099752462, 33.684268313407401 ], [ 73.219068703665627, 33.684264081295005 ], [ 73.219058241831021, 33.684292407444673 ], [ 73.218942380221364, 33.684262499061184 ], [ 73.218973093843999, 33.684179347857146 ], [ 73.219125024359784, 33.684218566632396 ], [ 73.219108148673783, 33.684264254971488 ], [ 73.219088474678088, 33.684259175737452 ] ] ] } },
{ "type": "Feature", "id": 447, "properties": { "FID": 447, "SolarPV_Area(sqm)": 0.0, "Rooftop_Area(sqm)": 124.020163692, "class": "rooftops" }, "geometry": { "type": "Polygon", "coordinates": [ [ [ 73.21948549555097, 33.68413233406465 ], [ 73.219526828399097, 33.684143586901698 ], [ 73.219530016401436, 33.684135403301845 ], [ 73.219610507827099, 33.684157317598192 ], [ 73.219579336230538, 33.684237337740953 ], [ 73.219424879345183, 33.684195286719934 ], [ 73.21944117366948, 33.684153457643291 ], [ 73.219462928311316, 33.684159380206019 ], [ 73.219467533212949, 33.684147559453336 ], [ 73.219478411072927, 33.684150520740637 ], [ 73.21948549555097, 33.68413233406465 ] ] ] } },
{ "type": "Feature", "id": 448, "properties": { "FID": 448, "SolarPV_Area(sqm)": 30.960773062499999, "Rooftop_Area(sqm)": 141.95158374100001, "class": "rooftops" }, "geometry": { "type": "Polygon", "coordinates": [ [ [ 73.221668929514721, 33.684156837506485 ], [ 73.221656013586383, 33.68415295071275 ], [ 73.221668023268549, 33.684125056913622 ], [ 73.221830552090964, 33.684173960259507 ], [ 73.221801884533406, 33.684240547308136 ], [ 73.221796279970064, 33.684253993181493 ], [ 73.22176524677154, 33.684243752352138 ], [ 73.221646847336515, 33.684208127007338 ], [ 73.221668929514721, 33.684156837506485 ] ] ] } },
{ "type": "Feature", "id": 449, "properties": { "FID": 449, "SolarPV_Area(sqm)": 32.697849215700003, "Rooftop_Area(sqm)": 99.146165020799998, "class": "rooftops" }, "geometry": { "type": "Polygon", "coordinates": [ [ [ 73.219781148236549, 33.684190423394753 ], [ 73.219770315799522, 33.684187350969054 ], [ 73.219763332496271, 33.684204557093345 ], [ 73.219748166443637, 33.684200255324953 ], [ 73.219739345507662, 33.684221990704891 ], [ 73.219632098939584, 33.68419157136988 ], [ 73.219660033367759, 33.684122744213447 ], [ 73.219757529494927, 33.684150397960337 ], [ 73.219760102351472, 33.684144058625584 ], [ 73.219795851196025, 33.684154198376874 ], [ 73.219781148236549, 33.684190423394753 ] ] ] } },
{ "type": "Feature", "id": 450, "properties": { "FID": 450, "SolarPV_Area(sqm)": 0.0, "Rooftop_Area(sqm)": 148.75917172300001, "class": "rooftops" }, "geometry": { "type": "Polygon", "coordinates": [ [ [ 73.219134877727626, 33.684206088416467 ], [ 73.218981356151673, 33.684164726655396 ], [ 73.219012937457748, 33.684082806238806 ], [ 73.219180612406959, 33.684127980868887 ], [ 73.219166225322212, 33.684165300601663 ], [ 73.21915207075692, 33.684161486770812 ], [ 73.219134877727626, 33.684206088416467 ] ] ] } },
{ "type": "Feature", "id": 451, "properties": { "FID": 451, "SolarPV_Area(sqm)": 30.851115406400002, "Rooftop_Area(sqm)": 183.70168004000001, "class": "rooftops" }, "geometry": { "type": "Polygon", "coordinates": [ [ [ 73.218085184645261, 33.684173142624068 ], [ 73.218071671401631, 33.684165958090134 ], [ 73.218064919001051, 33.684174835096144 ], [ 73.218053334840818, 33.684168676644852 ], [ 73.218019572831949, 33.684213060763803 ], [ 73.217908563629152, 33.684154044674251 ], [ 73.217983454288813, 33.684055594049163 ], [ 73.218043303045093, 33.684087410591601 ], [ 73.218048828016379, 33.684080148083424 ], [ 73.218125085804871, 33.684120689634099 ], [ 73.218085184645261, 33.684173142624068 ] ] ] } },
{ "type": "Feature", "id": 452, "properties": { "FID": 452, "SolarPV_Area(sqm)": 22.0071024935, "Rooftop_Area(sqm)": 146.81118896800001, "class": "rooftops" }, "geometry": { "type": "Polygon", "coordinates": [ [ [ 73.22142235591636, 33.684083341064301 ], [ 73.221386599239551, 33.684164052266979 ], [ 73.221231052798501, 33.684115892743783 ], [ 73.221266809615216, 33.684035180688142 ], [ 73.22142235591636, 33.684083341064301 ] ] ] } },
{ "type": "Feature", "id": 453, "properties": { "FID": 453, "SolarPV_Area(sqm)": 34.036195253499997, "Rooftop_Area(sqm)": 120.397363255, "class": "rooftops" }, "geometry": { "type": "Polygon", "coordinates": [ [ [ 73.219813363207209, 33.684086628651805 ], [ 73.219823113569561, 33.684089394208996 ], [ 73.219804735446161, 33.684134675043417 ], [ 73.219668241099356, 33.684095960012378 ], [ 73.219700953013529, 33.684015359659064 ], [ 73.219820114955297, 33.684049158230671 ], [ 73.21981166113963, 33.684069988120029 ], [ 73.219819244156227, 33.684072139000264 ], [ 73.219813363207209, 33.684086628651805 ] ] ] } },
{ "type": "Feature", "id": 454, "properties": { "FID": 454, "SolarPV_Area(sqm)": 0.0, "Rooftop_Area(sqm)": 127.361475477, "class": "rooftops" }, "geometry": { "type": "Polygon", "coordinates": [ [ [ 73.219150306174626, 33.684085390776637 ], [ 73.219147239361519, 33.684093606773331 ], [ 73.219130859275111, 33.684089332517118 ], [ 73.219124723487582, 33.684105764478197 ], [ 73.219011157298894, 33.684076129123952 ], [ 73.219040470881623, 33.683997620763492 ], [ 73.219195532749239, 33.68403808394455 ], [ 73.219175421881971, 33.684091944384754 ], [ 73.219150306174626, 33.684085390776637 ] ] ] } },
{ "type": "Feature", "id": 455, "properties": { "FID": 455, "SolarPV_Area(sqm)": 0.0, "Rooftop_Area(sqm)": 125.032492358, "class": "rooftops" }, "geometry": { "type": "Polygon", "coordinates": [ [ [ 73.217405055377583, 33.684040331694945 ], [ 73.217395095968968, 33.684035626833584 ], [ 73.217363021954284, 33.684083086712619 ], [ 73.217246492530819, 33.68402804833984 ], [ 73.217298260980925, 33.68395144617223 ], [ 73.217424750823355, 33.684011189369777 ], [ 73.217405055377583, 33.684040331694945 ] ] ] } },
{ "type": "Feature", "id": 456, "properties": { "FID": 456, "SolarPV_Area(sqm)": 0.0, "Rooftop_Area(sqm)": 149.86428774399999, "class": "rooftops" }, "geometry": { "type": "Polygon", "coordinates": [ [ [ 73.21968983027115, 33.683980856377303 ], [ 73.219677455616889, 33.684012191276338 ], [ 73.219687369420384, 33.684017492269874 ], [ 73.219670877644916, 33.684060272608988 ], [ 73.219508646610393, 33.684016564927937 ], [ 73.219524787450638, 33.683974694849574 ], [ 73.219501922398322, 33.68396853445887 ], [ 73.219516309302975, 33.683931214680044 ], [ 73.219597969126724, 33.683953215257802 ], [ 73.21968983027115, 33.683980856377303 ] ] ] } },
{ "type": "Feature", "id": 457, "properties": { "FID": 457, "SolarPV_Area(sqm)": 51.414727055100002, "Rooftop_Area(sqm)": 242.077477501, "class": "rooftops" }, "geometry": { "type": "Polygon", "coordinates": [ [ [ 73.218833683078756, 33.683984977848262 ], [ 73.218890071345868, 33.684000811630561 ], [ 73.218893349500675, 33.683992652793783 ], [ 73.218941063665426, 33.684006050256194 ], [ 73.218952354720031, 33.683977947084536 ], [ 73.218938258186228, 33.683973988881583 ], [ 73.218940807502548, 33.683967642912982 ], [ 73.218908275236615, 33.683958507873442 ], [ 73.218911189510436, 33.683951255478526 ], [ 73.218886247112991, 33.683944251628191 ], [ 73.218895717691808, 33.683920681559904 ], [ 73.218881620091793, 33.683916723335294 ], [ 73.218884898262417, 33.683908563597051 ], [ 73.219020449701219, 33.683946625633858 ], [ 73.219016442710441, 33.683956598246191 ], [ 73.219028371799055, 33.683959947158634 ], [ 73.218971915487046, 33.684100463928594 ], [ 73.218963240279351, 33.684098027621175 ], [ 73.218957776684874, 33.684111625985913 ], [ 73.21881355088064, 33.684071128473079 ], [ 73.218830304517638, 33.68402942694096 ], [ 73.218817292253433, 33.684025772923732 ], [ 73.218833683078756, 33.683984977848262 ] ] ] } },
{ "type": "Feature", "id": 458, "properties": { "FID": 458, "SolarPV_Area(sqm)": 0.0, "Rooftop_Area(sqm)": 138.712683094, "class": "rooftops" }, "geometry": { "type": "Polygon", "coordinates": [ [ [ 73.219231142902487, 33.683942189110027 ], [ 73.219197466194672, 33.684023523892932 ], [ 73.219049367003464, 33.683980666798767 ], [ 73.219083044908714, 33.683899332075271 ], [ 73.219231142902487, 33.683942189110027 ] ] ] } },
{ "type": "Feature", "id": 459, "properties": { "FID": 459, "SolarPV_Area(sqm)": 40.322968440099999, "Rooftop_Area(sqm)": 135.54028717200001, "class": "rooftops" }, "geometry": { "type": "Polygon", "coordinates": [ [ [ 73.217878196181047, 33.683908816860104 ], [ 73.217886508249862, 33.683912016311623 ], [ 73.217896554082657, 33.683893774159507 ], [ 73.218004622935808, 33.683935364437438 ], [ 73.21801044798498, 33.683938230421582 ], [ 73.218013568505157, 33.683944715870233 ], [ 73.217968530281794, 33.684021489380598 ], [ 73.217825131493456, 33.683966302914953 ], [ 73.217842831666587, 33.683934160405855 ], [ 73.217860496026475, 33.683940959375001 ], [ 73.217878196181047, 33.683908816860104 ] ] ] } },
{ "type": "Feature", "id": 460, "properties": { "FID": 460, "SolarPV_Area(sqm)": 25.874599576800001, "Rooftop_Area(sqm)": 143.67392418700001, "class": "rooftops" }, "geometry": { "type": "Polygon", "coordinates": [ [ [ 73.217407648015566, 33.683879131901669 ], [ 73.217490125013256, 33.683920351532748 ], [ 73.217431427396093, 33.684002434847727 ], [ 73.217302802742864, 33.683938152005183 ], [ 73.217357391768999, 33.683861814151413 ], [ 73.217403539353484, 33.68388487730158 ], [ 73.217407648015566, 33.683879131901669 ] ] ] } },
{ "type": "Feature", "id": 461, "properties": { "FID": 461, "SolarPV_Area(sqm)": 13.986642869300001, "Rooftop_Area(sqm)": 162.47265992300001, "class": "rooftops" }, "geometry": { "type": "Polygon", "coordinates": [ [ [ 73.22116595128918, 33.683881017327245 ], [ 73.221284736690095, 33.68391573067909 ], [ 73.221252272861705, 33.683993368230531 ], [ 73.221076254129258, 33.683941928883776 ], [ 73.221111738343424, 33.683857069314811 ], [ 73.221168970457825, 33.683873795242512 ], [ 73.22116595128918, 33.683881017327245 ] ] ] } },
{ "type": "Feature", "id": 462, "properties": { "FID": 462, "SolarPV_Area(sqm)": 0.0, "Rooftop_Area(sqm)": 130.57824053499999, "class": "rooftops" }, "geometry": { "type": "Polygon", "coordinates": [ [ [ 73.219571664343533, 33.683917021472048 ], [ 73.21955553663895, 33.683912121474663 ], [ 73.219559835206738, 33.683902234205171 ], [ 73.219548008212115, 33.683898641534 ], [ 73.219558557653414, 33.683874373660764 ], [ 73.219554256929371, 33.683873067235005 ], [ 73.219565198124315, 33.683847900532406 ], [ 73.219715718006867, 33.683893630664173 ], [ 73.219680552589821, 33.683974523909491 ], [ 73.219562286943031, 33.683938592813902 ], [ 73.219571664343533, 33.683917021472048 ] ] ] } },
{ "type": "Feature", "id": 463, "properties": { "FID": 463, "SolarPV_Area(sqm)": 0.0, "Rooftop_Area(sqm)": 123.918454873, "class": "rooftops" }, "geometry": { "type": "Polygon", "coordinates": [ [ [ 73.219045229243108, 33.683846168666513 ], [ 73.219041753486067, 33.683855279632866 ], [ 73.21905592168045, 33.683859057601246 ], [ 73.219029855616625, 33.683927391231158 ], [ 73.218876184078667, 33.683886423062269 ], [ 73.218893561889686, 33.683840867338716 ], [ 73.218919718397927, 33.68384784089794 ], [ 73.218931882537063, 33.68381595116076 ], [ 73.219045229243108, 33.683846168666513 ] ] ] } },
{ "type": "Feature", "id": 464, "properties": { "FID": 464, "SolarPV_Area(sqm)": 41.694324411099998, "Rooftop_Area(sqm)": 141.36746619300001, "class": "rooftops" }, "geometry": { "type": "Polygon", "coordinates": [ [ [ 73.219111793114507, 33.68381491526592 ], [ 73.219286675957377, 33.683860060192323 ], [ 73.219273850530016, 33.683894782811372 ], [ 73.219261827938013, 33.683891678757831 ], [ 73.21925170218347, 33.683919091770719 ], [ 73.219211260948896, 33.683908652467792 ], [ 73.219205185281609, 33.683925099728768 ], [ 73.219082767197008, 33.683893499034568 ], [ 73.219111793114507, 33.68381491526592 ] ] ] } },
{ "type": "Feature", "id": 465, "properties": { "FID": 465, "SolarPV_Area(sqm)": 36.987580179200002, "Rooftop_Area(sqm)": 126.292145631, "class": "rooftops" }, "geometry": { "type": "Polygon", "coordinates": [ [ [ 73.217495158362667, 33.683876035479706 ], [ 73.217486216340333, 33.68389154132565 ], [ 73.217477972637951, 33.683888218389811 ], [ 73.21747052077572, 33.68390113962387 ], [ 73.217360264154166, 33.6838567010888 ], [ 73.217378148232143, 33.683825689415428 ], [ 73.217387423197181, 33.683829427624367 ], [ 73.217414746019358, 33.683782047968663 ], [ 73.21752088071932, 33.683824825437654 ], [ 73.217515913538477, 33.683833439606204 ], [ 73.217551977864105, 33.683847976168309 ], [ 73.217534590556923, 33.683878126632031 ], [ 73.21752428648125, 33.683873972297789 ], [ 73.217517828037998, 33.683885171963404 ], [ 73.217495158362667, 33.683876035479706 ] ] ] } },
{ "type": "Feature", "id": 466, "properties": { "FID": 466, "SolarPV_Area(sqm)": 34.226110620299998, "Rooftop_Area(sqm)": 119.385578877, "class": "rooftops" }, "geometry": { "type": "Polygon", "coordinates": [ [ [ 73.219589823911363, 33.683788239982484 ], [ 73.219633707636063, 33.683799076856872 ], [ 73.21964472539986, 33.683767893742086 ], [ 73.219761016776246, 33.683796610104096 ], [ 73.219734443887305, 33.683871817091351 ], [ 73.219574269754489, 33.683832263836699 ], [ 73.219589823911363, 33.683788239982484 ] ] ] } },
{ "type": "Feature", "id": 467, "properties": { "FID": 467, "SolarPV_Area(sqm)": 0.0, "Rooftop_Area(sqm)": 153.87740817900001, "class": "rooftops" }, "geometry": { "type": "Polygon", "coordinates": [ [ [ 73.221186112832555, 33.683864581614266 ], [ 73.221183594113214, 33.683868874743233 ], [ 73.221125050307421, 33.683844872491335 ], [ 73.221139657382253, 33.683819972147695 ], [ 73.221131440362512, 33.68381660384739 ], [ 73.221163676318056, 33.683761650670959 ], [ 73.2213239016302, 33.683827339506578 ], [ 73.221285117963149, 33.683893454339461 ], [ 73.221271766642516, 33.683887980434982 ], [ 73.221266226117905, 33.683897425151713 ], [ 73.221186112832555, 33.683864581614266 ] ] ] } },
{ "type": "Feature", "id": 468, "properties": { "FID": 468, "SolarPV_Area(sqm)": 30.0054466269, "Rooftop_Area(sqm)": 143.67312998, "class": "rooftops" }, "geometry": { "type": "Polygon", "coordinates": [ [ [ 73.219919669074741, 33.683835632590068 ], [ 73.219906689084794, 33.683867296053869 ], [ 73.219776830199621, 33.683830091638718 ], [ 73.219811321249963, 33.683745956701728 ], [ 73.219974726177384, 33.683792773062599 ], [ 73.219957296118849, 33.683835292840158 ], [ 73.219938898958361, 33.683830022028069 ], [ 73.219934819158823, 33.683839973784373 ], [ 73.219919669074741, 33.683835632590068 ] ] ] } },
{ "type": "Feature", "id": 469, "properties": { "FID": 469, "SolarPV_Area(sqm)": 72.658759519699998, "Rooftop_Area(sqm)": 340.41394559499997, "class": "rooftops" }, "geometry": { "type": "Polygon", "coordinates": [ [ [ 73.216106801030548, 33.683802819378492 ], [ 73.216112615808285, 33.683805865656389 ], [ 73.216164252489037, 33.683736987528597 ], [ 73.21628541727371, 33.683800469464614 ], [ 73.216289669032648, 33.683794797409043 ], [ 73.216331348908838, 33.683816634967442 ], [ 73.21633742425476, 33.683808531018258 ], [ 73.216359717604007, 33.683820212480953 ], [ 73.21626495005134, 33.6839466248029 ], [ 73.216258165237221, 33.683943070356143 ], [ 73.216252696685316, 33.683950362452961 ], [ 73.216187753372822, 33.683916336102769 ], [ 73.216182892651148, 33.683922819069068 ], [ 73.216063668914501, 33.683860352498741 ], [ 73.216106801030548, 33.683802819378492 ] ] ] } },
{ "type": "Feature", "id": 470, "properties": { "FID": 470, "SolarPV_Area(sqm)": 0.0, "Rooftop_Area(sqm)": 109.35053123900001, "class": "rooftops" }, "geometry": { "type": "Polygon", "coordinates": [ [ [ 73.218278886049006, 33.683855344028323 ], [ 73.218159971248141, 33.683798011372097 ], [ 73.218206262579798, 33.683730908395816 ], [ 73.218325177341711, 33.683788240104562 ], [ 73.218278886049006, 33.683855344028323 ] ] ] } },
{ "type": "Feature", "id": 471, "properties": { "FID": 471, "SolarPV_Area(sqm)": 35.380012295199997, "Rooftop_Area(sqm)": 152.24646546299999, "class": "rooftops" }, "geometry": { "type": "Polygon", "coordinates": [ [ [ 73.218128330243303, 33.683780612547039 ], [ 73.218116513801363, 33.683798097845255 ], [ 73.218123485301291, 33.683801390665494 ], [ 73.218081846214503, 33.683863005815901 ], [ 73.21793842517323, 33.683795266536471 ], [ 73.217991880784737, 33.683716166151349 ], [ 73.218128330243303, 33.683780612547039 ] ] ] } },
{ "type": "Feature", "id": 472, "properties": { "FID": 472, "SolarPV_Area(sqm)": 52.570839373299997, "Rooftop_Area(sqm)": 146.68934760299999, "class": "rooftops" }, "geometry": { "type": "Polygon", "coordinates": [ [ [ 73.219163625148681, 33.683722227435169 ], [ 73.219169535792631, 33.683708759948125 ], [ 73.219268337895699, 33.683739065163081 ], [ 73.219246667035037, 33.683788444784476 ], [ 73.219290698461407, 33.683801950441307 ], [ 73.21926981431757, 33.683849534260581 ], [ 73.219116241329957, 33.683802429467029 ], [ 73.21915288581242, 33.683718933561579 ], [ 73.219163625148681, 33.683722227435169 ] ] ] } },
{ "type": "Feature", "id": 473, "properties": { "FID": 473, "SolarPV_Area(sqm)": 0.0, "Rooftop_Area(sqm)": 140.28711639100001, "class": "rooftops" }, "geometry": { "type": "Polygon", "coordinates": [ [ [ 73.217311588113617, 33.683837193181745 ], [ 73.217170260208846, 33.683774215710059 ], [ 73.217191783321681, 33.683740458392542 ], [ 73.217202888600767, 33.683745407052086 ], [ 73.217229254300833, 33.683704054576282 ], [ 73.217368563084747, 33.683766132636443 ], [ 73.217335739552055, 33.683817611701997 ], [ 73.217326654370567, 33.683813563314033 ], [ 73.217311588113617, 33.683837193181745 ] ] ] } },
{ "type": "Feature", "id": 474, "properties": { "FID": 474, "SolarPV_Area(sqm)": 0.0, "Rooftop_Area(sqm)": 154.58671165300001, "class": "rooftops" }, "geometry": { "type": "Polygon", "coordinates": [ [ [ 73.219790449677049, 33.683708196427723 ], [ 73.219757911134678, 33.683790861657293 ], [ 73.219593830958786, 33.683745725195784 ], [ 73.219626369655856, 33.683663059111922 ], [ 73.219790449677049, 33.683708196427723 ] ] ] } },
{ "type": "Feature", "id": 475, "properties": { "FID": 475, "SolarPV_Area(sqm)": 0.0, "Rooftop_Area(sqm)": 119.54290429, "class": "rooftops" }, "geometry": { "type": "Polygon", "coordinates": [ [ [ 73.219933573340782, 33.683684637753068 ], [ 73.219968680331874, 33.683693306434755 ], [ 73.219956041803428, 33.683729076073149 ], [ 73.219988954073415, 33.683737203625462 ], [ 73.21997631556458, 33.683772972364245 ], [ 73.219820529871185, 33.683734502564263 ], [ 73.219848723514943, 33.68365470996585 ], [ 73.219936489837011, 33.683676383497975 ], [ 73.219933573340782, 33.683684637753068 ] ] ] } },
{ "type": "Feature", "id": 476, "properties": { "FID": 476, "SolarPV_Area(sqm)": 26.36887474, "Rooftop_Area(sqm)": 114.07772500900001, "class": "rooftops" }, "geometry": { "type": "Polygon", "coordinates": [ [ [ 73.218127046384012, 33.683751564274765 ], [ 73.218119493557296, 33.683762274759431 ], [ 73.218082046285431, 33.683743819163851 ], [ 73.218058802214841, 33.68373423713976 ], [ 73.218031840979762, 33.683718647110318 ], [ 73.218008416970491, 33.683706495144492 ], [ 73.218019705046828, 33.68368534285564 ], [ 73.218051075378725, 33.683640855696105 ], [ 73.218180169045837, 33.683704476317459 ], [ 73.218141828181274, 33.683758849160441 ], [ 73.218127046384012, 33.683751564274765 ] ] ] } },
{ "type": "Feature", "id": 477, "properties": { "FID": 477, "SolarPV_Area(sqm)": 45.538517638000002, "Rooftop_Area(sqm)": 106.68279003400001, "class": "rooftops" }, "geometry": { "type": "Polygon", "coordinates": [ [ [ 73.218382405584279, 33.683734764522733 ], [ 73.21835538642118, 33.683773623455977 ], [ 73.218227805818856, 33.683711627281419 ], [ 73.218237578544915, 33.683697571681805 ], [ 73.218231644905813, 33.68369468881216 ], [ 73.218269586304999, 33.683640119904496 ], [ 73.21835562926519, 33.683681931454622 ], [ 73.21834010703094, 33.683704254526475 ], [ 73.218351975359724, 33.683710022073903 ], [ 73.218346801646106, 33.683717462802534 ], [ 73.218382405584279, 33.683734764522733 ] ] ] } },
{ "type": "Feature", "id": 478, "properties": { "FID": 478, "SolarPV_Area(sqm)": 30.407761835, "Rooftop_Area(sqm)": 110.16043626699999, "class": "rooftops" }, "geometry": { "type": "Polygon", "coordinates": [ [ [ 73.217326302640302, 33.683629049076949 ], [ 73.217433129367976, 33.683682810232298 ], [ 73.217381210360955, 33.683754911366279 ], [ 73.217266543262781, 33.683697203601568 ], [ 73.217281293191235, 33.683676720856596 ], [ 73.217289133526549, 33.683680666517311 ], [ 73.217326302640302, 33.683629049076949 ] ] ] } },
{ "type": "Feature", "id": 479, "properties": { "FID": 479, "SolarPV_Area(sqm)": 0.0, "Rooftop_Area(sqm)": 179.87601498199999, "class": "rooftops" }, "geometry": { "type": "Polygon", "coordinates": [ [ [ 73.219139472456604, 33.683656022136731 ], [ 73.21909754231136, 33.683743970526372 ], [ 73.219082666028598, 33.683739013661928 ], [ 73.219080547578301, 33.683743454996161 ], [ 73.218925400830472, 33.683691761623699 ], [ 73.218934295368911, 33.68367310600474 ], [ 73.218941733509084, 33.683675583995075 ], [ 73.218976886629505, 33.683601849936913 ], [ 73.219139472456604, 33.683656022136731 ] ] ] } },
{ "type": "Feature", "id": 480, "properties": { "FID": 480, "SolarPV_Area(sqm)": 0.0, "Rooftop_Area(sqm)": 107.3250403, "class": "rooftops" }, "geometry": { "type": "Polygon", "coordinates": [ [ [ 73.218130300962173, 33.683569774868339 ], [ 73.218212598550707, 33.683605369802144 ], [ 73.218207341616846, 33.68361386349288 ], [ 73.218230709677329, 33.683623970303344 ], [ 73.21819286315835, 33.683685126187974 ], [ 73.218059764569347, 33.683627559100977 ], [ 73.218083944822808, 33.683588487046002 ], [ 73.2181113776968, 33.683600352345742 ], [ 73.218130300962173, 33.683569774868339 ] ] ] } },
{ "type": "Feature", "id": 481, "properties": { "FID": 481, "SolarPV_Area(sqm)": 0.0, "Rooftop_Area(sqm)": 138.43148878900001, "class": "rooftops" }, "geometry": { "type": "Polygon", "coordinates": [ [ [ 73.219663560167277, 33.683633510255447 ], [ 73.219658185353197, 33.683631877243684 ], [ 73.219670297440643, 33.683604013979703 ], [ 73.219656320125054, 33.683599768109168 ], [ 73.219670777354537, 33.683566511793138 ], [ 73.219832048604744, 33.683615507824321 ], [ 73.219798055434069, 33.683693705479996 ], [ 73.219656137276203, 33.683650588301461 ], [ 73.219663560167277, 33.683633510255447 ] ] ] } },
{ "type": "Feature", "id": 482, "properties": { "FID": 482, "SolarPV_Area(sqm)": 0.0, "Rooftop_Area(sqm)": 133.15506325699999, "class": "rooftops" }, "geometry": { "type": "Polygon", "coordinates": [ [ [ 73.219989240002803, 33.683653069038641 ], [ 73.219977905085727, 33.683682167234991 ], [ 73.219853905954039, 33.683648409134186 ], [ 73.219886139728118, 33.683565660127591 ], [ 73.220040595752593, 33.683607710546411 ], [ 73.220023239185224, 33.683652267590269 ], [ 73.220002572300473, 33.68364664125108 ], [ 73.219999030147235, 33.683655734156332 ], [ 73.219989240002803, 33.683653069038641 ] ] ] } },
{ "type": "Feature", "id": 483, "properties": { "FID": 483, "SolarPV_Area(sqm)": 27.324123216699999, "Rooftop_Area(sqm)": 122.883235111, "class": "rooftops" }, "geometry": { "type": "Polygon", "coordinates": [ [ [ 73.218417904460765, 33.683662751686903 ], [ 73.21840581017689, 33.683657322657709 ], [ 73.21840093989681, 33.683664904833783 ], [ 73.218381790614501, 33.683656308942901 ], [ 73.218369344049123, 33.683675687912398 ], [ 73.218269568427559, 33.683630898154412 ], [ 73.21831719141791, 33.683556754386423 ], [ 73.218456272304948, 33.683619188650852 ], [ 73.218435707903737, 33.683651205182088 ], [ 73.218427645054092, 33.683647585530089 ], [ 73.218417904460765, 33.683662751686903 ] ] ] } },
{ "type": "Feature", "id": 484, "properties": { "FID": 484, "SolarPV_Area(sqm)": 33.167863059299997, "Rooftop_Area(sqm)": 156.92707723500001, "class": "rooftops" }, "geometry": { "type": "Polygon", "coordinates": [ [ [ 73.217303239016502, 33.683524900994698 ], [ 73.217333624655026, 33.683540187102246 ], [ 73.217339522705799, 33.683531992169534 ], [ 73.217395391644544, 33.683560098521021 ], [ 73.217398930900202, 33.683555181746122 ], [ 73.217444998386853, 33.683578355542593 ], [ 73.217450306700158, 33.683570981722447 ], [ 73.217499314331917, 33.683595635343544 ], [ 73.217443873281638, 33.683672660746943 ], [ 73.217327232859375, 33.683613984019949 ], [ 73.21733490105801, 33.683603332061402 ], [ 73.217322158341076, 33.683596921463163 ], [ 73.217328056378435, 33.683588727432742 ], [ 73.217276107607134, 33.683562593881582 ], [ 73.217303239016502, 33.683524900994698 ] ] ] } },
{ "type": "Feature", "id": 485, "properties": { "FID": 485, "SolarPV_Area(sqm)": 18.591449585599999, "Rooftop_Area(sqm)": 124.27908562099999, "class": "rooftops" }, "geometry": { "type": "Polygon", "coordinates": [ [ [ 73.218281912410305, 33.683530767886381 ], [ 73.21829093852314, 33.683534909136533 ], [ 73.218241949947, 33.683609521957472 ], [ 73.218123619016396, 33.683555223127655 ], [ 73.218175359566899, 33.683476418946363 ], [ 73.218284665411034, 33.683526575588907 ], [ 73.218281912410305, 33.683530767886381 ] ] ] } },
{ "type": "Feature", "id": 486, "properties": { "FID": 486, "SolarPV_Area(sqm)": 23.986855383200002, "Rooftop_Area(sqm)": 157.70268199, "class": "rooftops" }, "geometry": { "type": "Polygon", "coordinates": [ [ [ 73.219755236037528, 33.683589297459697 ], [ 73.219757099525225, 33.683583774824292 ], [ 73.219676728758174, 33.6835648210754 ], [ 73.21969598406821, 33.68350775594768 ], [ 73.219667359293013, 33.683501005789921 ], [ 73.219676055210684, 33.683475234093272 ], [ 73.219862119463997, 33.68351911273912 ], [ 73.219832304896485, 33.683607472242088 ], [ 73.219755236037528, 33.683589297459697 ] ] ] } },
{ "type": "Feature", "id": 487, "properties": { "FID": 487, "SolarPV_Area(sqm)": 29.199217601099999, "Rooftop_Area(sqm)": 123.46801605500001, "class": "rooftops" }, "geometry": { "type": "Polygon", "coordinates": [ [ [ 73.217389528286574, 33.68349294934643 ], [ 73.217410727693931, 33.683502395581684 ], [ 73.217416108688184, 33.683493956920586 ], [ 73.217429231920747, 33.683499804885216 ], [ 73.217451831709354, 33.683464359612024 ], [ 73.217542684307872, 33.683504845181197 ], [ 73.217537303306415, 33.683513284749672 ], [ 73.217554464652565, 33.683520931380329 ], [ 73.217524869698522, 33.683567347661771 ], [ 73.217517803584855, 33.683564198628012 ], [ 73.217503275841082, 33.683586985021854 ], [ 73.217368005334336, 33.683526705802734 ], [ 73.217389528286574, 33.68349294934643 ] ] ] } },
{ "type": "Feature", "id": 488, "properties": { "FID": 488, "SolarPV_Area(sqm)": 0.0, "Rooftop_Area(sqm)": 122.0286594, "class": "rooftops" }, "geometry": { "type": "Polygon", "coordinates": [ [ [ 73.220032425550059, 33.683523382877169 ], [ 73.220025568898009, 33.683540625111988 ], [ 73.22004076558423, 33.683544848832277 ], [ 73.220035352600334, 33.683558461505321 ], [ 73.220048378480485, 33.683562082224732 ], [ 73.220037552529462, 33.683589306669575 ], [ 73.219886664614634, 33.683547369884991 ], [ 73.219918784096492, 33.683466603113551 ], [ 73.220032763965747, 33.683498282487868 ], [ 73.220023741274716, 33.683520969058208 ], [ 73.220032425550059, 33.683523382877169 ] ] ] } },
{ "type": "Feature", "id": 489, "properties": { "FID": 489, "SolarPV_Area(sqm)": 0.0, "Rooftop_Area(sqm)": 122.625451906, "class": "rooftops" }, "geometry": { "type": "Polygon", "coordinates": [ [ [ 73.217712111409952, 33.68357138381689 ], [ 73.217608151502446, 33.683527092260675 ], [ 73.217641393741047, 33.683472560355632 ], [ 73.217647508903696, 33.683475165421896 ], [ 73.217661013889, 33.683453011723877 ], [ 73.217796569643426, 33.683510764374972 ], [ 73.217772676906904, 33.683549959553581 ], [ 73.217741080991658, 33.683536498406326 ], [ 73.217726017424084, 33.683561207785004 ], [ 73.217719902252924, 33.683558602722364 ], [ 73.217712111409952, 33.68357138381689 ] ] ] } },
{ "type": "Feature", "id": 490, "properties": { "FID": 490, "SolarPV_Area(sqm)": 33.070081536499998, "Rooftop_Area(sqm)": 129.77861261499999, "class": "rooftops" }, "geometry": { "type": "Polygon", "coordinates": [ [ [ 73.21972674540045, 33.683419677947604 ], [ 73.219752101561625, 33.683424554904761 ], [ 73.219769143377377, 33.683393174529066 ], [ 73.219861944404286, 33.683422656042346 ], [ 73.219859030676247, 33.683436792578775 ], [ 73.219887896882454, 33.683442714739428 ], [ 73.219876841302593, 33.683483167525935 ], [ 73.21987247345416, 33.683494796028576 ], [ 73.219865352011738, 33.683510858530937 ], [ 73.219711552868262, 33.683470862576577 ], [ 73.219717962916221, 33.68343976184218 ], [ 73.219722472410865, 33.683440411175255 ], [ 73.21972674540045, 33.683419677947604 ] ] ] } },
{ "type": "Feature", "id": 491, "properties": { "FID": 491, "SolarPV_Area(sqm)": 0.0, "Rooftop_Area(sqm)": 236.73648252199999, "class": "rooftops" }, "geometry": { "type": "Polygon", "coordinates": [ [ [ 73.22141487961332, 33.683392578739863 ], [ 73.221540971134274, 33.683456996719976 ], [ 73.221449652609451, 33.68359183305602 ], [ 73.221323865726873, 33.683537021412896 ], [ 73.22141487961332, 33.683392578739863 ] ] ] } },
{ "type": "Feature", "id": 492, "properties": { "FID": 492, "SolarPV_Area(sqm)": 55.089684459700003, "Rooftop_Area(sqm)": 138.90466202100001, "class": "rooftops" }, "geometry": { "type": "Polygon", "coordinates": [ [ [ 73.218166316028146, 33.683456344977635 ], [ 73.218197880412148, 33.683406471602261 ], [ 73.218216080844172, 33.683414522693106 ], [ 73.218228385247002, 33.683395080367525 ], [ 73.218242540911589, 33.683401341719346 ], [ 73.218248426035188, 33.683392043691029 ], [ 73.21835560639893, 33.683439450780099 ], [ 73.21831441266211, 33.683504539744128 ], [ 73.218308345482114, 33.683501856046853 ], [ 73.218297111499254, 33.683519607670917 ], [ 73.218221276019733, 33.683486064640967 ], [ 73.21822395099035, 33.68348183785394 ], [ 73.218166316028146, 33.683456344977635 ] ] ] } },
{ "type": "Feature", "id": 493, "properties": { "FID": 493, "SolarPV_Area(sqm)": 0.0, "Rooftop_Area(sqm)": 121.373669581, "class": "rooftops" }, "geometry": { "type": "Polygon", "coordinates": [ [ [ 73.220036740938426, 33.683493160025471 ], [ 73.219930705548848, 33.683466344750066 ], [ 73.219912410309334, 33.683456866845226 ], [ 73.219919847747633, 33.683440126253537 ], [ 73.219926273732085, 33.683421746999898 ], [ 73.219933018179603, 33.683411830933338 ], [ 73.219941279435517, 33.683380873188398 ], [ 73.219971371477953, 33.683387033926209 ], [ 73.220008209353622, 33.683398279543134 ], [ 73.220086868548151, 33.683418890215059 ], [ 73.220071397357373, 33.68345090015729 ], [ 73.2200616322028, 33.683448227289773 ], [ 73.220036740938426, 33.683493160025471 ] ] ] } },
{ "type": "Feature", "id": 494, "properties": { "FID": 494, "SolarPV_Area(sqm)": 10.3096539298, "Rooftop_Area(sqm)": 137.63268424200001, "class": "rooftops" }, "geometry": { "type": "Polygon", "coordinates": [ [ [ 73.217005090709662, 33.683379602977261 ], [ 73.216958199357833, 33.683447520147674 ], [ 73.216935411832353, 33.683436525120349 ], [ 73.216931981486866, 33.68344149485447 ], [ 73.21682101740339, 33.683387951298776 ], [ 73.216847894010101, 33.683349023019247 ], [ 73.216836005775107, 33.683343286604185 ], [ 73.216859450956676, 33.683309327135625 ], [ 73.217005090709662, 33.683379602977261 ] ] ] } },
{ "type": "Feature", "id": 495, "properties": { "FID": 495, "SolarPV_Area(sqm)": 31.7336803534, "Rooftop_Area(sqm)": 110.55344738399999, "class": "rooftops" }, "geometry": { "type": "Polygon", "coordinates": [ [ [ 73.217668644475694, 33.683345840142543 ], [ 73.217637342646654, 33.683397977901215 ], [ 73.217624052022202, 33.683392400779574 ], [ 73.217612762750463, 33.683411204808003 ], [ 73.217492121557385, 33.683360583732288 ], [ 73.217514186279857, 33.68332383127602 ], [ 73.217533612097057, 33.683331982208038 ], [ 73.217554137448914, 33.683297793806787 ], [ 73.217668644475694, 33.683345840142543 ] ] ] } },
{ "type": "Feature", "id": 496, "properties": { "FID": 496, "SolarPV_Area(sqm)": 32.033622993400002, "Rooftop_Area(sqm)": 112.062123715, "class": "rooftops" }, "geometry": { "type": "Polygon", "coordinates": [ [ [ 73.219987581532308, 33.683284027500513 ], [ 73.220055163706277, 33.68330495291444 ], [ 73.220049203922272, 33.683318405311368 ], [ 73.220091039663771, 33.683331358724253 ], [ 73.220080312496194, 33.683355572687276 ], [ 73.220128585695974, 33.683370518867669 ], [ 73.220109912164205, 33.683412669066577 ], [ 73.219982257995085, 33.683373143022493 ], [ 73.219989409094865, 33.683357000682292 ], [ 73.219971172946572, 33.683351354355025 ], [ 73.219976338531779, 33.683339695861392 ], [ 73.219964537659934, 33.683336042286989 ], [ 73.219987581532308, 33.683284027500513 ] ] ] } },
{ "type": "Feature", "id": 497, "properties": { "FID": 497, "SolarPV_Area(sqm)": 28.154182292200002, "Rooftop_Area(sqm)": 176.56904816599999, "class": "rooftops" }, "geometry": { "type": "Polygon", "coordinates": [ [ [ 73.218398744132102, 33.683332319593184 ], [ 73.218410974468895, 33.683337530552876 ], [ 73.218408377562099, 33.683341790933795 ], [ 73.218421626920716, 33.683347435911124 ], [ 73.21837851675707, 33.683418156765377 ], [ 73.218367305412954, 33.683413380722712 ], [ 73.218357956110623, 33.683428717542583 ], [ 73.218228515233974, 33.683373571438295 ], [ 73.218256042955915, 33.683328411988107 ], [ 73.218244831630528, 33.683323635934862 ], [ 73.218275996739251, 33.683272511434716 ], [ 73.218391168047731, 33.683321578472842 ], [ 73.218385455070859, 33.683330951132646 ], [ 73.218396666386965, 33.683335728074894 ], [ 73.218398744132102, 33.683332319593184 ] ] ] } },
{ "type": "Feature", "id": 498, "properties": { "FID": 498, "SolarPV_Area(sqm)": 0.0, "Rooftop_Area(sqm)": 121.713759701, "class": "rooftops" }, "geometry": { "type": "Polygon", "coordinates": [ [ [ 73.216895035262468, 33.683316274882216 ], [ 73.216903125555362, 33.683304720059816 ], [ 73.2168912795658, 33.683298922939542 ], [ 73.216898791911859, 33.683288193009915 ], [ 73.216882009116645, 33.683279980032168 ], [ 73.216914372386768, 33.68323376257586 ], [ 73.217051595965941, 33.683300918502816 ], [ 73.217007674750874, 33.683363641988272 ], [ 73.216994840951429, 33.683357361700793 ], [ 73.216990795278747, 33.683363138656617 ], [ 73.216895035262468, 33.683316274882216 ] ] ] } },
{ "type": "Feature", "id": 499, "properties": { "FID": 499, "SolarPV_Area(sqm)": 57.993995493699998, "Rooftop_Area(sqm)": 161.56112198899999, "class": "rooftops" }, "geometry": { "type": "Polygon", "coordinates": [ [ [ 73.219509267537831, 33.683343144161512 ], [ 73.219517150174994, 33.68334702987331 ], [ 73.219484619514859, 33.683393164464114 ], [ 73.219366364731016, 33.683334886600605 ], [ 73.219443045580121, 33.683226140086248 ], [ 73.219487391071056, 33.683247994269422 ], [ 73.219479839553202, 33.683258703959098 ], [ 73.219545865030071, 33.683291242745042 ], [ 73.219509267537831, 33.683343144161512 ] ] ] } },
{ "type": "Feature", "id": 500, "properties": { "FID": 500, "SolarPV_Area(sqm)": 60.197850053800003, "Rooftop_Area(sqm)": 154.34975684400001, "class": "rooftops" }, "geometry": { "type": "Polygon", "coordinates": [ [ [ 73.219145497048672, 33.683266672644116 ], [ 73.219127395331398, 33.683292165328631 ], [ 73.219135264596375, 33.68329607071059 ], [ 73.219090884630759, 33.683358568320088 ], [ 73.219081048579923, 33.683353686822073 ], [ 73.219057690958437, 33.683386580295448 ], [ 73.21900457285173, 33.683360219592181 ], [ 73.219018003093566, 33.683341305620374 ], [ 73.218978656784131, 33.683321778668713 ], [ 73.219051065961182, 33.683219807135828 ], [ 73.219145497048672, 33.683266672644116 ] ] ] } },
{ "type": "Feature", "id": 501, "properties": { "FID": 501, "SolarPV_Area(sqm)": 33.544587447799998, "Rooftop_Area(sqm)": 116.51635037600001, "class": "rooftops" }, "geometry": { "type": "Polygon", "coordinates": [ [ [ 73.216504530590214, 33.683300522625409 ], [ 73.216495120811857, 33.683314751053253 ], [ 73.216489113873351, 33.683311974353465 ], [ 73.216481918747363, 33.683322854021739 ], [ 73.21638481191745, 33.683277968732682 ], [ 73.21643518218535, 33.683201808443165 ], [ 73.216560319184467, 33.683259650978833 ], [ 73.216542053059698, 33.683287269973334 ], [ 73.216532042580738, 33.683282641859094 ], [ 73.216516544467112, 33.683306076023186 ], [ 73.216504530590214, 33.683300522625409 ] ] ] } },
{ "type": "Feature", "id": 502, "properties": { "FID": 502, "SolarPV_Area(sqm)": 68.457887075200006, "Rooftop_Area(sqm)": 147.859142722, "class": "rooftops" }, "geometry": { "type": "Polygon", "coordinates": [ [ [ 73.220157917322837, 33.683294107987052 ], [ 73.220143909427918, 33.683289933873013 ], [ 73.220137379505303, 33.683305247428628 ], [ 73.22013091481881, 33.683303320990092 ], [ 73.220123616414512, 33.683320436029831 ], [ 73.21999215932361, 33.683281259199106 ], [ 73.220003299091289, 33.683255135830123 ], [ 73.219997910776939, 33.68325353059371 ], [ 73.220023263150878, 33.683194076998554 ], [ 73.220180579915706, 33.683240960456565 ], [ 73.220157917322837, 33.683294107987052 ] ] ] } },
{ "type": "Feature", "id": 503, "properties": { "FID": 503, "SolarPV_Area(sqm)": 0.0, "Rooftop_Area(sqm)": 131.417086918, "class": "rooftops" }, "geometry": { "type": "Polygon", "coordinates": [ [ [ 73.217569972303281, 33.683264774952661 ], [ 73.217560743183569, 33.683260960769182 ], [ 73.217570880713112, 33.683243814712519 ], [ 73.217559600199309, 33.68323915302603 ], [ 73.217565681645112, 33.683228865015963 ], [ 73.217558503906631, 33.683225899236966 ], [ 73.21756661285275, 33.683212182195831 ], [ 73.21757383165945, 33.683200932176042 ], [ 73.217721913015325, 33.683264617110233 ], [ 73.217683391520225, 33.683329774169401 ], [ 73.217674162369676, 33.683325960895559 ], [ 73.217668079850839, 33.683336248895451 ], [ 73.217555273404272, 33.683289637463162 ], [ 73.217569972303281, 33.683264774952661 ] ] ] } },
{ "type": "Feature", "id": 504, "properties": { "FID": 504, "SolarPV_Area(sqm)": 26.770558700799999, "Rooftop_Area(sqm)": 124.999130573, "class": "rooftops" }, "geometry": { "type": "Polygon", "coordinates": [ [ [ 73.219308641920819, 33.683203704701143 ], [ 73.219336536780318, 33.683216865017855 ], [ 73.219352839618892, 33.683192711651081 ], [ 73.219359814412229, 33.683196001743887 ], [ 73.219363749929798, 33.683190170816843 ], [ 73.219419539666902, 33.683216491419635 ], [ 73.219347578972048, 33.683323098423941 ], [ 73.219321675329013, 33.683310878500066 ], [ 73.21931717898444, 33.683317541790757 ], [ 73.219252422072472, 33.683286991536164 ], [ 73.219308641920819, 33.683203704701143 ] ] ] } },
{ "type": "Feature", "id": 505, "properties": { "FID": 505, "SolarPV_Area(sqm)": 0.0, "Rooftop_Area(sqm)": 117.63032945, "class": "rooftops" }, "geometry": { "type": "Polygon", "coordinates": [ [ [ 73.216974339875378, 33.683190993313616 ], [ 73.216981375706908, 33.683180040977994 ], [ 73.216991453060601, 33.683184565416084 ], [ 73.217007689131194, 33.683159288704651 ], [ 73.217110487045275, 33.683205436959788 ], [ 73.217063403803394, 33.683278737672318 ], [ 73.21692734806031, 33.683217659404562 ], [ 73.216951159468962, 33.683180587787035 ], [ 73.216974339875378, 33.683190993313616 ] ] ] } },
{ "type": "Feature", "id": 506, "properties": { "FID": 506, "SolarPV_Area(sqm)": 0.0, "Rooftop_Area(sqm)": 99.629675417100003, "class": "rooftops" }, "geometry": { "type": "Polygon", "coordinates": [ [ [ 73.216378483095909, 33.683184151101138 ], [ 73.216329793229136, 33.683256715027163 ], [ 73.216227032497102, 33.683208524158843 ], [ 73.216267326444921, 33.683148471927019 ], [ 73.216274311130761, 33.683151747004807 ], [ 73.216282704929185, 33.683139236222402 ], [ 73.216378483095909, 33.683184151101138 ] ] ] } },
{ "type": "Feature", "id": 507, "properties": { "FID": 507, "SolarPV_Area(sqm)": 0.0, "Rooftop_Area(sqm)": 124.458167265, "class": "rooftops" }, "geometry": { "type": "Polygon", "coordinates": [ [ [ 73.21924175088877, 33.683136783271628 ], [ 73.219275195778337, 33.683153380892236 ], [ 73.219267603656704, 33.683164071046278 ], [ 73.219311869066559, 33.683186038661738 ], [ 73.219242380869872, 33.683283898007886 ], [ 73.21915483449088, 33.683240450331262 ], [ 73.219226074680407, 33.683140124700799 ], [ 73.219235911794584, 33.683145006202437 ], [ 73.21924175088877, 33.683136783271628 ] ] ] } },
{ "type": "Feature", "id": 508, "properties": { "FID": 508, "SolarPV_Area(sqm)": 0.0, "Rooftop_Area(sqm)": 125.213238131, "class": "rooftops" }, "geometry": { "type": "Polygon", "coordinates": [ [ [ 73.218778186443117, 33.683234201358317 ], [ 73.218843320113535, 33.683134270355687 ], [ 73.218932720532578, 33.683174995484528 ], [ 73.218863755046314, 33.683280804029202 ], [ 73.218786408683826, 33.683245570386219 ], [ 73.218790240590124, 33.683239691994089 ], [ 73.218778186443117, 33.683234201358317 ] ] ] } },
{ "type": "Feature", "id": 509, "properties": { "FID": 509, "SolarPV_Area(sqm)": 0.0, "Rooftop_Area(sqm)": 134.718718714, "class": "rooftops" }, "geometry": { "type": "Polygon", "coordinates": [ [ [ 73.219814219266993, 33.683154132836108 ], [ 73.219831381433337, 33.683110528892989 ], [ 73.219979161510295, 33.68315118101988 ], [ 73.21997558611578, 33.683160265330535 ], [ 73.219986452512757, 33.683163254361233 ], [ 73.21995784827628, 33.683235927927122 ], [ 73.219831799798172, 33.683201252943242 ], [ 73.219842169658364, 33.683174909284233 ], [ 73.219825870617896, 33.68317042527601 ], [ 73.219830518322354, 33.683158615944265 ], [ 73.219814219266993, 33.683154132836108 ] ] ] } },
{ "type": "Feature", "id": 510, "properties": { "FID": 510, "SolarPV_Area(sqm)": 35.808064053899997, "Rooftop_Area(sqm)": 96.738862051799998, "class": "rooftops" }, "geometry": { "type": "Polygon", "coordinates": [ [ [ 73.216574253172709, 33.683151725528383 ], [ 73.216555482844413, 33.683179107295828 ], [ 73.2165832726796, 33.683192421815214 ], [ 73.216571896180767, 33.683209016053858 ], [ 73.216580828705091, 33.683213295850265 ], [ 73.216565471654945, 33.683235698630426 ], [ 73.216542644206541, 33.683224761570827 ], [ 73.216539800348798, 33.683228910133423 ], [ 73.216444520489404, 33.683183259514443 ], [ 73.216492869335568, 33.683112733123231 ], [ 73.216574253172709, 33.683151725528383 ] ] ] } },
{ "type": "Feature", "id": 511, "properties": { "FID": 511, "SolarPV_Area(sqm)": 0.0, "Rooftop_Area(sqm)": 150.446564107, "class": "rooftops" }, "geometry": { "type": "Polygon", "coordinates": [ [ [ 73.21801181464761, 33.683210847029876 ], [ 73.218001034200341, 33.68320542158402 ], [ 73.217972124508293, 33.683245568846885 ], [ 73.217908420784283, 33.683213510000492 ], [ 73.217912550741815, 33.683207774808679 ], [ 73.217845906972627, 33.683174235196894 ], [ 73.217884255978205, 33.68312097894762 ], [ 73.217894056363207, 33.683125911425812 ], [ 73.217911755564529, 33.683101331122103 ], [ 73.218043083027879, 33.683167423385079 ], [ 73.21801181464761, 33.683210847029876 ] ] ] } },
{ "type": "Feature", "id": 512, "properties": { "FID": 512, "SolarPV_Area(sqm)": 0.0, "Rooftop_Area(sqm)": 110.57498914200001, "class": "rooftops" }, "geometry": { "type": "Polygon", "coordinates": [ [ [ 73.219107743619773, 33.683087086581409 ], [ 73.219042740611414, 33.683184098782966 ], [ 73.21896222801908, 33.683143861675745 ], [ 73.219034436329736, 33.683038234183599 ], [ 73.219066837782194, 33.683054427252358 ], [ 73.219059632537736, 33.683063042588621 ], [ 73.219107743619773, 33.683087086581409 ] ] ] } },
{ "type": "Feature", "id": 513, "properties": { "FID": 513, "SolarPV_Area(sqm)": 0.0, "Rooftop_Area(sqm)": 119.192640739, "class": "rooftops" }, "geometry": { "type": "Polygon", "coordinates": [ [ [ 73.218736095195268, 33.683084060348349 ], [ 73.218659665030685, 33.683199912362149 ], [ 73.218639321753642, 33.683191210921777 ], [ 73.218627573556319, 33.683188197334871 ], [ 73.218611034547394, 33.683182799821743 ], [ 73.218633237421543, 33.68315396487862 ], [ 73.218591478799041, 33.683134100026614 ], [ 73.218652579045255, 33.683044331617623 ], [ 73.218736095195268, 33.683084060348349 ] ] ] } },
{ "type": "Feature", "id": 514, "properties": { "FID": 514, "SolarPV_Area(sqm)": 11.654197742099999, "Rooftop_Area(sqm)": 120.612388925, "class": "rooftops" }, "geometry": { "type": "Polygon", "coordinates": [ [ [ 73.216326674279571, 33.683041203128774 ], [ 73.216436794736964, 33.683092104478028 ], [ 73.216388639175761, 33.683164916916454 ], [ 73.216256294086591, 33.683105383921493 ], [ 73.216283970027249, 33.683063537460498 ], [ 73.21630619459097, 33.683072169056558 ], [ 73.216326674279571, 33.683041203128774 ] ] ] } },
{ "type": "Feature", "id": 515, "properties": { "FID": 515, "SolarPV_Area(sqm)": 0.0, "Rooftop_Area(sqm)": 130.556554178, "class": "rooftops" }, "geometry": { "type": "Polygon", "coordinates": [ [ [ 73.216541507722965, 33.683031632238929 ], [ 73.216673965145887, 33.683090222399656 ], [ 73.216626349846294, 33.683165454063811 ], [ 73.216499960534222, 33.683109546747907 ], [ 73.216504775372869, 33.683101939500524 ], [ 73.216498708281009, 33.683099255716932 ], [ 73.216541507722965, 33.683031632238929 ] ] ] } },
{ "type": "Feature", "id": 516, "properties": { "FID": 516, "SolarPV_Area(sqm)": 0.0, "Rooftop_Area(sqm)": 120.16099194100001, "class": "rooftops" }, "geometry": { "type": "Polygon", "coordinates": [ [ [ 73.220021700145352, 33.683062592696587 ], [ 73.219992381135086, 33.683137082057371 ], [ 73.219839167353442, 33.683094934967009 ], [ 73.219849537215708, 33.68306859040495 ], [ 73.219837584303832, 33.683065302550155 ], [ 73.219843305370773, 33.683050768206876 ], [ 73.219869384237384, 33.683057942440243 ], [ 73.219871171408002, 33.683053399827998 ], [ 73.219890731103888, 33.68305878028157 ], [ 73.219902172138731, 33.683029711573575 ], [ 73.220021700145352, 33.683062592696587 ] ] ] } },
{ "type": "Feature", "id": 517, "properties": { "FID": 517, "SolarPV_Area(sqm)": 0.0, "Rooftop_Area(sqm)": 173.53081962900001, "class": "rooftops" }, "geometry": { "type": "Polygon", "coordinates": [ [ [ 73.217681726689491, 33.683042194893616 ], [ 73.217670533302439, 33.683037389289701 ], [ 73.217683596012421, 33.683016121055239 ], [ 73.21769886090965, 33.683022673510905 ], [ 73.21770304101625, 33.683015867747741 ], [ 73.21785568252551, 33.683081393893289 ], [ 73.217835303331782, 33.683114571770538 ], [ 73.217829198209557, 33.683111951528566 ], [ 73.21779680106377, 33.683164695752176 ], [ 73.217646194118572, 33.683100043844682 ], [ 73.217681726689491, 33.683042194893616 ] ] ] } },
{ "type": "Feature", "id": 518, "properties": { "FID": 518, "SolarPV_Area(sqm)": 39.1863443258, "Rooftop_Area(sqm)": 126.314726177, "class": "rooftops" }, "geometry": { "type": "Polygon", "coordinates": [ [ [ 73.218942114981928, 33.683147476364105 ], [ 73.218849989666921, 33.683101113770263 ], [ 73.218913116259145, 33.683013445806758 ], [ 73.218949377897317, 33.68303169468453 ], [ 73.218962357231035, 33.683013668771615 ], [ 73.219006460320415, 33.683035863203564 ], [ 73.219002330424033, 33.683041599336235 ], [ 73.2190140909684, 33.683047517664825 ], [ 73.218942114981928, 33.683147476364105 ] ] ] } },
{ "type": "Feature", "id": 519, "properties": { "FID": 519, "SolarPV_Area(sqm)": 0.0, "Rooftop_Area(sqm)": 118.15131070299999, "class": "rooftops" }, "geometry": { "type": "Polygon", "coordinates": [ [ [ 73.217112410035696, 33.682985744164888 ], [ 73.217219296258349, 33.683037676662607 ], [ 73.217172248139121, 33.683108815486356 ], [ 73.21703769999246, 33.683049906211366 ], [ 73.217058892431226, 33.683016797921184 ], [ 73.21708546663784, 33.683024105233379 ], [ 73.217112410035696, 33.682985744164888 ] ] ] } },
{ "type": "Feature", "id": 520, "properties": { "FID": 520, "SolarPV_Area(sqm)": 0.0, "Rooftop_Area(sqm)": 101.463475278, "class": "rooftops" }, "geometry": { "type": "Polygon", "coordinates": [ [ [ 73.218878675304609, 33.682974078478864 ], [ 73.218856740773845, 33.683008735554566 ], [ 73.218894152818976, 33.683025284065813 ], [ 73.218859915149181, 33.683079383556333 ], [ 73.218854859171941, 33.683077147314741 ], [ 73.218839880046474, 33.683100815610317 ], [ 73.218761012187443, 33.683065931545556 ], [ 73.218798460040603, 33.683006759925888 ], [ 73.218809582115071, 33.683011678925112 ], [ 73.218827236157168, 33.682983783830771 ], [ 73.218816114085129, 33.682978864833203 ], [ 73.218832162516762, 33.682953505809429 ], [ 73.218878675304609, 33.682974078478864 ] ] ] } },
{ "type": "Feature", "id": 521, "properties": { "FID": 521, "SolarPV_Area(sqm)": 0.0, "Rooftop_Area(sqm)": 128.46055560799999, "class": "rooftops" }, "geometry": { "type": "Polygon", "coordinates": [ [ [ 73.218384592622186, 33.683047133854323 ], [ 73.218448203893814, 33.682967571916365 ], [ 73.218460111043385, 33.68295744362181 ], [ 73.21848281749638, 33.682968555332231 ], [ 73.218488017848927, 33.682961127604962 ], [ 73.218523558149244, 33.682978520343966 ], [ 73.218519512595492, 33.682984297354125 ], [ 73.218541232342233, 33.682994925904993 ], [ 73.218460326467522, 33.683110470675523 ], [ 73.218414913500681, 33.683088247240619 ], [ 73.218428205014831, 33.683069264602231 ], [ 73.218384592622186, 33.683047133854323 ] ] ] } },
{ "type": "Feature", "id": 522, "properties": { "FID": 522, "SolarPV_Area(sqm)": 29.250923793999998, "Rooftop_Area(sqm)": 110.576823515, "class": "rooftops" }, "geometry": { "type": "Polygon", "coordinates": [ [ [ 73.216705865306395, 33.683002087695101 ], [ 73.216690839577538, 33.683023545712793 ], [ 73.216699724305329, 33.68302789334497 ], [ 73.216691634013486, 33.68303944815451 ], [ 73.216703479953949, 33.683045245292568 ], [ 73.216684409598031, 33.683072481172445 ], [ 73.216555083590151, 33.683009190219856 ], [ 73.216603050630312, 33.682940689052131 ], [ 73.21669979785888, 33.682988036215903 ], [ 73.216694019390161, 33.682996289655932 ], [ 73.216705865306395, 33.683002087695101 ] ] ] } },
{ "type": "Feature", "id": 523, "properties": { "FID": 523, "SolarPV_Area(sqm)": 19.2850776915, "Rooftop_Area(sqm)": 144.180089643, "class": "rooftops" }, "geometry": { "type": "Polygon", "coordinates": [ [ [ 73.219900243322101, 33.683014285162173 ], [ 73.219904131240909, 33.683003279176894 ], [ 73.219890967294219, 33.683000028884969 ], [ 73.219898095855001, 33.682979851706811 ], [ 73.219886028743062, 33.682976871518278 ], [ 73.219891213353336, 33.682962196882094 ], [ 73.219871466384049, 33.682957320524871 ], [ 73.219882808128062, 33.682925219539598 ], [ 73.220060533016138, 33.682969107557788 ], [ 73.220041738636169, 33.683022302686929 ], [ 73.220032961953066, 33.683020135524551 ], [ 73.22002162026871, 33.683052235623059 ], [ 73.219928368308501, 33.68302920801456 ], [ 73.219930960612089, 33.683021870695605 ], [ 73.219900243322101, 33.683014285162173 ] ] ] } },
{ "type": "Feature", "id": 524, "properties": { "FID": 524, "SolarPV_Area(sqm)": 0.0, "Rooftop_Area(sqm)": 140.917294868, "class": "rooftops" }, "geometry": { "type": "Polygon", "coordinates": [ [ [ 73.220246994062734, 33.682949476982124 ], [ 73.22022684864001, 33.682996268148315 ], [ 73.220266673125622, 33.683008251076508 ], [ 73.220248463903559, 33.683050542354032 ], [ 73.220095624938978, 33.683004551327166 ], [ 73.220136691854236, 33.682909171267674 ], [ 73.22019696610208, 33.682927308546141 ], [ 73.220194253931439, 33.682933607109149 ], [ 73.220246994062734, 33.682949476982124 ] ] ] } },
{ "type": "Feature", "id": 525, "properties": { "FID": 525, "SolarPV_Area(sqm)": 0.0, "Rooftop_Area(sqm)": 124.06495434, "class": "rooftops" }, "geometry": { "type": "Polygon", "coordinates": [ [ [ 73.215964462981603, 33.683029073403148 ], [ 73.215855979920519, 33.682979652544624 ], [ 73.215905790528339, 33.682903236404016 ], [ 73.216044407250862, 33.682966384446381 ], [ 73.216022513053673, 33.682999974787556 ], [ 73.215992378261333, 33.682986246635728 ], [ 73.215964462981603, 33.683029073403148 ] ] ] } },
{ "type": "Feature", "id": 526, "properties": { "FID": 526, "SolarPV_Area(sqm)": 0.0, "Rooftop_Area(sqm)": 132.67106070899999, "class": "rooftops" }, "geometry": { "type": "Polygon", "coordinates": [ [ [ 73.217110824364738, 33.682943590627701 ], [ 73.217089590581296, 33.682934197953251 ], [ 73.217114200790988, 33.682895314451379 ], [ 73.217124311549668, 33.682899787057814 ], [ 73.217127521769754, 33.682894714945945 ], [ 73.217269077927625, 33.682957329623541 ], [ 73.21722360408026, 33.683029180138838 ], [ 73.217105302934627, 33.682976852051198 ], [ 73.217114398370711, 33.682962481968126 ], [ 73.217102264147243, 33.682957115361333 ], [ 73.217110824364738, 33.682943590627701 ] ] ] } },
{ "type": "Feature", "id": 527, "properties": { "FID": 527, "SolarPV_Area(sqm)": 28.617112293999998, "Rooftop_Area(sqm)": 202.432388914, "class": "rooftops" }, "geometry": { "type": "Polygon", "coordinates": [ [ [ 73.219439798599083, 33.682993026442816 ], [ 73.219457538052382, 33.682963019639438 ], [ 73.2194698443557, 33.682968104440093 ], [ 73.219474405517545, 33.682960388810308 ], [ 73.219485686125765, 33.682965049422755 ], [ 73.219528262022763, 33.682893033631217 ], [ 73.219536465502387, 33.682896423483307 ], [ 73.219555726015571, 33.682863844195431 ], [ 73.21962135925051, 33.682890963060196 ], [ 73.219604126188116, 33.682920112389723 ], [ 73.219669759500022, 33.682947230328921 ], [ 73.219615020232425, 33.683039822396523 ], [ 73.219596560749096, 33.683032195215965 ], [ 73.219608217890212, 33.683012476492983 ], [ 73.219560019400674, 33.682992561538164 ], [ 73.219547347454579, 33.683013995224826 ], [ 73.21953914396353, 33.683010605373134 ], [ 73.219532554287923, 33.683021750957515 ], [ 73.219511018767847, 33.683012853024458 ], [ 73.219506457606229, 33.683020568655557 ], [ 73.219439798599083, 33.682993026442816 ] ] ] } },
{ "type": "Feature", "id": 528, "properties": { "FID": 528, "SolarPV_Area(sqm)": 0.0, "Rooftop_Area(sqm)": 142.75112033, "class": "rooftops" }, "geometry": { "type": "Polygon", "coordinates": [ [ [ 73.219974043971334, 33.682877664574448 ], [ 73.219988584023767, 33.682845453655922 ], [ 73.220042097075776, 33.682862336617923 ], [ 73.220039673737261, 33.682867705105622 ], [ 73.220098537830836, 33.682886274801781 ], [ 73.220062188838938, 33.682966802144101 ], [ 73.219880244501795, 33.682909401630077 ], [ 73.219889129743578, 33.682889717783603 ], [ 73.219915885739766, 33.682898158830504 ], [ 73.219921135971418, 33.682886526807309 ], [ 73.219913644805914, 33.682884163538908 ], [ 73.219921318364413, 33.682867163932187 ], [ 73.219954495967301, 33.682877630895355 ], [ 73.219956919311358, 33.682872262409518 ], [ 73.219974043971334, 33.682877664574448 ] ] ] } },
{ "type": "Feature", "id": 529, "properties": { "FID": 529, "SolarPV_Area(sqm)": 0.0, "Rooftop_Area(sqm)": 166.285770243, "class": "rooftops" }, "geometry": { "type": "Polygon", "coordinates": [ [ [ 73.218170442568692, 33.682923554440983 ], [ 73.218159525453359, 33.682918323623703 ], [ 73.218153837892501, 33.682926621730935 ], [ 73.218143911976796, 33.682921866013075 ], [ 73.218100115457275, 33.682985755891472 ], [ 73.217995903485132, 33.682935826777033 ], [ 73.218008416337511, 33.682917572403383 ], [ 73.21799849149113, 33.682912817591173 ], [ 73.218055939651038, 33.682829015210579 ], [ 73.218190919430796, 33.682893684701092 ], [ 73.218170442568692, 33.682923554440983 ] ] ] } },
{ "type": "Feature", "id": 530, "properties": { "FID": 530, "SolarPV_Area(sqm)": 0.0, "Rooftop_Area(sqm)": 141.17603892299999, "class": "rooftops" }, "geometry": { "type": "Polygon", "coordinates": [ [ [ 73.218626770044366, 33.682854064860166 ], [ 73.218548346188143, 33.682965282725142 ], [ 73.218468525233519, 33.682925945322502 ], [ 73.218474914572184, 33.68291688270066 ], [ 73.218454220431397, 33.682906683742843 ], [ 73.218513474237653, 33.682822652881576 ], [ 73.218557819275105, 33.682844507385497 ], [ 73.218570600057987, 33.682826383063556 ], [ 73.218626770044366, 33.682854064860166 ] ] ] } },
{ "type": "Feature", "id": 531, "properties": { "FID": 531, "SolarPV_Area(sqm)": 50.682503218199997, "Rooftop_Area(sqm)": 144.63703915599999, "class": "rooftops" }, "geometry": { "type": "Polygon", "coordinates": [ [ [ 73.215678528739616, 33.682896689721112 ], [ 73.215694133704545, 33.682872215663934 ], [ 73.215701199691338, 33.682875364798356 ], [ 73.215722185758665, 33.682842452153835 ], [ 73.215733835316058, 33.682826325447749 ], [ 73.215878781809053, 33.682891646376881 ], [ 73.215831967066734, 33.682965066812905 ], [ 73.215678528739616, 33.682896689721112 ] ] ] } },
{ "type": "Feature", "id": 532, "properties": { "FID": 532, "SolarPV_Area(sqm)": 13.5213020985, "Rooftop_Area(sqm)": 125.920716766, "class": "rooftops" }, "geometry": { "type": "Polygon", "coordinates": [ [ [ 73.215980775093882, 33.682824308044061 ], [ 73.215984440318223, 33.682819457154842 ], [ 73.216070517190545, 33.682864910297326 ], [ 73.216045469480363, 33.682898060130697 ], [ 73.216083188825692, 33.682917978421138 ], [ 73.216049588524399, 33.68296244819939 ], [ 73.216020575040844, 33.682947126589447 ], [ 73.216024240287155, 33.682942274797732 ], [ 73.215916886911643, 33.682885585817985 ], [ 73.215968202351718, 33.682817668911007 ], [ 73.215980775093882, 33.682824308044061 ] ] ] } },
{ "type": "Feature", "id": 533, "properties": { "FID": 533, "SolarPV_Area(sqm)": 0.0, "Rooftop_Area(sqm)": 159.94095980399999, "class": "rooftops" }, "geometry": { "type": "Polygon", "coordinates": [ [ [ 73.2171713047601, 33.682862333042408 ], [ 73.217160348802153, 33.682857158388842 ], [ 73.217171040390227, 33.682841337845247 ], [ 73.217156100943342, 33.682834281424412 ], [ 73.217188737564598, 33.682785989254462 ], [ 73.21733912773, 33.682857022202796 ], [ 73.217282858204101, 33.682940284853295 ], [ 73.217158362278212, 33.68288148289713 ], [ 73.2171713047601, 33.682862333042408 ] ] ] } },
{ "type": "Feature", "id": 534, "properties": { "FID": 534, "SolarPV_Area(sqm)": 0.0, "Rooftop_Area(sqm)": 54.045194349399999, "class": "rooftops" }, "geometry": { "type": "Polygon", "coordinates": [ [ [ 73.216654106133305, 33.682838645158483 ], [ 73.216697446989627, 33.682784643442375 ], [ 73.216719294646992, 33.68279689914349 ], [ 73.216727580611746, 33.68278657536527 ], [ 73.216765577597187, 33.682807888886884 ], [ 73.216713950815645, 33.682872213503721 ], [ 73.216654106133305, 33.682838645158483 ] ] ] } },
{ "type": "Feature", "id": 535, "properties": { "FID": 535, "SolarPV_Area(sqm)": 0.0, "Rooftop_Area(sqm)": 128.76748828800001, "class": "rooftops" }, "geometry": { "type": "Polygon", "coordinates": [ [ [ 73.216543388456486, 33.682915987677518 ], [ 73.216437092396262, 33.682867209396086 ], [ 73.216451954772168, 33.682844574947829 ], [ 73.216433905053023, 33.682836291317294 ], [ 73.216440509347876, 33.682826231846029 ], [ 73.216420453979907, 33.682817028309344 ], [ 73.216443572286423, 33.682781817953469 ], [ 73.216456608438023, 33.682787800027107 ], [ 73.216461012009745, 33.682781094022872 ], [ 73.216592378047963, 33.68284137555743 ], [ 73.216543388456486, 33.682915987677518 ] ] ] } },
{ "type": "Feature", "id": 536, "properties": { "FID": 536, "SolarPV_Area(sqm)": 24.352278115200001, "Rooftop_Area(sqm)": 124.43623450699999, "class": "rooftops" }, "geometry": { "type": "Polygon", "coordinates": [ [ [ 73.219379422283723, 33.682905207593151 ], [ 73.219343443592194, 33.682888457151229 ], [ 73.219336764808361, 33.682898483246412 ], [ 73.219322772918076, 33.682891969179572 ], [ 73.219314980997254, 33.682903666439422 ], [ 73.219276004366847, 33.682885520110887 ], [ 73.219352252707949, 33.682771055597833 ], [ 73.21944119986955, 33.682812465482108 ], [ 73.219379422283723, 33.682905207593151 ] ] ] } },
{ "type": "Feature", "id": 537, "properties": { "FID": 537, "SolarPV_Area(sqm)": 0.0, "Rooftop_Area(sqm)": 139.004277702, "class": "rooftops" }, "geometry": { "type": "Polygon", "coordinates": [ [ [ 73.217909674828604, 33.682876246553064 ], [ 73.217896617379012, 33.682870297689142 ], [ 73.217884027614048, 33.682889612324189 ], [ 73.217834808080653, 33.682867190385885 ], [ 73.217870933249927, 33.682811766664919 ], [ 73.217843812772315, 33.682799412554381 ], [ 73.21787501096702, 33.682751546722173 ], [ 73.218014633485637, 33.682815150754649 ], [ 73.217993287056615, 33.682847900797327 ], [ 73.217983243114645, 33.682843324619931 ], [ 73.21796518055487, 33.68287103694999 ], [ 73.217947099513495, 33.682862799978231 ], [ 73.217941625614884, 33.682871197646897 ], [ 73.217919527635715, 33.682861130748904 ], [ 73.217909674828604, 33.682876246553064 ] ] ] } },
{ "type": "Feature", "id": 538, "properties": { "FID": 538, "SolarPV_Area(sqm)": 12.7627045616, "Rooftop_Area(sqm)": 123.54771569499999, "class": "rooftops" }, "geometry": { "type": "Polygon", "coordinates": [ [ [ 73.219236299474673, 33.682747198875362 ], [ 73.219243015646228, 33.682737190457942 ], [ 73.219266960202248, 33.682748419066805 ], [ 73.219270877539586, 33.682742579764096 ], [ 73.219325750369691, 33.682768311859505 ], [ 73.219311760403102, 33.682789163819947 ], [ 73.219322734338988, 33.68279430968726 ], [ 73.219268451558776, 33.6828752158344 ], [ 73.219207591722466, 33.682846676771504 ], [ 73.21921542637682, 33.682834999973444 ], [ 73.219205450284306, 33.682830321168893 ], [ 73.2192093676111, 33.682824482769973 ], [ 73.219178438265246, 33.682809979233603 ], [ 73.219224327728043, 33.682741585027095 ], [ 73.219236299474673, 33.682747198875362 ] ] ] } },
{ "type": "Feature", "id": 539, "properties": { "FID": 539, "SolarPV_Area(sqm)": 25.901278575199999, "Rooftop_Area(sqm)": 119.30590992899999, "class": "rooftops" }, "geometry": { "type": "Polygon", "coordinates": [ [ [ 73.216483599261167, 33.682746995988971 ], [ 73.216500271294677, 33.682723018774695 ], [ 73.216520050692381, 33.682732631324384 ], [ 73.216540747020659, 33.682702866935315 ], [ 73.216649534369864, 33.682755732738023 ], [ 73.216598944691881, 33.682828490291485 ], [ 73.216475322458635, 33.682768415248638 ], [ 73.216488544915109, 33.682749399364425 ], [ 73.216483599261167, 33.682746995988971 ] ] ] } },
{ "type": "Feature", "id": 540, "properties": { "FID": 540, "SolarPV_Area(sqm)": 0.0, "Rooftop_Area(sqm)": 112.893952247, "class": "rooftops" }, "geometry": { "type": "Polygon", "coordinates": [ [ [ 73.217940857532739, 33.682712222677026 ], [ 73.217962682633598, 33.682679693266721 ], [ 73.218063449234123, 33.682726946755842 ], [ 73.218013642535368, 33.682801179777016 ], [ 73.217888931510117, 33.682742697380135 ], [ 73.217904601164079, 33.68271934305988 ], [ 73.217911584785455, 33.682722618932125 ], [ 73.217923896810078, 33.682704268786949 ], [ 73.217940857532739, 33.682712222677026 ] ] ] } },
{ "type": "Feature", "id": 541, "properties": { "FID": 541, "SolarPV_Area(sqm)": 0.0, "Rooftop_Area(sqm)": 117.64096942400001, "class": "rooftops" }, "geometry": { "type": "Polygon", "coordinates": [ [ [ 73.216175440097885, 33.682691214385663 ], [ 73.216156106222428, 33.68272269100509 ], [ 73.216195793213231, 33.682739727664526 ], [ 73.216170710853987, 33.682780562801952 ], [ 73.216028246642793, 33.682719402751239 ], [ 73.216072662931893, 33.682647091942847 ], [ 73.216175440097885, 33.682691214385663 ] ] ] } },
{ "type": "Feature", "id": 542, "properties": { "FID": 542, "SolarPV_Area(sqm)": 0.0, "Rooftop_Area(sqm)": 125.69648876799999, "class": "rooftops" }, "geometry": { "type": "Polygon", "coordinates": [ [ [ 73.21904357538584, 33.682633455202975 ], [ 73.219128233645307, 33.682671457913059 ], [ 73.219061670587152, 33.682775090983341 ], [ 73.219001200653466, 33.682747946166728 ], [ 73.219009318357806, 33.682735307667429 ], [ 73.218966989745795, 33.682716306737149 ], [ 73.218981600320916, 33.682693557423363 ], [ 73.218988655248154, 33.682696725149277 ], [ 73.219023830837799, 33.682641959203089 ], [ 73.21903491718291, 33.682646935379807 ], [ 73.21904357538584, 33.682633455202975 ] ] ] } },
{ "type": "Feature", "id": 543, "properties": { "FID": 543, "SolarPV_Area(sqm)": 0.0, "Rooftop_Area(sqm)": 117.551450923, "class": "rooftops" }, "geometry": { "type": "Polygon", "coordinates": [ [ [ 73.219429445127545, 33.68276640951408 ], [ 73.219425336634771, 33.68277215588985 ], [ 73.219354642451179, 33.682736825505231 ], [ 73.219432706821124, 33.682627653446012 ], [ 73.219483763462918, 33.682653169050887 ], [ 73.219460873078376, 33.682685182003077 ], [ 73.219499165844056, 33.682704319380782 ], [ 73.219448100391034, 33.682775733063707 ], [ 73.219429445127545, 33.68276640951408 ] ] ] } },
{ "type": "Feature", "id": 544, "properties": { "FID": 544, "SolarPV_Area(sqm)": 24.968645478300001, "Rooftop_Area(sqm)": 125.741417244, "class": "rooftops" }, "geometry": { "type": "Polygon", "coordinates": [ [ [ 73.216563180950658, 33.682653055150034 ], [ 73.216548241588768, 33.682645998658153 ], [ 73.21657356268021, 33.682608530484224 ], [ 73.216707021414521, 33.682671567251951 ], [ 73.216656378204576, 33.682746503634675 ], [ 73.216545826782365, 33.68269428689414 ], [ 73.216560457315765, 33.682672638324824 ], [ 73.216552489278527, 33.682668875638583 ], [ 73.216563180950658, 33.682653055150034 ] ] ] } },
{ "type": "Feature", "id": 545, "properties": { "FID": 545, "SolarPV_Area(sqm)": 32.1036802108, "Rooftop_Area(sqm)": 153.28073836300001, "class": "rooftops" }, "geometry": { "type": "Polygon", "coordinates": [ [ [ 73.216942404912984, 33.682702984621201 ], [ 73.216932444585282, 33.682698280613351 ], [ 73.216902058774892, 33.682743242504742 ], [ 73.216759637216114, 33.682675972616281 ], [ 73.216807466366603, 33.682605199616219 ], [ 73.216815434409952, 33.682608962286217 ], [ 73.216819935161467, 33.682602301857727 ], [ 73.21696435001823, 33.682670512134187 ], [ 73.216942404912984, 33.682702984621201 ] ] ] } },
{ "type": "Feature", "id": 546, "properties": { "FID": 546, "SolarPV_Area(sqm)": 29.3520360618, "Rooftop_Area(sqm)": 97.774293178999997, "class": "rooftops" }, "geometry": { "type": "Polygon", "coordinates": [ [ [ 73.218955087530844, 33.682712290899339 ], [ 73.218931983891892, 33.682701766011753 ], [ 73.218924869253669, 33.682712683061119 ], [ 73.218907792641119, 33.682704904380621 ], [ 73.218902866871431, 33.682712462333313 ], [ 73.218872731686432, 33.682698734872062 ], [ 73.218943338601946, 33.682590406077679 ], [ 73.21902369690001, 33.68262701224603 ], [ 73.219006182741026, 33.68265388497889 ], [ 73.218996137685266, 33.68264930886717 ], [ 73.218955087530844, 33.682712290899339 ] ] ] } },
{ "type": "Feature", "id": 547, "properties": { "FID": 547, "SolarPV_Area(sqm)": 32.445952378699999, "Rooftop_Area(sqm)": 121.88209561, "class": "rooftops" }, "geometry": { "type": "Polygon", "coordinates": [ [ [ 73.217959186783958, 33.682670855998559 ], [ 73.217981786107913, 33.6826354115112 ], [ 73.217955539821631, 33.68262371570259 ], [ 73.217980829052763, 33.682584050960699 ], [ 73.218116098572139, 33.682644329483104 ], [ 73.218068210089172, 33.682719438761886 ], [ 73.217959186783958, 33.682670855998559 ] ] ] } },
{ "type": "Feature", "id": 548, "properties": { "FID": 548, "SolarPV_Area(sqm)": 30.172981582199998, "Rooftop_Area(sqm)": 116.179155076, "class": "rooftops" }, "geometry": { "type": "Polygon", "coordinates": [ [ [ 73.216035152335877, 33.682632268052544 ], [ 73.216005843094422, 33.682674438957108 ], [ 73.216012766579198, 33.682677802440381 ], [ 73.215992651245742, 33.682706742795268 ], [ 73.215860114979023, 33.682642362325801 ], [ 73.215885400992974, 33.682605979521647 ], [ 73.215905183600938, 33.682615588607597 ], [ 73.215929320084257, 33.682580859268661 ], [ 73.216035152335877, 33.682632268052544 ] ] ] } },
{ "type": "Feature", "id": 549, "properties": { "FID": 549, "SolarPV_Area(sqm)": 46.488239138600001, "Rooftop_Area(sqm)": 122.22012926799999, "class": "rooftops" }, "geometry": { "type": "Polygon", "coordinates": [ [ [ 73.215494857871064, 33.682678368774006 ], [ 73.215486508870725, 33.682690900890201 ], [ 73.215474516270561, 33.682685317041631 ], [ 73.215468950268203, 33.682693671784847 ], [ 73.215369011611102, 33.682647140561492 ], [ 73.215416321589416, 33.682576124357297 ], [ 73.21542731525679, 33.682581241994896 ], [ 73.215430654848603, 33.68257622951058 ], [ 73.215544585002277, 33.682629275168971 ], [ 73.215507849405824, 33.682684417934645 ], [ 73.215494857871064, 33.682678368774006 ] ] ] } },
{ "type": "Feature", "id": 550, "properties": { "FID": 550, "SolarPV_Area(sqm)": 43.161617200599999, "Rooftop_Area(sqm)": 126.337957871, "class": "rooftops" }, "geometry": { "type": "Polygon", "coordinates": [ [ [ 73.218162123174451, 33.682641865990284 ], [ 73.218204194795121, 33.682572848091411 ], [ 73.218309173994527, 33.682617573159668 ], [ 73.218287358405846, 33.682653359962373 ], [ 73.218327108307435, 33.682670294951059 ], [ 73.218297502036549, 33.682718862894909 ], [ 73.218241445853778, 33.682694979943534 ], [ 73.218246639641364, 33.682686459187082 ], [ 73.218198736602986, 33.682666051094991 ], [ 73.218202892073734, 33.682659234136921 ], [ 73.218162123174451, 33.682641865990284 ] ] ] } },
{ "type": "Feature", "id": 551, "properties": { "FID": 551, "SolarPV_Area(sqm)": 30.001652831600001, "Rooftop_Area(sqm)": 119.587115076, "class": "rooftops" }, "geometry": { "type": "Polygon", "coordinates": [ [ [ 73.216255494370031, 33.682623856607371 ], [ 73.216235218932766, 33.682658149396239 ], [ 73.216211632518849, 33.682648402475508 ], [ 73.216188316815163, 33.682687839233694 ], [ 73.216076537735944, 33.682641650712966 ], [ 73.216095799468604, 33.682609072004176 ], [ 73.216088620756835, 33.682606106127203 ], [ 73.21611295026139, 33.682564954434277 ], [ 73.216255494370031, 33.682623856607371 ] ] ] } },
{ "type": "Feature", "id": 552, "properties": { "FID": 552, "SolarPV_Area(sqm)": 0.0, "Rooftop_Area(sqm)": 115.27855683, "class": "rooftops" }, "geometry": { "type": "Polygon", "coordinates": [ [ [ 73.216762762794005, 33.682581565537674 ], [ 73.216728473523588, 33.682634557203805 ], [ 73.216719418578066, 33.68263046231769 ], [ 73.216705267835735, 33.682652332453813 ], [ 73.216582518003221, 33.682596820440025 ], [ 73.216610275750568, 33.682553921811611 ], [ 73.216641466260086, 33.682568027563747 ], [ 73.216662148610908, 33.682536063535558 ], [ 73.216762762794005, 33.682581565537674 ] ] ] } },
{ "type": "Feature", "id": 553, "properties": { "FID": 553, "SolarPV_Area(sqm)": 22.299218091699998, "Rooftop_Area(sqm)": 119.542113822, "class": "rooftops" }, "geometry": { "type": "Polygon", "coordinates": [ [ [ 73.216959670619971, 33.682623457915454 ], [ 73.216941440375209, 33.682615454007006 ], [ 73.216933462420656, 33.682628153899032 ], [ 73.216927386385237, 33.682625486239459 ], [ 73.216917280407941, 33.682641572218749 ], [ 73.216814992705608, 33.682596662092365 ], [ 73.21686179863714, 33.682522155403433 ], [ 73.216999532271458, 33.682582629412636 ], [ 73.216982512365675, 33.682609722699986 ], [ 73.216971371544801, 33.682604831222903 ], [ 73.216959670619971, 33.682623457915454 ] ] ] } },
{ "type": "Feature", "id": 554, "properties": { "FID": 554, "SolarPV_Area(sqm)": 0.0, "Rooftop_Area(sqm)": 189.931852566, "class": "rooftops" }, "geometry": { "type": "Polygon", "coordinates": [ [ [ 73.217337355229176, 33.68264173891167 ], [ 73.217361430027808, 33.68260370070287 ], [ 73.21734727455997, 33.682597439255602 ], [ 73.217353693871615, 33.682587295002541 ], [ 73.217339538407032, 33.682581033554492 ], [ 73.217301196238765, 33.682578786743704 ], [ 73.217290421501829, 33.68256598574969 ], [ 73.217298243222672, 33.68254946097926 ], [ 73.217307485766881, 33.682534544726821 ], [ 73.217319646008832, 33.682520990766946 ], [ 73.2173307679315, 33.682525909894935 ], [ 73.217352026285624, 33.682521309227042 ], [ 73.217506591551114, 33.682591092845904 ], [ 73.217484122452447, 33.682626595031863 ], [ 73.217481088897173, 33.682625253614859 ], [ 73.217441500586318, 33.68268780533225 ], [ 73.217337355229176, 33.68264173891167 ] ] ] } },
{ "type": "Feature", "id": 555, "properties": { "FID": 555, "SolarPV_Area(sqm)": 20.6985312935, "Rooftop_Area(sqm)": 126.011887441, "class": "rooftops" }, "geometry": { "type": "Polygon", "coordinates": [ [ [ 73.218170953535122, 33.68255372185741 ], [ 73.21815750188739, 33.682574820416477 ], [ 73.218164567946786, 33.682577969412243 ], [ 73.218130669618049, 33.682631136655026 ], [ 73.217994390042463, 33.682570408925976 ], [ 73.218019141914482, 33.682531587694257 ], [ 73.218031254982236, 33.682536986369719 ], [ 73.218053854258201, 33.682501540964822 ], [ 73.218170953535122, 33.68255372185741 ] ] ] } },
{ "type": "Feature", "id": 556, "properties": { "FID": 556, "SolarPV_Area(sqm)": 34.248049607900001, "Rooftop_Area(sqm)": 110.34304296099999, "class": "rooftops" }, "geometry": { "type": "Polygon", "coordinates": [ [ [ 73.215923048700375, 33.682535027372545 ], [ 73.215950777515488, 33.68249651919286 ], [ 73.215966457847884, 33.682504410673211 ], [ 73.215971178672262, 33.682497856256454 ], [ 73.216081922143957, 33.682553591371047 ], [ 73.21603236371061, 33.682622414733132 ], [ 73.215971601282462, 33.68259183389781 ], [ 73.215956388688483, 33.682585474965713 ], [ 73.215935592019903, 33.682574253308836 ], [ 73.215955541030269, 33.682551064748168 ], [ 73.215923048700375, 33.682535027372545 ] ] ] } },
{ "type": "Feature", "id": 557, "properties": { "FID": 557, "SolarPV_Area(sqm)": 24.364974817099998, "Rooftop_Area(sqm)": 137.117237899, "class": "rooftops" }, "geometry": { "type": "Polygon", "coordinates": [ [ [ 73.218991739756717, 33.682469381220642 ], [ 73.218984751227339, 33.682482918831134 ], [ 73.218974488473236, 33.682497264114623 ], [ 73.218930277042361, 33.682554221833378 ], [ 73.218905327377485, 33.682540687273253 ], [ 73.218900969151989, 33.682546302881313 ], [ 73.218837635523855, 33.682511944927427 ], [ 73.218905509605406, 33.682424502309544 ], [ 73.218930458159235, 33.682438036853256 ], [ 73.218955258325053, 33.682408042641129 ], [ 73.21898020796084, 33.68242157719046 ], [ 73.219013258403322, 33.682435214092372 ], [ 73.218991739756717, 33.682469381220642 ] ] ] } },
{ "type": "Feature", "id": 558, "properties": { "FID": 558, "SolarPV_Area(sqm)": 26.303740676699999, "Rooftop_Area(sqm)": 118.980353877, "class": "rooftops" }, "geometry": { "type": "Polygon", "coordinates": [ [ [ 73.216017851558718, 33.682442350053201 ], [ 73.216029152111162, 33.682424628457696 ], [ 73.21603520804085, 33.682427327432421 ], [ 73.216045970166391, 33.682410449329915 ], [ 73.216146917084274, 33.682455433605249 ], [ 73.216104407012253, 33.682522103451568 ], [ 73.216091284021587, 33.682516255353029 ], [ 73.216085902947299, 33.682524694856951 ], [ 73.215962749131208, 33.682469813051462 ], [ 73.215988577651288, 33.682429304349085 ], [ 73.216017851558718, 33.682442350053201 ] ] ] } },
{ "type": "Feature", "id": 559, "properties": { "FID": 559, "SolarPV_Area(sqm)": 0.0, "Rooftop_Area(sqm)": 121.50065575000001, "class": "rooftops" }, "geometry": { "type": "Polygon", "coordinates": [ [ [ 73.21677260133221, 33.682371348267786 ], [ 73.216776014555421, 33.682366370173646 ], [ 73.216878240610541, 33.68241534822107 ], [ 73.216830460818016, 33.682485045253628 ], [ 73.216705407447492, 33.682425130140714 ], [ 73.216716215481796, 33.682409365423148 ], [ 73.216710259802227, 33.682406511922572 ], [ 73.216743819480172, 33.682357557768263 ], [ 73.21677260133221, 33.682371348267786 ] ] ] } },
{ "type": "Feature", "id": 560, "properties": { "FID": 560, "SolarPV_Area(sqm)": 46.028215793999998, "Rooftop_Area(sqm)": 140.51201672799999, "class": "rooftops" }, "geometry": { "type": "Polygon", "coordinates": [ [ [ 73.21832542612313, 33.682400489242319 ], [ 73.218344805656457, 33.682367960559432 ], [ 73.218337638055033, 33.68236497603521 ], [ 73.218363647985015, 33.682321318648214 ], [ 73.21850597656902, 33.682380583058304 ], [ 73.218457016148321, 33.682462761342286 ], [ 73.218400699824272, 33.682439311169453 ], [ 73.218404269793766, 33.682433318995045 ], [ 73.21832542612313, 33.682400489242319 ] ] ] } },
{ "type": "Feature", "id": 561, "properties": { "FID": 561, "SolarPV_Area(sqm)": 0.0, "Rooftop_Area(sqm)": 129.79123382200001, "class": "rooftops" }, "geometry": { "type": "Polygon", "coordinates": [ [ [ 73.218251794031403, 33.682375789209559 ], [ 73.218241468519295, 33.682392856868788 ], [ 73.218265967975739, 33.682403215348153 ], [ 73.218233958425856, 33.682456125806773 ], [ 73.218090026451435, 33.682395268878743 ], [ 73.218135974336448, 33.682319317296127 ], [ 73.21820232627789, 33.68234737158209 ], [ 73.218198712440014, 33.682353345984218 ], [ 73.218251794031403, 33.682375789209559 ] ] ] } },
{ "type": "Feature", "id": 562, "properties": { "FID": 562, "SolarPV_Area(sqm)": 0.0, "Rooftop_Area(sqm)": 121.365677769, "class": "rooftops" }, "geometry": { "type": "Polygon", "coordinates": [ [ [ 73.215274914978039, 33.682444795864804 ], [ 73.215150154116259, 33.682388372365637 ], [ 73.215197507746481, 33.682315193530577 ], [ 73.215322268556534, 33.682371616078605 ], [ 73.215274914978039, 33.682444795864804 ] ] ] } },
{ "type": "Feature", "id": 563, "properties": { "FID": 563, "SolarPV_Area(sqm)": 43.699855436100002, "Rooftop_Area(sqm)": 131.57749137499999, "class": "rooftops" }, "geometry": { "type": "Polygon", "coordinates": [ [ [ 73.216075655914835, 33.682283433699034 ], [ 73.216095225779029, 33.682256350308165 ], [ 73.216106960102081, 33.682262426339861 ], [ 73.216132674920217, 33.6822728884555 ], [ 73.216147692141277, 33.682247091068191 ], [ 73.216269064198585, 33.682296472321113 ], [ 73.216228017415688, 33.682366984138092 ], [ 73.216065644435162, 33.682300631049451 ], [ 73.216075655914835, 33.682283433699034 ] ] ] } },
{ "type": "Feature", "id": 564, "properties": { "FID": 564, "SolarPV_Area(sqm)": 52.087629984800003, "Rooftop_Area(sqm)": 125.685269103, "class": "rooftops" }, "geometry": { "type": "Polygon", "coordinates": [ [ [ 73.216304139419108, 33.682303760962967 ], [ 73.216343096172736, 33.682239855962528 ], [ 73.21635736527584, 33.682245936104444 ], [ 73.216362559216634, 33.682237415431828 ], [ 73.216487920091168, 33.682290826354738 ], [ 73.216462987708866, 33.682331725044627 ], [ 73.216453815690372, 33.682327816919191 ], [ 73.216434596397278, 33.682359343035273 ], [ 73.216304139419108, 33.682303760962967 ] ] ] } },
{ "type": "Feature", "id": 565, "properties": { "FID": 565, "SolarPV_Area(sqm)": 44.941266192900002, "Rooftop_Area(sqm)": 151.78485028399999, "class": "rooftops" }, "geometry": { "type": "Polygon", "coordinates": [ [ [ 73.215769100386709, 33.682304336352431 ], [ 73.21577726676297, 33.682307789038944 ], [ 73.215751451778914, 33.682350458530536 ], [ 73.215742265290388, 33.682346573589768 ], [ 73.215727292261874, 33.682371321904107 ], [ 73.215577237293417, 33.68230787213713 ], [ 73.215596340311123, 33.682276297588345 ], [ 73.215605527882204, 33.682280181653631 ], [ 73.215633923856458, 33.682233246231256 ], [ 73.215775812385715, 33.682293242339661 ], [ 73.215769100386709, 33.682304336352431 ] ] ] } },
{ "type": "Feature", "id": 566, "properties": { "FID": 566, "SolarPV_Area(sqm)": 0.0, "Rooftop_Area(sqm)": 143.60336544699999, "class": "rooftops" }, "geometry": { "type": "Polygon", "coordinates": [ [ [ 73.215249292884693, 33.682331799286374 ], [ 73.215199797794568, 33.682310703343383 ], [ 73.215211767700623, 33.682293638965575 ], [ 73.215220722447498, 33.682280294107187 ], [ 73.215190792880946, 33.682266257619752 ], [ 73.215196948602824, 33.682257082682916 ], [ 73.215215538643918, 33.682227422453408 ], [ 73.215221135611699, 33.682219082596617 ], [ 73.215373779068472, 33.682290667165773 ], [ 73.215323969316628, 33.68236489812282 ], [ 73.215249292884693, 33.682331799286374 ] ] ] } },
{ "type": "Feature", "id": 567, "properties": { "FID": 567, "SolarPV_Area(sqm)": 39.177261738699997, "Rooftop_Area(sqm)": 128.295040589, "class": "rooftops" }, "geometry": { "type": "Polygon", "coordinates": [ [ [ 73.216991065347827, 33.682252065625725 ], [ 73.216974811716284, 33.682274022675564 ], [ 73.216982594163142, 33.682278048677709 ], [ 73.216946476183452, 33.682326840630026 ], [ 73.216811267525614, 33.682256890251125 ], [ 73.216837753014076, 33.682221108900478 ], [ 73.216848453333114, 33.682226644206189 ], [ 73.216874337358647, 33.682191676579023 ], [ 73.216991065347827, 33.682252065625725 ] ] ] } },
{ "type": "Feature", "id": 568, "properties": { "FID": 568, "SolarPV_Area(sqm)": 34.634384151500001, "Rooftop_Area(sqm)": 139.52314268399999, "class": "rooftops" }, "geometry": { "type": "Polygon", "coordinates": [ [ [ 73.217200872941746, 33.682286767317102 ], [ 73.217190494391488, 33.682304879270156 ], [ 73.217167798312786, 33.682295789243355 ], [ 73.217160383978992, 33.68230872633503 ], [ 73.217046903665661, 33.682263275231925 ], [ 73.217092868027848, 33.682183066135217 ], [ 73.217237297925621, 33.682240913172777 ], [ 73.217209126541221, 33.682290073278487 ], [ 73.217200872941746, 33.682286767317102 ] ] ] } },
{ "type": "Feature", "id": 569, "properties": { "FID": 569, "SolarPV_Area(sqm)": 35.549093232600001, "Rooftop_Area(sqm)": 148.01611395899999, "class": "rooftops" }, "geometry": { "type": "Polygon", "coordinates": [ [ [ 73.216197740775542, 33.682153950410495 ], [ 73.216288839389748, 33.682196060004237 ], [ 73.216284964623966, 33.682201918761372 ], [ 73.216310993282136, 33.682213949940738 ], [ 73.216262838160262, 33.682286761450996 ], [ 73.216112674184529, 33.68221735006265 ], [ 73.216131493568028, 33.682188895058914 ], [ 73.216141504996841, 33.682193522315664 ], [ 73.216170840814357, 33.68214916586733 ], [ 73.216193866005739, 33.682159809164652 ], [ 73.216197740775542, 33.682153950410495 ] ] ] } },
{ "type": "Feature", "id": 570, "properties": { "FID": 570, "SolarPV_Area(sqm)": 0.0, "Rooftop_Area(sqm)": 119.498015454, "class": "rooftops" }, "geometry": { "type": "Polygon", "coordinates": [ [ [ 73.21687866767239, 33.682184858583142 ], [ 73.216902027493418, 33.682153082849332 ], [ 73.216896179569574, 33.682150078514134 ], [ 73.216927925264613, 33.682106896497707 ], [ 73.217042925068924, 33.682165984547751 ], [ 73.216987819627604, 33.682240941448008 ], [ 73.21687866767239, 33.682184858583142 ] ] ] } },
{ "type": "Feature", "id": 571, "properties": { "FID": 571, "SolarPV_Area(sqm)": 0.0, "Rooftop_Area(sqm)": 113.624885409, "class": "rooftops" }, "geometry": { "type": "Polygon", "coordinates": [ [ [ 73.217268149757317, 33.682188147690738 ], [ 73.217244544814207, 33.682227465061807 ], [ 73.217111637417617, 33.682171695173871 ], [ 73.217155768662508, 33.682098190400879 ], [ 73.217261071731201, 33.682142377250543 ], [ 73.217240545483293, 33.682176565598773 ], [ 73.217268149757317, 33.682188147690738 ] ] ] } },
{ "type": "Feature", "id": 572, "properties": { "FID": 572, "SolarPV_Area(sqm)": 31.451478424200001, "Rooftop_Area(sqm)": 114.39102541299999, "class": "rooftops" }, "geometry": { "type": "Polygon", "coordinates": [ [ [ 73.216207885005133, 33.682091636754222 ], [ 73.216240081984267, 33.68210619720044 ], [ 73.216260220590556, 33.682075074853508 ], [ 73.216360834020406, 33.682120577161882 ], [ 73.216314026301589, 33.682192915782657 ], [ 73.216181215826268, 33.682132852981304 ], [ 73.216207885005133, 33.682091636754222 ] ] ] } },
{ "type": "Feature", "id": 573, "properties": { "FID": 573, "SolarPV_Area(sqm)": 28.607315301900002, "Rooftop_Area(sqm)": 127.981057322, "class": "rooftops" }, "geometry": { "type": "Polygon", "coordinates": [ [ [ 73.216514056179932, 33.682181208589398 ], [ 73.216405573824616, 33.6821317882317 ], [ 73.216455930417652, 33.6820545311598 ], [ 73.216594547297163, 33.682117679478658 ], [ 73.216568273511399, 33.682157987106464 ], [ 73.216538139973466, 33.682144260009842 ], [ 73.216514056179932, 33.682181208589398 ] ] ] } },
{ "type": "Feature", "id": 574, "properties": { "FID": 574, "SolarPV_Area(sqm)": 37.457007691400001, "Rooftop_Area(sqm)": 117.158317209, "class": "rooftops" }, "geometry": { "type": "Polygon", "coordinates": [ [ [ 73.216955960136588, 33.682056725406667 ], [ 73.216960774891433, 33.682049117235572 ], [ 73.216977963749684, 33.682056721053961 ], [ 73.2169950840469, 33.68202967069341 ], [ 73.217097206125132, 33.682074843393622 ], [ 73.217051197424738, 33.682147539215194 ], [ 73.216913686355625, 33.682086713187083 ], [ 73.216937760111193, 33.682048674141605 ], [ 73.216955960136588, 33.682056725406667 ] ] ] } },
{ "type": "Feature", "id": 575, "properties": { "FID": 575, "SolarPV_Area(sqm)": 28.063364659800001, "Rooftop_Area(sqm)": 121.441579881, "class": "rooftops" }, "geometry": { "type": "Polygon", "coordinates": [ [ [ 73.21542730886803, 33.68197898653986 ], [ 73.215532291836908, 33.682025770924241 ], [ 73.215526910741929, 33.682034210403643 ], [ 73.215533976654996, 33.682037359545603 ], [ 73.215493081651204, 33.68210149689655 ], [ 73.215369927752604, 33.682046614512728 ], [ 73.215354104989714, 33.682038053592002 ], [ 73.215383547840162, 33.681999129334784 ], [ 73.215405352653633, 33.682007855120474 ], [ 73.21542730886803, 33.68197898653986 ] ] ] } },
{ "type": "Feature", "id": 576, "properties": { "FID": 576, "SolarPV_Area(sqm)": 0.0, "Rooftop_Area(sqm)": 136.09792400200001, "class": "rooftops" }, "geometry": { "type": "Polygon", "coordinates": [ [ [ 73.216272250283239, 33.682072961660452 ], [ 73.216291622964363, 33.682043669661397 ], [ 73.216238565696671, 33.682019144673028 ], [ 73.216244100605891, 33.682010775014888 ], [ 73.216273098231653, 33.681971087525014 ], [ 73.216421833151003, 33.682040477181502 ], [ 73.216373677145896, 33.682113288727571 ], [ 73.216359662210834, 33.682106810970218 ], [ 73.216356340855356, 33.682111831860546 ], [ 73.216272250283239, 33.682072961660452 ] ] ] } },
{ "type": "Feature", "id": 577, "properties": { "FID": 577, "SolarPV_Area(sqm)": 32.932671505400002, "Rooftop_Area(sqm)": 120.034806823, "class": "rooftops" }, "geometry": { "type": "Polygon", "coordinates": [ [ [ 73.215444347959291, 33.681938874008509 ], [ 73.21542762633014, 33.681929756346207 ], [ 73.215438326724296, 33.681911222658769 ], [ 73.215454253224365, 33.681887990498083 ], [ 73.21559062471573, 33.681950549297646 ], [ 73.215539213971269, 33.682024394716109 ], [ 73.215437981449838, 33.681975889833097 ], [ 73.215461520869241, 33.681942701196753 ], [ 73.215444347959291, 33.681938874008509 ] ] ] } },
{ "type": "Feature", "id": 578, "properties": { "FID": 578, "SolarPV_Area(sqm)": 0.0, "Rooftop_Area(sqm)": 109.743933578, "class": "rooftops" }, "geometry": { "type": "Polygon", "coordinates": [ [ [ 73.216530606140935, 33.681957594153936 ], [ 73.216574756440835, 33.681885169286197 ], [ 73.216677694863677, 33.68192902670809 ], [ 73.216655878799344, 33.681964813210001 ], [ 73.216686454973811, 33.681977840581759 ], [ 73.216674508598999, 33.68199743761695 ], [ 73.2166683935706, 33.681994832506291 ], [ 73.216658004700236, 33.68201187386498 ], [ 73.216530606140935, 33.681957594153936 ] ] ] } },
{ "type": "Feature", "id": 579, "properties": { "FID": 579, "SolarPV_Area(sqm)": 0.0, "Rooftop_Area(sqm)": 112.263322088, "class": "rooftops" }, "geometry": { "type": "Polygon", "coordinates": [ [ [ 73.217154568660533, 33.681972790186371 ], [ 73.217030672793797, 33.681921199210606 ], [ 73.217055663060748, 33.681879254277845 ], [ 73.217077165604536, 33.681888208064862 ], [ 73.2170945062214, 33.681859103932688 ], [ 73.217207138490153, 33.681906004515319 ], [ 73.21717398805859, 33.681961645921177 ], [ 73.217163749059154, 33.681957381581675 ], [ 73.217154568660533, 33.681972790186371 ] ] ] } },
{ "type": "Feature", "id": 580, "properties": { "FID": 580, "SolarPV_Area(sqm)": 31.1292315066, "Rooftop_Area(sqm)": 122.15276356699999, "class": "rooftops" }, "geometry": { "type": "Polygon", "coordinates": [ [ [ 73.216006804266726, 33.681930929880913 ], [ 73.216001330246684, 33.681939327460555 ], [ 73.215871755512779, 33.681880296695248 ], [ 73.215919923436971, 33.681806399790098 ], [ 73.216031418536659, 33.681857193277907 ], [ 73.216007881587004, 33.681893301991593 ], [ 73.216033998076398, 33.681905200132292 ], [ 73.21601484011363, 33.681934590778667 ], [ 73.216006804266726, 33.681930929880913 ] ] ] } },
{ "type": "Feature", "id": 581, "properties": { "FID": 581, "SolarPV_Area(sqm)": 30.776535984300001, "Rooftop_Area(sqm)": 147.49921746499999, "class": "rooftops" }, "geometry": { "type": "Polygon", "coordinates": [ [ [ 73.217130517686499, 33.681764941477873 ], [ 73.217152579613042, 33.681775064803169 ], [ 73.217155331510526, 33.681770873415637 ], [ 73.217268645868984, 33.681822871567107 ], [ 73.217216355394726, 33.681902514215722 ], [ 73.217069948627994, 33.681835329666939 ], [ 73.217089764316313, 33.681805149374142 ], [ 73.2171007947329, 33.681810211483935 ], [ 73.217130517686499, 33.681764941477873 ] ] ] } },
{ "type": "Feature", "id": 582, "properties": { "FID": 582, "SolarPV_Area(sqm)": 29.305665126800001, "Rooftop_Area(sqm)": 113.354758522, "class": "rooftops" }, "geometry": { "type": "Polygon", "coordinates": [ [ [ 73.215646782202441, 33.68185150935814 ], [ 73.215550516015512, 33.68180733265033 ], [ 73.215569231855312, 33.681778829344751 ], [ 73.215534134211893, 33.681762722677639 ], [ 73.215562757591186, 33.681719129800989 ], [ 73.215694120278783, 33.681779413113659 ], [ 73.215646782202441, 33.68185150935814 ] ] ] } },
{ "type": "Feature", "id": 583, "properties": { "FID": 583, "SolarPV_Area(sqm)": 0.0, "Rooftop_Area(sqm)": 107.483057034, "class": "rooftops" }, "geometry": { "type": "Polygon", "coordinates": [ [ [ 73.217142983935986, 33.681747794790965 ], [ 73.217161954502814, 33.681720511396662 ], [ 73.217176789234131, 33.681727719604027 ], [ 73.217184262933344, 33.681716971960078 ], [ 73.217189207490733, 33.681719374389502 ], [ 73.21720932752234, 33.681690436597016 ], [ 73.21731712620857, 33.681742822222951 ], [ 73.217270560851162, 33.681809792886483 ], [ 73.217142983935986, 33.681747794790965 ] ] ] } },
{ "type": "Feature", "id": 584, "properties": { "FID": 584, "SolarPV_Area(sqm)": 27.203501847199998, "Rooftop_Area(sqm)": 136.743815375, "class": "rooftops" }, "geometry": { "type": "Polygon", "coordinates": [ [ [ 73.216819550044818, 33.681778598710878 ], [ 73.216776002744652, 33.681759478454829 ], [ 73.21684780585214, 33.681645178593499 ], [ 73.216941990820132, 33.68168653148129 ], [ 73.216874442736469, 33.681794058305435 ], [ 73.216823804986149, 33.681771825618505 ], [ 73.216819550044818, 33.681778598710878 ] ] ] } },
{ "type": "Feature", "id": 585, "properties": { "FID": 585, "SolarPV_Area(sqm)": 23.652443755499998, "Rooftop_Area(sqm)": 146.00215800699999, "class": "rooftops" }, "geometry": { "type": "Polygon", "coordinates": [ [ [ 73.216144623199781, 33.681735236004883 ], [ 73.216113579412209, 33.681779882506511 ], [ 73.215974135497504, 33.681712117284548 ], [ 73.216025874480479, 33.681637706493291 ], [ 73.216173230623241, 33.68170931652282 ], [ 73.216152534425333, 33.681739080858506 ], [ 73.216144623199781, 33.681735236004883 ] ] ] } },
{ "type": "Feature", "id": 586, "properties": { "FID": 586, "SolarPV_Area(sqm)": 26.033216961499999, "Rooftop_Area(sqm)": 139.01587180199999, "class": "rooftops" }, "geometry": { "type": "Polygon", "coordinates": [ [ [ 73.215567113979063, 33.681698840701941 ], [ 73.215589851578557, 33.681662376052032 ], [ 73.215578693112775, 33.681657513053949 ], [ 73.215598257863519, 33.681626136343631 ], [ 73.215751426532862, 33.681692889132151 ], [ 73.215705951430593, 33.681765818490049 ], [ 73.215579156552351, 33.681710559996155 ], [ 73.215582329389051, 33.681705472054382 ], [ 73.215567113979063, 33.681698840701941 ] ] ] } },
{ "type": "Feature", "id": 587, "properties": { "FID": 587, "SolarPV_Area(sqm)": 0.0, "Rooftop_Area(sqm)": 104.40025839, "class": "rooftops" }, "geometry": { "type": "Polygon", "coordinates": [ [ [ 73.217228243464533, 33.681668774934991 ], [ 73.217208121429337, 33.681659674269518 ], [ 73.217228803322797, 33.681627711029513 ], [ 73.217262005942999, 33.681642725785721 ], [ 73.217283776389309, 33.681609080212773 ], [ 73.217377347319143, 33.681651396018168 ], [ 73.217337615910679, 33.681712800406032 ], [ 73.217324536420307, 33.681706884531913 ], [ 73.217316916378351, 33.681718660795276 ], [ 73.217223345408883, 33.681676344943128 ], [ 73.217228243464533, 33.681668774934991 ] ] ] } },
{ "type": "Feature", "id": 588, "properties": { "FID": 588, "SolarPV_Area(sqm)": 0.0, "Rooftop_Area(sqm)": 119.49768566900001, "class": "rooftops" }, "geometry": { "type": "Polygon", "coordinates": [ [ [ 73.216828154398073, 33.681639670093638 ], [ 73.216781971041769, 33.681716593497939 ], [ 73.216772768970088, 33.681712732756743 ], [ 73.216755835152298, 33.681740938240402 ], [ 73.216714940801978, 33.681723777927907 ], [ 73.216708270670139, 33.681734889733633 ], [ 73.216694979283119, 33.681729312505325 ], [ 73.216712939703584, 33.681699397666613 ], [ 73.216678179353238, 33.681684812064226 ], [ 73.21671410017278, 33.681624982387895 ], [ 73.216724323473045, 33.68162927268849 ], [ 73.216740230693517, 33.681602776572539 ], [ 73.216828154398073, 33.681639670093638 ] ] ] } },
{ "type": "Feature", "id": 589, "properties": { "FID": 589, "SolarPV_Area(sqm)": 0.0, "Rooftop_Area(sqm)": 223.042214153, "class": "rooftops" }, "geometry": { "type": "Polygon", "coordinates": [ [ [ 73.215635828970775, 33.681587430421885 ], [ 73.215652187238092, 33.681594294697248 ], [ 73.215666555407111, 33.681570362769527 ], [ 73.215675756332246, 33.681574223575545 ], [ 73.215688585106449, 33.681552856586272 ], [ 73.215694720134266, 33.681555430471491 ], [ 73.215704982951024, 33.681538335973755 ], [ 73.215729518730683, 33.6815486323488 ], [ 73.215742348584683, 33.681527264467348 ], [ 73.215837426944049, 33.681567162108216 ], [ 73.215802532156999, 33.681625282155203 ], [ 73.215790264241718, 33.681620134425842 ], [ 73.215752803448339, 33.681682526951967 ], [ 73.215566735942005, 33.681604447983325 ], [ 73.215601117033856, 33.681547182676937 ], [ 73.215632810141003, 33.681560482540306 ], [ 73.215626651589858, 33.681570738681764 ], [ 73.215641987540764, 33.681577173378528 ], [ 73.215635828970775, 33.681587430421885 ] ] ] } },
{ "type": "Feature", "id": 590, "properties": { "FID": 590, "SolarPV_Area(sqm)": 35.554974616000003, "Rooftop_Area(sqm)": 95.400517859299995, "class": "rooftops" }, "geometry": { "type": "Polygon", "coordinates": [ [ [ 73.216965459886822, 33.681587403259471 ], [ 73.216942699565138, 33.681618363446681 ], [ 73.216955368730595, 33.681624873114941 ], [ 73.216932009080764, 33.681656648866742 ], [ 73.216852094078391, 33.681615587611567 ], [ 73.216926965206881, 33.681513743933237 ], [ 73.216965948200325, 33.681533773973136 ], [ 73.216959359179029, 33.68154273624458 ], [ 73.216978850683844, 33.681552751261201 ], [ 73.216956688592973, 33.68158289677023 ], [ 73.216965459886822, 33.681587403259471 ] ] ] } },
{ "type": "Feature", "id": 591, "properties": { "FID": 591, "SolarPV_Area(sqm)": 25.2835300096, "Rooftop_Area(sqm)": 141.52508632799999, "class": "rooftops" }, "geometry": { "type": "Polygon", "coordinates": [ [ [ 73.215216027714078, 33.681489487685958 ], [ 73.215261502327095, 33.681417637920902 ], [ 73.215411143911268, 33.681483833373264 ], [ 73.215365669382777, 33.681555683195612 ], [ 73.215216027714078, 33.681489487685958 ] ] ] } },
{ "type": "Feature", "id": 592, "properties": { "FID": 592, "SolarPV_Area(sqm)": 0.0, "Rooftop_Area(sqm)": 125.032423607, "class": "rooftops" }, "geometry": { "type": "Polygon", "coordinates": [ [ [ 73.216213713996979, 33.681513446160757 ], [ 73.216190236252416, 33.681503518651766 ], [ 73.216208821825404, 33.681472796813402 ], [ 73.216169012558908, 33.681455963101541 ], [ 73.216222189400426, 33.681368064479223 ], [ 73.216316100283436, 33.681407774461597 ], [ 73.21624898381117, 33.681518714053048 ], [ 73.216218359860179, 33.681505765242022 ], [ 73.216213713996979, 33.681513446160757 ] ] ] } },
{ "type": "Feature", "id": 593, "properties": { "FID": 593, "SolarPV_Area(sqm)": 0.0, "Rooftop_Area(sqm)": 146.27269889300001, "class": "rooftops" }, "geometry": { "type": "Polygon", "coordinates": [ [ [ 73.21545837044691, 33.681426057499209 ], [ 73.215447230946808, 33.681421165907125 ], [ 73.215420636714143, 33.681463498541895 ], [ 73.215275815659353, 33.68139991122132 ], [ 73.215322622195089, 33.681325405124177 ], [ 73.21547858266176, 33.681393883977833 ], [ 73.21545837044691, 33.681426057499209 ] ] ] } },
{ "type": "Feature", "id": 594, "properties": { "FID": 594, "SolarPV_Area(sqm)": 29.3072728183, "Rooftop_Area(sqm)": 117.96681839599999, "class": "rooftops" }, "geometry": { "type": "Polygon", "coordinates": [ [ [ 73.21639876342995, 33.681309926629041 ], [ 73.216366515852499, 33.681357303513209 ], [ 73.216355580120137, 33.681352101128574 ], [ 73.216339173222252, 33.681376204800834 ], [ 73.216326248584508, 33.68137005659856 ], [ 73.21632228841419, 33.681375874447369 ], [ 73.216247722965534, 33.681340400757783 ], [ 73.216301468996633, 33.681261439633843 ], [ 73.216346208455548, 33.681282723475178 ], [ 73.216368271970879, 33.681250306900665 ], [ 73.216404063542058, 33.681267334136216 ], [ 73.216392183022705, 33.68128478949393 ], [ 73.216402125384803, 33.681289518533013 ], [ 73.216390809988468, 33.681306142502308 ], [ 73.21639876342995, 33.681309926629041 ] ] ] } },
{ "type": "Feature", "id": 595, "properties": { "FID": 595, "SolarPV_Area(sqm)": 0.0, "Rooftop_Area(sqm)": 135.29238410799999, "class": "rooftops" }, "geometry": { "type": "Polygon", "coordinates": [ [ [ 73.215134846905997, 33.681250370471986 ], [ 73.215146859331028, 33.681255923976998 ], [ 73.215150734126922, 33.68125006525586 ], [ 73.215286879845493, 33.681312998953914 ], [ 73.215239831174401, 33.681384137039089 ], [ 73.21510168314353, 33.681320277098898 ], [ 73.21512769883465, 33.681280942673084 ], [ 73.215117687567584, 33.681276315338742 ], [ 73.215134846905997, 33.681250370471986 ] ] ] } },
{ "type": "Feature", "id": 596, "properties": { "FID": 596, "SolarPV_Area(sqm)": 18.262104167899999, "Rooftop_Area(sqm)": 124.088075433, "class": "rooftops" }, "geometry": { "type": "Polygon", "coordinates": [ [ [ 73.215931817557262, 33.681054565576616 ], [ 73.215968920032225, 33.681073499269665 ], [ 73.215954019738547, 33.681093906653288 ], [ 73.21600479232788, 33.681119815442642 ], [ 73.215938042272697, 33.681211238659976 ], [ 73.215850167149341, 33.681166396124205 ], [ 73.215931817557262, 33.681054565576616 ] ] ] } },
{ "type": "Feature", "id": 597, "properties": { "FID": 597, "SolarPV_Area(sqm)": 16.5709995966, "Rooftop_Area(sqm)": 142.03092685799999, "class": "rooftops" }, "geometry": { "type": "Polygon", "coordinates": [ [ [ 73.215325207626691, 33.680933069250898 ], [ 73.215255443608626, 33.68090220744805 ], [ 73.215258652759545, 33.680897136270282 ], [ 73.215243486583091, 33.680890427137541 ], [ 73.215312500751821, 33.680781384879047 ], [ 73.215408553539291, 33.680823875070608 ], [ 73.215341680334689, 33.680929536018006 ], [ 73.21533055765687, 33.680924616704495 ], [ 73.215325207626691, 33.680933069250898 ] ] ] } },
{ "type": "Feature", "id": 598, "properties": { "FID": 598, "SolarPV_Area(sqm)": 9.0488706178899996, "Rooftop_Area(sqm)": 220.016971807, "class": "commercial_rooftops" }, "geometry": { "type": "Polygon", "coordinates": [ [ [ 73.208586033249091, 33.685924750695101 ], [ 73.208755927144665, 33.685845871331175 ], [ 73.208819869119168, 33.685942118888811 ], [ 73.208649975103029, 33.686020997433751 ], [ 73.208586033249091, 33.685924750695101 ] ] ] } },
{ "type": "Feature", "id": 599, "properties": { "FID": 599, "SolarPV_Area(sqm)": 0.0, "Rooftop_Area(sqm)": 220.00428942799999, "class": "commercial_rooftops" }, "geometry": { "type": "Polygon", "coordinates": [ [ [ 73.208770934784383, 33.685844432399854 ], [ 73.208945563649422, 33.68577486995008 ], [ 73.209002473570067, 33.685874712705854 ], [ 73.208827844541332, 33.685944275229922 ], [ 73.208770934784383, 33.685844432399854 ] ] ] } },
{ "type": "Feature", "id": 600, "properties": { "FID": 600, "SolarPV_Area(sqm)": 0.0, "Rooftop_Area(sqm)": 384.24760611900001, "class": "commercial_rooftops" }, "geometry": { "type": "Polygon", "coordinates": [ [ [ 73.2103550711997, 33.685911709016437 ], [ 73.21005560742968, 33.685835828487818 ], [ 73.210097043064323, 33.685721550922388 ], [ 73.210396505405257, 33.68579743132446 ], [ 73.2103550711997, 33.685911709016437 ] ] ] } },
{ "type": "Feature", "id": 601, "properties": { "FID": 601, "SolarPV_Area(sqm)": 0.0, "Rooftop_Area(sqm)": 161.03393055699999, "class": "commercial_rooftops" }, "geometry": { "type": "Polygon", "coordinates": [ [ [ 73.211141297812432, 33.686261776437789 ], [ 73.211202982631903, 33.686156565912391 ], [ 73.2113229947294, 33.686205738477085 ], [ 73.211261311093864, 33.686310949080905 ], [ 73.211141297812432, 33.686261776437789 ] ] ] } },
{ "type": "Feature", "id": 602, "properties": { "FID": 602, "SolarPV_Area(sqm)": 0.0, "Rooftop_Area(sqm)": 108.405308913, "class": "commercial_rooftops" }, "geometry": { "type": "Polygon", "coordinates": [ [ [ 73.211047174995983, 33.686220763583755 ], [ 73.211109645241066, 33.686117060512707 ], [ 73.211190735114471, 33.686151197986561 ], [ 73.211128266016672, 33.686254901116087 ], [ 73.211047174995983, 33.686220763583755 ] ] ] } },
{ "type": "Feature", "id": 603, "properties": { "FID": 603, "SolarPV_Area(sqm)": 0.0, "Rooftop_Area(sqm)": 431.52217140800002, "class": "rooftops" }, "geometry": { "type": "Polygon", "coordinates": [ [ [ 73.209494174127727, 33.684401407275701 ], [ 73.209527007818593, 33.684355082334314 ], [ 73.209509779438591, 33.684346586866965 ], [ 73.209540649294453, 33.684302839565433 ], [ 73.209559495305456, 33.684312133993622 ], [ 73.209588372530845, 33.684271208286098 ], [ 73.209767604257749, 33.684359594561052 ], [ 73.209773688837402, 33.684350972565049 ], [ 73.209821942244261, 33.684374767903464 ], [ 73.209723386038092, 33.684514441012652 ], [ 73.209494174127727, 33.684401407275701 ] ] ] } },
{ "type": "Feature", "id": 604, "properties": { "FID": 604, "SolarPV_Area(sqm)": 42.714274283599998, "Rooftop_Area(sqm)": 221.70562270799999, "class": "rooftops" }, "geometry": { "type": "Polygon", "coordinates": [ [ [ 73.211303540579635, 33.68529560931384 ], [ 73.211318712544411, 33.68527352918322 ], [ 73.211396899351243, 33.685163007086807 ], [ 73.211425190858364, 33.685137309632893 ], [ 73.211451113403598, 33.685149107643454 ], [ 73.211438749828318, 33.685168092104782 ], [ 73.211511693786733, 33.685201289907504 ], [ 73.211416724564486, 33.685347121284195 ], [ 73.211303540579635, 33.68529560931384 ] ] ] } },
{ "type": "Feature", "id": 605, "properties": { "FID": 605, "SolarPV_Area(sqm)": 0.0, "Rooftop_Area(sqm)": 216.64125746900001, "class": "rooftops" }, "geometry": { "type": "Polygon", "coordinates": [ [ [ 73.211296763997808, 33.685279948484677 ], [ 73.21119510012015, 33.68523252230591 ], [ 73.211306393800569, 33.68506793083435 ], [ 73.211347278020014, 33.685086694332774 ], [ 73.211339044550925, 33.685098451399547 ], [ 73.211360103929167, 33.68510828981033 ], [ 73.21136902177517, 33.685096300977492 ], [ 73.21142197722105, 33.685120293638668 ], [ 73.211393510516899, 33.685155176666761 ], [ 73.211367664876519, 33.685146956168531 ], [ 73.211296763997808, 33.685279948484677 ] ] ] } },
{ "type": "Feature", "id": 606, "properties": { "FID": 606, "SolarPV_Area(sqm)": 0.0, "Rooftop_Area(sqm)": 186.23473279300001, "class": "rooftops" }, "geometry": { "type": "Polygon", "coordinates": [ [ [ 73.210091077409515, 33.68263261373189 ], [ 73.209986680828905, 33.682579770674849 ], [ 73.210046587266561, 33.682497055629995 ], [ 73.210077006663425, 33.682512453099598 ], [ 73.210087477061521, 33.682497996165218 ], [ 73.210231080383039, 33.682570685151703 ], [ 73.21019100772746, 33.682626015994082 ], [ 73.210152336791253, 33.682606441947364 ], [ 73.210159580266478, 33.682596438977498 ], [ 73.210128785099812, 33.682580850319091 ], [ 73.210091077409515, 33.68263261373189 ] ] ] } },
{ "type": "Feature", "id": 607, "properties": { "FID": 607, "SolarPV_Area(sqm)": 0.0, "Rooftop_Area(sqm)": 226.109523516, "class": "rooftops" }, "geometry": { "type": "Polygon", "coordinates": [ [ [ 73.208913374762616, 33.683657765082756 ], [ 73.208930873063423, 33.683626461430151 ], [ 73.208897423698886, 33.683613394100185 ], [ 73.208946728115933, 33.683525189257921 ], [ 73.209131217605517, 33.683620163416506 ], [ 73.2090639559908, 33.683726285831241 ], [ 73.209012857417619, 33.683701459717085 ], [ 73.209039028780481, 33.683657390120949 ], [ 73.208985141931336, 33.683629493633937 ], [ 73.2089553690911, 33.68367927149388 ], [ 73.208913374762616, 33.683657765082756 ] ] ] } },
{ "type": "Feature", "id": 608, "properties": { "FID": 608, "SolarPV_Area(sqm)": 0.0, "Rooftop_Area(sqm)": 403.28130771399998, "class": "rooftops" }, "geometry": { "type": "Polygon", "coordinates": [ [ [ 73.214626119194804, 33.683379747836646 ], [ 73.21458424676868, 33.68336198472727 ], [ 73.214575976404987, 33.683376755201358 ], [ 73.214519873453767, 33.683360329326398 ], [ 73.214512404794789, 33.683379416426277 ], [ 73.214470529661355, 33.683364914936462 ], [ 73.214496151292536, 33.683305352816404 ], [ 73.214458632403918, 33.68329891026697 ], [ 73.214477241682488, 33.683263232036531 ], [ 73.214508702088025, 33.683228134517883 ], [ 73.214531762535913, 33.683235146310892 ], [ 73.21457182987649, 33.683197845706403 ], [ 73.214545559258127, 33.683186611434451 ], [ 73.214596186194655, 33.683145477620094 ], [ 73.214768853170725, 33.683196291529654 ], [ 73.214734413314517, 33.683224672972031 ], [ 73.214689175516071, 33.683272427958499 ], [ 73.214656218255953, 33.683317214135648 ], [ 73.214626119194804, 33.683379747836646 ] ] ] } },
{ "type": "Feature", "id": 609, "properties": { "FID": 609, "SolarPV_Area(sqm)": 0.0, "Rooftop_Area(sqm)": 106.95877917, "class": "commercial_rooftops" }, "geometry": { "type": "Polygon", "coordinates": [ [ [ 73.213809504463015, 33.687491131097829 ], [ 73.213876136577241, 33.687384650721171 ], [ 73.213952832397055, 33.687418189935926 ], [ 73.213886200347702, 33.687524670355657 ], [ 73.213809504463015, 33.687491131097829 ] ] ] } },
{ "type": "Feature", "id": 610, "properties": { "FID": 610, "SolarPV_Area(sqm)": 0.0, "Rooftop_Area(sqm)": 125.335455045, "class": "commercial_rooftops" }, "geometry": { "type": "Polygon", "coordinates": [ [ [ 73.213648855707604, 33.687417148168983 ], [ 73.213697686530807, 33.687302604761385 ], [ 73.213793134806522, 33.687348443024099 ], [ 73.213733366284856, 33.687454570819611 ], [ 73.213648855707604, 33.687417148168983 ] ] ] } },
{ "type": "Feature", "id": 611, "properties": { "FID": 611, "SolarPV_Area(sqm)": 0.0, "Rooftop_Area(sqm)": 131.496231292, "class": "commercial_rooftops" }, "geometry": { "type": "Polygon", "coordinates": [ [ [ 73.213528742854606, 33.687220698735167 ], [ 73.213621182470291, 33.687261685390638 ], [ 73.213557296756392, 33.687374933435294 ], [ 73.213468968518271, 33.687335175784625 ], [ 73.213528742854606, 33.687220698735167 ] ] ] } },
{ "type": "Feature", "id": 612, "properties": { "FID": 612, "SolarPV_Area(sqm)": 0.0, "Rooftop_Area(sqm)": 115.532153931, "class": "commercial_rooftops" }, "geometry": { "type": "Polygon", "coordinates": [ [ [ 73.21346684076407, 33.687333272040213 ], [ 73.213382477817561, 33.687294252511506 ], [ 73.213444451404285, 33.687185056502486 ], [ 73.213523453660216, 33.687223889347898 ], [ 73.21346684076407, 33.687333272040213 ] ] ] } },
{ "type": "Feature", "id": 613, "properties": { "FID": 613, "SolarPV_Area(sqm)": 0.0, "Rooftop_Area(sqm)": 110.54361295299999, "class": "commercial_rooftops" }, "geometry": { "type": "Polygon", "coordinates": [ [ [ 73.213200904366573, 33.687209761967537 ], [ 73.213274405247404, 33.687106771020133 ], [ 73.213350103093248, 33.687141858029278 ], [ 73.213285341968259, 33.687245896138904 ], [ 73.213200904366573, 33.687209761967537 ] ] ] } },
{ "type": "Feature", "id": 614, "properties": { "FID": 614, "SolarPV_Area(sqm)": 0.0, "Rooftop_Area(sqm)": 125.323027676, "class": "commercial_rooftops" }, "geometry": { "type": "Polygon", "coordinates": [ [ [ 73.213152592152255, 33.68718800866602 ], [ 73.213065218753343, 33.687148313239327 ], [ 73.213135051534053, 33.687039304120276 ], [ 73.21322080954765, 33.687077771369303 ], [ 73.213152592152255, 33.68718800866602 ] ] ] } },
{ "type": "Feature", "id": 615, "properties": { "FID": 615, "SolarPV_Area(sqm)": 0.0, "Rooftop_Area(sqm)": 112.100773166, "class": "commercial_rooftops" }, "geometry": { "type": "Polygon", "coordinates": [ [ [ 73.21290185536354, 33.687070460280744 ], [ 73.212965073991001, 33.686968570616315 ], [ 73.21304804329742, 33.687003966798748 ], [ 73.212986952457186, 33.68710776116118 ], [ 73.21290185536354, 33.687070460280744 ] ] ] } },
{ "type": "Feature", "id": 616, "properties": { "FID": 616, "SolarPV_Area(sqm)": 0.0, "Rooftop_Area(sqm)": 123.50791564799999, "class": "commercial_rooftops" }, "geometry": { "type": "Polygon", "coordinates": [ [ [ 73.212894291177861, 33.68706916773008 ], [ 73.212809416404014, 33.687027384610609 ], [ 73.212873374130638, 33.686919601813358 ], [ 73.212961111094373, 33.686963657267555 ], [ 73.212894291177861, 33.68706916773008 ] ] ] } },
{ "type": "Feature", "id": 617, "properties": { "FID": 617, "SolarPV_Area(sqm)": 0.0, "Rooftop_Area(sqm)": 125.172082205, "class": "commercial_rooftops" }, "geometry": { "type": "Polygon", "coordinates": [ [ [ 73.212633055007814, 33.686948850885656 ], [ 73.212697601233884, 33.686838858347599 ], [ 73.212782476917823, 33.686878553961556 ], [ 73.21272299772977, 33.68698983814523 ], [ 73.212633055007814, 33.686948850885656 ] ] ] } },
{ "type": "Feature", "id": 618, "properties": { "FID": 618, "SolarPV_Area(sqm)": 0.0, "Rooftop_Area(sqm)": 124.637444836, "class": "commercial_rooftops" }, "geometry": { "type": "Polygon", "coordinates": [ [ [ 73.212629530790082, 33.686947498642283 ], [ 73.212540909860351, 33.686906758589387 ], [ 73.212608245873909, 33.686797748814094 ], [ 73.212693047782722, 33.686838242387068 ], [ 73.212629530790082, 33.686947498642283 ] ] ] } },
{ "type": "Feature", "id": 619, "properties": { "FID": 619, "SolarPV_Area(sqm)": 0.0, "Rooftop_Area(sqm)": 247.53489605499999, "class": "commercial_rooftops" }, "geometry": { "type": "Polygon", "coordinates": [ [ [ 73.212363300944105, 33.686827180223332 ], [ 73.2124256449397, 33.686716081053916 ], [ 73.212601857110812, 33.686798299333212 ], [ 73.212534374934236, 33.686904729737741 ], [ 73.212363300944105, 33.686827180223332 ] ] ] } },
{ "type": "Feature", "id": 620, "properties": { "FID": 620, "SolarPV_Area(sqm)": 0.0, "Rooftop_Area(sqm)": 295.92834376500002, "class": "commercial_rooftops" }, "geometry": { "type": "Polygon", "coordinates": [ [ [ 73.21211405272247, 33.686681143328364 ], [ 73.21216242795866, 33.686594351262848 ], [ 73.212404939579557, 33.686707354409897 ], [ 73.212347444887726, 33.686815877056979 ], [ 73.212259486220788, 33.686774215765723 ], [ 73.212270147524677, 33.68675242463884 ], [ 73.21211405272247, 33.686681143328364 ] ] ] } },
{ "type": "Feature", "id": 621, "properties": { "FID": 621, "SolarPV_Area(sqm)": 1031.2381171699999, "Rooftop_Area(sqm)": 3622.4456991799998, "class": "commercial_rooftops" }, "geometry": { "type": "Polygon", "coordinates": [ [ [ 73.212819817761698, 33.686442114656757 ], [ 73.212931984678534, 33.686276438705804 ], [ 73.213102744308472, 33.686357371723957 ], [ 73.21316427707653, 33.686263722249706 ], [ 73.213093085921983, 33.686233320986886 ], [ 73.21312262929213, 33.686189089182093 ], [ 73.212966577483712, 33.686115274702175 ], [ 73.213072193382729, 33.685949148537595 ], [ 73.213397643783878, 33.686100005416471 ], [ 73.213354505443874, 33.686164939138223 ], [ 73.213463567414863, 33.686217830675595 ], [ 73.213513431210558, 33.686146652945411 ], [ 73.213840793409474, 33.6863047107936 ], [ 73.213726216471855, 33.686466775437985 ], [ 73.213556066816707, 33.686385882750564 ], [ 73.213490633648803, 33.686481935137913 ], [ 73.213560373309036, 33.686514729218537 ], [ 73.213503408473969, 33.686603979398313 ], [ 73.213445214656346, 33.686579035330098 ], [ 73.213404929273679, 33.686641937157702 ], [ 73.213323095822403, 33.686662424872345 ], [ 73.213247790846253, 33.686628546492891 ], [ 73.213216147826117, 33.686676288293789 ], [ 73.213112332913227, 33.686628266231402 ], [ 73.213135531105195, 33.68658811512389 ], [ 73.212819817761698, 33.686442114656757 ] ] ] } },
{ "type": "Feature", "id": 622, "properties": { "FID": 622, "SolarPV_Area(sqm)": 0.0, "Rooftop_Area(sqm)": 216.05894473699999, "class": "commercial_rooftops" }, "geometry": { "type": "Polygon", "coordinates": [ [ [ 73.213883749364527, 33.686418390163645 ], [ 73.213946644693507, 33.686323287399347 ], [ 73.214115855111544, 33.686403707876629 ], [ 73.214053195459059, 33.686497592239952 ], [ 73.213883749364527, 33.686418390163645 ] ] ] } },
{ "type": "Feature", "id": 623, "properties": { "FID": 623, "SolarPV_Area(sqm)": 0.0, "Rooftop_Area(sqm)": 191.838843532, "class": "rooftops" }, "geometry": { "type": "Polygon", "coordinates": [ [ [ 73.213905591860765, 33.685113108950773 ], [ 73.214012538652312, 33.684951744445428 ], [ 73.214042111335843, 33.684965442412718 ], [ 73.214047332261117, 33.684957566100735 ], [ 73.214067900013717, 33.684967093051142 ], [ 73.21406499836408, 33.684971471569639 ], [ 73.214115725407865, 33.684994968264085 ], [ 73.214053175306844, 33.685089345712832 ], [ 73.214031642690983, 33.6850793728632 ], [ 73.214005981019866, 33.685118092609677 ], [ 73.213986646229557, 33.685109137160268 ], [ 73.21397179503299, 33.685131545103069 ], [ 73.213946277091253, 33.685119725510781 ], [ 73.21393900179595, 33.685130703054753 ], [ 73.213905591860765, 33.685113108950773 ] ] ] } },
{ "type": "Feature", "id": 624, "properties": { "FID": 624, "SolarPV_Area(sqm)": 28.964690882500001, "Rooftop_Area(sqm)": 208.34356221600001, "class": "rooftops" }, "geometry": { "type": "Polygon", "coordinates": [ [ [ 73.210040574976318, 33.682111966849455 ], [ 73.210093862802893, 33.682036412397274 ], [ 73.210189029814401, 33.682083324174059 ], [ 73.210199216163758, 33.682068881148084 ], [ 73.210274951358059, 33.682106214105765 ], [ 73.210263295865161, 33.682122739678633 ], [ 73.210275329358694, 33.682128671799596 ], [ 73.210222410602555, 33.682203702340196 ], [ 73.210040574976318, 33.682111966849455 ] ] ] } },
{ "type": "Feature", "id": 625, "properties": { "FID": 625, "SolarPV_Area(sqm)": 47.781092364400003, "Rooftop_Area(sqm)": 162.54250561000001, "class": "rooftops" }, "geometry": { "type": "Polygon", "coordinates": [ [ [ 73.211016511581718, 33.680965035528672 ], [ 73.21104200084018, 33.680929066983936 ], [ 73.211066513569946, 33.680941793303468 ], [ 73.211080748500166, 33.680922629451345 ], [ 73.211100328815149, 33.680932794558345 ], [ 73.211114366248879, 33.680913895667516 ], [ 73.211243242300156, 33.680980803590401 ], [ 73.211188592855919, 33.681054374813854 ], [ 73.211016511581718, 33.680965035528672 ] ] ] } },
{ "type": "Feature", "id": 626, "properties": { "FID": 626, "SolarPV_Area(sqm)": 32.319378898499998, "Rooftop_Area(sqm)": 235.93317014300001, "class": "rooftops" }, "geometry": { "type": "Polygon", "coordinates": [ [ [ 73.21089991881955, 33.681444025592405 ], [ 73.210996831620818, 33.681330870227718 ], [ 73.211062217364642, 33.681363704501294 ], [ 73.21107083062185, 33.681351717578842 ], [ 73.211113847153641, 33.681373319213343 ], [ 73.211090419713557, 33.681405925173067 ], [ 73.211077801380029, 33.681399588786725 ], [ 73.211042659642629, 33.681448497705055 ], [ 73.211086823814398, 33.681470675966324 ], [ 73.211072353937425, 33.681490814832252 ], [ 73.211046543980558, 33.681477854204481 ], [ 73.211000033283511, 33.681542586825209 ], [ 73.21092719174284, 33.681506007713224 ], [ 73.210952686255254, 33.68147052442071 ], [ 73.21089991881955, 33.681444025592405 ] ] ] } },
{ "type": "Feature", "id": 627, "properties": { "FID": 627, "SolarPV_Area(sqm)": 71.602279040599996, "Rooftop_Area(sqm)": 315.86334696300003, "class": "rooftops" }, "geometry": { "type": "Polygon", "coordinates": [ [ [ 73.211561368903332, 33.681735732887709 ], [ 73.211580086233923, 33.681711854499525 ], [ 73.211566599727433, 33.681704465855034 ], [ 73.2116745592851, 33.681566739779051 ], [ 73.211830967567352, 33.68165242910397 ], [ 73.211733599887495, 33.681776644145295 ], [ 73.211643372976866, 33.681727212478094 ], [ 73.211616851438166, 33.681761046142412 ], [ 73.211561368903332, 33.681735732887709 ] ] ] } },
{ "type": "Feature", "id": 628, "properties": { "FID": 628, "SolarPV_Area(sqm)": 42.9162542567, "Rooftop_Area(sqm)": 235.66954045400001, "class": "rooftops" }, "geometry": { "type": "Polygon", "coordinates": [ [ [ 73.212006851782505, 33.681887898868723 ], [ 73.212108492838865, 33.68175477556531 ], [ 73.212244217197323, 33.681827202111897 ], [ 73.212176901204188, 33.681915368647225 ], [ 73.212112590564971, 33.681881049968332 ], [ 73.212075142329297, 33.681930097139912 ], [ 73.212089135335532, 33.681937564300071 ], [ 73.212083122475718, 33.681939820324097 ], [ 73.212077636566747, 33.681942873941694 ], [ 73.212072827633889, 33.681946641644387 ], [ 73.212068827189015, 33.681951020395374 ], [ 73.212065744633961, 33.68195589044722 ], [ 73.21206366426874, 33.681961118616705 ], [ 73.21206264298614, 33.681966561926991 ], [ 73.212062708715749, 33.681972071517663 ], [ 73.212063859660248, 33.681977496715696 ], [ 73.21202773784384, 33.681961027960703 ], [ 73.212060739769797, 33.681913706464286 ], [ 73.212006851782505, 33.681887898868723 ] ] ] } },
{ "type": "Feature", "id": 629, "properties": { "FID": 629, "SolarPV_Area(sqm)": 30.24178643, "Rooftop_Area(sqm)": 129.360903724, "class": "rooftops" }, "geometry": { "type": "Polygon", "coordinates": [ [ [ 73.213053791528353, 33.681220533548796 ], [ 73.213057247503258, 33.681212246687487 ], [ 73.213046381969733, 33.6812072073472 ], [ 73.213065122865018, 33.681181122435511 ], [ 73.213091116905247, 33.68118665834222 ], [ 73.21311272659382, 33.681152408823671 ], [ 73.213232253187698, 33.681201572438297 ], [ 73.213185355757702, 33.681280752969563 ], [ 73.213053791528353, 33.681220533548796 ] ] ] } },
{ "type": "Feature", "id": 630, "properties": { "FID": 630, "SolarPV_Area(sqm)": 0.0, "Rooftop_Area(sqm)": 125.006542122, "class": "rooftops" }, "geometry": { "type": "Polygon", "coordinates": [ [ [ 73.213096804608696, 33.681127291516624 ], [ 73.213119075058742, 33.681094209424586 ], [ 73.213140223451205, 33.68109814673528 ], [ 73.213169325387369, 33.681059725778091 ], [ 73.213281946722603, 33.68111502519848 ], [ 73.213231673934459, 33.68118708255848 ], [ 73.213096804608696, 33.681127291516624 ] ] ] } },
{ "type": "Feature", "id": 631, "properties": { "FID": 631, "SolarPV_Area(sqm)": 27.975602752, "Rooftop_Area(sqm)": 130.574384318, "class": "rooftops" }, "geometry": { "type": "Polygon", "coordinates": [ [ [ 73.214013754024194, 33.681171506057119 ], [ 73.214062347744672, 33.681094079309581 ], [ 73.21420077534161, 33.681153701613738 ], [ 73.214158867531694, 33.681209362583623 ], [ 73.214132974830818, 33.68120090483103 ], [ 73.214119523759038, 33.681217402124105 ], [ 73.214013754024194, 33.681171506057119 ] ] ] } },
{ "type": "Feature", "id": 632, "properties": { "FID": 632, "SolarPV_Area(sqm)": 0.0, "Rooftop_Area(sqm)": 130.608185539, "class": "rooftops" }, "geometry": { "type": "Polygon", "coordinates": [ [ [ 73.213956137073254, 33.681246807619829 ], [ 73.214005574535349, 33.681173545740499 ], [ 73.214113084514878, 33.681217910518498 ], [ 73.214088766907864, 33.68125220313366 ], [ 73.214137115973557, 33.681275679844212 ], [ 73.214110774661023, 33.681314569282705 ], [ 73.213956137073254, 33.681246807619829 ] ] ] } },
{ "type": "Feature", "id": 633, "properties": { "FID": 633, "SolarPV_Area(sqm)": 0.0, "Rooftop_Area(sqm)": 150.51399941299999, "class": "rooftops" }, "geometry": { "type": "Polygon", "coordinates": [ [ [ 73.214820472121644, 33.681311466031921 ], [ 73.214662639248715, 33.681241032218786 ], [ 73.214713157917998, 33.681165374340033 ], [ 73.214855860004263, 33.681230616193673 ], [ 73.214830316787513, 33.681271509332113 ], [ 73.21484220358613, 33.681278547166272 ], [ 73.214820472121644, 33.681311466031921 ] ] ] } },
{ "type": "Feature", "id": 634, "properties": { "FID": 634, "SolarPV_Area(sqm)": 29.629334887100001, "Rooftop_Area(sqm)": 145.78838154, "class": "rooftops" }, "geometry": { "type": "Polygon", "coordinates": [ [ [ 73.214761253278581, 33.681394783199984 ], [ 73.214610564151243, 33.681324194645576 ], [ 73.214662117934139, 33.681247986340658 ], [ 73.214793166434262, 33.681307644732719 ], [ 73.214768094617341, 33.681347438198429 ], [ 73.214784021761858, 33.681357306461486 ], [ 73.214761253278581, 33.681394783199984 ] ] ] } },
{ "type": "Feature", "id": 635, "properties": { "FID": 635, "SolarPV_Area(sqm)": 25.181976823300001, "Rooftop_Area(sqm)": 103.108693479, "class": "rooftops" }, "geometry": { "type": "Polygon", "coordinates": [ [ [ 73.214116547517122, 33.682307517196861 ], [ 73.214016477592693, 33.682261862223768 ], [ 73.214059107424106, 33.682197660287891 ], [ 73.214191556827615, 33.682254563035841 ], [ 73.214162233885588, 33.682293292143676 ], [ 73.214134554936294, 33.68228106352003 ], [ 73.214116547517122, 33.682307517196861 ] ] ] } },
{ "type": "Feature", "id": 636, "properties": { "FID": 636, "SolarPV_Area(sqm)": 30.933737472000001, "Rooftop_Area(sqm)": 113.712298394, "class": "rooftops" }, "geometry": { "type": "Polygon", "coordinates": [ [ [ 73.214117447686661, 33.682405687724 ], [ 73.213977732373237, 33.68233803717623 ], [ 73.214023668629096, 33.682271319328251 ], [ 73.214126234516101, 33.682319063704782 ], [ 73.214107124209889, 33.682349139171031 ], [ 73.214142142657209, 33.682369229111018 ], [ 73.214117447686661, 33.682405687724 ] ] ] } },
{ "type": "Feature", "id": 637, "properties": { "FID": 637, "SolarPV_Area(sqm)": 31.780018857799998, "Rooftop_Area(sqm)": 121.2251306, "class": "rooftops" }, "geometry": { "type": "Polygon", "coordinates": [ [ [ 73.214870678990849, 33.682311188171973 ], [ 73.214721638992543, 33.682240526170879 ], [ 73.21476614955084, 33.682174911936706 ], [ 73.214891915802752, 33.682234538997825 ], [ 73.214866311148185, 33.6822722849736 ], [ 73.214890924352616, 33.682283954225319 ], [ 73.214870678990849, 33.682311188171973 ] ] ] } },
{ "type": "Feature", "id": 638, "properties": { "FID": 638, "SolarPV_Area(sqm)": 40.4494406747, "Rooftop_Area(sqm)": 144.53970623699999, "class": "rooftops" }, "geometry": { "type": "Polygon", "coordinates": [ [ [ 73.214914200942175, 33.682226971438261 ], [ 73.214771987077199, 33.682163495135107 ], [ 73.2148199402085, 33.682088406145404 ], [ 73.21496904667255, 33.682154957822434 ], [ 73.214914200942175, 33.682226971438261 ] ] ] } },
{ "type": "Feature", "id": 639, "properties": { "FID": 639, "SolarPV_Area(sqm)": 0.0, "Rooftop_Area(sqm)": 113.285552072, "class": "commercial_rooftops" }, "geometry": { "type": "Polygon", "coordinates": [ [ [ 73.214935458051542, 33.688006403027408 ], [ 73.214855901691848, 33.687973746481568 ], [ 73.214921439804755, 33.687862171865646 ], [ 73.215000996108969, 33.687894827465769 ], [ 73.214935458051542, 33.688006403027408 ] ] ] } },
{ "type": "Feature", "id": 640, "properties": { "FID": 640, "SolarPV_Area(sqm)": 0.0, "Rooftop_Area(sqm)": 110.341275916, "class": "commercial_rooftops" }, "geometry": { "type": "Polygon", "coordinates": [ [ [ 73.214938741204875, 33.688007940192101 ], [ 73.214998084768496, 33.687904106070967 ], [ 73.21508222124281, 33.687937709733241 ], [ 73.215022877753555, 33.688041543896837 ], [ 73.214938741204875, 33.688007940192101 ] ] ] } },
{ "type": "Feature", "id": 641, "properties": { "FID": 641, "SolarPV_Area(sqm)": 0.0, "Rooftop_Area(sqm)": 117.880458623, "class": "commercial_rooftops" }, "geometry": { "type": "Polygon", "coordinates": [ [ [ 73.215117688340911, 33.688087776836987 ], [ 73.215033161267684, 33.688056987381252 ], [ 73.215092573225192, 33.687943007507961 ], [ 73.215177099152001, 33.68797379600354 ], [ 73.215117688340911, 33.688087776836987 ] ] ] } },
{ "type": "Feature", "id": 642, "properties": { "FID": 642, "SolarPV_Area(sqm)": 0.0, "Rooftop_Area(sqm)": 125.31088376, "class": "commercial_rooftops" }, "geometry": { "type": "Polygon", "coordinates": [ [ [ 73.215199240325504, 33.688129157800681 ], [ 73.215265585823857, 33.688020883412392 ], [ 73.215354742241701, 33.688059060145228 ], [ 73.215288395742988, 33.6881673345679 ], [ 73.215199240325504, 33.688129157800681 ] ] ] } },
{ "type": "Feature", "id": 643, "properties": { "FID": 643, "SolarPV_Area(sqm)": 0.0, "Rooftop_Area(sqm)": 112.56116708899999, "class": "commercial_rooftops" }, "geometry": { "type": "Polygon", "coordinates": [ [ [ 73.215292364365013, 33.68816822333627 ], [ 73.215356012289348, 33.688062537676466 ], [ 73.215438643752563, 33.688097312396103 ], [ 73.215374995899808, 33.688202998100387 ], [ 73.215292364365013, 33.68816822333627 ] ] ] } },
{ "type": "Feature", "id": 644, "properties": { "FID": 644, "SolarPV_Area(sqm)": 0.0, "Rooftop_Area(sqm)": 108.537647535, "class": "commercial_rooftops" }, "geometry": { "type": "Polygon", "coordinates": [ [ [ 73.215380771811255, 33.688209241523857 ], [ 73.215447571985365, 33.688101664359124 ], [ 73.215524862360695, 33.688135203991166 ], [ 73.215458061193303, 33.68824278028238 ], [ 73.215380771811255, 33.688209241523857 ] ] ] } },
{ "type": "Feature", "id": 645, "properties": { "FID": 645, "SolarPV_Area(sqm)": 0.0, "Rooftop_Area(sqm)": 130.92579472, "class": "commercial_rooftops" }, "geometry": { "type": "Polygon", "coordinates": [ [ [ 73.215632939734846, 33.688323167012889 ], [ 73.215706019582711, 33.688216135809348 ], [ 73.215795746162996, 33.688258948339609 ], [ 73.215722665306799, 33.688365979582422 ], [ 73.215632939734846, 33.688323167012889 ] ] ] } },
{ "type": "Feature", "id": 646, "properties": { "FID": 646, "SolarPV_Area(sqm)": 0.0, "Rooftop_Area(sqm)": 247.44480206599999, "class": "commercial_rooftops" }, "geometry": { "type": "Polygon", "coordinates": [ [ [ 73.215896932844331, 33.688441505608111 ], [ 73.215959972704766, 33.6883322813283 ], [ 73.216130599141238, 33.688401098489088 ], [ 73.216086318277618, 33.688516397547708 ], [ 73.215896932844331, 33.688441505608111 ] ] ] } },
{ "type": "Feature", "id": 647, "properties": { "FID": 647, "SolarPV_Area(sqm)": 0.0, "Rooftop_Area(sqm)": 127.10827709, "class": "commercial_rooftops" }, "geometry": { "type": "Polygon", "coordinates": [ [ [ 73.216169965862932, 33.688552723977672 ], [ 73.216210893860719, 33.688443587850443 ], [ 73.21631402142151, 33.688470614194408 ], [ 73.21627309245973, 33.688579750343614 ], [ 73.216169965862932, 33.688552723977672 ] ] ] } },
{ "type": "Feature", "id": 648, "properties": { "FID": 648, "SolarPV_Area(sqm)": 0.0, "Rooftop_Area(sqm)": 118.67746095699999, "class": "commercial_rooftops" }, "geometry": { "type": "Polygon", "coordinates": [ [ [ 73.216623232645929, 33.688697335734823 ], [ 73.216534320857662, 33.688673156169642 ], [ 73.216574073468067, 33.688554163752869 ], [ 73.216662987304588, 33.68857834331736 ], [ 73.216623232645929, 33.688697335734823 ] ] ] } },
{ "type": "Feature", "id": 649, "properties": { "FID": 649, "SolarPV_Area(sqm)": 0.0, "Rooftop_Area(sqm)": 107.11765961899999, "class": "commercial_rooftops" }, "geometry": { "type": "Polygon", "coordinates": [ [ [ 73.216709295387176, 33.688721783412994 ], [ 73.216628029275469, 33.688699763108623 ], [ 73.216667536900829, 33.68858228479921 ], [ 73.216748802951841, 33.688604303271696 ], [ 73.216709295387176, 33.688721783412994 ] ] ] } },
{ "type": "Feature", "id": 650, "properties": { "FID": 650, "SolarPV_Area(sqm)": 0.0, "Rooftop_Area(sqm)": 104.719700355, "class": "commercial_rooftops" }, "geometry": { "type": "Polygon", "coordinates": [ [ [ 73.216716851096265, 33.688724331774011 ], [ 73.216751459637564, 33.688610894774214 ], [ 73.216835752134273, 33.688628866459389 ], [ 73.216801143712985, 33.688742302584373 ], [ 73.216716851096265, 33.688724331774011 ] ] ] } },
{ "type": "Feature", "id": 651, "properties": { "FID": 651, "SolarPV_Area(sqm)": 0.0, "Rooftop_Area(sqm)": 237.78546246799999, "class": "commercial_rooftops" }, "geometry": { "type": "Polygon", "coordinates": [ [ [ 73.216934458228906, 33.688775543620011 ], [ 73.216937408771216, 33.688650824760181 ], [ 73.217121972179186, 33.688686667493165 ], [ 73.217119020821357, 33.688811386349784 ], [ 73.216934458228906, 33.688775543620011 ] ] ] } },
{ "type": "Feature", "id": 652, "properties": { "FID": 652, "SolarPV_Area(sqm)": 0.0, "Rooftop_Area(sqm)": 118.866106144, "class": "commercial_rooftops" }, "geometry": { "type": "Polygon", "coordinates": [ [ [ 73.217868839477262, 33.688933419665425 ], [ 73.217779817310259, 33.688919154339381 ], [ 73.217793796067667, 33.688791543869861 ], [ 73.217882818106787, 33.688805809181908 ], [ 73.217868839477262, 33.688933419665425 ] ] ] } },
{ "type": "Feature", "id": 653, "properties": { "FID": 653, "SolarPV_Area(sqm)": 0.0, "Rooftop_Area(sqm)": 181.138143257, "class": "rooftops" }, "geometry": { "type": "Polygon", "coordinates": [ [ [ 73.215050427728769, 33.687696847976717 ], [ 73.215129118257906, 33.687565396239464 ], [ 73.215168522003282, 33.687581879984592 ], [ 73.21516236336096, 33.687592167645576 ], [ 73.215235992495167, 33.687622969084579 ], [ 73.215163603755713, 33.687743893625097 ], [ 73.215050427728769, 33.687696847976717 ] ] ] } },
{ "type": "Feature", "id": 654, "properties": { "FID": 654, "SolarPV_Area(sqm)": 25.447188832399998, "Rooftop_Area(sqm)": 186.29764833199999, "class": "rooftops" }, "geometry": { "type": "Polygon", "coordinates": [ [ [ 73.219183626605314, 33.68902013119515 ], [ 73.219259879258018, 33.688899156234527 ], [ 73.219327108776014, 33.68892644892064 ], [ 73.219319798547687, 33.688939031427083 ], [ 73.219375055085635, 33.688961463196065 ], [ 73.219310947160224, 33.689071817326621 ], [ 73.219183626605314, 33.68902013119515 ] ] ] } },
{ "type": "Feature", "id": 655, "properties": { "FID": 655, "SolarPV_Area(sqm)": 32.6126401012, "Rooftop_Area(sqm)": 231.988818272, "class": "rooftops" }, "geometry": { "type": "Polygon", "coordinates": [ [ [ 73.219416691615635, 33.688938754459443 ], [ 73.219535352769029, 33.688997361057353 ], [ 73.21944961392704, 33.689140509213118 ], [ 73.219326670341104, 33.68908905134132 ], [ 73.219416691615635, 33.688938754459443 ] ] ] } },
{ "type": "Feature", "id": 656, "properties": { "FID": 656, "SolarPV_Area(sqm)": 0.0, "Rooftop_Area(sqm)": 121.142010955, "class": "rooftops" }, "geometry": { "type": "Polygon", "coordinates": [ [ [ 73.219530341587898, 33.689168399449628 ], [ 73.219558927562062, 33.68912429746635 ], [ 73.219496646485325, 33.68909551797379 ], [ 73.219514474378613, 33.689068557759335 ], [ 73.21958253527815, 33.689100008625658 ], [ 73.219614569986447, 33.689051563820044 ], [ 73.219554941119455, 33.689024009311282 ], [ 73.219575649563879, 33.688992691777841 ], [ 73.21961782776981, 33.689012181836368 ], [ 73.219605700902903, 33.689030521265963 ], [ 73.219638019508821, 33.689045455953561 ], [ 73.219609711631875, 33.689088264319857 ], [ 73.219645250492817, 33.689104550279048 ], [ 73.219612820518464, 33.689153591776744 ], [ 73.219585089628325, 33.689140913602671 ], [ 73.219576545902484, 33.689153834544172 ], [ 73.219605249609572, 33.689167098462939 ], [ 73.219587340431133, 33.68919418196279 ], [ 73.219567713082526, 33.689185112231755 ], [ 73.219556845504343, 33.689201548136936 ], [ 73.219519755735163, 33.689184408366778 ], [ 73.219530341587898, 33.689168399449628 ] ] ] } },
{ "type": "Feature", "id": 657, "properties": { "FID": 657, "SolarPV_Area(sqm)": 0.0, "Rooftop_Area(sqm)": 170.51011440900001, "class": "rooftops" }, "geometry": { "type": "Polygon", "coordinates": [ [ [ 73.219979793901572, 33.689403484338037 ], [ 73.219903107061342, 33.689378357025923 ], [ 73.219917702777792, 33.689354387332187 ], [ 73.219876216746968, 33.689336735233148 ], [ 73.219937632212108, 33.68923587279869 ], [ 73.219974843949174, 33.689251706637847 ], [ 73.219989591911258, 33.68922950659519 ], [ 73.220013856787858, 33.689241351999762 ], [ 73.219998903587438, 33.689261943939371 ], [ 73.220022538702267, 33.689272000175855 ], [ 73.220013135046912, 33.689287442727277 ], [ 73.220042773584339, 33.689300053609664 ], [ 73.219979793901572, 33.689403484338037 ] ] ] } },
{ "type": "Feature", "id": 658, "properties": { "FID": 658, "SolarPV_Area(sqm)": 24.648818652300001, "Rooftop_Area(sqm)": 247.11802257799999, "class": "rooftops" }, "geometry": { "type": "Polygon", "coordinates": [ [ [ 73.215043312204401, 33.687209123966561 ], [ 73.215150295077379, 33.687047038541827 ], [ 73.215270956605352, 33.687102695010445 ], [ 73.215181123381612, 33.687238798599815 ], [ 73.215137717524911, 33.68721877711117 ], [ 73.215120690497301, 33.687244574152338 ], [ 73.215043312204401, 33.687209123966561 ] ] ] } },
{ "type": "Feature", "id": 659, "properties": { "FID": 659, "SolarPV_Area(sqm)": 59.787858808899998, "Rooftop_Area(sqm)": 257.239790981, "class": "rooftops" }, "geometry": { "type": "Polygon", "coordinates": [ [ [ 73.215827992251349, 33.687312830689251 ], [ 73.215694088426076, 33.687253067098787 ], [ 73.215789555786429, 33.687092239558432 ], [ 73.215872740035948, 33.687126746923511 ], [ 73.215850049886171, 33.687164969804122 ], [ 73.21590277874698, 33.687186843563467 ], [ 73.215827992251349, 33.687312830689251 ] ] ] } },
{ "type": "Feature", "id": 660, "properties": { "FID": 660, "SolarPV_Area(sqm)": 48.894896083299997, "Rooftop_Area(sqm)": 239.74313754, "class": "rooftops" }, "geometry": { "type": "Polygon", "coordinates": [ [ [ 73.215836484360125, 33.687315055365374 ], [ 73.215909785320704, 33.687199878820302 ], [ 73.215955908773054, 33.687185757760396 ], [ 73.216057370391312, 33.687229431226392 ], [ 73.215969392662004, 33.687372264145424 ], [ 73.215836484360125, 33.687315055365374 ] ] ] } },
{ "type": "Feature", "id": 661, "properties": { "FID": 661, "SolarPV_Area(sqm)": 40.704067948099997, "Rooftop_Area(sqm)": 216.22138407700001, "class": "rooftops" }, "geometry": { "type": "Polygon", "coordinates": [ [ [ 73.214978948383845, 33.686485949733999 ], [ 73.215024483933902, 33.68641802914339 ], [ 73.21503333169737, 33.686422246509451 ], [ 73.21505664393851, 33.686388063670883 ], [ 73.215082226963986, 33.686400256411645 ], [ 73.215086044824758, 33.686394659293143 ], [ 73.215106784703963, 33.686404543860505 ], [ 73.2151091942672, 33.68640100947745 ], [ 73.215208826049576, 33.686448495108074 ], [ 73.215133301663627, 33.686559234882019 ], [ 73.215065703634664, 33.686527016390464 ], [ 73.215075820135496, 33.686512183294653 ], [ 73.215037109094055, 33.686493732859844 ], [ 73.215026846865001, 33.686508779369326 ], [ 73.214978948383845, 33.686485949733999 ] ] ] } },
{ "type": "Feature", "id": 662, "properties": { "FID": 662, "SolarPV_Area(sqm)": 38.188142561600003, "Rooftop_Area(sqm)": 227.09767530799999, "class": "rooftops" }, "geometry": { "type": "Polygon", "coordinates": [ [ [ 73.215661763642572, 33.686808933787368 ], [ 73.21566839225963, 33.686799335525386 ], [ 73.215647180624941, 33.686790295505006 ], [ 73.215659085361196, 33.686770775549952 ], [ 73.215629369625958, 33.686758111121506 ], [ 73.215645595452131, 33.686731505267481 ], [ 73.215634776321039, 33.686726894252217 ], [ 73.215653285527011, 33.686696542970523 ], [ 73.215666828141892, 33.686702315123426 ], [ 73.215678504001545, 33.686683168799078 ], [ 73.215849566787668, 33.686756073106409 ], [ 73.215785237544011, 33.686861556250363 ], [ 73.215661763642572, 33.686808933787368 ] ] ] } },
{ "type": "Feature", "id": 663, "properties": { "FID": 663, "SolarPV_Area(sqm)": 0.0, "Rooftop_Area(sqm)": 268.76700833000001, "class": "rooftops" }, "geometry": { "type": "Polygon", "coordinates": [ [ [ 73.216894388581352, 33.686109288010755 ], [ 73.216951764768723, 33.68600824068028 ], [ 73.217161553401681, 33.686098465112472 ], [ 73.217100375263911, 33.686197877770987 ], [ 73.216894388581352, 33.686109288010755 ] ] ] } },
{ "type": "Feature", "id": 664, "properties": { "FID": 664, "SolarPV_Area(sqm)": 6.2729324002900002, "Rooftop_Area(sqm)": 207.831803987, "class": "rooftops" }, "geometry": { "type": "Polygon", "coordinates": [ [ [ 73.219944833405336, 33.688077083607851 ], [ 73.219962874095046, 33.68805568939748 ], [ 73.220033794252629, 33.688088650191681 ], [ 73.220053366235888, 33.68806450689673 ], [ 73.220055869338211, 33.688063202682258 ], [ 73.220058600440893, 33.688062271549718 ], [ 73.220061480694966, 33.688061740381627 ], [ 73.220064426945285, 33.688061624513182 ], [ 73.22006735413143, 33.688061927289603 ], [ 73.220070177743324, 33.688062639969523 ], [ 73.220072816261151, 33.688063741977317 ], [ 73.220075193508919, 33.688065201497203 ], [ 73.220077240853669, 33.688066976391738 ], [ 73.220078899187001, 33.688069015418371 ], [ 73.220080120631522, 33.688071259708856 ], [ 73.220080869923208, 33.688073644468844 ], [ 73.220081125429331, 33.688076100848463 ], [ 73.220080879773249, 33.688078557930183 ], [ 73.220081810909363, 33.688081005566517 ], [ 73.220083226552305, 33.688083285116683 ], [ 73.220085085435954, 33.688085330131479 ], [ 73.220087333373627, 33.688087080998478 ], [ 73.220089904837678, 33.688088486679653 ], [ 73.220092724869602, 33.688089506199248 ], [ 73.220095711265088, 33.688090109838086 ], [ 73.220098776970303, 33.68809028000004 ], [ 73.220104196764169, 33.688082106906954 ], [ 73.220142668946636, 33.688099935528946 ], [ 73.220135151587314, 33.688111272466514 ], [ 73.220160552545934, 33.688123043129558 ], [ 73.220117256546843, 33.688188333197388 ], [ 73.220054655976455, 33.688159323945619 ], [ 73.220022448872584, 33.688207892645806 ], [ 73.219977304788685, 33.688186973070053 ], [ 73.219989958067202, 33.688167891813563 ], [ 73.219960922005072, 33.688154436531867 ], [ 73.219940575439253, 33.68818511909879 ], [ 73.219881380308934, 33.688157688233446 ], [ 73.219905828461805, 33.688120821835895 ], [ 73.21996990777501, 33.688150517074291 ], [ 73.220001263149328, 33.688103233759946 ], [ 73.219944833405336, 33.688077083607851 ] ] ] } },
{ "type": "Feature", "id": 665, "properties": { "FID": 665, "SolarPV_Area(sqm)": 68.855569170899997, "Rooftop_Area(sqm)": 348.31476463299998, "class": "rooftops" }, "geometry": { "type": "Polygon", "coordinates": [ [ [ 73.215090062414404, 33.684826816279056 ], [ 73.215103873129294, 33.684804004498609 ], [ 73.215078152598849, 33.684792693514353 ], [ 73.215137449472337, 33.684698455179841 ], [ 73.215161789943878, 33.684709159160874 ], [ 73.215139483241686, 33.684744610023351 ], [ 73.215206952477956, 33.684774280002962 ], [ 73.215233477360442, 33.684732125003435 ], [ 73.215151868853383, 33.68469623775875 ], [ 73.215178316775848, 33.684654205201021 ], [ 73.215219117260787, 33.684672147413991 ], [ 73.215242376387408, 33.684635183601848 ], [ 73.215203497913791, 33.684618087069715 ], [ 73.215228336347536, 33.684578613009563 ], [ 73.215275631880019, 33.684599411158608 ], [ 73.215234152682271, 33.684665332649907 ], [ 73.215300395795396, 33.684694462739699 ], [ 73.215338313697288, 33.684634201578582 ], [ 73.215377911630441, 33.684651614162 ], [ 73.215324124834964, 33.684737093988353 ], [ 73.215297614311723, 33.684725436178695 ], [ 73.215243982388586, 33.684810671119799 ], [ 73.215266968520268, 33.684820779283712 ], [ 73.215225652048389, 33.684886441606089 ], [ 73.215090062414404, 33.684826816279056 ] ] ] } },
{ "type": "Feature", "id": 666, "properties": { "FID": 666, "SolarPV_Area(sqm)": 37.966351173100001, "Rooftop_Area(sqm)": 128.08729571399999, "class": "rooftops" }, "geometry": { "type": "Polygon", "coordinates": [ [ [ 73.215090570072505, 33.681973966620134 ], [ 73.214950980576148, 33.681910607799161 ], [ 73.215000190197685, 33.681834832605198 ], [ 73.215107215319321, 33.681883410711571 ], [ 73.21508794442758, 33.681913083634086 ], [ 73.215120882753297, 33.681928033822068 ], [ 73.215090570072505, 33.681973966620134 ] ] ] } },
{ "type": "Feature", "id": 667, "properties": { "FID": 667, "SolarPV_Area(sqm)": 0.0, "Rooftop_Area(sqm)": 158.46882597499999, "class": "rooftops" }, "geometry": { "type": "Polygon", "coordinates": [ [ [ 73.2151481957996, 33.681897800758847 ], [ 73.214993091776549, 33.681827779206166 ], [ 73.215044913082266, 33.681747551820756 ], [ 73.215186109183961, 33.68181129535408 ], [ 73.215159771228812, 33.681852071568073 ], [ 73.21517642235213, 33.68185958850934 ], [ 73.2151481957996, 33.681897800758847 ] ] ] } },
{ "type": "Feature", "id": 668, "properties": { "FID": 668, "SolarPV_Area(sqm)": 61.258979529599998, "Rooftop_Area(sqm)": 133.98637282300001, "class": "rooftops" }, "geometry": { "type": "Polygon", "coordinates": [ [ [ 73.215196698931351, 33.681804169269498 ], [ 73.21505777658065, 33.68173828894453 ], [ 73.215109789297628, 33.681661632593887 ], [ 73.21522900896727, 33.681718169045119 ], [ 73.215202652766877, 33.681757012515355 ], [ 73.215220937903041, 33.681765683875668 ], [ 73.215196698931351, 33.681804169269498 ] ] ] } },
{ "type": "Feature", "id": 669, "properties": { "FID": 669, "SolarPV_Area(sqm)": 35.377719580200001, "Rooftop_Area(sqm)": 130.11484257399999, "class": "rooftops" }, "geometry": { "type": "Polygon", "coordinates": [ [ [ 73.214989139532989, 33.681493280371761 ], [ 73.215019802375366, 33.681449969586041 ], [ 73.215036072541196, 33.681457022040362 ], [ 73.215055105489824, 33.681426332096265 ], [ 73.215177006168034, 33.681479171300673 ], [ 73.215130305968515, 33.681554471528301 ], [ 73.214989139532989, 33.681493280371761 ] ] ] } },
{ "type": "Feature", "id": 670, "properties": { "FID": 670, "SolarPV_Area(sqm)": 6.5004547719400003, "Rooftop_Area(sqm)": 132.58400321, "class": "rooftops" }, "geometry": { "type": "Polygon", "coordinates": [ [ [ 73.215037149076409, 33.680805573550117 ], [ 73.21511455564864, 33.680685188471173 ], [ 73.215169862100595, 33.68070954352347 ], [ 73.215153771595141, 33.680735081813324 ], [ 73.21518869183214, 33.680750459193263 ], [ 73.215128593315342, 33.680845843044999 ], [ 73.215037149076409, 33.680805573550117 ] ] ] } },
{ "type": "Feature", "id": 671, "properties": { "FID": 671, "SolarPV_Area(sqm)": 0.0, "Rooftop_Area(sqm)": 135.21245616, "class": "rooftops" }, "geometry": { "type": "Polygon", "coordinates": [ [ [ 73.215135904940723, 33.680849310475615 ], [ 73.215193950281574, 33.680752647105919 ], [ 73.215234890698895, 33.680770359557393 ], [ 73.215249985511392, 33.68074597376151 ], [ 73.215304004016772, 33.680769343451907 ], [ 73.215229454890661, 33.680889783459335 ], [ 73.215135904940723, 33.680849310475615 ] ] ] } },
{ "type": "Feature", "id": 672, "properties": { "FID": 672, "SolarPV_Area(sqm)": 0.0, "Rooftop_Area(sqm)": 115.200268397, "class": "rooftops" }, "geometry": { "type": "Polygon", "coordinates": [ [ [ 73.215453395966122, 33.680991247304391 ], [ 73.215526748620505, 33.680880099741017 ], [ 73.215567692337657, 33.680897658831022 ], [ 73.215558162994824, 33.680913190327246 ], [ 73.215599405014757, 33.680930878159913 ], [ 73.215539662810045, 33.681028243137852 ], [ 73.215453395966122, 33.680991247304391 ] ] ] } },
{ "type": "Feature", "id": 673, "properties": { "FID": 673, "SolarPV_Area(sqm)": 0.0, "Rooftop_Area(sqm)": 102.134207921, "class": "rooftops" }, "geometry": { "type": "Polygon", "coordinates": [ [ [ 73.215545990162894, 33.681028293952743 ], [ 73.215600959415482, 33.680940060781872 ], [ 73.215634349288479, 33.680954599832802 ], [ 73.215651248041311, 33.680927474316562 ], [ 73.215693155891628, 33.680945722716181 ], [ 73.215620763587353, 33.681061923336898 ], [ 73.215545990162894, 33.681028293952743 ] ] ] } },
{ "type": "Feature", "id": 674, "properties": { "FID": 674, "SolarPV_Area(sqm)": 47.0526077269, "Rooftop_Area(sqm)": 157.90729715800001, "class": "rooftops" }, "geometry": { "type": "Polygon", "coordinates": [ [ [ 73.21500748913742, 33.682552789323935 ], [ 73.21504225107941, 33.682502966584806 ], [ 73.215085472441103, 33.682521937556324 ], [ 73.215105762268692, 33.682489629964429 ], [ 73.215222923795764, 33.68254105703528 ], [ 73.215170592623323, 33.68262438190397 ], [ 73.21500748913742, 33.682552789323935 ] ] ] } },
{ "type": "Feature", "id": 675, "properties": { "FID": 675, "SolarPV_Area(sqm)": 0.0, "Rooftop_Area(sqm)": 110.17397313, "class": "rooftops" }, "geometry": { "type": "Polygon", "coordinates": [ [ [ 73.215088581597769, 33.682474329408883 ], [ 73.215137094703607, 33.682408203854187 ], [ 73.215256464597473, 33.682462479924268 ], [ 73.215212191828329, 33.682530533449565 ], [ 73.215088581597769, 33.682474329408883 ] ] ] } },
{ "type": "Feature", "id": 676, "properties": { "FID": 676, "SolarPV_Area(sqm)": 35.0581175007, "Rooftop_Area(sqm)": 129.45458652600001, "class": "rooftops" }, "geometry": { "type": "Polygon", "coordinates": [ [ [ 73.21556544519656, 33.682625208317567 ], [ 73.215423889763741, 33.682561394176631 ], [ 73.215472438405286, 33.682486128671364 ], [ 73.215587553951991, 33.682538024523467 ], [ 73.215564738362062, 33.68257339689719 ], [ 73.215592857100091, 33.682586072522327 ], [ 73.21556544519656, 33.682625208317567 ] ] ] } },
{ "type": "Feature", "id": 677, "properties": { "FID": 677, "SolarPV_Area(sqm)": 31.92286696, "Rooftop_Area(sqm)": 138.964992989, "class": "rooftops" }, "geometry": { "type": "Polygon", "coordinates": [ [ [ 73.215673585178564, 33.682466397014075 ], [ 73.21564578205664, 33.68251000896997 ], [ 73.215613002363455, 33.682495405684676 ], [ 73.215588660522883, 33.682533594786548 ], [ 73.21547747957321, 33.682484065201656 ], [ 73.215529620341826, 33.682402262335032 ], [ 73.215673585178564, 33.682466397014075 ] ] ] } },
{ "type": "Feature", "id": 678, "properties": { "FID": 678, "SolarPV_Area(sqm)": 0.0, "Rooftop_Area(sqm)": 147.99687454, "class": "rooftops" }, "geometry": { "type": "Polygon", "coordinates": [ [ [ 73.216443936057743, 33.681629196394518 ], [ 73.216356326944862, 33.681590763316059 ], [ 73.216437713060955, 33.681462056518995 ], [ 73.216525180481923, 33.681500712935424 ], [ 73.216443936057743, 33.681629196394518 ] ] ] } },
{ "type": "Feature", "id": 679, "properties": { "FID": 679, "SolarPV_Area(sqm)": 0.0, "Rooftop_Area(sqm)": 134.34149814899999, "class": "rooftops" }, "geometry": { "type": "Polygon", "coordinates": [ [ [ 73.216471760955741, 33.681599848739737 ], [ 73.216531742206044, 33.681504197413943 ], [ 73.216625157634041, 33.681545139945669 ], [ 73.216549424925063, 33.681665909049826 ], [ 73.216497116803581, 33.681642983004579 ], [ 73.216512930815526, 33.6816177651841 ], [ 73.216471760955741, 33.681599848739737 ] ] ] } },
{ "type": "Feature", "id": 680, "properties": { "FID": 680, "SolarPV_Area(sqm)": 0.0, "Rooftop_Area(sqm)": 123.14883836600001, "class": "rooftops" }, "geometry": { "type": "Polygon", "coordinates": [ [ [ 73.217011181508852, 33.682571780630553 ], [ 73.216876409797877, 33.682509065205252 ], [ 73.216926270725011, 33.682434176949343 ], [ 73.217021083316169, 33.682478296457198 ], [ 73.217004673809484, 33.682502942139038 ], [ 73.217046006837464, 33.682522176449218 ], [ 73.217011181508852, 33.682571780630553 ] ] ] } },
{ "type": "Feature", "id": 681, "properties": { "FID": 681, "SolarPV_Area(sqm)": 0.0, "Rooftop_Area(sqm)": 129.84951631199999, "class": "rooftops" }, "geometry": { "type": "Polygon", "coordinates": [ [ [ 73.217029206524245, 33.682472455707796 ], [ 73.216929373413763, 33.682427991408773 ], [ 73.216978366032123, 33.682351113016828 ], [ 73.217117951065418, 33.682413281886149 ], [ 73.217083437327062, 33.682467441816051 ], [ 73.217044320221035, 33.682450019592196 ], [ 73.217029206524245, 33.682472455707796 ] ] ] } },
{ "type": "Feature", "id": 682, "properties": { "FID": 682, "SolarPV_Area(sqm)": 0.0, "Rooftop_Area(sqm)": 108.55108374700001, "class": "rooftops" }, "geometry": { "type": "Polygon", "coordinates": [ [ [ 73.217516028293986, 33.682354323403175 ], [ 73.217540586860864, 33.682317244403414 ], [ 73.217558978181316, 33.682325439919161 ], [ 73.217582276541037, 33.682288898217692 ], [ 73.217683968059745, 33.682334213923369 ], [ 73.217636825163126, 33.682408153375256 ], [ 73.217516028293986, 33.682354323403175 ] ] ] } },
{ "type": "Feature", "id": 683, "properties": { "FID": 683, "SolarPV_Area(sqm)": 60.806103138200001, "Rooftop_Area(sqm)": 121.021145495, "class": "rooftops" }, "geometry": { "type": "Polygon", "coordinates": [ [ [ 73.217580024155211, 33.682284098065814 ], [ 73.21760139242906, 33.68224694596968 ], [ 73.217568503485595, 33.682232659045567 ], [ 73.217591657926434, 33.682195406474158 ], [ 73.217733818937234, 33.682257160933339 ], [ 73.217687939646652, 33.682330976157473 ], [ 73.217580024155211, 33.682284098065814 ] ] ] } },
{ "type": "Feature", "id": 684, "properties": { "FID": 684, "SolarPV_Area(sqm)": 0.0, "Rooftop_Area(sqm)": 126.43394128600001, "class": "rooftops" }, "geometry": { "type": "Polygon", "coordinates": [ [ [ 73.217602805275533, 33.682178975654224 ], [ 73.217622437586527, 33.682142154705815 ], [ 73.217650975730791, 33.682154482423265 ], [ 73.21767754598612, 33.682111493363898 ], [ 73.217788378970724, 33.682159370234764 ], [ 73.217739708932442, 33.682238114871197 ], [ 73.217602805275533, 33.682178975654224 ] ] ] } },
{ "type": "Feature", "id": 685, "properties": { "FID": 685, "SolarPV_Area(sqm)": 34.075737698099999, "Rooftop_Area(sqm)": 112.785155747, "class": "rooftops" }, "geometry": { "type": "Polygon", "coordinates": [ [ [ 73.217694770077472, 33.682111437061636 ], [ 73.217704668117804, 33.682076464963835 ], [ 73.21767379533749, 33.682063113433756 ], [ 73.217697238913928, 33.682025226558707 ], [ 73.217838866521092, 33.68208647542253 ], [ 73.217796261095145, 33.682155328592046 ], [ 73.217694770077472, 33.682111437061636 ] ] ] } },
{ "type": "Feature", "id": 686, "properties": { "FID": 686, "SolarPV_Area(sqm)": 31.205309734499998, "Rooftop_Area(sqm)": 128.32598800400001, "class": "rooftops" }, "geometry": { "type": "Polygon", "coordinates": [ [ [ 73.217743132158319, 33.68191221341533 ], [ 73.217769176333022, 33.681873802240183 ], [ 73.217827764657486, 33.681899717541306 ], [ 73.217850879019167, 33.68186319477082 ], [ 73.217949342547527, 33.681906748522138 ], [ 73.217901538371891, 33.681982281895145 ], [ 73.217743132158319, 33.68191221341533 ] ] ] } },
{ "type": "Feature", "id": 687, "properties": { "FID": 687, "SolarPV_Area(sqm)": 0.0, "Rooftop_Area(sqm)": 1008.57306685, "class": "commercial_rooftops" }, "geometry": { "type": "Polygon", "coordinates": [ [ [ 73.212564642763624, 33.679255215338223 ], [ 73.212628492027505, 33.679126122982638 ], [ 73.213293094284268, 33.679431910630584 ], [ 73.213239328054641, 33.679555875622526 ], [ 73.212970738983657, 33.679436867396781 ], [ 73.212983474033749, 33.679401072835567 ], [ 73.212887548949183, 33.679356143361055 ], [ 73.212872388034114, 33.679384954691919 ], [ 73.212850483646989, 33.679375664327935 ], [ 73.212860163358471, 33.679358301922356 ], [ 73.212844487881611, 33.679349174706289 ], [ 73.212828484787323, 33.679374639107799 ], [ 73.212564642763624, 33.679255215338223 ] ] ] } },
{ "type": "Feature", "id": 688, "properties": { "FID": 688, "SolarPV_Area(sqm)": 0.0, "Rooftop_Area(sqm)": 184.045861659, "class": "commercial_rooftops" }, "geometry": { "type": "Polygon", "coordinates": [ [ [ 73.213315913885594, 33.679572858877364 ], [ 73.213381974633748, 33.679458515873968 ], [ 73.213505833812036, 33.679513062288024 ], [ 73.21344515135479, 33.679627085454847 ], [ 73.213315913885594, 33.679572858877364 ] ] ] } },
{ "type": "Feature", "id": 689, "properties": { "FID": 689, "SolarPV_Area(sqm)": 69.1116649354, "Rooftop_Area(sqm)": 332.797274636, "class": "commercial_rooftops" }, "geometry": { "type": "Polygon", "coordinates": [ [ [ 73.213451607938779, 33.679631051019122 ], [ 73.213513175354322, 33.67951544000627 ], [ 73.213739722951303, 33.679614833530174 ], [ 73.213676764194872, 33.679730868211216 ], [ 73.213451607938779, 33.679631051019122 ] ] ] } },
{ "type": "Feature", "id": 690, "properties": { "FID": 690, "SolarPV_Area(sqm)": 0.0, "Rooftop_Area(sqm)": 181.27590565, "class": "commercial_rooftops" }, "geometry": { "type": "Polygon", "coordinates": [ [ [ 73.214027430275067, 33.679892635746619 ], [ 73.214092347747112, 33.67977205091691 ], [ 73.214210355663838, 33.679826731182537 ], [ 73.214150940425213, 33.679943664092853 ], [ 73.214027430275067, 33.679892635746619 ] ] ] } },
{ "type": "Feature", "id": 691, "properties": { "FID": 691, "SolarPV_Area(sqm)": 0.0, "Rooftop_Area(sqm)": 163.56657470100001, "class": "commercial_rooftops" }, "geometry": { "type": "Polygon", "coordinates": [ [ [ 73.214158314631021, 33.679947020665011 ], [ 73.214214373819203, 33.679827813674031 ], [ 73.214326081773521, 33.679876175149403 ], [ 73.214268819234249, 33.679994429664326 ], [ 73.214158314631021, 33.679947020665011 ] ] ] } },
{ "type": "Feature", "id": 692, "properties": { "FID": 692, "SolarPV_Area(sqm)": 0.0, "Rooftop_Area(sqm)": 167.69390192500001, "class": "commercial_rooftops" }, "geometry": { "type": "Polygon", "coordinates": [ [ [ 73.214276224998784, 33.679998764203305 ], [ 73.214331524104097, 33.679877812971142 ], [ 73.214446237116164, 33.679924929146743 ], [ 73.214387869064453, 33.680045167864051 ], [ 73.214276224998784, 33.679998764203305 ] ] ] } },
{ "type": "Feature", "id": 693, "properties": { "FID": 693, "SolarPV_Area(sqm)": 0.0, "Rooftop_Area(sqm)": 725.65463776199999, "class": "commercial_rooftops" }, "geometry": { "type": "Polygon", "coordinates": [ [ [ 73.214638040157467, 33.680178882576953 ], [ 73.214685870027822, 33.680051638908353 ], [ 73.215161723719675, 33.680258320479872 ], [ 73.215097664074108, 33.680383586736234 ], [ 73.214638040157467, 33.680178882576953 ] ] ] } },
{ "type": "Feature", "id": 694, "properties": { "FID": 694, "SolarPV_Area(sqm)": 0.0, "Rooftop_Area(sqm)": 690.36352889700004, "class": "commercial_rooftops" }, "geometry": { "type": "Polygon", "coordinates": [ [ [ 73.215168575845311, 33.68040252397774 ], [ 73.215230201319812, 33.680281622248977 ], [ 73.215687200638442, 33.680484818247912 ], [ 73.215627377056322, 33.680603523375176 ], [ 73.215168575845311, 33.68040252397774 ] ] ] } },
{ "type": "Feature", "id": 695, "properties": { "FID": 695, "SolarPV_Area(sqm)": 0.0, "Rooftop_Area(sqm)": 346.85988333400002, "class": "commercial_rooftops" }, "geometry": { "type": "Polygon", "coordinates": [ [ [ 73.215632786816315, 33.680604183152447 ], [ 73.215692103761256, 33.680484313735249 ], [ 73.215920146031394, 33.680586214706885 ], [ 73.21588187151346, 33.680654868246748 ], [ 73.215897502965547, 33.680659993299813 ], [ 73.215872664339315, 33.680709729673751 ], [ 73.215632786816315, 33.680604183152447 ] ] ] } },
{ "type": "Feature", "id": 696, "properties": { "FID": 696, "SolarPV_Area(sqm)": 0.0, "Rooftop_Area(sqm)": 167.46605676, "class": "commercial_rooftops" }, "geometry": { "type": "Polygon", "coordinates": [ [ [ 73.216212167874176, 33.680866656049716 ], [ 73.216275344879804, 33.680750222813195 ], [ 73.216387120530257, 33.680800539374168 ], [ 73.216324670990247, 33.680917738854895 ], [ 73.216212167874176, 33.680866656049716 ] ] ] } },
{ "type": "Feature", "id": 697, "properties": { "FID": 697, "SolarPV_Area(sqm)": 56.664532258500003, "Rooftop_Area(sqm)": 354.56824418999997, "class": "commercial_rooftops" }, "geometry": { "type": "Polygon", "coordinates": [ [ [ 73.216330559335773, 33.680925830679662 ], [ 73.21639373383222, 33.680802150727445 ], [ 73.216623200938955, 33.680904605745773 ], [ 73.216559709160464, 33.681025746364504 ], [ 73.216330559335773, 33.680925830679662 ] ] ] } },
{ "type": "Feature", "id": 698, "properties": { "FID": 698, "SolarPV_Area(sqm)": 0.0, "Rooftop_Area(sqm)": 174.22248342200001, "class": "commercial_rooftops" }, "geometry": { "type": "Polygon", "coordinates": [ [ [ 73.216830073322285, 33.68116055982852 ], [ 73.216902297118196, 33.681041372085183 ], [ 73.217014611761797, 33.681093830356694 ], [ 73.216944157893082, 33.681209843333065 ], [ 73.216830073322285, 33.68116055982852 ] ] ] } },
{ "type": "Feature", "id": 699, "properties": { "FID": 699, "SolarPV_Area(sqm)": 0.0, "Rooftop_Area(sqm)": 164.74529874199999, "class": "commercial_rooftops" }, "geometry": { "type": "Polygon", "coordinates": [ [ [ 73.217017475703031, 33.681230682722095 ], [ 73.217078722108894, 33.681112531286601 ], [ 73.21718958118187, 33.681163455226262 ], [ 73.217128491339039, 33.68127925355595 ], [ 73.217017475703031, 33.681230682722095 ] ] ] } },
{ "type": "Feature", "id": 700, "properties": { "FID": 700, "SolarPV_Area(sqm)": 0.0, "Rooftop_Area(sqm)": 703.975997, "class": "commercial_rooftops" }, "geometry": { "type": "Polygon", "coordinates": [ [ [ 73.219548882254557, 33.68235611780154 ], [ 73.219623795552209, 33.68224039211907 ], [ 73.220084013898514, 33.682448199536324 ], [ 73.220007170038301, 33.682562206867829 ], [ 73.219548882254557, 33.68235611780154 ] ] ] } },
{ "type": "Feature", "id": 701, "properties": { "FID": 701, "SolarPV_Area(sqm)": 0.0, "Rooftop_Area(sqm)": 385.86417233399999, "class": "commercial_rooftops" }, "geometry": { "type": "Polygon", "coordinates": [ [ [ 73.220010556880212, 33.682565458753153 ], [ 73.220089014080656, 33.682450630607832 ], [ 73.220339284789873, 33.682565528128798 ], [ 73.220262187786275, 33.682678953940211 ], [ 73.220010556880212, 33.682565458753153 ] ] ] } },
{ "type": "Feature", "id": 702, "properties": { "FID": 702, "SolarPV_Area(sqm)": 0.0, "Rooftop_Area(sqm)": 294.064642488, "class": "commercial_rooftops" }, "geometry": { "type": "Polygon", "coordinates": [ [ [ 73.220264561196458, 33.682679879081157 ], [ 73.220340487302849, 33.68256647968547 ], [ 73.220532716681632, 33.68265489885254 ], [ 73.220460081725875, 33.682768613602505 ], [ 73.220264561196458, 33.682679879081157 ] ] ] } },
{ "type": "Feature", "id": 703, "properties": { "FID": 703, "SolarPV_Area(sqm)": 0.0, "Rooftop_Area(sqm)": 233.67844104900001, "class": "commercial_rooftops" }, "geometry": { "type": "Polygon", "coordinates": [ [ [ 73.220466063770601, 33.682772393422034 ], [ 73.220539045246866, 33.682654949431146 ], [ 73.220694690737062, 33.682728148847737 ], [ 73.220612372071486, 33.68283954012756 ], [ 73.220466063770601, 33.682772393422034 ] ] ] } },
{ "type": "Feature", "id": 704, "properties": { "FID": 704, "SolarPV_Area(sqm)": 18.1888581796, "Rooftop_Area(sqm)": 289.46310154100001, "class": "rooftops" }, "geometry": { "type": "Polygon", "coordinates": [ [ [ 73.217209340644729, 33.684523989201637 ], [ 73.217290895502046, 33.684426791264904 ], [ 73.217270286963966, 33.68441201866824 ], [ 73.217226113381571, 33.684395734595519 ], [ 73.217303298145055, 33.684316986896434 ], [ 73.217434928484849, 33.68440258945374 ], [ 73.217378347565273, 33.684464942810983 ], [ 73.217348489302282, 33.684446197920842 ], [ 73.217330093739079, 33.684465927386348 ], [ 73.217360722575691, 33.684485280371632 ], [ 73.217266610738577, 33.68460102237497 ], [ 73.217209340644729, 33.684523989201637 ] ] ] } },
{ "type": "Feature", "id": 705, "properties": { "FID": 705, "SolarPV_Area(sqm)": 25.024515228799999, "Rooftop_Area(sqm)": 134.12046164700001, "class": "rooftops" }, "geometry": { "type": "Polygon", "coordinates": [ [ [ 73.218439332933471, 33.684844321544794 ], [ 73.2183503081922, 33.684795723604616 ], [ 73.21843742065623, 33.684684197483755 ], [ 73.218481894590624, 33.684708475135061 ], [ 73.218467362567424, 33.684727080074524 ], [ 73.21851285841224, 33.684751915317527 ], [ 73.218439332933471, 33.684844321544794 ] ] ] } },
{ "type": "Feature", "id": 706, "properties": { "FID": 706, "SolarPV_Area(sqm)": 33.414002144299999, "Rooftop_Area(sqm)": 136.79985801000001, "class": "rooftops" }, "geometry": { "type": "Polygon", "coordinates": [ [ [ 73.218519755262932, 33.684763744088507 ], [ 73.218556858251276, 33.684783750145193 ], [ 73.21858019643976, 33.684754388733218 ], [ 73.218632765808522, 33.684783591304644 ], [ 73.21854098667589, 33.684899056827412 ], [ 73.218451647597078, 33.684849429114166 ], [ 73.218519755262932, 33.684763744088507 ] ] ] } },
{ "type": "Feature", "id": 707, "properties": { "FID": 707, "SolarPV_Area(sqm)": 57.963057562199999, "Rooftop_Area(sqm)": 150.258442024, "class": "rooftops" }, "geometry": { "type": "Polygon", "coordinates": [ [ [ 73.218951442085995, 33.685117733283235 ], [ 73.218848232010771, 33.685064269028196 ], [ 73.218923947374648, 33.684972995189234 ], [ 73.218967851523317, 33.684998448477465 ], [ 73.218982531965651, 33.684980750994768 ], [ 73.219038269209022, 33.685013064183231 ], [ 73.218951442085995, 33.685117733283235 ] ] ] } },
{ "type": "Feature", "id": 708, "properties": { "FID": 708, "SolarPV_Area(sqm)": 65.274837470199998, "Rooftop_Area(sqm)": 129.48150727800001, "class": "rooftops" }, "geometry": { "type": "Polygon", "coordinates": [ [ [ 73.218957821979885, 33.685120219462959 ], [ 73.219043312842217, 33.68501595672884 ], [ 73.219124899840381, 33.685062709245827 ], [ 73.219038206219878, 33.685168439008734 ], [ 73.218957821979885, 33.685120219462959 ] ] ] } },
{ "type": "Feature", "id": 709, "properties": { "FID": 709, "SolarPV_Area(sqm)": 35.226768231800001, "Rooftop_Area(sqm)": 151.80463354400001, "class": "rooftops" }, "geometry": { "type": "Polygon", "coordinates": [ [ [ 73.219360119529682, 33.685155463520537 ], [ 73.219256274643698, 33.685280707584262 ], [ 73.219159637151549, 33.685224710573124 ], [ 73.219246849136653, 33.685114345888451 ], [ 73.21928939282499, 33.685139765926934 ], [ 73.219271443337888, 33.685165913694533 ], [ 73.219310689507878, 33.685184690652079 ], [ 73.21934402205045, 33.685147675561204 ], [ 73.219360119529682, 33.685155463520537 ] ] ] } },
{ "type": "Feature", "id": 710, "properties": { "FID": 710, "SolarPV_Area(sqm)": 21.7931344723, "Rooftop_Area(sqm)": 124.871160698, "class": "rooftops" }, "geometry": { "type": "Polygon", "coordinates": [ [ [ 73.219343735985731, 33.685186177886074 ], [ 73.219372792400321, 33.685204085627092 ], [ 73.219367042955284, 33.685210674943903 ], [ 73.219420001164963, 33.685242965040047 ], [ 73.219402394863806, 33.685263143552035 ], [ 73.219412522679448, 33.685269318762842 ], [ 73.219355064521608, 33.685335175486088 ], [ 73.219262814819714, 33.685278927985358 ], [ 73.219343735985731, 33.685186177886074 ] ] ] } },
{ "type": "Feature", "id": 711, "properties": { "FID": 711, "SolarPV_Area(sqm)": 29.833737727500001, "Rooftop_Area(sqm)": 131.952158086, "class": "rooftops" }, "geometry": { "type": "Polygon", "coordinates": [ [ [ 73.21756832092953, 33.683835645823791 ], [ 73.217425972003554, 33.683770597876283 ], [ 73.217476232242831, 33.683693729483025 ], [ 73.217581042334345, 33.683741623361293 ], [ 73.217562269550072, 33.683770334455161 ], [ 73.217600439849122, 33.683787777130689 ], [ 73.21756832092953, 33.683835645823791 ] ] ] } },
{ "type": "Feature", "id": 712, "properties": { "FID": 712, "SolarPV_Area(sqm)": 33.8901326107, "Rooftop_Area(sqm)": 118.89830914700001, "class": "rooftops" }, "geometry": { "type": "Polygon", "coordinates": [ [ [ 73.217600402808415, 33.683744270746288 ], [ 73.217488941979155, 33.683692804600135 ], [ 73.217534035341529, 33.683624552877546 ], [ 73.217679466671285, 33.683691705713073 ], [ 73.217655296576268, 33.683728289849931 ], [ 73.217621902980184, 33.683712870243852 ], [ 73.217600402808415, 33.683744270746288 ] ] ] } },
{ "type": "Feature", "id": 713, "properties": { "FID": 713, "SolarPV_Area(sqm)": 50.836933450300002, "Rooftop_Area(sqm)": 134.457586306, "class": "rooftops" }, "geometry": { "type": "Polygon", "coordinates": [ [ [ 73.217806437236163, 33.683502723175366 ], [ 73.217668687084981, 33.683440704167261 ], [ 73.217720468065124, 33.683360323570689 ], [ 73.21783138203601, 33.683410259429422 ], [ 73.217808040214649, 33.683446492136255 ], [ 73.217836475167985, 33.683459294462239 ], [ 73.217806437236163, 33.683502723175366 ] ] ] } },
{ "type": "Feature", "id": 714, "properties": { "FID": 714, "SolarPV_Area(sqm)": 19.015915597100001, "Rooftop_Area(sqm)": 129.56443542900001, "class": "rooftops" }, "geometry": { "type": "Polygon", "coordinates": [ [ [ 73.217831590274258, 33.68340586721051 ], [ 73.21772217634404, 33.683357361556872 ], [ 73.21776987197633, 33.683282169391603 ], [ 73.217922060800618, 33.683349636752673 ], [ 73.217897837279594, 33.683387826222713 ], [ 73.217853612901891, 33.6833682213326 ], [ 73.217831590274258, 33.68340586721051 ] ] ] } },
{ "type": "Feature", "id": 715, "properties": { "FID": 715, "SolarPV_Area(sqm)": 45.060901085499999, "Rooftop_Area(sqm)": 138.440015797, "class": "rooftops" }, "geometry": { "type": "Polygon", "coordinates": [ [ [ 73.218200880279369, 33.682229375842333 ], [ 73.218229469978212, 33.682189553944205 ], [ 73.218222596484864, 33.682186535781142 ], [ 73.218244713695512, 33.682151338584347 ], [ 73.218386034885313, 33.682213404824296 ], [ 73.218338122352947, 33.682289651005583 ], [ 73.218200880279369, 33.682229375842333 ] ] ] } },
{ "type": "Feature", "id": 716, "properties": { "FID": 716, "SolarPV_Area(sqm)": 47.749439896799998, "Rooftop_Area(sqm)": 121.378373444, "class": "rooftops" }, "geometry": { "type": "Polygon", "coordinates": [ [ [ 73.218240276178477, 33.682146107444439 ], [ 73.21826982546763, 33.682102382990877 ], [ 73.218298322239207, 33.6821146288042 ], [ 73.218313424378749, 33.68209006778936 ], [ 73.218429295391616, 33.682139861770068 ], [ 73.21838675247399, 33.682209052412432 ], [ 73.218240276178477, 33.682146107444439 ] ] ] } },
{ "type": "Feature", "id": 717, "properties": { "FID": 717, "SolarPV_Area(sqm)": 45.425389002300001, "Rooftop_Area(sqm)": 116.92838831, "class": "rooftops" }, "geometry": { "type": "Polygon", "coordinates": [ [ [ 73.218133191382591, 33.684108599300373 ], [ 73.217993110032012, 33.684044126664482 ], [ 73.218040866056242, 33.683971609021334 ], [ 73.218136269883459, 33.684015518003818 ], [ 73.218114394721638, 33.684048733859527 ], [ 73.218161687969626, 33.68407050028037 ], [ 73.218133191382591, 33.684108599300373 ] ] ] } },
{ "type": "Feature", "id": 718, "properties": { "FID": 718, "SolarPV_Area(sqm)": 36.842192649200001, "Rooftop_Area(sqm)": 133.97183214, "class": "rooftops" }, "geometry": { "type": "Polygon", "coordinates": [ [ [ 73.21823857662271, 33.683952731755049 ], [ 73.218189913990315, 33.684014150051389 ], [ 73.218202957470169, 33.684032911021724 ], [ 73.218051912333308, 33.683970431036791 ], [ 73.218097040954987, 33.683894185430724 ], [ 73.21823857662271, 33.683952731755049 ] ] ] } },
{ "type": "Feature", "id": 719, "properties": { "FID": 719, "SolarPV_Area(sqm)": 40.5777010045, "Rooftop_Area(sqm)": 132.30104296299999, "class": "rooftops" }, "geometry": { "type": "Polygon", "coordinates": [ [ [ 73.21824959106452, 33.683950221380456 ], [ 73.218103999674668, 33.68388236621999 ], [ 73.218153425949268, 33.683808249435707 ], [ 73.218265073004801, 33.683860283987734 ], [ 73.218246406959736, 33.68388827531296 ], [ 73.218279232596473, 33.683903574741983 ], [ 73.21824959106452, 33.683950221380456 ] ] ] } },
{ "type": "Feature", "id": 720, "properties": { "FID": 720, "SolarPV_Area(sqm)": 0.0, "Rooftop_Area(sqm)": 135.70612038799999, "class": "rooftops" }, "geometry": { "type": "Polygon", "coordinates": [ [ [ 73.21845592335562, 33.683599350105062 ], [ 73.218324834624553, 33.683539309877453 ], [ 73.218375443196791, 33.68346208631619 ], [ 73.218507224281538, 33.683522443976912 ], [ 73.21845592335562, 33.683599350105062 ] ] ] } },
{ "type": "Feature", "id": 721, "properties": { "FID": 721, "SolarPV_Area(sqm)": 19.415895753000001, "Rooftop_Area(sqm)": 166.993870886, "class": "rooftops" }, "geometry": { "type": "Polygon", "coordinates": [ [ [ 73.218515671103816, 33.683519373523765 ], [ 73.218378869571453, 33.683454325507284 ], [ 73.218420163472842, 33.683393631384497 ], [ 73.218431691399488, 33.683399113564462 ], [ 73.218463187097441, 33.683352821856573 ], [ 73.218557607928702, 33.68339771819852 ], [ 73.218515543233877, 33.683459544697016 ], [ 73.218549716919, 33.683475794118806 ], [ 73.218515671103816, 33.683519373523765 ] ] ] } },
{ "type": "Feature", "id": 722, "properties": { "FID": 722, "SolarPV_Area(sqm)": 33.553129094100001, "Rooftop_Area(sqm)": 123.582805212, "class": "rooftops" }, "geometry": { "type": "Polygon", "coordinates": [ [ [ 73.219079471472796, 33.683395578329161 ], [ 73.219160434031892, 33.683272239069325 ], [ 73.219244925200655, 33.683311001294626 ], [ 73.219181035264796, 33.683408331703127 ], [ 73.219135716447482, 33.683387540993543 ], [ 73.219118855494571, 33.683413227407414 ], [ 73.219079471472796, 33.683395578329161 ] ] ] } },
{ "type": "Feature", "id": 723, "properties": { "FID": 723, "SolarPV_Area(sqm)": 30.098719301599999, "Rooftop_Area(sqm)": 111.842150437, "class": "rooftops" }, "geometry": { "type": "Polygon", "coordinates": [ [ [ 73.219194881021551, 33.683412102301212 ], [ 73.219254823200515, 33.683319835226477 ], [ 73.219332923453038, 33.683355295871515 ], [ 73.21925601887061, 33.683473674492291 ], [ 73.219209047758099, 33.683452346884572 ], [ 73.219227432820901, 33.683424047457905 ], [ 73.219194881021551, 33.683412102301212 ] ] ] } },
{ "type": "Feature", "id": 724, "properties": { "FID": 724, "SolarPV_Area(sqm)": 48.416763116600002, "Rooftop_Area(sqm)": 137.601386034, "class": "rooftops" }, "geometry": { "type": "Polygon", "coordinates": [ [ [ 73.218712012485071, 33.682924402007266 ], [ 73.218652394441932, 33.683017413844709 ], [ 73.218554017646753, 33.682973342463484 ], [ 73.218629392067157, 33.682855748398246 ], [ 73.218679268176004, 33.682878092019067 ], [ 73.218664022334508, 33.682901878186748 ], [ 73.218712012485071, 33.682924402007266 ] ] ] } },
{ "type": "Feature", "id": 725, "properties": { "FID": 725, "SolarPV_Area(sqm)": 0.0, "Rooftop_Area(sqm)": 126.462177803, "class": "rooftops" }, "geometry": { "type": "Polygon", "coordinates": [ [ [ 73.218656082279509, 33.683020086661813 ], [ 73.218717263110079, 33.682926614008082 ], [ 73.218756313964533, 33.682944765188473 ], [ 73.218774555983913, 33.682917335776445 ], [ 73.218822601895752, 33.682939668281691 ], [ 73.218742426934, 33.683060221390363 ], [ 73.218656082279509, 33.683020086661813 ] ] ] } },
{ "type": "Feature", "id": 726, "properties": { "FID": 726, "SolarPV_Area(sqm)": 0.0, "Rooftop_Area(sqm)": 133.47281352600001, "class": "rooftops" }, "geometry": { "type": "Polygon", "coordinates": [ [ [ 73.219095341590986, 33.682516051626457 ], [ 73.219038452233292, 33.682600851813923 ], [ 73.218945703951576, 33.682557365979001 ], [ 73.219026973268043, 33.682436223405077 ], [ 73.219082211294307, 33.68246212228663 ], [ 73.219057864819106, 33.682498413809334 ], [ 73.219095341590986, 33.682516051626457 ] ] ] } },
{ "type": "Feature", "id": 727, "properties": { "FID": 727, "SolarPV_Area(sqm)": 46.629971357899997, "Rooftop_Area(sqm)": 126.846065678, "class": "rooftops" }, "geometry": { "type": "Polygon", "coordinates": [ [ [ 73.219214061622694, 33.68251933661216 ], [ 73.219134902774726, 33.682642759649831 ], [ 73.219049810581168, 33.68260461632525 ], [ 73.219112266405645, 33.682507237336466 ], [ 73.2191458571493, 33.682522294163661 ], [ 73.219161387769617, 33.682498079187297 ], [ 73.219214061622694, 33.68251933661216 ] ] ] } },
{ "type": "Feature", "id": 728, "properties": { "FID": 728, "SolarPV_Area(sqm)": 0.0, "Rooftop_Area(sqm)": 133.92052559199999, "class": "rooftops" }, "geometry": { "type": "Polygon", "coordinates": [ [ [ 73.219687482694781, 33.684509209832505 ], [ 73.219514362150505, 33.684461546057406 ], [ 73.219545655604662, 33.684382110235553 ], [ 73.219622137131509, 33.684403166865046 ], [ 73.219618902180642, 33.684411377745171 ], [ 73.219656003332133, 33.684421592035726 ], [ 73.21966010793939, 33.684411172629787 ], [ 73.219672991974846, 33.684414720106425 ], [ 73.219657387483466, 33.684454328177445 ], [ 73.219704884275657, 33.684467404794873 ], [ 73.219687482694781, 33.684509209832505 ] ] ] } },
{ "type": "Feature", "id": 729, "properties": { "FID": 729, "SolarPV_Area(sqm)": 49.800133975900003, "Rooftop_Area(sqm)": 136.051792517, "class": "rooftops" }, "geometry": { "type": "Polygon", "coordinates": [ [ [ 73.219689233830849, 33.684415083129608 ], [ 73.219650453515683, 33.684406107126435 ], [ 73.219649587016889, 33.684408371606366 ], [ 73.219626499920736, 33.684402197215576 ], [ 73.21962780423415, 33.68439878838786 ], [ 73.219544294438677, 33.684376454558929 ], [ 73.219574935326207, 33.684296386199726 ], [ 73.219730929941349, 33.684338106605502 ], [ 73.219716343222601, 33.68437622429925 ], [ 73.219699461034182, 33.68437170932301 ], [ 73.219689233830849, 33.684415083129608 ] ] ] } },
{ "type": "Feature", "id": 730, "properties": { "FID": 730, "SolarPV_Area(sqm)": 18.313464507199999, "Rooftop_Area(sqm)": 124.78262168800001, "class": "rooftops" }, "geometry": { "type": "Polygon", "coordinates": [ [ [ 73.220187272690239, 33.683225281322493 ], [ 73.220028292333637, 33.683183435536534 ], [ 73.220059310692278, 33.683101075658726 ], [ 73.220174387742048, 33.683131365747386 ], [ 73.220157095040989, 33.683177280899663 ], [ 73.220198914743563, 33.683188288927049 ], [ 73.220187272690239, 33.683225281322493 ] ] ] } },
{ "type": "Feature", "id": 731, "properties": { "FID": 731, "SolarPV_Area(sqm)": 34.586616532299999, "Rooftop_Area(sqm)": 122.16266444599999, "class": "rooftops" }, "geometry": { "type": "Polygon", "coordinates": [ [ [ 73.220245710676608, 33.683060088501009 ], [ 73.220230389619871, 33.683101723414303 ], [ 73.220191239763366, 33.683090710578035 ], [ 73.220177158102061, 33.68312569836047 ], [ 73.220058062300623, 33.683092198686602 ], [ 73.220088754184729, 33.683015939977707 ], [ 73.220245710676608, 33.683060088501009 ] ] ] } },
{ "type": "Feature", "id": 732, "properties": { "FID": 732, "SolarPV_Area(sqm)": 31.313878525700002, "Rooftop_Area(sqm)": 176.91703920099999, "class": "rooftops" }, "geometry": { "type": "Polygon", "coordinates": [ [ [ 73.221836961941406, 33.683735992557928 ], [ 73.221907092618437, 33.68362079902051 ], [ 73.221864942046381, 33.683602213738666 ], [ 73.221911303874279, 33.683525677817606 ], [ 73.222032914673321, 33.683580166350026 ], [ 73.22199082336958, 33.683654347038456 ], [ 73.221940470511512, 33.683632565988034 ], [ 73.221910589973461, 33.683676880833531 ], [ 73.221938503436931, 33.683691155426573 ], [ 73.221914144770551, 33.683725564450675 ], [ 73.221883702137987, 33.683711849518296 ], [ 73.221863555990964, 33.683746662739217 ], [ 73.221836961941406, 33.683735992557928 ] ] ] } },
{ "type": "Feature", "id": 733, "properties": { "FID": 733, "SolarPV_Area(sqm)": 0.0, "Rooftop_Area(sqm)": 121.92675450900001, "class": "rooftops" }, "geometry": { "type": "Polygon", "coordinates": [ [ [ 73.221401448584388, 33.68541346235056 ], [ 73.221354260004944, 33.685395387793825 ], [ 73.221367822488773, 33.685370936803501 ], [ 73.221334927056461, 33.685358185575197 ], [ 73.221394643035794, 33.685250521907925 ], [ 73.221474628350833, 33.685281526580958 ], [ 73.221401448584388, 33.68541346235056 ] ] ] } }
]
}
